500 22361 500
300 500
301 500
302 500
303 500
304 500
305 500
306 500
307 500
308 500
309 500
310 500
311 500
312 500
313 500
314 500
315 500
316 500
317 500
318 500
319 500
320 500
321 500
322 500
323 500
324 500
325 500
326 500
327 500
328 500
329 500
330 500
331 500
332 500
333 500
334 500
335 500
336 500
337 500
338 500
339 500
340 500
341 500
342 500
343 500
344 500
345 500
346 500
347 500
348 500
349 500
350 500
351 500
352 500
353 500
354 500
355 500
356 500
357 500
358 500
359 500
360 500
361 500
362 500
363 500
364 500
365 500
366 500
367 500
368 500
369 500
370 500
371 500
372 500
373 500
374 500
375 500
376 500
377 500
378 500
379 500
380 500
381 500
382 500
383 500
384 500
385 500
386 500
387 500
388 500
389 500
390 500
391 500
392 500
393 500
394 500
395 500
396 500
397 500
398 500
399 500
400 500
401 500
402 500
403 500
404 500
405 500
406 500
407 500
408 500
409 500
410 500
411 500
412 500
413 500
414 500
415 500
416 500
417 500
418 500
419 500
420 500
421 500
422 500
423 500
424 500
425 500
426 500
427 500
428 500
429 500
430 500
431 500
432 500
433 500
434 500
435 500
436 500
437 500
438 500
439 500
440 500
441 500
442 500
443 500
444 500
445 500
446 500
447 500
448 500
449 500
450 500
451 500
452 500
453 500
454 500
455 500
456 500
457 500
458 500
459 500
460 500
461 500
462 500
463 500
464 500
465 500
466 500
467 500
468 500
469 500
470 500
471 500
472 500
473 500
474 500
475 500
476 500
477 500
478 500
479 500
480 500
481 500
482 500
483 500
484 500
485 500
486 500
487 500
488 500
489 500
490 500
491 500
492 500
493 500
494 500
495 500
496 500
497 500
498 500
499 500
51 135
135 252
233 293
153 169
142 278
154 272
62 125
31 240
160 221
110 213
163 209
220 294
11 253
12 152
231 233
68 247
240 297
28 225
183 275
46 231
115 161
187 298
48 241
127 297
8 271
4 72
140 191
174 291
190 265
193 249
127 217
118 139
45 63
164 194
223 271
4 92
206 234
10 273
135 186
30 149
29 76
161 237
21 137
52 224
73 215
220 277
146 252
78 170
180 298
154 221
173 189
73 168
175 219
79 130
31 110
4 90
85 291
122 241
151 252
2 148
204 215
223 251
105 107
9 67
66 198
65 275
50 216
171 182
95 212
87 272
33 66
102 206
117 210
107 127
93 103
42 219
195 196
85 293
262 276
6 207
74 229
81 263
59 282
134 281
148 225
111 150
220 228
107 209
40 157
122 182
100 250
256 288
194 222
70 117
146 167
5 12
65 257
10 43
54 193
40 135
217 257
10 86
180 254
164 166
134 143
130 174
76 239
76 284
17 249
78 116
66 297
38 258
253 269
25 103
188 243
205 231
72 213
233 286
71 259
53 243
22 164
173 275
35 166
6 281
38 165
87 274
81 221
18 271
166 190
62 197
53 259
89 172
213 246
51 233
17 204
26 153
147 288
43 186
63 147
177 212
15 263
84 111
121 228
198 207
13 201
52 193
26 225
134 225
186 294
176 212
229 293
18 45
121 140
6 109
198 249
37 235
33 120
137 141
3 30
18 27
25 185
27 273
1 270
98 106
162 221
102 299
141 256
18 204
63 170
138 282
73 91
113 265
51 202
196 237
22 268
236 242
85 165
201 298
99 230
37 255
87 223
94 297
37 71
69 112
1 261
50 158
37 297
69 289
32 147
127 236
20 296
37 278
141 199
48 131
243 289
176 189
92 217
195 275
58 233
113 283
148 156
96 298
89 199
84 215
273 278
247 286
60 279
96 248
234 246
252 280
217 230
32 267
12 187
56 97
59 167
144 233
232 291
50 237
101 294
41 255
233 255
93 100
256 285
8 254
16 252
71 226
114 151
242 276
230 298
9 207
117 230
81 98
9 213
134 145
82 189
30 107
91 251
146 299
58 160
223 252
236 267
236 281
115 288
52 118
74 166
115 207
47 132
17 125
10 236
163 167
42 240
99 182
104 213
88 287
44 106
100 227
83 144
18 195
141 255
101 136
73 149
42 155
223 256
100 185
152 187
127 229
78 90
55 144
89 252
211 294
36 232
142 189
155 291
72 291
43 211
61 263
196 262
107 175
79 208
227 294
155 297
121 143
44 94
50 76
13 230
253 298
84 194
101 233
26 187
17 222
53 283
157 233
19 192
227 298
66 83
35 106
162 257
42 236
15 151
22 65
243 271
45 119
177 198
15 166
153 188
9 73
204 256
174 261
69 226
238 257
151 232
109 243
33 182
160 275
143 278
143 257
14 100
99 255
154 293
44 293
67 77
94 190
21 176
45 232
162 233
41 228
253 274
231 256
90 155
77 122
41 73
202 280
80 195
91 146
272 278
39 292
53 300
22 212
130 191
139 199
151 185
23 221
131 297
6 189
47 162
204 222
141 156
21 295
85 111
190 191
108 256
59 215
43 258
33 177
58 134
100 196
21 204
245 261
8 269
138 150
46 157
91 234
3 175
173 236
125 285
191 267
101 167
66 289
88 160
191 248
30 140
24 26
95 174
63 123
115 258
55 282
44 189
163 291
277 297
74 78
280 282
23 272
167 281
63 277
33 189
34 267
158 204
109 179
257 299
97 294
67 293
112 279
4 68
132 257
32 134
169 269
52 159
249 254
104 270
70 105
142 230
164 167
124 152
247 276
157 221
60 212
91 180
91 250
150 160
15 177
5 13
9 192
201 226
176 255
131 154
110 153
196 204
172 211
12 115
13 131
3 219
147 242
35 262
21 187
57 116
43 230
130 286
53 273
70 299
60 251
132 284
20 208
110 186
210 226
252 258
223 229
66 251
11 145
88 279
125 266
15 293
100 174
62 141
162 286
72 182
34 223
6 155
204 206
29 283
55 92
252 296
3 111
140 242
1 63
227 284
68 204
158 246
93 151
150 215
52 234
264 271
80 160
166 187
30 178
259 261
117 160
210 300
98 130
63 256
82 199
103 216
275 276
155 287
268 298
83 249
86 212
69 248
55 236
21 230
160 197
200 252
162 296
206 259
87 224
265 269
38 286
223 290
163 295
77 117
66 129
111 296
105 188
63 109
158 286
90 202
84 108
34 54
40 84
62 299
154 270
75 177
38 134
159 275
87 183
216 270
36 173
88 219
6 141
204 254
164 244
192 209
144 296
147 230
52 75
22 176
2 76
47 78
1 32
138 297
29 298
52 188
18 265
116 243
65 96
66 235
218 226
194 270
113 183
53 134
2 272
90 262
13 58
167 188
63 216
169 212
105 275
35 276
121 191
118 285
95 230
1 259
185 243
276 288
33 246
227 257
98 142
58 149
83 294
32 140
23 263
164 177
29 123
117 254
119 196
96 221
184 282
27 240
19 25
163 219
46 190
3 124
1 10
222 253
179 269
97 248
145 156
121 153
173 219
45 62
118 283
58 79
234 244
189 201
154 260
114 133
164 297
152 237
156 222
2 276
141 165
24 238
24 268
38 145
84 162
134 146
72 119
9 250
36 154
14 125
25 286
46 194
78 119
60 162
77 215
195 262
182 266
121 279
113 229
265 295
205 273
124 269
82 212
48 283
25 222
89 237
49 155
2 116
115 293
21 167
201 289
10 14
166 184
194 226
225 298
167 184
231 261
246 272
38 190
36 212
65 106
142 259
242 260
7 231
6 111
56 165
108 210
11 48
117 297
69 99
166 266
269 282
4 270
71 166
56 136
257 275
30 79
181 205
37 106
205 253
174 288
110 221
62 208
2 23
123 224
274 300
78 137
194 254
7 297
92 188
9 91
37 158
170 174
136 241
29 192
96 265
51 129
117 211
100 154
3 174
156 288
62 254
20 53
92 143
119 219
91 169
47 227
80 94
262 270
25 106
166 230
100 111
125 244
55 275
197 283
162 265
15 300
144 293
188 240
12 77
90 97
120 155
120 244
112 290
42 149
36 245
146 205
3 14
52 125
111 228
32 160
170 258
53 72
44 181
251 285
84 149
44 54
1 224
138 288
157 258
229 286
75 100
38 233
65 217
32 190
22 274
63 120
182 205
117 283
114 261
111 233
148 218
84 263
7 147
87 291
6 33
31 189
70 298
43 104
158 219
102 220
30 226
198 284
266 269
102 144
65 114
10 164
97 104
174 253
37 214
51 86
62 278
47 200
31 239
84 199
170 252
45 286
24 188
105 141
115 229
39 163
94 163
82 288
80 135
142 201
243 266
29 279
204 264
8 69
54 195
34 258
26 74
239 271
125 147
117 122
36 62
33 205
67 133
11 137
10 37
256 268
128 168
205 229
157 265
39 105
83 132
192 221
146 300
63 177
85 120
96 164
200 256
142 158
102 291
28 67
52 212
128 289
46 205
18 208
175 274
161 300
24 171
21 77
192 276
243 282
42 67
73 88
39 213
141 280
139 151
93 142
157 296
37 246
54 114
103 170
6 154
112 246
51 240
158 262
148 231
4 150
89 111
67 209
160 188
147 214
85 98
16 93
55 195
74 138
26 229
15 165
173 221
173 297
274 299
46 92
107 239
76 278
180 201
166 186
82 124
203 225
143 189
268 296
72 192
26 276
72 133
63 254
219 222
249 271
17 45
11 24
25 66
84 226
53 234
51 92
48 252
197 215
154 206
33 286
75 207
33 197
159 194
124 271
30 152
102 137
23 74
64 66
46 268
98 115
115 127
32 167
27 35
28 263
215 266
92 288
43 121
1 280
176 206
117 200
73 248
100 139
85 296
135 246
118 149
193 269
48 73
8 108
52 87
7 57
13 252
176 283
2 227
104 106
36 70
128 157
135 151
163 166
77 275
13 143
16 130
6 234
220 261
182 268
142 145
96 191
89 161
103 242
78 142
129 233
265 286
42 64
115 268
79 262
99 293
117 207
45 102
67 141
225 245
107 149
148 174
188 283
89 213
241 283
17 22
207 229
81 177
131 188
96 124
83 172
163 240
109 205
24 180
211 254
9 66
30 65
41 176
26 52
129 193
3 158
45 193
20 26
102 208
44 82
41 128
87 245
87 143
183 216
104 118
1 284
46 199
110 262
121 263
43 240
73 128
170 215
42 287
47 91
14 199
116 151
79 113
31 166
180 241
74 277
28 288
53 131
88 284
53 105
22 151
161 226
208 214
271 278
12 47
170 197
100 191
256 281
207 212
119 197
227 234
94 173
241 249
59 144
71 151
202 297
111 159
124 237
40 167
50 78
44 273
274 276
173 205
137 228
99 220
54 186
161 207
9 30
172 295
152 190
32 144
100 205
197 246
95 142
136 163
13 155
66 281
176 253
81 250
70 176
45 123
83 128
131 174
116 126
120 184
170 296
108 115
27 147
114 130
134 275
55 270
8 141
169 179
96 195
148 190
20 263
6 187
125 216
188 215
106 266
42 215
175 275
39 96
83 150
156 277
157 209
252 287
25 217
47 144
135 140
208 241
103 198
88 202
35 244
16 174
86 93
183 219
147 241
63 96
41 126
33 270
210 259
55 171
4 280
33 68
28 147
149 251
251 262
109 123
25 97
164 256
65 182
11 151
19 51
64 118
23 166
77 161
88 220
121 225
38 218
58 113
94 217
68 246
91 264
12 200
77 162
227 293
211 232
112 198
159 252
104 218
124 166
15 79
195 236
20 183
160 245
78 282
294 295
141 274
71 106
158 166
6 48
1 225
160 210
83 108
149 272
202 270
130 150
227 266
86 254
32 245
45 166
48 287
62 157
159 271
141 176
134 140
170 270
52 82
46 250
192 243
66 208
18 101
16 206
112 207
235 298
236 246
35 203
113 232
100 249
265 289
109 187
145 270
108 290
100 145
10 161
166 291
262 280
24 164
60 133
149 242
89 140
185 293
49 136
124 153
35 120
193 234
156 181
66 138
172 223
18 95
20 189
237 263
47 294
46 213
98 200
135 282
40 162
221 237
86 239
69 110
171 299
135 254
52 69
120 238
135 249
71 293
178 263
240 268
2 231
63 151
4 152
80 279
26 274
125 240
67 154
26 279
87 241
130 218
78 80
139 198
207 240
162 237
190 192
257 261
76 165
103 241
129 232
164 209
101 209
23 243
173 234
59 177
83 261
4 42
144 276
168 173
3 173
85 278
113 290
60 192
39 150
67 248
170 248
96 204
181 230
64 139
89 267
180 217
102 281
164 193
264 298
84 141
56 92
114 132
78 165
156 283
76 112
31 70
92 220
76 198
67 105
47 211
73 254
22 293
231 271
228 275
35 150
37 83
51 231
192 239
49 130
40 98
89 176
190 282
165 181
92 226
135 199
17 192
17 114
128 213
112 118
76 106
3 236
90 114
52 222
215 274
163 180
200 228
70 99
155 262
119 152
22 220
151 234
73 277
73 194
173 187
38 208
221 265
191 246
198 258
88 107
61 202
35 160
204 216
44 238
69 292
71 108
83 201
200 288
54 92
19 169
5 62
246 259
21 95
136 181
59 192
5 272
78 208
278 296
117 129
182 209
141 279
28 124
151 188
82 137
29 119
88 269
177 209
61 280
24 121
102 268
234 293
32 114
32 90
57 142
95 158
145 233
221 259
38 254
36 240
234 280
89 240
68 230
220 254
156 190
49 254
208 288
58 273
184 209
126 221
184 297
156 257
53 216
7 191
101 125
25 145
206 277
54 203
266 280
134 221
164 269
196 254
169 246
190 234
194 262
42 118
230 269
6 241
150 152
127 162
148 244
205 288
170 267
156 294
158 170
18 293
211 246
67 131
56 265
12 103
206 258
12 261
7 60
72 287
144 232
53 229
46 241
119 150
63 137
100 171
51 105
113 253
28 228
195 215
135 177
269 270
24 141
91 158
78 206
75 109
188 203
49 93
139 273
110 252
206 280
201 227
74 183
163 259
197 206
9 11
37 185
55 206
63 154
48 79
143 247
28 292
48 114
29 263
51 249
32 37
243 263
30 195
121 178
189 287
163 251
68 82
106 137
130 220
44 119
20 271
48 196
169 282
122 136
185 287
21 262
1 113
10 98
276 296
21 108
123 169
117 177
173 272
114 298
80 289
143 195
118 163
184 289
33 198
138 225
8 42
91 192
99 140
265 270
101 290
241 281
49 298
27 267
159 174
60 127
13 65
29 198
107 196
68 147
79 182
228 295
87 240
39 58
69 223
146 206
119 169
240 275
15 277
141 209
82 94
67 232
1 66
153 260
21 193
2 265
199 202
73 275
59 252
145 149
160 178
119 129
104 159
202 231
202 285
86 120
57 241
125 236
62 226
113 220
22 98
158 228
19 180
63 72
77 190
13 277
181 231
46 252
62 109
119 190
32 45
13 59
165 186
233 283
79 181
1 264
21 144
78 153
141 216
217 260
108 174
62 285
77 118
146 158
23 178
111 250
140 292
205 220
164 300
35 136
66 118
57 288
151 265
92 285
159 246
123 166
225 242
128 244
209 243
108 127
23 256
53 227
126 292
102 146
69 88
79 284
43 254
36 133
23 24
65 271
4 257
39 212
41 44
144 249
142 261
147 260
154 280
39 290
150 202
45 203
126 269
29 102
36 116
38 156
103 111
139 248
137 184
13 152
95 180
61 86
99 176
291 298
16 142
17 210
65 218
157 207
148 257
136 288
63 264
2 138
79 132
196 257
121 189
148 165
54 282
125 219
87 225
25 212
21 132
112 141
17 69
94 176
17 124
28 75
79 124
72 151
116 146
200 230
158 201
56 201
78 278
117 199
236 300
9 129
101 192
71 83
141 283
50 81
11 268
98 259
38 111
149 268
93 155
20 33
10 262
220 284
41 45
206 271
86 249
227 262
158 183
118 279
183 237
71 118
39 132
62 205
46 139
64 192
190 294
107 160
76 179
139 240
85 214
25 202
166 259
34 253
70 276
117 201
71 92
37 178
80 136
87 144
20 177
4 43
50 167
164 236
146 212
66 277
183 264
98 235
58 151
50 166
237 286
104 212
39 45
126 176
38 84
205 264
106 247
34 186
240 294
34 68
91 274
179 297
105 251
128 226
200 275
151 162
55 201
116 225
103 296
32 116
267 277
9 231
258 273
276 293
174 197
160 208
58 254
138 213
103 186
207 236
153 222
17 149
176 249
3 171
78 213
265 277
154 290
146 161
68 209
184 202
2 190
144 204
46 48
205 230
61 228
16 23
26 264
126 249
69 222
209 234
133 256
121 201
25 297
106 108
15 44
137 263
118 189
48 238
116 202
46 115
59 155
119 121
92 118
172 266
116 270
222 248
196 215
6 15
269 300
101 296
202 278
122 174
231 234
276 281
18 31
95 178
4 41
63 226
54 221
10 269
5 240
107 156
118 281
106 235
7 41
75 108
13 80
29 69
44 127
51 125
59 87
38 274
104 116
246 266
35 231
50 288
83 124
217 268
12 256
183 202
197 225
104 288
113 299
79 196
42 111
90 292
28 170
47 252
59 263
57 181
249 275
209 295
214 286
9 235
103 218
113 142
133 288
32 300
2 183
197 290
146 281
73 220
173 179
97 276
11 139
91 290
50 221
113 258
17 208
16 184
13 262
166 290
49 68
175 208
13 24
91 231
211 286
105 274
140 168
72 195
3 184
27 275
106 228
74 292
5 144
23 44
219 223
203 267
163 252
51 273
151 298
83 287
43 181
98 282
22 171
42 136
40 241
67 278
19 21
181 227
79 141
54 266
112 155
43 264
39 53
11 168
59 78
8 134
167 220
164 278
50 279
11 188
81 255
87 231
52 71
28 247
122 173
232 254
90 268
89 276
60 86
97 187
146 261
173 270
96 183
87 101
11 20
137 297
90 173
12 268
63 272
27 206
119 131
83 193
73 202
99 185
42 226
128 276
142 203
97 258
16 254
151 242
16 228
262 273
7 220
53 289
101 299
171 181
132 271
182 185
219 290
5 43
194 290
29 255
2 243
214 260
193 197
166 215
38 237
32 47
108 296
42 177
73 272
33 34
113 161
170 208
275 286
104 184
96 241
211 217
7 137
136 291
72 115
61 92
31 54
100 218
196 292
83 194
126 241
92 215
137 275
114 152
128 280
164 191
40 87
96 196
35 82
114 225
144 202
34 262
39 277
23 116
74 136
239 264
84 272
25 291
25 65
147 270
31 170
139 243
1 153
168 256
78 281
134 247
40 57
117 189
186 234
102 178
220 247
73 92
104 193
58 296
114 201
60 209
77 94
100 123
9 220
21 186
58 117
6 283
222 260
164 206
14 122
131 299
149 195
8 157
22 74
43 187
18 189
215 231
138 223
41 60
120 122
215 289
120 166
78 193
172 230
44 216
150 196
166 168
61 101
75 239
133 187
230 273
18 181
83 275
221 274
94 299
48 202
71 86
142 252
2 249
57 115
231 254
214 228
48 173
192 289
178 216
17 142
37 125
72 275
101 220
31 64
202 208
205 212
244 300
139 190
59 232
29 106
10 277
4 52
49 237
132 287
89 158
181 238
15 30
108 140
53 133
70 223
140 245
39 61
95 118
249 300
124 261
15 56
137 181
76 123
79 140
114 154
208 269
185 200
28 254
214 255
9 295
183 200
64 266
8 290
102 216
48 183
97 154
53 163
48 229
18 161
91 282
25 168
55 187
43 222
210 218
3 277
185 288
134 258
94 226
1 109
246 278
96 267
107 131
45 75
159 287
8 228
25 148
147 204
61 171
9 83
16 197
1 126
64 279
97 139
163 188
31 63
250 252
95 157
107 263
156 221
39 248
194 196
258 262
222 230
158 233
25 132
217 252
164 261
58 138
64 131
124 283
16 143
199 259
161 260
240 289
7 212
57 149
245 273
158 289
170 211
212 239
131 270
230 267
50 122
99 247
7 217
119 186
238 285
186 229
146 155
170 188
55 152
9 284
113 236
138 211
78 236
79 125
96 150
102 295
38 60
55 261
156 176
12 218
21 250
43 50
92 156
137 247
45 272
20 182
186 286
144 175
225 287
81 220
72 140
181 194
86 110
273 284
59 108
7 130
67 286
146 242
159 279
197 219
64 100
34 239
10 210
60 278
93 275
72 134
176 241
43 201
221 254
13 99
229 299
9 249
55 288
223 253
235 290
258 276
72 176
136 149
42 267
86 223
88 124
192 259
237 259
110 210
93 257
166 182
204 268
127 259
55 70
103 265
175 196
35 75
202 228
136 223
3 68
143 294
171 259
40 180
17 83
68 183
116 136
152 239
204 263
88 185
104 249
59 154
57 71
71 184
24 157
23 176
77 244
75 217
277 290
184 238
47 280
101 153
7 178
116 131
85 226
3 234
193 242
220 241
151 225
57 268
94 178
215 280
17 263
186 260
161 174
101 137
3 43
142 199
109 110
107 296
173 248
66 225
229 298
196 251
109 121
141 184
47 169
161 252
143 231
83 282
246 295
90 295
114 254
78 279
76 116
43 72
31 78
154 158
62 166
40 197
44 124
61 174
110 205
24 273
179 246
1 166
104 216
123 230
71 113
235 296
193 228
89 183
7 127
102 103
8 130
219 279
43 85
152 172
22 217
4 181
215 217
246 298
116 121
223 264
90 148
3 129
93 243
44 198
143 159
169 234
116 133
137 177
11 282
49 295
217 229
146 294
31 83
39 72
131 169
35 206
110 203
134 218
72 209
88 250
3 63
50 60
254 277
113 217
86 168
210 228
11 204
128 242
89 92
59 118
170 221
1 36
63 205
226 259
46 116
100 155
106 249
145 191
33 163
44 237
127 186
6 31
93 254
206 220
30 296
84 282
70 89
122 134
238 280
105 204
36 137
73 152
167 269
11 146
140 142
182 254
223 259
49 176
54 161
73 223
161 257
221 247
211 212
259 297
44 103
140 236
114 276
110 236
87 170
152 191
139 196
75 243
31 246
75 230
158 256
206 263
73 175
116 267
61 81
75 165
274 278
125 255
69 288
6 20
62 64
15 203
119 232
51 154
77 295
58 241
188 237
26 300
217 227
184 251
18 199
252 275
101 114
20 23
101 124
10 256
160 186
3 253
46 52
75 232
237 242
81 274
106 140
2 89
124 188
62 260
28 58
83 175
144 174
187 300
21 36
81 214
48 232
136 162
174 201
227 245
14 138
239 251
1 246
35 250
158 214
45 147
116 122
92 187
111 220
86 273
248 294
72 288
19 178
18 147
46 109
135 139
31 253
98 160
24 179
154 226
238 273
2 24
154 210
13 67
90 163
104 172
28 208
135 226
223 235
283 300
3 276
23 211
50 75
61 137
13 101
77 240
23 32
31 129
21 124
107 238
13 280
18 281
40 86
167 205
187 259
64 260
29 296
268 281
9 209
41 116
39 100
2 53
77 234
92 202
23 231
26 289
7 46
146 244
73 299
142 258
80 282
143 206
172 214
25 122
57 258
214 278
104 298
36 101
19 110
4 195
203 270
164 203
59 288
154 284
183 230
173 218
42 62
89 112
31 172
50 87
100 137
33 146
71 274
158 195
13 286
9 60
88 95
105 299
92 244
193 209
52 131
54 240
67 132
257 266
82 134
94 216
20 95
228 255
106 135
31 45
145 274
146 229
62 108
46 166
56 110
37 198
4 149
62 245
132 154
276 291
91 277
15 291
7 30
107 268
121 219
67 211
190 260
57 112
173 237
100 163
42 230
70 174
122 214
170 240
37 39
52 61
112 212
13 229
231 293
22 194
93 109
64 79
206 210
68 208
26 84
74 148
37 105
3 251
216 277
105 156
20 87
189 275
29 221
37 251
107 186
108 276
6 193
175 183
133 135
24 53
100 262
46 270
35 113
3 297
18 112
83 133
73 99
7 118
201 253
107 243
201 256
219 266
42 142
111 118
173 223
90 299
29 40
73 198
27 291
16 49
202 258
66 97
98 164
103 219
233 242
60 269
163 284
14 171
143 262
58 280
186 265
226 238
98 125
43 168
131 213
120 164
212 248
67 124
72 263
60 199
70 92
42 132
58 239
74 127
215 242
92 161
179 291
67 222
146 265
49 278
153 166
81 216
22 85
22 123
191 270
78 197
137 171
156 161
236 276
45 182
244 285
49 97
49 162
21 162
40 234
282 288
91 202
5 81
11 232
8 210
212 280
77 140
73 201
109 214
94 283
28 39
152 262
4 204
189 276
121 249
120 189
24 78
18 80
111 213
46 108
83 257
45 163
90 101
70 135
162 293
132 296
201 243
119 299
192 296
108 229
158 171
154 166
143 276
133 298
53 297
128 182
207 219
143 188
20 295
158 263
253 282
216 297
14 204
194 265
105 254
62 165
47 201
171 296
258 294
3 62
14 80
38 49
47 275
61 275
140 225
4 256
225 274
35 271
74 218
92 109
205 297
24 216
148 154
266 274
146 238
44 282
119 261
32 240
40 230
73 251
129 254
27 280
31 297
200 272
215 264
149 224
15 104
102 147
28 265
143 207
52 209
16 158
88 161
184 269
72 246
181 266
73 94
153 285
130 240
10 93
78 253
186 296
195 224
59 92
127 180
73 147
191 296
51 131
66 296
212 286
9 93
199 250
210 220
193 290
92 237
16 222
106 259
128 278
183 205
199 269
244 248
160 257
147 193
66 172
70 247
21 180
100 112
187 248
93 158
175 299
49 140
48 126
144 165
134 235
164 190
56 111
11 233
269 299
4 289
123 278
32 188
54 112
143 293
15 105
95 137
32 257
74 123
79 205
151 153
75 101
253 263
136 222
14 228
109 140
233 299
12 178
51 151
124 222
120 233
79 216
124 144
8 244
76 182
140 150
7 44
16 177
50 228
161 264
26 205
5 203
123 294
69 204
175 300
28 84
54 115
18 257
118 211
234 298
185 275
35 226
135 195
231 282
64 183
43 296
82 85
148 237
15 106
228 276
169 249
177 272
157 170
74 177
183 280
2 279
105 124
92 249
218 222
182 297
35 121
101 122
71 236
85 282
180 260
146 166
83 121
38 58
77 126
202 255
96 178
205 282
53 132
54 151
162 178
109 143
57 192
155 217
84 160
115 162
40 55
42 273
98 170
201 257
9 157
116 201
98 178
1 123
218 262
27 159
235 288
58 297
219 236
186 231
117 174
269 279
2 67
201 279
190 203
268 294
132 178
126 149
53 222
20 50
29 205
116 180
5 281
57 136
181 195
101 103
104 290
51 59
94 168
259 284
51 171
87 181
173 238
45 181
85 281
180 297
264 287
155 198
6 269
99 236
60 97
114 266
71 284
17 257
154 247
204 229
245 293
247 248
64 257
67 270
176 267
65 243
94 289
102 259
19 76
238 241
144 280
194 273
6 80
168 255
85 177
101 164
201 206
88 263
153 275
175 227
31 260
12 294
110 138
49 123
279 289
71 247
63 169
11 161
86 228
154 296
181 196
96 263
230 274
132 248
128 201
82 209
120 196
18 154
6 200
24 46
49 289
194 287
124 233
29 114
122 235
46 160
54 246
132 160
168 272
194 274
131 224
58 91
185 191
21 83
82 188
109 223
107 276
50 141
71 282
69 134
118 221
223 280
224 282
133 193
31 234
14 34
33 155
92 136
31 191
134 217
162 227
62 277
33 274
109 263
147 190
237 278
161 272
15 200
167 271
19 167
256 278
8 19
62 80
22 250
19 121
11 265
258 299
99 105
62 267
5 204
12 159
129 135
175 200
88 204
195 300
18 72
106 251
67 125
151 184
28 89
66 165
40 247
182 198
45 293
218 260
134 207
71 194
95 240
102 161
93 287
17 245
127 219
122 209
84 196
266 284
149 294
112 286
2 91
40 242
7 277
38 98
81 130
69 93
4 222
230 232
77 130
108 223
154 220
64 275
121 133
101 292
77 210
201 221
113 131
52 101
43 146
58 269
70 226
58 185
75 119
106 193
79 118
59 278
66 185
10 231
142 238
23 207
119 216
54 146
128 219
70 114
145 256
47 61
124 169
11 49
51 292
108 112
152 161
182 299
101 288
8 26
71 130
93 120
126 210
189 216
234 242
117 258
155 208
21 172
84 207
267 291
2 58
195 280
51 213
91 223
150 173
1 170
75 113
145 292
52 64
147 236
10 257
34 51
41 294
3 57
87 250
111 268
57 102
75 79
216 242
231 289
47 111
141 189
75 201
68 222
282 293
43 76
19 296
93 211
5 77
143 155
53 121
255 279
183 240
39 196
100 140
66 180
79 210
52 81
100 198
28 229
11 153
88 298
79 224
208 253
40 292
267 281
201 296
126 294
78 250
80 91
173 257
1 26
116 274
108 185
52 119
34 296
89 292
110 175
12 296
48 250
51 219
67 74
64 299
33 102
140 163
98 182
53 69
84 213
48 132
124 185
143 298
93 162
244 292
145 279
209 288
13 89
132 285
17 109
25 31
126 283
85 86
42 216
202 294
45 217
52 254
214 259
20 106
67 80
178 252
55 61
22 216
85 143
21 34
113 255
12 245
47 140
24 173
22 87
26 76
40 213
249 264
89 178
69 282
1 31
219 252
202 217
63 197
195 200
44 196
175 220
269 281
134 216
49 297
144 225
177 258
87 99
3 47
39 140
11 143
35 161
32 185
1 51
229 265
189 288
138 198
89 262
51 183
5 119
26 222
172 176
22 92
90 235
238 269
39 298
84 127
195 294
113 228
43 177
153 229
78 160
70 130
5 148
132 138
176 294
123 268
31 163
4 30
139 204
95 255
93 249
40 128
129 251
35 259
31 193
164 267
108 157
57 225
131 166
67 123
180 251
252 283
144 198
172 200
37 146
9 215
205 243
186 198
172 298
237 287
103 110
246 249
120 282
68 69
10 276
18 239
32 262
96 182
231 299
93 157
37 273
128 175
169 264
61 107
260 293
6 26
9 37
61 119
83 131
219 247
67 101
80 139
53 160
90 272
71 87
121 250
232 242
109 299
2 188
189 212
42 79
62 250
53 89
72 205
49 299
14 89
184 225
38 282
150 219
158 282
199 256
86 188
214 292
189 281
102 185
126 281
230 286
51 90
130 204
36 158
21 93
22 213
114 252
41 161
264 284
210 244
87 190
20 58
175 204
158 280
203 218
27 127
22 234
248 263
216 240
67 78
139 277
133 239
56 174
218 255
129 185
180 275
114 290
27 142
14 51
137 212
97 215
239 296
16 231
7 121
169 278
90 196
14 84
40 286
27 130
113 116
7 293
190 207
36 177
242 245
265 291
247 268
18 70
30 161
179 276
34 181
46 187
26 231
138 261
144 193
57 283
135 215
122 150
11 189
1 266
229 259
234 267
63 227
157 197
22 62
138 275
128 221
64 114
158 178
44 134
58 62
169 209
4 62
110 144
72 122
37 287
183 250
105 270
109 258
19 79
75 162
39 98
90 261
149 170
119 158
5 79
27 128
58 158
142 251
16 192
56 216
112 233
37 281
5 44
159 170
39 71
37 210
103 229
256 283
94 263
237 258
67 205
48 142
263 266
33 179
14 93
12 220
96 112
97 185
88 190
17 255
251 265
71 198
224 242
30 80
153 240
268 285
44 178
262 269
166 286
76 160
82 200
13 175
126 157
15 204
107 246
109 239
57 60
148 164
14 92
183 184
67 169
121 165
110 204
48 186
205 275
228 270
25 294
132 241
21 263
187 226
18 191
79 263
143 272
41 160
40 268
143 203
45 74
23 115
118 180
80 148
96 152
198 227
58 263
5 115
81 92
155 257
36 147
233 284
5 118
92 228
133 265
121 255
149 243
170 200
99 204
203 239
147 283
18 200
143 163
95 213
199 246
183 277
122 126
144 224
71 255
160 234
15 162
189 240
268 286
241 250
132 254
98 248
174 286
175 223
268 288
177 196
102 174
208 294
194 244
223 266
6 83
138 169
12 169
31 74
205 217
64 187
91 122
215 233
46 131
59 102
42 173
179 237
93 291
243 260
23 230
107 147
107 157
94 274
124 282
85 188
102 121
117 248
224 280
207 252
105 117
36 264
63 267
134 154
176 296
121 199
112 235
43 215
99 184
194 212
255 263
106 127
54 176
31 252
72 270
115 262
84 123
34 165
277 292
186 220
87 270
137 242
98 299
29 201
200 298
221 290
78 113
44 281
50 138
100 131
66 136
164 178
177 283
27 145
12 52
49 118
165 168
219 270
103 175
91 154
85 275
107 230
73 190
138 197
134 174
71 269
149 254
30 32
90 144
67 263
51 254
39 139
82 298
138 222
194 258
24 181
74 280
123 271
58 154
50 128
168 270
195 230
30 295
61 155
1 104
99 135
69 142
179 209
188 242
40 113
161 221
103 131
10 274
201 297
81 88
76 273
241 295
154 188
74 240
31 256
124 135
62 216
126 247
3 281
50 278
211 224
255 280
103 122
47 220
193 196
220 259
127 138
120 296
3 201
83 183
23 113
32 193
73 158
27 288
164 234
150 246
169 170
36 88
142 186
242 252
29 243
53 170
283 295
255 267
216 278
172 257
103 222
90 158
82 269
178 199
34 292
68 84
236 256
2 224
17 77
212 225
91 252
107 178
166 295
27 219
258 279
107 236
173 261
73 143
112 189
187 265
81 111
116 249
169 211
107 245
192 257
183 212
205 292
135 244
94 156
89 177
91 185
235 252
122 217
2 220
39 129
125 184
72 154
46 267
40 236
31 286
33 212
13 183
26 43
199 288
109 215
105 184
3 108
37 250
42 55
71 129
134 295
229 277
287 296
2 177
202 241
110 212
109 147
92 171
23 223
34 236
107 180
43 239
38 195
15 136
272 297
167 258
108 154
49 285
196 284
102 246
116 193
83 242
75 193
108 245
1 139
146 178
60 99
139 228
98 159
130 197
39 47
133 195
1 173
155 248
144 218
116 189
94 198
46 207
128 172
160 230
162 213
24 133
19 32
1 53
36 189
159 253
101 126
1 54
234 255
35 199
10 52
64 124
159 256
64 94
123 273
197 288
1 68
71 208
207 224
2 125
231 294
104 262
9 221
13 288
143 144
26 101
58 90
112 154
189 278
75 242
198 246
71 95
55 178
62 67
106 126
91 142
162 248
40 166
12 209
75 212
112 274
225 230
150 201
115 211
73 288
145 188
205 298
17 172
18 39
110 258
144 146
51 293
64 277
136 273
106 121
28 138
12 34
81 156
213 266
76 78
67 178
196 300
15 171
159 257
3 110
109 235
240 260
33 159
23 112
117 142
146 153
85 287
168 179
7 53
174 187
122 206
13 107
16 157
25 46
110 261
67 90
3 252
4 179
56 206
26 212
271 285
244 293
66 140
81 262
2 167
1 196
70 112
39 238
130 176
194 220
126 127
21 185
272 300
27 134
150 162
80 217
27 68
30 47
231 277
103 251
137 161
26 149
71 298
64 291
34 35
31 134
11 174
26 105
192 258
6 161
34 50
50 170
155 235
6 81
46 177
29 92
162 287
221 271
61 189
118 124
64 147
61 129
7 221
16 74
38 267
198 212
77 268
98 155
16 117
33 165
28 174
29 121
180 216
55 230
52 196
121 176
60 139
164 223
39 147
85 292
238 245
133 176
146 260
70 91
4 34
54 166
9 193
109 248
142 234
179 191
248 300
145 218
151 203
94 241
161 197
56 60
35 117
48 212
2 263
185 209
31 96
188 266
109 181
155 204
77 141
129 157
5 256
19 214
89 168
129 192
86 247
182 204
238 293
206 212
22 104
155 228
221 261
21 84
140 206
38 117
147 162
174 290
91 135
29 247
183 298
176 220
51 158
181 210
86 90
19 140
30 33
98 258
143 256
158 212
51 133
242 286
242 284
32 161
27 170
18 269
9 135
186 209
175 241
115 182
7 40
99 297
178 201
6 134
21 256
262 284
179 230
57 227
17 81
91 207
117 141
22 174
131 150
107 267
29 176
133 159
58 253
239 279
15 17
76 185
28 297
46 118
63 178
124 238
70 274
106 197
127 271
52 217
80 213
37 109
11 250
105 142
260 272
122 198
146 224
70 167
178 214
288 295
105 235
75 178
78 220
79 281
57 281
86 134
73 253
138 237
6 252
17 256
14 292
129 234
3 209
90 271
81 205
62 72
10 227
35 36
35 116
8 125
126 261
88 244
141 299
163 215
100 192
109 124
19 93
23 240
156 204
21 181
151 180
46 170
38 277
132 177
154 216
179 281
88 281
180 253
30 261
45 65
102 222
209 232
65 210
87 284
43 57
63 219
145 216
92 160
15 138
4 223
138 203
48 224
119 157
158 179
47 284
166 278
145 189
241 294
184 231
6 43
67 238
87 280
128 176
193 212
31 57
257 270
212 294
59 81
190 195
77 85
153 160
51 103
120 239
29 274
51 122
235 265
207 285
81 208
36 118
117 262
129 198
275 293
206 290
69 210
128 165
31 182
185 290
118 148
135 190
23 65
197 241
5 285
8 163
188 206
6 165
133 149
24 44
21 190
49 270
169 270
162 238
65 277
121 214
171 297
22 277
151 216
3 224
33 294
76 249
121 192
10 223
98 171
6 98
36 239
234 288
137 271
140 284
140 203
107 192
77 273
46 258
20 154
49 226
49 210
43 49
81 285
104 240
125 205
35 108
39 166
5 30
9 150
52 250
120 178
18 69
103 143
84 236
191 295
120 205
112 185
116 178
18 82
143 288
38 209
27 185
87 127
137 300
129 273
87 180
95 271
117 146
11 243
86 186
155 270
4 248
51 72
187 234
57 108
210 232
233 235
258 292
89 208
161 289
23 292
23 297
119 298
28 167
187 236
247 249
5 66
116 256
92 268
18 260
226 281
85 222
6 79
184 224
89 271
139 212
157 187
63 82
101 179
144 292
187 238
58 206
40 199
131 177
160 173
39 116
71 102
89 119
116 184
56 247
235 261
17 244
167 223
79 222
64 153
20 81
84 176
213 252
37 209
123 208
121 300
53 175
30 250
126 180
186 244
40 222
95 284
175 179
88 283
55 285
185 193
222 286
151 245
67 147
40 83
45 103
141 247
45 194
8 89
187 296
9 222
117 178
38 298
127 131
145 158
8 264
58 164
136 282
4 259
208 263
180 230
87 109
16 32
179 257
249 278
204 286
39 254
86 218
106 181
36 77
28 251
171 223
25 75
102 263
20 180
262 287
10 246
235 278
235 243
93 199
160 211
69 192
17 155
12 87
68 198
72 91
41 110
199 212
109 204
107 155
40 298
69 254
20 98
52 149
77 229
93 244
251 298
74 285
41 206
89 233
245 268
159 273
258 261
28 92
140 182
175 184
51 216
122 200
132 224
3 11
268 277
55 252
32 207
74 162
3 202
11 123
79 81
88 111
5 32
69 209
142 236
26 137
131 142
47 138
138 250
26 196
109 178
100 132
148 206
291 300
93 139
126 280
78 177
140 184
59 176
19 154
86 178
147 237
255 295
58 150
241 270
24 159
42 290
107 282
134 250
170 269
145 300
75 188
16 188
110 146
79 215
65 259
82 153
168 264
117 132
2 103
28 181
148 281
99 109
170 179
173 282
76 117
33 187
168 293
226 227
121 180
58 63
90 169
168 198
42 278
165 288
24 204
93 138
93 186
53 226
16 287
165 195
120 298
110 278
38 63
222 250
115 197
225 281
44 125
112 214
59 292
184 262
235 256
202 279
32 156
24 235
151 258
156 230
218 228
235 275
103 269
50 175
157 260
126 268
245 247
4 86
122 213
132 295
135 168
179 219
54 182
238 266
164 295
150 156
246 262
189 192
186 281
128 164
179 300
28 203
219 258
16 272
95 217
177 234
60 268
79 289
232 290
241 276
44 217
17 169
53 194
11 70
48 288
3 84
99 189
13 237
207 293
150 229
60 138
51 83
18 128
33 172
41 123
39 227
99 254
60 222
201 251
70 262
250 286
104 208
259 260
111 290
60 166
127 235
61 294
45 72
52 115
127 250
60 236
11 238
38 250
134 249
25 164
127 169
4 88
94 225
15 124
17 223
76 147
136 140
113 176
23 37
34 155
118 214
16 78
7 84
7 274
101 134
28 126
78 103
151 236
26 213
92 238
123 132
248 295
126 235
30 191
187 295
193 205
66 292
26 161
183 252
17 298
16 19
65 155
79 295
91 186
158 266
279 282
26 294
75 267
60 198
85 134
4 293
97 273
32 271
139 238
210 286
65 262
219 249
159 218
140 153
128 232
44 89
43 61
22 126
150 178
116 281
251 253
99 108
105 263
103 165
205 234
253 291
72 111
16 182
227 252
41 197
127 140
193 219
45 300
58 203
75 123
183 198
230 272
88 143
6 212
160 165
102 145
243 247
255 281
198 297
72 125
219 225
29 77
2 42
271 276
5 63
157 290
187 275
5 218
159 165
158 206
14 77
92 138
155 206
82 207
127 263
93 216
230 256
191 240
164 277
59 287
121 127
49 236
83 184
236 287
191 212
60 248
76 97
129 161
29 168
31 80
50 272
1 73
25 76
150 169
136 199
179 211
109 298
74 230
25 251
245 294
162 187
58 257
269 276
41 288
25 206
225 268
32 54
22 201
68 168
172 273
125 154
246 275
99 179
229 274
3 189
59 269
122 140
37 290
265 290
61 295
80 221
80 209
104 129
236 272
91 271
144 173
205 294
18 286
117 182
114 126
20 175
71 300
76 217
147 182
73 241
154 186
125 259
110 198
162 288
145 173
287 288
277 285
8 183
94 276
141 150
118 133
256 290
78 268
50 71
124 242
10 168
86 286
192 205
29 294
70 90
18 32
177 263
148 205
24 84
12 69
75 169
28 193
38 133
180 212
24 71
75 250
192 277
101 250
48 177
148 271
87 107
8 281
173 210
137 244
75 182
192 236
131 184
12 250
109 226
143 169
111 195
93 111
188 271
25 69
153 198
82 136
14 259
204 214
231 251
109 212
54 270
66 286
82 276
133 215
71 214
20 285
15 113
89 125
50 85
35 298
3 99
43 210
47 297
133 154
52 73
8 121
152 265
222 294
13 113
126 277
79 198
145 199
151 186
168 233
15 62
49 161
49 212
15 238
163 178
130 135
81 288
74 101
82 210
67 284
27 263
60 142
14 130
72 233
147 203
192 249
50 113
13 161
165 208
72 130
59 90
9 113
117 133
11 75
107 290
185 207
122 251
76 103
4 45
53 137
222 278
178 194
170 245
239 274
51 263
293 300
120 152
22 170
193 251
68 252
268 274
195 203
33 224
56 147
157 300
2 111
106 297
152 290
70 216
108 235
134 227
108 246
99 200
139 184
11 157
84 210
77 138
193 271
197 202
2 72
108 220
135 150
17 184
67 88
197 203
96 129
94 108
258 278
249 298
109 275
114 226
26 156
4 264
238 268
178 291
137 214
223 228
131 133
159 260
193 237
90 149
89 152
257 274
21 286
75 176
16 217
99 141
91 224
19 126
94 166
63 198
135 263
35 238
121 148
81 183
104 196
5 8
9 252
150 236
73 148
172 259
282 290
73 293
256 257
188 245
34 180
154 237
108 111
87 244
104 235
166 280
126 296
201 244
26 57
33 149
68 163
191 234
112 264
144 183
104 160
67 294
92 133
27 230
33 136
61 262
211 236
80 171
65 234
174 226
14 254
233 273
109 190
46 85
54 128
64 92
6 69
2 65
34 56
146 171
95 253
101 261
193 285
92 120
140 267
220 268
52 56
59 75
13 64
170 239
170 171
248 257
241 246
39 178
94 200
46 59
49 274
15 77
123 164
74 116
173 202
41 153
9 87
22 240
79 214
80 111
39 141
254 299
102 175
20 260
4 8
267 293
85 150
154 181
96 278
83 205
181 273
184 227
195 219
199 297
145 244
109 134
8 116
4 217
38 205
65 221
130 280
13 236
119 260
90 276
7 181
180 265
28 213
206 298
105 237
160 223
137 209
195 232
159 242
52 267
81 153
98 228
114 247
111 174
106 157
160 264
46 146
45 221
190 218
18 108
108 169
106 211
159 235
115 170
232 252
3 82
11 245
14 107
35 111
118 277
25 157
115 230
36 160
86 196
97 188
145 151
3 280
1 70
75 236
148 266
5 38
100 149
140 286
140 216
171 291
132 244
19 125
83 297
233 241
90 283
63 209
43 125
201 220
211 290
127 248
120 199
37 61
170 218
31 168
39 149
170 250
53 255
83 233
67 203
151 289
172 245
26 75
173 269
114 186
65 258
57 106
125 224
149 245
56 68
122 167
120 143
21 27
152 195
6 40
38 248
52 85
176 251
92 216
6 162
166 262
18 86
181 190
155 264
21 66
117 260
128 185
124 204
115 126
9 36
38 276
181 256
64 171
6 100
159 234
163 168
51 277
132 250
3 221
102 292
27 161
155 224
50 217
114 172
198 230
58 82
23 180
106 298
15 120
165 214
41 89
210 214
105 226
33 184
96 226
149 178
21 196
58 131
38 196
130 237
117 212
23 183
172 288
73 207
80 218
266 289
141 227
277 300
99 199
109 111
53 106
144 205
47 286
4 214
102 120
12 55
16 42
159 208
78 192
57 243
1 177
230 278
51 223
35 251
20 242
11 176
182 199
80 284
92 180
96 166
158 216
179 265
12 79
4 56
191 213
60 152
117 124
145 167
80 269
49 269
87 175
40 82
20 152
167 229
17 202
165 191
17 274
252 274
48 277
162 170
62 155
78 284
54 191
117 274
174 205
32 58
227 269
66 96
95 276
25 128
116 172
131 278
44 61
49 284
130 153
93 179
12 30
123 262
38 189
174 234
197 265
96 102
189 283
227 248
48 169
39 225
132 171
104 163
79 240
41 99
18 207
85 142
47 110
48 243
41 204
129 253
176 270
145 215
19 97
32 177
102 131
49 300
133 212
150 174
18 98
60 116
189 198
77 189
20 211
157 237
53 270
69 163
218 220
124 208
5 69
164 255
157 204
170 206
163 169
106 290
40 145
53 265
42 100
175 191
190 288
6 298
62 242
153 266
125 270
5 34
173 250
82 220
50 218
85 187
176 300
186 297
21 112
171 199
39 125
89 101
12 267
100 165
224 241
91 110
60 195
18 238
37 179
100 113
133 178
147 273
220 264
20 74
94 290
182 276
26 58
74 114
30 84
112 243
61 274
88 150
71 286
54 178
15 119
32 285
101 262
70 236
44 88
4 200
79 164
115 194
103 278
270 295
207 296
45 197
76 95
29 42
88 144
11 46
33 234
86 109
1 37
55 283
59 128
236 273
142 164
165 294
76 208
15 66
33 186
103 236
19 228
24 241
150 282
252 268
264 273
73 112
114 121
30 277
81 110
132 170
97 196
51 69
4 245
116 190
6 125
74 266
21 194
58 142
66 233
44 147
273 287
119 143
94 230
31 214
74 169
184 261
20 289
265 283
78 186
161 219
48 275
14 270
102 122
15 186
46 271
88 214
7 208
103 282
88 288
177 291
146 284
34 65
269 277
43 170
168 263
121 131
58 294
13 297
160 207
171 232
97 203
175 235
25 112
45 49
1 116
38 256
1 148
18 113
89 218
30 94
188 211
42 269
90 234
140 272
152 284
27 157
104 239
146 225
158 277
146 263
33 42
246 256
186 224
1 149
170 191
200 243
12 78
73 234
19 209
14 230
82 286
71 112
117 186
10 175
117 158
136 201
209 228
250 282
24 82
180 258
1 136
28 157
149 265
119 244
82 121
3 70
52 114
109 227
173 176
114 300
37 226
139 166
85 121
24 267
261 280
35 93
26 217
52 150
120 160
124 254
207 299
107 293
96 257
159 299
197 228
218 247
31 103
165 202
64 216
110 251
68 283
149 271
119 293
125 290
216 220
53 213
162 183
42 299
67 236
108 216
93 255
24 202
157 255
172 203
71 191
144 226
255 276
52 199
22 39
197 276
78 286
42 137
58 292
152 280
85 102
16 274
124 162
150 228
121 161
142 239
113 271
81 271
68 265
229 266
182 242
1 183
188 260
208 209
207 211
12 272
110 193
55 263
56 80
10 136
117 277
8 66
3 249
62 128
212 296
197 211
113 237
46 93
27 269
25 197
161 220
84 204
138 140
216 235
63 260
43 260
59 247
154 228
74 145
133 211
7 96
17 33
225 282
176 252
164 210
11 114
103 254
163 228
152 186
28 268
112 187
109 229
35 99
184 256
162 189
134 274
204 221
103 157
236 269
30 257
84 269
213 272
92 203
63 121
68 212
237 267
179 195
77 186
113 192
42 183
122 283
88 164
80 132
185 218
203 285
42 251
78 108
65 269
125 280
75 210
69 71
82 173
115 190
14 248
55 104
105 287
43 228
2 274
93 200
65 69
26 49
9 122
6 222
82 218
8 27
167 225
79 236
235 244
91 145
257 283
130 248
24 131
47 188
180 282
39 112
12 116
75 88
37 168
74 109
71 295
202 243
94 293
189 241
100 188
38 241
8 96
124 268
124 136
155 282
162 251
258 283
46 62
183 196
177 293
156 163
71 132
22 260
169 185
55 86
224 226
73 156
79 101
2 31
37 137
48 163
21 258
177 259
84 251
160 175
93 146
120 149
80 205
126 219
74 256
41 184
274 275
36 120
132 151
173 241
90 255
221 279
209 231
63 287
137 192
169 295
98 250
42 75
131 292
259 272
244 274
70 264
6 131
68 285
93 230
21 287
99 273
51 114
117 284
88 132
141 225
179 224
24 29
53 119
126 151
2 119
195 238
113 223
47 83
140 145
24 139
1 129
112 119
46 237
77 224
155 171
163 298
47 270
46 110
47 108
5 110
57 215
98 262
44 290
231 273
120 272
177 205
26 145
87 268
176 273
267 269
145 243
38 244
179 259
65 226
98 267
85 132
48 236
62 293
235 264
14 231
145 246
81 187
84 229
132 297
168 215
165 210
179 221
107 150
117 181
22 132
94 121
77 81
143 192
94 114
91 149
96 104
242 271
154 201
216 293
114 129
102 152
79 267
171 262
54 76
36 199
60 284
35 200
132 186
122 288
15 264
15 74
21 249
65 162
28 49
267 295
110 297
74 77
190 290
11 277
20 171
16 99
236 263
84 195
24 34
7 18
167 291
54 236
250 254
138 143
154 281
100 146
242 270
173 204
134 232
32 290
61 224
124 202
183 192
59 243
129 242
8 83
45 141
108 172
78 101
63 110
35 46
140 218
58 231
137 186
21 171
23 159
84 286
13 93
266 281
1 206
8 196
58 148
16 81
40 277
100 234
84 142
26 236
75 85
137 172
111 241
40 99
7 22
192 255
27 228
132 251
11 296
55 250
230 300
170 293
10 121
61 167
92 142
173 185
49 293
9 68
83 163
184 263
79 212
80 207
104 273
100 294
10 281
210 223
130 140
32 111
142 174
45 230
5 19
72 216
104 269
229 230
208 273
49 119
19 82
39 235
269 292
153 297
148 208
24 91
198 219
2 62
209 282
24 57
69 242
194 298
36 261
88 130
103 291
222 290
237 300
61 125
19 81
76 277
164 231
114 193
81 157
113 214
32 284
68 197
176 177
60 130
36 255
6 72
192 222
75 300
112 164
67 256
58 221
26 111
24 165
156 178
153 184
82 251
78 138
223 236
129 299
1 25
28 188
28 266
33 230
133 216
23 110
6 214
67 129
121 241
176 288
23 73
157 286
49 182
45 132
175 186
50 229
182 290
20 210
14 162
195 207
170 213
5 74
19 224
74 141
3 37
160 255
4 73
24 270
166 178
200 280
77 300
37 108
128 183
34 170
42 222
77 192
14 253
1 75
112 161
78 110
145 283
144 164
194 245
6 239
57 120
104 165
63 130
171 265
71 199
68 298
113 244
227 264
58 178
2 219
157 252
84 164
22 203
9 162
125 162
161 212
159 185
48 267
247 288
195 296
15 295
201 219
183 217
286 296
123 170
93 185
156 259
37 212
17 242
157 183
82 157
32 184
168 277
194 243
111 299
158 194
89 121
193 233
74 91
97 111
3 291
105 217
155 271
65 229
40 244
195 241
120 202
98 154
37 123
261 298
174 188
82 183
191 282
194 229
273 294
67 165
33 147
91 211
130 274
134 205
49 281
153 293
169 230
241 264
221 230
155 216
244 282
168 276
17 19
20 283
179 258
145 187
130 194
27 180
3 74
134 234
59 71
65 172
10 36
7 282
30 114
127 220
30 238
20 203
227 238
21 71
119 296
24 33
60 238
2 294
128 271
50 245
82 155
66 115
62 97
9 102
159 193
225 295
2 178
29 261
27 139
24 183
61 116
26 186
204 250
232 299
149 165
119 235
51 100
98 300
90 208
77 272
69 257
44 213
117 272
33 145
134 192
268 278
35 41
72 94
213 287
185 255
73 233
106 201
100 143
227 275
5 193
34 209
171 237
15 87
8 114
26 173
276 290
155 212
64 207
144 294
44 76
141 196
77 288
30 93
282 292
98 117
66 174
179 294
21 58
36 166
16 236
196 235
29 289
77 220
126 167
131 202
73 227
105 224
114 180
137 178
137 288
100 129
57 261
2 300
200 244
213 282
93 263
180 211
56 86
178 253
54 100
22 258
7 76
85 225
185 250
155 242
181 261
6 128
206 227
54 295
177 187
3 35
90 222
52 63
95 129
138 196
32 73
73 192
83 295
190 275
80 189
139 271
131 252
29 264
190 271
31 285
48 276
63 203
74 239
103 174
18 186
24 87
9 167
142 151
267 286
62 235
198 251
184 214
35 102
44 172
239 297
60 65
265 281
70 224
22 149
150 203
63 206
27 165
68 190
52 256
70 258
185 186
161 218
96 172
121 248
197 247
49 232
142 237
112 144
130 169
78 227
123 289
129 211
20 266
39 94
6 282
44 211
217 262
49 103
5 57
26 103
202 223
91 214
42 238
185 204
241 257
167 265
125 186
204 218
236 271
124 275
54 279
205 277
12 183
116 261
130 294
228 289
24 207
36 84
15 272
129 205
5 198
68 125
95 203
2 160
73 252
6 195
223 283
155 249
95 145
8 260
22 248
124 281
48 81
169 171
198 285
117 164
51 94
38 73
43 134
131 158
65 90
37 247
64 172
261 284
206 233
47 152
45 145
64 240
177 288
83 213
78 259
33 262
96 244
100 277
71 150
49 154
3 245
17 224
95 134
41 133
102 172
110 191
54 147
50 290
64 271
37 233
33 277
204 240
80 123
17 95
177 280
14 293
121 251
80 122
13 276
182 261
213 227
6 190
103 274
228 265
229 249
5 208
174 175
201 249
222 264
35 73
58 200
91 147
20 248
219 228
42 210
95 132
195 235
185 220
10 249
105 213
215 284
74 132
277 293
51 272
188 209
80 200
162 247
218 253
161 284
150 240
114 138
117 232
55 226
44 165
39 108
153 197
51 79
131 170
72 285
65 83
41 114
107 184
134 214
127 200
59 68
71 270
221 295
206 250
50 248
271 288
147 251
104 234
30 271
150 205
180 279
194 256
119 148
14 223
1 281
212 275
222 251
43 287
8 15
108 213
108 278
15 268
83 196
172 248
33 269
162 270
81 235
41 172
113 209
19 153
52 183
143 182
127 129
162 204
53 129
175 267
66 148
101 227
39 249
250 268
185 203
26 228
104 186
74 81
76 140
74 147
62 104
203 208
52 285
39 43
33 276
45 228
136 212
20 144
255 273
100 159
169 288
149 289
128 285
39 197
178 197
172 255
169 206
62 199
144 188
74 216
15 127
139 250
7 185
90 199
45 280
181 203
159 286
103 279
65 132
107 111
149 249
59 217
138 148
43 259
148 243
253 266
66 240
7 48
60 159
144 189
18 291
40 61
22 108
106 131
5 269
15 157
22 190
42 162
35 167
195 227
113 278
123 238
56 109
98 131
63 199
11 212
111 139
42 172
34 238
44 221
97 170
117 161
53 116
259 262
229 300
34 48
168 274
55 294
34 222
81 189
56 166
220 274
97 217
146 185
35 125
26 68
177 195
100 286
49 225
19 264
57 139
181 201
51 138
205 232
87 249
171 221
223 246
62 151
13 215
199 248
45 202
4 120
108 247
199 241
201 293
15 20
230 282
27 296
55 262
90 201
15 40
83 85
69 162
148 297
47 160
89 136
141 204
264 290
43 221
161 281
208 277
105 281
220 255
19 288
273 296
166 244
11 23
42 147
125 261
176 274
56 163
129 164
146 164
42 285
117 237
193 244
234 297
150 211
104 251
29 188
76 234
73 104
49 84
161 168
1 57
222 231
244 259
37 79
79 241
30 253
108 231
165 261
141 162
37 111
132 165
83 225
21 102
71 97
6 256
19 189
152 189
40 251
36 81
247 300
24 195
99 117
42 85
70 230
161 169
175 285
188 238
121 268
103 232
144 201
187 222
189 247
56 81
55 56
107 221
17 259
47 216
115 131
131 179
25 79
18 160
153 272
58 291
158 231
19 255
89 93
20 134
33 115
156 184
88 234
48 220
182 237
1 80
67 216
53 263
80 203
164 171
18 114
99 144
25 264
85 228
8 173
69 240
24 190
3 163
179 204
35 50
145 176
212 242
60 221
216 296
109 163
19 152
43 51
54 68
84 274
158 161
102 212
262 263
136 286
140 248
2 225
4 81
274 279
96 135
18 67
33 250
9 17
80 151
6 244
149 282
129 134
31 148
159 228
157 177
9 285
36 267
113 114
85 208
89 288
115 286
147 278
91 293
29 117
110 150
19 166
82 206
61 118
155 236
206 249
212 221
144 154
41 180
190 285
182 201
162 180
84 155
206 246
84 283
164 281
102 287
26 70
155 268
69 89
72 174
178 223
194 259
102 286
1 55
107 297
8 169
35 201
163 206
113 159
83 186
206 236
55 57
82 182
83 223
187 266
94 142
158 182
83 117
42 160
57 176
29 284
82 139
97 176
96 200
167 244
66 149
125 198
12 61
61 131
65 185
127 216
52 284
20 137
183 282
171 180
22 144
117 240
237 273
193 206
23 151
48 214
30 206
7 144
71 238
230 240
88 154
86 195
93 294
5 164
67 214
125 268
49 197
6 45
131 279
164 266
22 140
55 281
159 197
85 180
133 259
96 147
71 160
160 213
39 180
102 237
94 279
114 272
146 210
166 235
6 238
75 92
69 198
150 194
43 195
147 205
118 145
217 246
115 256
31 171
52 291
43 54
74 271
168 258
54 131
187 249
14 85
111 210
86 96
42 274
111 145
167 285
24 175
221 244
88 177
28 105
128 206
105 144
124 245
127 300
203 276
244 256
178 282
66 231
47 154
21 154
73 133
245 254
50 182
161 187
98 140
35 243
60 73
73 197
109 300
17 239
69 184
73 102
22 41
131 149
272 279
173 291
135 255
128 260
99 229
87 149
5 128
5 68
60 144
135 266
86 283
21 294
6 231
273 281
72 261
46 70
15 98
24 145
8 234
138 249
250 289
34 59
48 80
204 291
32 63
56 288
111 138
41 109
169 231
47 94
104 115
23 184
42 205
7 278
13 274
150 224
14 148
15 103
117 135
8 232
69 283
99 170
202 263
110 130
20 142
56 119
138 204
249 297
150 234
5 263
122 184
71 154
5 233
5 292
69 161
145 195
104 166
42 178
77 286
43 150
74 221
25 219
188 256
109 165
15 271
52 263
202 257
244 278
24 148
81 132
2 136
117 197
31 149
236 286
99 188
181 259
9 244
20 247
100 230
81 202
127 265
140 280
185 280
141 229
102 153
40 238
116 290
72 175
31 65
89 106
181 280
45 57
80 134
128 240
122 130
34 43
79 192
129 200
156 210
85 218
222 261
72 197
243 250
40 179
88 134
161 164
21 86
253 292
120 159
118 266
142 150
173 213
69 182
124 179
29 248
28 68
249 290
29 290
42 65
81 233
256 264
26 34
75 198
164 207
52 230
41 279
142 156
87 174
169 238
94 147
92 201
163 253
72 160
51 194
34 178
72 278
54 103
185 235
101 172
140 157
80 133
263 293
187 227
44 288
6 22
225 255
250 287
57 242
170 231
108 268
10 258
25 43
140 189
61 159
31 123
14 242
115 189
61 243
264 285
243 269
4 226
94 222
76 254
80 222
221 223
65 93
44 252
24 206
108 237
43 169
144 155
27 37
6 55
122 189
129 208
12 124
1 195
49 181
15 247
206 284
248 252
152 185
263 290
37 150
295 299
149 179
6 176
157 267
42 143
85 130
3 211
3 195
101 176
40 201
189 277
9 243
36 51
190 223
69 201
92 208
74 170
183 241
93 106
51 84
126 297
149 222
53 185
136 267
19 188
238 264
153 187
47 229
39 90
22 297
87 154
190 262
44 130
249 287
70 186
114 222
81 118
114 168
114 197
2 233
176 272
57 123
157 239
221 289
8 30
32 129
52 298
14 268
55 76
77 181
179 252
29 140
99 122
140 291
154 212
161 271
160 246
96 281
66 269
32 289
62 123
92 280
20 71
38 284
126 130
27 233
104 295
26 146
68 79
5 107
76 82
29 122
117 291
37 42
44 244
22 223
75 131
82 166
8 102
83 219
206 213
170 190
86 240
8 151
23 216
9 121
13 135
86 242
57 284
67 156
121 237
88 267
176 247
67 104
12 58
37 141
41 291
57 208
254 293
233 256
9 23
209 248
39 175
146 162
184 226
93 219
2 7
113 230
164 225
40 256
139 153
102 126
23 43
7 64
221 281
65 97
240 261
251 288
187 257
41 68
44 298
165 225
22 83
177 211
190 252
262 277
81 85
33 297
76 119
184 296
51 93
72 187
88 104
138 190
21 118
1 91
113 266
85 145
11 152
93 295
68 207
201 291
17 102
49 83
70 185
19 74
74 253
213 241
32 279
59 170
59 223
119 192
26 60
88 110
37 258
157 243
23 86
195 288
36 157
198 231
179 180
54 85
69 200
171 179
102 250
190 292
96 134
169 272
3 125
257 293
22 67
136 211
207 254
78 219
176 224
72 158
118 255
201 215
15 67
216 290
57 143
128 151
175 270
104 109
119 151
43 180
168 285
21 26
6 118
18 78
21 205
87 91
167 213
260 271
135 194
77 176
85 262
11 34
115 226
5 142
88 225
22 285
115 245
7 153
63 265
221 266
186 263
93 194
39 81
99 213
4 244
26 110
120 252
112 127
77 111
154 287
71 142
36 268
222 238
24 166
45 268
112 300
255 262
219 220
34 108
75 91
124 138
250 294
98 225
18 138
64 155
185 236
7 171
60 189
49 96
29 212
83 202
92 107
12 219
193 200
107 213
150 271
62 133
78 199
136 217
127 222
15 193
102 110
78 180
2 241
140 266
29 45
131 220
5 145
6 39
77 91
24 261
233 298
117 170
173 183
11 254
72 93
12 107
62 145
53 103
1 211
48 143
45 110
4 130
38 123
93 173
23 299
29 195
95 202
35 177
178 257
110 211
95 293
145 261
282 296
112 221
122 178
32 275
113 206
118 219
20 297
5 223
131 271
112 116
41 246
149 194
167 186
155 230
73 119
89 224
79 188
152 177
166 297
156 172
130 139
21 164
142 208
53 220
158 264
71 136
2 159
88 186
107 289
27 297
107 278
97 122
65 250
156 201
135 241
253 255
123 159
92 121
115 251
59 296
208 252
180 219
246 257
40 85
155 179
92 170
76 148
46 255
54 239
152 203
249 285
98 211
160 216
1 208
73 213
34 275
103 181
3 27
19 48
65 204
93 274
138 281
126 291
23 57
78 261
158 223
139 274
72 98
198 273
115 201
154 171
2 151
121 254
111 197
9 108
117 278
59 184
28 237
3 220
84 128
150 153
50 277
7 273
126 137
32 263
44 50
196 217
41 264
17 146
99 148
38 81
133 150
77 280
64 283
1 159
69 214
22 43
149 217
277 288
22 160
74 107
63 231
69 265
9 172
56 235
93 215
76 250
34 295
116 246
104 170
111 155
125 263
144 277
202 218
48 168
91 216
93 134
154 275
87 156
15 28
82 290
21 64
183 266
77 127
226 280
2 213
132 273
87 165
112 236
94 294
70 229
257 288
85 251
39 168
38 96
62 186
124 217
58 139
18 137
178 259
99 211
102 182
77 270
241 259
230 277
184 285
150 251
62 164
10 247
113 115
71 133
1 27
7 206
20 250
221 300
3 44
112 208
23 127
151 243
49 271
91 176
206 299
87 278
245 300
278 279
57 134
22 97
174 241
17 295
43 82
27 210
102 186
131 134
242 293
37 166
220 297
82 110
13 186
162 212
167 224
5 122
70 232
135 207
212 259
128 292
14 182
94 203
89 195
241 274
133 283
193 262
142 232
151 262
66 163
84 137
204 224
72 239
14 237
40 95
46 286
142 220
237 266
58 136
28 36
228 283
107 203
28 104
183 279
94 248
34 216
182 215
73 296
186 238
105 154
5 131
18 21
189 229
196 218
97 278
124 183
40 50
40 136
202 247
139 242
42 255
208 240
43 147
30 160
124 256
153 227
47 49
80 124
165 222
37 288
86 214
252 292
120 250
217 221
157 280
4 216
79 223
136 170
46 150
97 235
42 256
41 216
93 231
217 277
165 199
32 103
16 47
91 272
125 253
48 279
258 275
121 146
30 100
54 251
24 189
103 290
134 206
22 287
59 109
176 236
110 195
143 233
21 207
88 142
16 277
25 137
191 215
199 265
3 296
28 271
162 267
147 198
205 221
175 211
184 211
232 272
16 122
130 186
89 185
99 282
126 134
120 150
59 157
30 267
77 292
38 127
4 294
157 193
8 13
167 298
78 162
227 256
83 236
261 276
72 292
65 265
295 300
80 161
29 163
85 146
38 291
142 214
158 227
135 300
65 165
143 164
108 124
140 252
179 238
191 274
207 209
215 276
174 293
215 253
153 157
50 121
93 94
184 273
195 250
58 260
31 181
125 296
252 264
39 247
24 234
197 208
166 238
203 258
155 165
34 152
5 228
177 235
251 259
120 134
118 152
228 286
123 257
48 270
40 175
19 107
97 179
95 248
28 141
107 119
175 260
35 297
161 278
84 292
16 57
42 186
229 242
26 102
7 186
71 294
97 250
167 198
287 293
99 233
180 208
202 216
41 295
112 218
225 233
189 234
112 149
55 264
206 223
25 250
2 55
17 160
38 197
172 190
116 144
142 192
111 115
86 119
29 131
187 240
24 226
153 189
152 174
261 286
90 269
65 128
10 106
146 194
77 139
131 191
80 257
7 188
27 46
128 144
12 118
121 233
30 121
129 249
231 236
31 55
149 177
70 159
13 291
14 70
188 294
63 158
36 121
89 135
196 225
47 95
283 299
200 264
98 173
36 273
74 150
118 229
55 241
107 136
79 186
26 67
208 218
216 243
18 19
3 216
219 242
198 233
60 135
118 286
142 291
198 236
27 61
105 280
55 132
64 181
5 40
139 269
243 272
20 241
82 196
112 190
81 169
133 230
92 294
220 252
82 267
54 223
81 260
270 273
160 297
106 187
101 239
65 70
43 136
110 142
30 85
3 182
139 270
34 168
1 24
260 297
162 185
230 299
68 229
248 280
135 141
58 279
142 297
117 128
100 295
269 285
39 154
215 287
134 254
141 155
156 189
202 248
254 282
15 164
236 245
57 203
25 138
48 209
84 276
164 273
175 252
49 229
183 285
58 218
96 167
5 229
92 243
153 268
187 228
88 138
53 123
214 299
168 254
5 219
140 237
52 292
75 231
26 65
132 161
189 267
75 83
26 62
40 161
56 141
22 230
136 176
67 128
33 201
14 224
10 173
105 106
130 152
16 41
152 182
14 17
108 197
151 240
74 100
206 288
76 189
22 259
258 296
127 249
218 229
84 278
147 227
233 238
15 187
124 284
26 48
229 278
12 282
73 140
60 98
20 293
41 190
145 164
234 254
20 234
36 106
93 203
17 113
245 297
226 292
79 226
69 216
99 259
176 218
142 253
50 224
138 139
60 170
213 235
42 146
168 202
89 167
202 268
121 194
13 46
82 213
214 235
3 31
49 132
122 177
65 127
45 234
53 281
55 137
58 289
15 16
106 118
153 254
50 94
58 197
26 234
90 298
3 197
199 209
122 277
119 291
85 242
236 255
196 203
40 214
15 146
40 44
249 252
223 282
213 268
131 195
56 264
34 124
5 127
36 90
87 218
125 299
80 95
97 98
67 84
5 260
4 144
95 154
103 196
243 255
34 192
179 201
144 235
66 143
159 284
82 204
82 195
195 271
19 98
25 100
76 181
135 182
191 230
28 204
31 290
195 292
221 272
18 54
217 228
165 283
169 203
31 284
135 153
261 290
9 116
190 232
85 270
120 206
55 290
27 222
188 216
36 48
94 282
71 241
209 225
114 224
7 270
104 296
104 144
182 189
102 228
59 231
7 62
126 143
156 231
102 293
76 144
73 125
99 296
82 296
115 169
107 283
236 295
173 287
69 74
128 249
215 225
102 169
118 162
155 237
38 259
212 300
56 77
48 120
200 254
155 294
20 69
11 227
56 193
21 278
125 248
27 102
48 137
13 208
80 271
243 264
219 296
167 221
54 209
126 174
8 135
54 261
74 261
172 181
101 237
113 141
32 40
59 208
250 274
129 285
135 158
133 214
35 292
76 260
136 265
37 200
207 270
160 253
45 51
134 176
34 220
29 208
52 237
11 124
60 63
50 241
206 260
51 192
177 252
127 158
32 43
80 142
180 261
75 277
42 87
107 215
189 263
237 264
173 239
165 257
121 123
52 187
219 276
262 294
78 146
15 229
8 90
12 56
182 217
6 84
4 254
79 83
192 241
177 186
59 270
188 219
73 118
185 230
24 198
40 67
3 180
132 172
25 36
101 253
94 300
13 153
56 104
115 159
148 276
95 279
26 291
70 73
51 181
42 60
249 274
21 292
13 159
34 247
113 165
72 254
45 168
53 91
64 194
6 294
11 19
146 280
60 285
202 237
57 159
24 144
108 196
68 172
22 242
5 188
119 276
32 66
170 262
47 56
1 192
113 261
223 260
146 219
192 293
83 235
24 242
37 268
128 177
31 141
48 122
5 158
33 185
80 278
180 290
132 134
10 104
195 259
101 135
25 288
85 89
122 245
79 232
105 115
80 128
3 292
5 58
81 86
49 72
147 232
161 239
23 250
33 164
18 152
104 133
39 113
119 166
50 145
11 86
220 246
6 49
39 51
90 204
42 74
49 121
216 227
47 179
27 196
99 172
37 155
41 191
184 217
8 198
130 264
68 185
15 287
122 168
63 75
8 99
69 256
272 277
62 131
148 162
3 45
159 207
89 191
99 283
116 175
83 156
171 280
153 258
129 277
20 156
170 256
48 289
51 109
47 264
62 190
21 221
60 193
14 285
155 292
12 300
182 294
45 82
10 28
43 89
19 117
217 231
75 172
53 82
44 92
41 51
168 266
36 280
193 221
188 284
40 59
77 148
214 243
133 173
119 283
4 250
75 253
116 258
191 211
79 193
68 186
94 134
207 279
230 291
41 233
112 210
61 173
172 281
33 292
91 118
22 185
213 234
135 253
193 299
199 242
19 78
218 232
167 292
109 283
17 34
55 242
45 256
41 277
48 152
155 243
266 270
156 202
86 163
20 96
97 158
96 262
144 295
11 180
54 225
12 184
121 232
21 88
39 152
198 278
3 143
51 200
229 250
24 155
106 116
39 83
50 136
154 291
247 287
128 171
38 104
14 36
31 136
134 135
84 93
105 119
108 186
31 58
134 204
214 238
148 209
97 107
221 232
21 228
82 255
44 192
65 280
71 137
124 249
25 233
246 296
229 284
93 300
197 256
99 260
86 279
34 112
113 251
129 177
19 144
160 259
24 123
102 271
68 267
6 66
246 258
100 211
112 128
78 114
62 249
57 294
83 146
136 144
65 281
169 286
65 133
106 154
87 189
85 239
85 231
104 250
7 291
134 147
44 65
53 85
232 268
72 180
116 228
64 135
104 253
271 293
54 222
178 211
56 217
184 200
109 132
150 212
13 137
253 278
10 126
101 249
55 184
13 71
152 209
36 111
93 136
96 203
48 256
21 63
20 212
56 102
56 263
16 255
76 195
4 20
126 179
108 289
60 287
247 290
8 181
261 285
30 75
101 244
232 267
134 288
3 160
2 64
74 89
263 289
285 288
57 209
77 290
17 187
14 173
147 264
86 296
284 297
22 106
5 88
74 184
26 223
126 211
134 290
3 128
159 178
60 203
86 142
112 281
184 246
79 206
106 276
148 248
45 231
129 202
136 198
25 131
8 137
17 264
59 246
49 216
135 289
24 116
1 251
86 145
1 263
211 218
291 296
159 232
39 259
87 197
197 275
43 251
100 283
26 42
181 229
63 175
37 119
91 247
105 158
36 257
15 85
157 240
6 102
162 255
33 81
187 262
62 95
215 261
118 203
13 70
15 41
36 69
144 268
67 254
204 262
102 187
86 236
62 78
122 252
123 279
111 235
54 138
65 190
118 120
62 153
125 210
186 235
269 273
117 139
181 186
206 217
30 237
164 195
121 295
15 289
55 75
152 232
156 241
22 101
57 74
13 68
35 81
32 228
23 173
57 62
104 152
84 134
43 120
95 144
31 115
170 183
3 78
74 186
144 215
55 249
76 81
271 297
202 277
27 116
29 238
27 248
204 232
73 278
13 180
26 219
37 48
20 173
116 205
199 281
68 171
157 259
119 171
103 230
192 283
72 100
45 242
129 280
53 196
68 219
87 150
153 236
158 254
19 262
46 102
61 184
33 130
46 64
277 298
14 106
179 243
15 185
5 176
50 129
62 142
185 229
183 227
115 260
235 300
177 246
48 144
50 139
25 183
140 219
221 243
74 237
218 256
33 138
104 195
23 28
98 187
148 149
46 246
55 227
52 176
156 206
158 244
93 169
19 58
47 283
191 262
50 115
132 213
27 42
148 228
186 259
162 173
28 137
3 17
78 298
2 286
215 223
50 247
146 251
24 187
6 99
185 251
47 234
22 118
152 153
60 84
20 29
195 210
48 203
22 292
19 38
238 289
15 29
182 202
121 217
63 153
79 135
117 196
37 240
4 48
94 223
123 188
188 210
67 223
4 78
96 224
37 286
14 179
6 299
152 230
104 242
3 4
262 266
35 183
157 289
161 246
110 265
231 278
15 38
94 123
221 284
49 239
11 117
31 292
189 274
189 200
172 213
133 291
128 217
30 240
170 187
105 132
131 295
186 291
120 161
88 251
101 198
23 152
55 199
134 185
50 149
8 222
206 267
172 249
46 251
45 95
238 272
91 280
76 247
243 299
57 213
12 108
96 148
103 215
142 247
101 226
140 277
107 292
64 258
210 289
112 226
15 160
5 149
189 194
190 221
25 91
213 269
112 153
45 250
6 196
123 177
103 132
151 239
120 221
98 221
45 239
67 194
83 266
125 254
28 172
1 128
90 168
14 169
49 204
179 213
39 244
133 274
10 24
226 294
1 253
272 299
21 113
24 50
265 294
40 43
14 95
144 269
36 219
174 285
210 234
150 230
72 136
110 145
52 111
251 266
18 168
17 218
6 198
65 223
105 113
176 285
83 238
63 223
248 281
86 118
102 173
140 223
66 94
274 296
43 102
49 276
207 286
155 272
5 280
84 187
75 90
70 267
62 66
93 227
18 35
38 220
6 17
160 169
164 286
33 281
30 177
2 228
6 135
27 265
74 84
61 285
119 292
147 212
127 204
83 241
42 241
2 200
229 236
69 249
196 216
32 122
222 295
15 45
96 291
27 168
143 253
179 193
62 251
42 145
129 216
24 186
51 75
144 203
219 239
166 293
26 97
132 205
114 270
280 281
214 226
10 211
21 285
4 246
171 206
237 288
232 234
30 246
14 28
44 291
98 283
48 190
20 281
155 186
240 255
142 250
70 119
84 220
105 214
206 261
49 251
254 280
39 261
272 295
20 225
36 45
72 202
127 241
19 95
173 245
186 275
86 251
226 289
17 53
34 242
18 71
166 214
61 62
6 127
189 209
4 252
242 243
36 265
204 237
65 124
50 132
76 296
94 115
30 214
21 55
46 51
64 241
90 231
181 200
57 293
224 225
60 215
63 294
43 178
8 145
192 280
78 280
26 107
18 163
58 228
89 281
195 299
191 297
123 182
82 211
124 132
58 276
26 144
143 281
105 253
218 287
45 115
163 275
34 183
99 120
139 292
86 259
125 232
42 124
10 31
5 16
289 293
176 203
141 163
40 142
103 185
86 189
53 240
193 226
119 224
102 283
240 248
47 273
180 237
107 112
101 289
41 154
135 175
170 299
119 281
7 43
94 165
27 91
248 275
111 164
17 38
70 190
133 231
47 192
29 174
32 69
117 290
56 150
194 288
131 182
50 192
194 292
14 234
68 140
83 89
94 131
83 138
35 282
223 276
132 234
86 139
29 210
142 233
12 90
34 235
5 140
128 263
118 201
156 276
23 93
60 118
216 247
72 152
31 208
77 254
100 108
29 52
6 285
55 119
213 295
96 133
23 99
202 293
39 205
213 273
165 295
82 113
41 62
58 146
134 297
60 290
282 297
77 182
38 144
104 220
23 47
105 183
210 229
30 244
47 298
240 253
30 46
96 280
109 200
73 177
149 231
123 202
39 62
183 274
99 281
50 157
218 261
74 196
16 189
1 160
78 291
36 246
53 295
118 263
28 45
111 230
3 19
83 134
85 192
100 184
126 208
246 291
66 270
7 233
12 125
32 96
259 295
110 166
181 289
41 202
135 283
165 287
11 58
2 127
8 95
122 188
181 293
160 262
49 70
13 149
46 279
121 171
139 181
98 255
24 177
56 232
39 69
65 163
64 213
209 223
225 246
138 277
124 289
160 271
143 267
111 263
156 254
144 264
246 265
114 213
42 80
73 172
28 198
62 82
83 281
27 264
1 243
105 152
73 187
122 224
82 108
57 292
53 298
173 182
98 278
70 143
35 51
45 109
61 120
56 89
166 191
106 125
211 262
16 100
6 168
6 257
174 192
83 265
48 216
12 117
46 107
10 193
215 296
185 248
96 125
90 192
38 198
33 173
137 291
149 246
141 213
2 80
54 173
213 215
261 300
121 141
243 276
116 129
91 257
131 209
225 299
21 206
176 233
93 213
93 217
58 64
117 281
119 217
233 272
6 260
21 281
17 247
67 193
240 296
133 136
173 265
16 167
155 269
64 148
131 187
173 252
31 270
125 203
11 120
6 237
25 275
206 209
143 153
76 164
188 296
96 271
25 227
126 233
2 133
5 49
28 239
58 173
62 175
103 151
21 69
147 169
133 143
2 40
105 260
212 276
3 42
8 299
75 292
201 258
62 259
91 99
99 251
239 253
68 253
248 279
135 179
169 237
186 245
179 236
207 216
24 153
142 300
48 107
200 260
7 103
92 172
81 199
82 203
171 234
195 240
213 220
4 71
54 298
68 297
152 273
267 278
138 224
45 81
115 271
82 198
87 297
21 175
47 191
118 158
19 265
122 248
191 276
156 261
57 91
224 249
41 215
3 193
76 197
232 255
104 275
49 275
153 269
181 207
114 246
145 251
113 222
56 64
144 256
118 184
85 193
36 252
95 257
59 105
25 226
7 179
55 221
29 197
68 220
10 101
85 99
65 141
59 135
110 239
286 292
87 122
37 163
1 286
49 282
57 145
195 265
180 252
53 248
189 286
22 63
11 32
96 212
62 176
118 121
41 182
145 211
189 230
23 209
156 203
12 210
153 207
90 300
164 215
151 259
201 202
8 78
178 261
21 62
12 46
38 214
50 171
135 227
33 268
148 172
79 228
14 24
57 164
131 266
77 178
124 174
4 63
247 283
174 225
102 255
84 121
76 124
179 232
37 225
75 238
66 203
137 241
72 220
30 105
12 89
187 225
215 238
189 265
147 285
7 255
207 275
190 249
122 129
103 225
270 290
159 163
16 296
154 209
130 243
34 42
175 188
144 228
60 122
172 299
95 278
17 269
38 242
5 7
272 291
63 67
88 213
204 246
73 100
91 265
53 202
63 266
163 258
1 299
82 102
167 284
1 200
235 270
57 119
3 20
10 207
33 255
73 297
7 94
46 182
154 162
3 121
77 184
1 62
57 165
16 127
107 272
92 113
12 188
27 209
77 167
253 271
159 166
90 170
102 273
17 63
35 159
64 281
165 177
159 251
2 166
36 222
191 250
92 223
99 245
184 218
47 147
223 286
14 236
200 239
135 269
34 164
91 253
197 199
75 105
225 296
133 219
68 98
202 210
56 245
1 52
181 237
14 68
126 252
97 100
2 28
36 185
166 171
63 296
186 191
68 231
41 181
18 201
28 128
146 271
125 148
41 252
67 164
70 288
70 255
16 170
24 286
48 93
205 258
59 127
280 294
77 132
207 244
148 286
177 295
271 275
14 19
150 208
66 227
85 284
86 89
89 173
204 244
104 198
49 110
100 261
143 284
104 280
242 277
14 135
184 271
184 207
187 260
48 206
20 27
46 272
159 161
66 121
129 287
93 140
136 179
24 130
13 281
30 208
183 299
3 248
117 266
194 199
7 190
141 264
21 252
139 293
96 261
26 250
95 96
147 295
46 112
151 226
95 281
99 158
121 208
95 152
109 285
140 233
198 264
16 34
78 181
93 104
134 253
47 101
129 275
63 89
50 73
200 269
54 183
175 264
31 300
20 31
142 160
19 281
51 284
78 81
129 197
106 258
85 269
147 218
9 90
5 36
117 225
52 268
72 108
102 229
27 169
80 206
125 247
140 239
287 295
141 145
148 215
248 274
125 273
111 278
28 144
218 296
151 271
201 214
176 221
114 281
162 290
48 77
229 276
159 192
106 261
50 206
65 72
42 192
72 221
47 92
54 125
56 286
4 163
139 140
240 242
196 276
82 109
5 300
63 293
190 283
115 249
5 47
126 145
270 293
79 269
34 199
151 210
121 211
67 252
5 243
119 167
17 235
71 249
247 267
86 272
135 229
119 140
58 287
55 214
63 149
118 296
158 271
101 107
239 246
65 102
207 250
92 102
28 182
119 231
8 16
193 225
90 197
44 294
23 119
222 282
60 264
32 104
66 190
24 151
180 243
103 124
21 158
204 245
29 160
259 264
7 120
85 110
89 102
28 40
153 253
27 153
200 241
158 226
117 286
146 177
77 166
19 298
189 292
87 217
257 273
88 209
61 264
245 290
15 222
41 102
267 290
114 250
173 198
25 263
81 114
12 38
143 263
40 176
226 275
35 40
94 149
149 187
130 236
160 225
124 280
74 185
198 209
120 209
210 297
81 163
175 185
144 274
175 222
41 48
102 128
26 131
79 277
195 201
28 149
197 285
179 215
256 269
23 68
59 141
24 208
68 124
78 147
4 156
192 251
26 292
158 250
39 231
4 109
12 122
77 104
13 293
175 291
49 158
223 298
37 269
183 221
48 49
233 259
67 239
158 221
44 110
63 270
94 135
250 253
154 180
123 203
48 54
159 203
1 67
56 290
61 90
97 232
86 184
89 251
171 248
203 219
85 196
142 216
18 36
146 257
18 218
128 262
120 259
180 296
112 285
11 235
134 209
109 274
55 71
156 284
83 244
50 160
164 181
141 249
131 192
27 119
12 253
120 153
169 202
218 246
83 93
4 164
108 200
40 62
19 193
140 235
53 164
67 97
19 179
36 220
2 79
97 226
56 66
228 229
92 273
70 148
19 211
10 47
113 287
60 272
126 218
32 150
2 11
92 222
197 251
1 295
58 275
40 294
138 240
13 21
109 211
29 112
28 289
165 262
21 150
70 218
47 246
58 255
204 289
196 230
40 186
141 147
30 294
181 296
245 256
27 81
178 292
145 255
42 225
18 107
38 255
27 34
217 265
187 216
226 245
48 210
191 254
106 240
121 264
67 275
10 280
114 149
83 256
200 279
15 112
89 264
170 223
84 161
275 287
99 244
30 141
193 241
12 262
20 123
74 265
136 249
32 199
96 246
4 258
68 254
64 151
116 153
88 268
146 168
166 211
163 238
245 284
65 157
182 292
31 262
52 198
35 232
96 156
3 284
234 274
185 292
65 142
200 296
139 168
247 265
52 60
40 252
206 231
223 242
24 107
149 209
29 120
99 111
35 218
195 226
48 66
45 245
279 293
110 240
27 29
61 229
117 167
83 185
17 79
116 117
58 140
41 97
63 173
57 273
198 255
74 106
274 281
171 243
23 146
159 175
69 145
95 224
31 251
94 120
85 272
147 178
11 260
73 178
234 235
13 179
39 172
51 264
180 284
143 211
20 88
34 145
188 254
64 209
47 183
79 292
160 256
93 189
69 126
116 185
48 176
194 217
32 243
192 224
35 104
226 248
5 103
103 289
93 258
50 274
32 145
239 273
114 293
201 245
19 258
60 157
26 208
129 244
48 118
61 124
171 258
2 174
9 262
169 198
101 185
109 222
220 282
93 195
61 170
124 154
156 281
46 60
67 167
112 163
31 121
13 44
224 273
130 260
181 255
212 271
215 295
142 242
46 82
211 266
115 267
256 293
62 209
204 230
182 250
18 210
4 129
179 186
73 264
65 255
108 123
97 218
60 220
14 160
139 183
165 270
28 179
142 240
131 225
16 169
27 193
117 257
21 81
17 32
247 269
251 272
220 234
229 252
59 295
57 266
271 281
157 195
52 99
148 153
37 184
157 268
15 259
137 299
49 105
148 184
174 220
72 121
151 213
114 161
157 163
64 236
4 97
9 32
105 238
104 259
38 273
263 267
87 201
28 152
94 298
220 256
99 180
188 269
103 200
7 146
161 259
175 289
66 142
164 185
34 64
121 195
68 226
156 290
104 105
6 248
181 247
108 297
76 243
100 229
111 158
125 128
69 94
53 279
48 181
170 236
51 232
168 240
244 270
64 111
30 88
22 146
146 216
9 203
107 235
121 224
15 50
111 207
259 270
61 143
108 143
15 299
31 32
3 104
153 159
24 282
11 201
156 285
279 283
241 268
213 261
39 208
195 297
206 238
202 203
94 154
31 277
126 290
221 246
17 272
50 117
19 87
68 258
182 275
86 234
65 113
8 152
151 269
108 283
55 160
198 263
149 274
14 256
35 277
26 73
53 266
185 272
192 244
230 238
106 237
276 279
22 59
184 223
96 173
73 262
96 193
64 282
73 106
132 252
204 226
213 275
113 128
10 113
89 299
21 114
6 246
123 235
163 216
235 239
19 165
262 279
23 42
12 182
122 132
187 194
46 71
83 157
159 240
135 223
46 233
111 243
133 208
109 242
38 290
148 282
20 230
195 222
1 65
138 199
117 191
17 262
205 206
100 107
181 249
101 241
140 265
145 249
165 207
57 198
77 84
38 194
194 201
166 258
67 212
139 282
205 269
68 290
127 267
188 232
61 216
145 281
66 209
117 289
101 129
7 124
101 268
78 134
259 290
284 291
141 270
77 103
25 266
29 245
88 206
97 145
96 188
53 203
133 257
192 270
266 282
181 262
5 244
156 234
68 273
44 53
143 265
55 232
82 164
134 199
157 249
2 81
67 139
123 239
53 146
230 252
124 180
38 155
145 242
166 265
137 151
29 108
116 224
220 289
138 274
77 241
20 54
21 208
35 140
134 165
18 53
145 230
44 296
1 203
18 280
211 289
65 164
113 162
196 239
54 200
203 205
35 54
72 162
239 284
53 205
151 256
76 266
68 224
19 23
4 65
112 255
94 212
73 110
64 129
23 291
121 215
69 299
76 215
218 238
134 137
36 78
67 279
26 201
80 108
153 261
162 201
8 266
162 277
106 287
149 198
131 223
54 108
52 283
227 228
87 111
88 114
6 215
40 296
49 292
119 187
18 58
55 280
281 292
142 271
56 226
32 201
57 83
65 208
166 241
152 261
20 116
126 223
134 212
10 189
103 155
95 297
115 133
252 256
89 202
188 239
255 277
239 285
3 34
75 148
8 37
119 174
28 226
84 154
3 229
56 98
136 263
16 128
125 262
83 127
196 264
55 100
110 157
155 205
52 94
9 81
2 60
95 289
18 292
23 69
76 233
11 208
146 188
24 132
89 150
47 163
30 60
146 149
74 139
45 258
19 236
17 60
58 240
157 165
85 191
108 221
128 286
77 274
94 110
177 220
166 221
49 80
59 89
115 137
82 261
30 176
4 229
169 214
285 286
58 163
54 276
14 260
122 286
177 294
89 265
32 299
13 278
104 258
283 285
178 264
35 234
124 158
172 205
1 42
144 159
33 43
194 215
259 273
28 185
83 96
58 258
121 266
107 167
247 255
31 238
7 61
168 181
215 243
97 262
193 276
166 174
122 280
111 194
19 71
53 81
43 101
125 294
197 296
59 133
109 148
174 297
133 250
92 169
127 266
21 244
121 293
17 116
123 195
117 228
128 199
35 123
222 256
63 224
43 243
168 172
47 156
97 174
138 151
27 85
43 81
104 122
27 33
102 111
97 220
58 234
23 225
18 244
76 125
191 210
35 198
103 253
74 85
96 168
73 229
166 196
123 282
29 280
62 207
64 272
69 195
167 179
115 234
33 199
87 295
9 156
78 269
11 71
154 195
82 252
123 226
158 163
9 136
51 170
113 180
222 267
134 144
140 230
17 270
104 174
108 167
10 108
52 252
195 267
59 207
47 172
148 268
156 260
130 269
67 130
75 199
180 210
81 104
4 26
239 262
105 149
113 133
21 100
114 239
48 262
179 189
153 183
40 173
57 199
102 180
7 157
189 268
110 271
68 141
108 163
61 225
43 90
105 203
110 192
2 285
22 300
219 240
185 300
215 250
134 262
108 295
9 126
184 264
90 189
67 73
41 167
62 101
153 243
74 295
71 264
137 232
31 111
116 271
32 256
119 295
116 158
121 197
108 266
224 258
3 218
184 300
45 294
183 249
79 116
87 263
4 80
18 245
38 219
126 201
70 260
74 228
193 268
54 288
184 286
17 238
43 138
126 170
18 94
187 207
60 296
32 93
12 193
33 98
94 227
160 226
90 159
256 262
27 88
22 31
84 169
5 161
42 196
70 280
233 294
59 179
13 265
190 214
66 247
109 118
87 171
143 162
83 145
62 149
25 246
37 191
151 241
14 144
225 269
37 147
22 157
89 290
142 194
148 224
28 281
208 281
25 177
123 270
159 214
128 273
161 188
26 226
281 284
72 259
52 177
8 193
17 209
80 238
109 225
125 143
36 72
211 281
24 48
34 40
210 247
109 129
54 82
132 209
75 86
240 241
210 260
27 148
186 299
100 292
160 292
162 205
32 223
108 122
91 235
43 267
108 253
61 208
159 205
10 32
69 199
81 252
6 34
6 206
182 296
146 256
64 179
115 202
120 220
42 116
77 101
126 161
14 178
78 172
75 200
89 243
106 277
102 284
80 246
95 242
124 295
153 265
69 295
169 224
96 259
98 105
224 233
251 274
49 273
50 204
87 239
48 255
65 213
47 134
222 285
121 200
28 85
227 231
81 243
89 116
241 247
84 293
97 216
222 233
186 188
112 238
47 142
67 75
93 280
174 227
98 261
57 277
55 88
165 197
163 278
105 232
150 164
46 193
8 115
19 292
180 295
141 233
216 244
97 132
217 264
86 158
126 188
3 289
222 234
81 101
37 72
7 202
44 160
181 216
144 272
48 295
226 287
76 79
167 218
94 204
96 256
70 163
167 289
46 168
95 221
134 186
53 188
167 260
137 138
241 256
159 222
132 225
81 143
256 287
85 289
223 267
5 297
36 75
25 51
19 221
19 146
160 185
25 259
93 278
200 215
10 117
17 42
59 197
192 228
76 176
150 218
24 252
256 277
161 293
108 114
66 104
204 258
119 263
84 131
134 291
115 185
16 202
124 173
39 232
62 150
42 175
57 152
59 62
125 137
127 159
103 201
22 125
173 300
10 123
5 67
55 113
93 242
167 189
20 222
104 206
142 273
33 264
158 276
49 192
267 298
28 165
109 145
150 247
48 286
27 141
134 180
160 236
86 293
214 295
6 16
51 106
265 274
216 291
105 241
108 155
25 289
177 206
47 203
84 146
212 290
155 244
175 207
82 260
265 284
209 277
126 273
143 166
29 150
100 197
63 215
32 247
43 235
26 195
53 126
218 251
204 233
60 96
162 268
3 230
56 246
210 287
232 281
201 285
154 263
41 247
126 132
4 19
3 8
8 105
132 264
139 218
81 106
49 81
45 178
94 213
108 258
88 238
10 261
106 117
164 288
34 286
221 297
7 216
116 134
56 243
142 277
14 33
92 279
157 182
61 256
164 253
76 267
34 224
16 71
77 287
60 207
42 271
97 229
79 96
68 122
49 224
91 300
130 231
15 224
36 163
71 235
85 213
97 99
30 270
133 138
117 236
244 283
94 228
101 190
117 299
13 187
105 207
29 211
68 156
209 297
84 188
46 275
74 215
29 132
3 24
14 211
241 289
75 209
122 149
139 257
28 242
10 266
247 272
200 295
18 81
34 107
27 188
16 72
127 226
61 255
62 256
50 296
7 228
161 163
21 157
207 215
111 232
66 123
57 180
41 219
26 200
127 137
60 174
215 288
14 154
179 227
31 217
82 279
54 94
83 248
39 115
50 95
57 216
63 261
62 218
70 219
36 204
221 285
265 278
71 267
193 300
18 298
121 122
178 243
10 295
88 153
109 261
114 209
139 244
71 275
184 259
70 126
70 195
101 291
175 250
47 178
84 241
201 261
44 73
264 292
45 60
159 258
137 215
30 220
228 292
145 209
121 252
128 228
238 297
126 131
210 270
192 200
135 214
12 259
126 298
157 246
153 171
236 264
52 167
88 149
38 151
96 128
87 282
209 294
10 279
14 177
143 266
132 182
75 226
86 128
55 133
194 267
39 300
36 102
211 243
131 157
45 50
41 136
37 114
52 181
30 192
144 152
93 221
89 254
121 290
32 142
36 203
108 146
3 9
21 50
119 240
28 33
5 238
16 137
129 272
9 29
28 32
226 274
59 205
31 52
27 136
248 296
139 187
100 193
191 284
16 293
180 200
70 292
41 239
141 180
235 247
5 214
23 135
182 244
30 287
22 94
120 248
219 250
84 171
193 201
187 221
19 62
44 139
102 272
78 198
35 80
78 191
43 300
263 273
89 234
144 241
42 181
83 270
78 102
143 282
50 210
80 141
55 69
38 97
107 248
13 210
114 223
5 54
108 293
128 184
103 272
57 67
17 31
97 202
15 130
253 257
162 197
35 78
62 90
102 215
130 235
1 155
69 220
112 234
54 75
194 299
65 225
121 168
96 223
164 240
20 90
68 274
75 78
102 260
19 212
64 162
136 253
46 99
51 77
74 124
13 15
40 171
119 300
279 286
212 252
65 286
43 53
170 253
221 242
240 245
241 286
101 214
96 254
97 167
69 207
215 262
43 107
190 261
23 90
75 141
165 297
24 279
63 79
88 194
97 149
216 272
132 211
14 54
93 108
13 177
64 269
25 300
15 202
106 260
124 172
83 246
26 295
31 51
160 294
79 219
117 267
80 256
44 292
53 141
256 263
40 106
157 225
100 201
23 150
84 288
270 299
113 139
195 228
65 276
60 109
70 113
135 142
3 64
132 207
6 106
23 40
29 31
216 252
39 230
97 239
22 79
53 142
104 231
69 105
88 233
50 70
29 81
29 187
29 82
25 80
115 282
93 290
75 213
11 25
46 68
40 152
198 295
8 107
40 287
151 160
89 298
76 188
21 254
196 226
6 292
1 190
77 108
202 232
10 125
80 259
4 194
136 269
103 147
218 240
59 61
167 299
37 203
235 251
30 254
158 164
68 85
257 264
199 289
108 227
40 90
16 269
28 51
126 175
217 291
175 210
146 278
97 201
93 121
31 194
59 264
4 101
10 209
132 298
68 157
23 281
24 193
111 113
187 230
38 139
3 117
29 43
63 275
157 271
19 223
201 286
109 209
189 254
54 281
190 215
69 133
19 161
138 179
21 233
36 168
24 199
30 291
10 80
44 101
189 246
210 230
71 245
147 180
61 84
235 299
238 254
55 116
122 258
126 199
154 205
69 84
171 238
98 126
75 124
39 146
23 82
157 244
119 238
8 229
33 170
164 165
26 189
99 192
204 279
3 79
124 125
41 149
13 239
92 207
26 183
33 282
120 171
78 242
216 248
132 159
44 143
21 222
273 285
150 258
43 291
78 94
184 239
74 233
19 113
45 241
154 276
83 263
86 220
79 159
220 243
88 192
202 213
84 133
282 286
203 283
62 195
211 220
94 130
75 218
100 298
238 271
69 114
83 227
69 252
105 288
215 248
25 176
79 86
78 176
113 146
109 291
222 235
29 186
127 187
224 269
77 135
5 82
8 160
34 270
149 183
50 125
247 274
27 246
68 238
160 182
204 290
29 78
50 77
66 267
97 178
138 292
131 269
90 167
46 76
154 178
10 115
15 220
16 291
232 256
1 59
125 284
244 262
34 284
14 196
149 232
192 227
130 132
127 247
295 298
201 213
69 75
29 241
185 238
35 133
156 263
19 67
45 149
32 127
186 218
166 271
22 243
208 275
9 165
45 214
25 221
40 239
83 262
36 110
27 48
139 296
4 91
39 70
41 146
114 234
82 158
17 156
176 190
187 193
93 116
18 150
124 145
64 278
12 82
9 54
101 228
127 172
66 256
133 297
131 287
224 294
109 158
22 137
32 276
207 220
152 277
271 291
171 224
142 262
218 289
124 277
115 215
80 115
162 246
14 194
21 271
70 284
119 255
99 284
30 231
13 190
54 61
44 111
173 199
194 241
57 265
167 190
34 282
72 101
19 31
100 235
99 256
122 202
74 298
101 281
26 128
267 268
269 274
27 254
243 275
7 26
2 211
62 70
58 69
29 139
188 225
250 298
136 294
28 235
153 283
71 273
22 286
107 291
151 277
155 229
117 188
184 189
67 191
1 125
61 260
31 95
29 38
103 178
18 60
95 288
104 199
11 103
216 231
57 179
223 263
14 249
48 264
35 74
27 244
137 191
78 150
97 208
212 253
206 247
11 91
33 121
277 287
60 102
62 239
61 276
265 293
233 268
172 173
40 195
23 228
43 278
89 232
70 101
12 93
98 264
179 283
258 297
72 164
53 176
48 104
214 256
200 245
217 222
16 53
199 210
153 194
14 299
148 283
68 112
183 191
108 131
122 231
108 149
50 256
147 228
14 244
89 221
60 100
56 218
144 283
64 176
116 232
208 297
41 164
71 128
293 299
90 143
40 133
230 280
146 183
142 206
46 67
260 300
131 146
65 181
106 268
65 300
112 147
140 143
206 292
67 160
203 209
137 277
164 293
173 190
25 41
80 162
63 122
86 224
156 174
164 213
66 262
31 242
246 261
136 155
46 176
209 245
74 249
39 189
119 198
42 194
19 57
229 238
90 244
241 277
88 174
57 264
58 213
65 252
5 265
69 95
29 236
135 239
188 262
9 24
61 176
176 191
153 286
78 156
14 225
191 207
162 271
5 138
176 181
16 256
75 184
201 242
132 246
111 177
33 63
90 266
68 213
32 288
97 114
18 290
68 234
19 112
179 274
119 189
49 257
55 85
44 174
40 203
45 151
47 171
7 52
27 235
232 246
243 279
8 154
90 290
31 76
117 165
41 74
251 300
108 242
13 77
167 266
223 278
168 187
76 152
18 192
134 228
35 135
71 169
20 229
61 220
112 277
131 190
4 64
23 277
216 225
254 276
47 288
35 215
256 279
199 260
101 147
105 233
3 294
125 260
92 194
38 272
107 285
239 294
155 170
107 251
225 251
167 297
68 176
120 169
48 293
230 251
68 77
68 123
220 225
88 296
7 93
111 262
25 295
83 187
177 249
16 265
68 158
83 288
164 214
28 267
145 174
19 232
156 224
59 147
132 137
8 143
59 251
146 236
212 273
163 220
37 67
174 228
96 299
17 248
139 241
81 170
34 98
103 142
2 283
152 281
32 294
139 150
245 278
91 197
221 238
175 180
6 103
102 114
50 66
1 278
75 147
213 239
45 191
81 210
41 193
61 245
65 222
204 267
40 72
129 271
25 253
46 141
18 282
21 70
131 280
144 261
49 250
66 214
107 201
233 297
2 78
118 226
26 227
64 190
24 298
150 269
123 153
138 243
163 257
296 300
156 194
20 277
219 275
147 294
111 234
178 188
19 244
79 220
90 157
209 240
110 217
45 296
8 97
172 258
99 126
100 115
47 291
195 234
149 163
18 46
226 266
26 245
120 186
212 263
119 165
162 169
127 211
70 248
177 190
4 255
62 135
197 235
144 266
161 286
99 142
14 105
159 270
200 248
79 288
60 177
193 231
20 184
196 202
45 135
9 21
67 259
110 178
17 41
69 135
138 255
168 281
39 183
29 293
2 206
5 28
85 217
83 178
241 282
136 278
130 217
23 142
123 291
25 247
259 293
117 270
245 260
37 197
258 290
246 286
161 167
73 134
127 206
29 145
79 114
9 199
44 250
63 218
9 158
94 205
62 227
91 236
123 246
31 164
261 264
97 271
68 167
167 273
11 185
25 57
114 215
106 300
70 220
255 278
13 258
185 223
18 24
214 289
127 133
78 145
152 286
13 138
193 274
30 122
73 90
194 207
37 140
37 202
213 233
157 256
134 294
85 105
98 138
117 137
63 186
52 110
22 86
5 210
17 287
134 142
56 283
154 257
5 199
189 242
39 236
68 188
195 264
49 92
102 190
19 122
18 237
225 239
133 147
94 260
25 42
24 217
190 211
154 298
101 259
166 248
261 299
54 148
55 123
191 278
137 259
182 267
66 113
21 216
42 68
134 252
37 199
127 146
272 283
265 279
118 205
24 77
177 232
57 107
12 176
130 185
57 183
92 210
54 65
113 257
36 296
111 226
33 49
33 95
28 252
66 187
65 87
39 107
76 294
196 273
42 200
8 87
61 179
27 201
158 245
211 293
19 231
24 97
199 257
113 227
130 257
112 179
24 60
230 275
30 135
30 40
72 280
104 300
101 300
119 265
199 255
99 147
165 300
37 139
112 294
23 285
32 239
132 167
10 27
21 290
36 67
62 255
236 291
133 267
148 216
13 285
39 221
105 110
81 174
39 195
148 259
152 255
101 263
49 107
61 236
185 249
46 63
200 268
84 157
218 300
100 258
203 290
148 195
96 295
108 187
233 254
95 214
164 263
83 217
41 293
105 286
141 182
140 170
255 268
4 283
15 148
40 148
28 153
53 71
116 251
192 207
89 187
119 221
73 289
39 280
209 285
177 282
115 139
139 221
30 279
27 115
75 76
199 213
123 160
63 237
121 269
205 248
23 274
211 230
124 182
16 249
75 275
13 292
191 275
130 265
149 269
53 156
19 285
46 53
113 205
154 182
225 229
131 200
210 282
22 202
68 144
237 252
159 269
208 287
37 104
14 67
124 231
40 130
199 244
28 71
46 169
43 58
64 95
17 134
248 265
24 163
221 263
160 269
160 290
204 265
133 223
191 194
86 147
33 92
85 141
95 182
51 164
20 118
212 233
97 255
19 202
290 295
104 203
21 266
67 273
80 102
17 143
90 220
4 111
138 262
37 98
57 182
71 121
155 300
40 182
17 40
95 260
239 277
7 98
125 199
29 225
132 249
19 199
74 140
9 198
44 260
100 232
110 282
245 296
122 185
273 297
84 219
79 197
20 166
234 263
113 197
272 293
28 231
119 145
231 287
263 292
1 216
60 229
13 299
2 269
28 121
108 228
9 283
176 268
131 203
198 223
87 196
40 48
19 44
106 281
56 241
164 200
97 263
160 171
155 213
28 130
63 80
8 21
254 259
7 69
84 192
60 188
209 266
69 272
26 133
266 292
196 278
230 268
67 100
10 131
124 228
15 205
178 255
55 260
49 124
154 183
185 187
54 158
110 155
11 163
35 233
94 211
23 60
78 97
91 114
171 197
65 71
199 266
84 234
82 129
101 280
21 28
134 236
137 147
99 234
213 283
23 52
31 293
30 227
1 43
195 257
43 44
236 240
196 207
145 214
113 239
46 264
123 205
79 145
47 149
140 192
10 41
148 253
79 282
18 99
158 235
180 256
129 259
188 251
277 289
24 127
14 294
207 259
89 131
34 184
91 298
164 262
21 79
240 290
93 178
118 151
1 161
100 170
83 215
13 217
156 237
28 272
6 219
43 66
68 216
54 93
108 225
93 202
79 287
32 278
39 165
92 97
68 236
19 89
28 169
17 89
10 224
212 241
163 205
164 229
108 150
147 210
89 144
4 286
33 244
58 247
186 192
58 224
173 195
219 272
149 267
136 297
99 215
275 283
95 228
15 126
194 246
35 180
6 263
98 287
223 248
105 265
36 233
176 263
61 237
194 204
125 241
18 230
197 217
196 200
26 79
145 296
89 123
13 148
87 252
16 288
44 157
158 202
135 277
10 233
123 147
225 267
98 107
16 294
84 172
69 234
8 101
174 273
182 246
44 241
19 34
175 193
114 174
120 139
174 202
193 194
78 148
172 222
5 97
137 140
70 225
136 208
19 118
113 225
187 288
151 264
74 103
175 282
141 168
120 148
59 69
168 229
143 235
50 98
60 93
58 168
74 281
167 194
99 266
161 242
94 261
94 113
128 188
18 209
76 154
200 249
141 236
230 253
246 281
153 230
238 274
71 283
168 224
64 270
261 297
139 266
89 113
125 287
65 189
203 216
76 187
113 156
162 294
148 180
205 251
140 149
50 155
193 297
188 287
14 266
79 286
43 255
200 284
10 137
145 203
67 202
21 51
17 157
113 143
5 108
42 294
165 258
7 281
24 85
4 275
4 76
18 148
84 265
152 179
63 211
168 209
33 211
214 220
20 197
97 162
93 126
58 222
44 180
64 137
85 253
199 253
59 84
164 291
16 40
2 237
7 148
91 100
97 272
73 200
52 96
136 242
116 191
209 270
130 263
157 278
133 287
88 152
16 85
27 75
245 267
144 148
119 273
101 191
87 147
26 221
73 184
76 110
19 215
116 239
97 109
158 243
183 210
6 192
74 82
165 266
234 290
35 207
82 125
6 121
128 257
187 274
65 220
41 238
45 69
15 242
22 158
29 41
35 178
7 249
61 135
15 209
109 273
214 283
76 251
238 250
219 255
168 211
137 159
173 283
47 165
42 49
11 129
114 265
209 276
32 219
118 127
163 229
156 264
19 35
30 199
20 214
23 201
171 216
88 295
148 290
209 253
11 89
5 25
183 247
162 289
200 238
101 270
142 285
231 272
148 183
53 292
156 246
59 239
11 37
70 108
190 279
232 271
149 256
154 300
125 194
245 262
102 209
74 257
189 273
102 181
223 268
204 271
234 283
135 181
52 244
113 274
191 242
48 76
60 167
78 223
105 159
98 169
13 166
90 203
211 253
160 172
24 120
143 161
117 171
91 205
45 144
178 279
28 63
45 297
242 273
38 124
79 190
242 290
37 96
19 195
70 82
84 183
62 188
98 128
199 245
184 210
11 247
173 268
92 98
24 184
117 215
136 143
164 254
52 72
7 263
110 201
14 295
6 223
118 233
42 105
232 258
70 110
112 124
118 136
82 274
173 229
42 179
106 161
233 251
83 122
22 224
7 49
37 110
43 268
75 262
24 115
78 274
146 157
224 299
47 100
40 191
48 223
37 231
135 200
268 289
131 218
59 83
159 216
8 31
164 228
39 87
57 117
4 94
31 66
50 196
190 291
106 148
60 235
154 274
39 257
25 235
143 269
67 257
69 117
80 272
97 233
55 64
83 164
80 240
21 235
79 122
114 241
113 190
95 153
246 254
40 56
171 246
13 232
99 235
264 283
86 91
26 198
40 219
222 229
190 219
38 176
107 152
108 284
39 68
133 254
112 239
151 272
5 90
75 145
195 239
155 199
33 127
65 75
187 192
137 250
50 156
59 255
30 126
56 177
187 219
7 88
225 240
194 236
21 146
152 213
69 79
99 292
107 269
158 267
113 235
34 190
27 238
58 181
19 94
46 74
14 159
229 239
28 127
83 160
124 297
91 230
159 249
165 183
103 133
14 184
128 130
55 109
271 294
61 128
154 273
105 181
95 197
80 145
51 120
162 176
25 180
209 278
236 253
236 282
87 113
7 38
65 129
71 152
10 298
146 214
100 166
73 120
17 291
92 224
24 249
74 156
119 191
211 267
31 100
24 300
130 241
162 218
13 54
73 279
211 219
124 155
51 141
42 252
13 108
54 96
133 226
133 184
64 99
136 206
90 232
55 296
45 240
80 276
52 57
127 164
74 119
181 288
209 250
131 212
42 227
65 239
115 152
59 151
35 53
39 135
43 208
227 235
120 268
81 129
29 286
98 122
153 288
61 94
12 64
18 224
193 217
119 188
172 243
200 267
141 266
59 130
73 206
77 245
126 139
64 81
76 283
197 250
78 255
91 178
139 154
48 71
19 102
217 248
73 294
24 260
34 254
55 163
75 223
119 284
75 270
28 280
180 205
102 254
55 72
80 291
293 296
163 226
146 201
168 236
163 189
43 133
208 211
120 232
15 128
2 210
126 186
101 158
80 190
177 193
101 238
69 287
98 240
12 113
170 203
11 191
111 271
113 153
294 298
14 164
13 189
197 244
50 137
112 113
3 51
36 130
257 286
217 238
175 253
144 281
109 246
266 273
52 275
44 195
142 168
118 287
162 291
101 284
98 224
42 174
136 158
70 141
59 209
78 270
134 187
175 205
231 238
99 271
240 243
45 54
96 276
84 257
235 240
209 283
101 193
11 128
168 260
134 208
88 274
180 198
84 153
128 261
26 211
89 149
90 124
18 140
9 224
86 161
94 181
33 158
42 127
75 81
141 300
75 294
48 59
97 119
83 88
205 213
203 217
97 191
5 89
49 67
153 164
82 243
216 251
38 67
77 193
36 83
262 285
201 299
222 225
206 216
76 174
78 244
57 248
22 93
139 214
225 280
291 292
76 285
137 153
72 184
28 222
42 59
47 105
181 286
74 255
50 203
171 176
10 289
15 207
64 244
12 225
156 296
38 132
120 293
1 232
143 275
79 191
4 271
209 226
53 115
29 230
42 129
19 168
126 160
201 288
17 54
17 286
99 267
180 226
159 180
96 101
51 53
30 265
60 299
183 206
229 269
92 240
19 266
32 216
263 295
78 79
158 259
57 282
69 178
218 266
53 299
66 192
69 300
4 139
58 129
10 39
184 216
19 267
35 45
168 180
28 258
203 227
203 244
89 247
177 231
111 227
5 290
21 31
181 251
8 33
260 281
150 198
79 254
203 282
3 213
142 255
284 293
180 222
179 280
63 103
185 227
20 105
112 273
244 290
138 218
57 151
10 54
38 154
4 105
55 240
42 140
30 274
42 134
80 130
22 186
87 102
136 235
119 139
248 262
113 166
196 291
186 289
112 205
196 238
89 227
21 280
165 276
64 86
15 89
248 287
30 222
79 167
42 197
152 170
149 297
174 263
35 267
115 254
117 169
90 226
143 148
26 138
110 124
120 242
7 271
114 156
208 295
85 194
76 222
80 84
36 58
62 271
9 138
81 201
26 119
105 160
65 101
56 285
139 234
96 153
2 204
153 237
20 228
29 49
225 294
14 50
125 283
74 236
35 284
21 210
84 109
7 182
43 205
16 79
7 267
77 170
8 165
180 183
26 134
48 254
119 138
27 184
1 152
50 144
14 215
199 203
110 288
221 249
64 274
112 177
211 278
109 144
5 113
61 207
29 98
112 289
154 219
203 235
3 188
49 151
122 293
87 205
95 216
53 284
214 239
88 106
109 171
81 193
40 207
28 262
31 77
154 294
185 257
31 233
59 101
49 235
102 300
136 281
33 108
29 242
61 109
244 253
79 187
81 137
7 80
196 277
50 197
128 223
116 148
1 23
17 88
149 162
136 298
120 237
189 261
43 103
67 172
74 182
15 221
147 259
17 35
198 288
132 214
174 240
213 280
113 218
253 288
24 257
19 203
24 81
192 278
38 114
14 76
107 222
115 180
149 261
56 266
94 153
73 258
37 291
57 150
170 279
121 136
171 218
48 234
8 250
3 101
101 212
121 187
7 184
198 252
95 123
109 289
122 265
43 262
74 173
182 293
9 142
131 284
85 154
144 258
56 79
76 276
66 178
98 219
121 159
2 240
40 115
150 287
86 113
59 291
151 251
67 155
102 179
82 146
143 241
116 198
176 246
54 104
51 299
155 278
55 107
134 256
22 244
37 299
12 269
232 235
67 115
149 197
238 299
62 137
117 256
20 240
11 226
36 117
186 293
21 32
19 138
14 23
208 256
84 100
41 47
94 184
6 87
81 159
170 251
152 183
126 173
135 162
86 121
87 235
28 96
207 300
19 105
265 300
177 227
29 83
62 296
173 208
85 258
97 141
5 268
103 205
57 161
239 275
152 178
82 175
3 114
36 295
6 138
62 238
89 90
54 79
84 88
148 291
11 144
220 233
16 284
52 175
130 155
6 123
18 135
10 179
64 297
7 204
95 250
132 286
100 175
54 291
173 193
139 201
128 291
97 190
61 122
206 279
104 123
128 137
78 143
120 198
104 209
93 188
136 177
6 232
121 145
216 269
154 243
8 122
72 265
51 70
268 283
171 207
68 245
51 190
95 140
56 275
69 244
60 106
149 202
131 241
279 280
125 233
31 59
123 237
116 135
76 93
49 157
12 95
109 277
87 105
114 212
178 191
117 264
117 131
4 146
11 44
218 265
56 101
185 294
38 227
114 277
161 261
154 295
130 266
12 119
175 293
35 193
243 286
121 174
32 159
181 294
17 290
63 249
11 140
38 279
139 263
105 223
130 255
51 78
31 226
158 285
39 55
13 73
140 197
142 205
88 271
97 200
225 289
105 176
42 82
204 238
98 260
176 195
17 268
86 136
36 275
24 52
156 187
199 206
37 82
46 288
126 222
142 182
105 150
79 128
15 256
81 93
16 214
122 233
124 181
61 249
256 291
87 279
101 197
221 224
82 202
244 250
145 196
127 237
109 192
125 145
27 283
29 275
43 117
109 230
116 273
157 264
26 135
26 272
86 88
6 243
149 288
98 241
147 192
36 190
122 207
193 203
74 274
282 295
107 173
23 80
74 223
217 243
15 290
86 278
16 126
59 65
128 247
49 256
262 295
69 166
27 203
190 272
174 275
48 189
72 203
12 121
66 161
12 67
7 240
87 232
4 208
32 137
37 45
28 199
183 267
198 293
119 241
53 198
10 122
100 255
65 170
114 240
45 83
16 35
37 230
39 275
1 227
37 102
119 203
9 274
18 188
154 265
268 269
113 226
42 58
113 169
142 231
178 267
71 185
157 179
79 299
56 142
113 137
39 215
200 210
12 244
45 104
265 285
64 132
36 253
13 47
140 194
8 79
34 162
23 109
141 210
20 276
43 113
33 217
55 124
24 88
6 209
178 278
89 98
217 289
180 209
29 90
35 270
133 232
53 272
65 191
57 219
126 258
102 156
82 97
22 95
158 191
36 243
184 257
285 296
82 126
213 218
42 84
278 300
87 233
128 256
33 215
160 265
159 267
61 132
217 223
118 293
99 258
106 183
60 120
231 268
241 265
174 265
72 87
8 287
75 289
74 154
75 126
19 234
52 157
48 245
1 105
192 269
54 105
198 259
61 272
282 299
160 296
112 225
95 286
170 273
96 146
91 138
21 134
203 268
110 295
252 262
69 115
60 121
2 180
123 150
172 201
187 267
95 300
74 254
68 92
282 284
116 159
46 217
210 216
64 119
113 245
90 274
209 222
112 229
148 232
157 171
96 207
15 19
5 159
72 240
202 264
38 153
58 86
82 143
27 234
122 196
109 208
70 209
1 167
33 240
64 265
72 86
76 162
131 189
193 270
182 264
49 112
13 31
23 54
48 175
141 263
65 66
149 182
80 275
46 148
116 174
3 72
87 267
65 151
101 224
54 258
147 195
44 287
1 145
58 84
193 236
232 247
132 294
170 193
181 290
26 127
6 113
2 4
44 105
8 162
25 95
26 160
171 190
139 174
161 290
13 121
67 170
34 263
70 150
8 277
69 171
12 158
227 280
13 224
176 193
139 278
55 183
45 84
57 212
7 101
20 114
72 214
180 188
204 239
181 263
221 248
133 266
95 199
24 259
245 248
49 73
76 169
219 257
44 136
166 260
67 288
36 47
134 219
4 138
242 253
47 278
167 169
156 198
88 265
25 88
50 269
176 281
146 241
107 110
160 267
102 251
6 259
27 53
11 67
89 159
8 279
141 179
52 233
173 203
162 295
61 259
12 230
141 152
94 224
27 117
201 287
215 297
145 290
190 210
268 279
97 264
204 217
102 116
17 236
32 174
178 228
144 147
161 253
72 256
114 299
100 226
56 234
52 109
87 96
78 229
12 155
142 211
122 232
1 94
253 268
42 96
196 274
21 226
100 168
108 178
296 297
9 55
53 124
103 158
110 170
117 251
20 153
29 124
153 182
4 133
184 229
33 183
76 96
8 214
51 298
106 215
60 182
10 238
68 235
116 214
96 293
41 66
155 158
29 71
93 298
40 198
67 116
78 123
191 243
206 254
4 15
123 300
52 66
121 258
55 62
257 279
164 287
62 214
122 266
47 59
178 260
166 226
25 207
149 199
46 299
76 99
242 265
170 219
9 187
140 154
101 203
152 167
78 115
14 298
234 289
108 287
80 179
109 231
81 248
142 181
38 39
28 93
71 84
77 86
134 260
104 263
172 256
38 105
225 237
52 78
67 188
86 172
81 228
220 232
20 75
54 294
94 180
41 108
99 286
231 255
239 254
128 167
46 105
90 215
69 190
137 251
17 108
42 141
3 152
90 120
10 35
232 295
60 171
13 181
147 158
50 185
16 298
12 213
178 236
71 81
74 232
51 224
4 67
116 296
140 283
208 280
39 250
211 229
19 162
49 147
1 277
214 281
169 291
129 239
111 292
43 184
14 284
172 247
16 220
34 119
91 164
7 82
126 246
11 288
129 176
155 253
177 188
81 251
17 171
139 258
23 167
129 180
156 159
41 143
12 189
111 175
83 276
65 224
97 177
137 173
93 286
52 225
28 291
88 118
253 272
102 298
149 241
17 231
196 232
62 106
184 292
189 298
142 166
59 60
5 270
63 164
133 189
34 298
8 170
196 272
6 158
23 130
117 205
70 211
18 227
176 199
99 197
278 297
215 254
16 243
92 300
170 194
52 265
227 290
66 194
161 299
59 261
60 208
189 251
143 244
55 162
262 278
97 211
69 232
90 175
54 187
165 268
45 188
76 264
69 173
19 243
40 211
112 299
80 232
32 51
127 215
36 128
56 212
38 164
94 251
209 249
135 257
99 124
51 281
232 240
96 245
90 103
130 232
45 224
69 172
108 148
65 168
203 288
73 246
43 144
89 122
103 195
105 294
209 256
67 185
90 207
3 212
89 94
14 62
67 69
218 227
59 265
24 37
208 215
52 295
22 155
22 169
16 279
106 174
44 267
105 165
52 218
4 35
31 139
156 186
77 149
58 112
38 168
9 259
38 172
47 208
2 17
272 280
170 175
13 75
137 150
17 148
111 148
43 78
61 240
200 250
60 187
162 223
65 244
52 148
31 190
110 171
114 232
205 262
125 265
20 299
23 81
180 220
109 139
264 270
3 151
24 103
60 232
117 246
41 196
275 296
46 89
37 274
81 222
156 249
45 275
181 185
155 174
32 105
21 200
90 151
124 189
193 230
231 274
59 106
82 238
128 281
197 298
260 273
37 121
175 256
83 284
261 268
75 274
151 224
3 6
144 273
16 89
86 266
123 258
52 93
122 261
12 190
18 165
29 84
124 149
55 91
58 259
144 286
162 211
44 153
99 143
193 273
25 153
101 254
226 253
6 13
110 181
64 160
75 228
41 217
205 224
65 206
16 165
34 269
127 128
197 227
109 232
66 181
84 223
149 230
50 263
177 207
3 237
15 258
209 265
101 151
205 285
190 220
202 288
225 297
245 249
8 235
35 52
120 187
17 243
178 229
71 180
153 296
205 226
180 236
118 196
117 231
98 222
39 210
174 230
50 174
290 297
1 14
28 234
41 273
165 260
188 198
101 110
98 163
49 199
196 243
57 254
8 172
61 160
232 244
23 179
168 238
3 242
100 125
95 128
228 241
259 287
253 295
127 207
73 124
147 298
114 242
33 106
179 270
150 239
160 222
129 142
3 93
116 123
237 285
106 272
191 269
109 184
57 189
214 273
55 300
112 232
41 270
103 154
30 290
144 145
150 286
45 113
156 255
136 150
55 202
58 119
35 127
166 225
73 75
27 108
109 249
66 141
89 203
4 282
74 190
70 222
69 77
98 272
131 206
219 297
143 190
39 114
10 267
37 176
25 243
232 279
28 81
36 201
33 36
12 23
11 62
147 244
14 149
135 154
13 248
156 252
8 51
103 212
95 219
153 299
3 278
258 268
151 206
109 198
62 179
43 217
12 71
29 116
44 226
88 210
122 219
8 36
35 64
19 99
80 117
56 107
215 244
13 151
179 293
167 212
85 276
151 267
219 299
42 169
127 295
64 178
210 241
116 142
47 84
232 292
194 276
133 166
165 277
93 125
205 210
107 170
283 289
124 194
139 152
102 115
91 155
108 257
145 183
58 153
22 71
86 187
215 263
74 297
198 229
131 254
29 66
43 60
138 244
107 185
115 210
133 144
159 215
58 248
46 175
179 242
56 251
80 106
76 145
92 127
56 255
190 204
209 261
119 156
9 272
63 240
39 274
62 117
32 168
123 296
70 266
1 221
121 287
99 138
205 287
72 200
148 166
226 276
129 228
191 260
25 81
107 129
94 148
85 189
3 53
3 299
165 254
14 123
103 292
58 186
28 253
171 282
68 90
10 110
14 272
237 269
54 150
221 262
189 218
29 199
128 288
111 147
213 289
75 84
160 260
16 181
33 180
11 80
207 256
147 257
98 193
111 300
117 221
181 268
17 232
50 250
65 233
30 78
1 169
77 255
131 168
68 75
141 294
8 178
172 206
25 136
182 187
199 216
69 238
111 214
17 51
123 185
23 213
72 165
275 285
43 148
28 295
25 39
66 74
9 33
78 225
73 80
139 197
139 200
102 225
231 291
141 208
16 187
193 218
46 174
216 263
72 143
171 225
51 67
47 265
28 246
57 158
231 279
164 219
49 59
96 132
202 229
91 151
252 286
228 298
102 162
5 50
53 172
189 250
5 100
37 237
57 221
8 261
27 266
6 61
89 155
88 191
171 263
169 260
103 148
7 243
197 226
18 190
26 283
44 114
133 296
56 294
290 292
229 262
148 177
26 278
132 239
27 87
17 277
182 206
218 297
5 126
13 273
3 103
26 77
202 239
142 243
141 286
233 295
98 197
28 118
207 266
47 151
220 226
75 241
86 94
58 95
79 270
153 239
58 77
23 154
259 283
155 290
51 123
173 192
16 96
122 274
255 299
101 133
197 224
32 107
161 213
60 66
76 279
135 152
93 127
174 206
188 248
186 195
131 193
158 300
137 162
80 258
209 280
41 76
38 175
66 168
232 233
190 244
134 149
133 179
39 54
73 183
72 230
17 84
167 275
40 200
90 112
7 174
116 294
123 146
5 24
76 159
64 200
76 77
44 194
63 259
183 187
67 213
94 146
75 189
41 200
129 203
165 176
123 145
232 296
67 159
63 92
205 290
20 37
260 287
211 275
4 161
2 182
153 180
247 281
9 239
83 296
289 295
194 275
175 273
34 226
12 110
206 275
27 295
116 265
99 276
124 288
110 241
201 259
140 177
95 170
80 175
64 164
140 300
208 291
9 51
34 120
33 195
6 119
105 147
53 112
98 226
102 233
30 233
60 82
21 218
36 202
88 112
249 261
139 233
13 164
64 211
167 272
113 188
165 169
21 298
32 155
98 237
74 199
31 230
143 237
242 294
105 190
197 205
48 109
266 283
10 282
126 263
38 201
69 119
217 269
236 239
68 279
124 146
159 233
33 65
235 263
167 254
95 227
111 204
135 294
47 225
26 63
145 207
88 272
65 193
124 206
66 78
181 257
107 126
217 218
57 201
171 219
169 176
33 191
31 48
199 221
212 232
69 296
41 183
61 205
60 256
171 211
86 144
112 262
36 164
168 271
72 74
91 117
24 221
68 132
20 181
49 82
166 279
182 240
15 255
60 176
59 229
195 290
61 98
75 106
177 271
88 229
260 296
91 299
55 155
17 289
138 299
138 295
176 214
37 188
35 132
39 102
198 220
68 100
120 300
164 172
69 85
36 276
172 184
140 156
83 208
26 268
79 265
103 177
49 188
141 298
88 158
45 129
70 251
44 209
109 149
24 76
109 252
220 298
10 287
21 257
101 256
40 149
43 253
60 185
50 90
48 249
222 226
144 284
126 187
188 295
49 108
82 145
125 188
94 196
181 234
200 270
128 274
129 289
97 269
22 35
154 224
96 219
250 260
23 83
122 284
201 295
34 93
143 295
79 87
174 231
161 274
155 193
209 287
23 196
102 141
130 211
90 174
37 195
156 166
35 186
156 243
216 241
146 220
57 163
24 280
70 175
70 98
14 74
82 224
21 125
125 177
33 148
150 161
163 170
123 240
111 229
28 56
134 257
47 299
14 283
6 166
110 162
94 192
24 54
218 286
249 296
12 208
34 103
157 298
159 227
90 253
83 289
93 206
99 206
21 94
19 260
105 118
180 276
57 127
59 267
12 266
100 172
11 98
62 91
104 171
199 230
1 60
234 285
30 182
214 245
100 114
95 116
145 289
133 186
133 221
215 240
91 179
20 86
182 243
21 183
34 125
120 136
66 278
180 181
49 277
96 230
154 239
11 60
213 214
39 103
116 132
16 166
99 280
39 299
55 105
21 197
95 169
20 251
41 75
112 134
55 180
28 180
44 229
88 108
91 289
130 252
38 129
50 172
11 66
52 186
56 256
72 155
176 185
91 163
92 137
20 101
182 193
185 274
79 172
54 139
96 192
30 63
92 148
226 293
13 249
30 217
19 65
96 97
233 243
21 128
273 289
185 228
50 168
102 278
9 181
235 285
25 283
89 285
10 208
228 261
70 201
162 263
84 262
18 225
166 205
174 256
79 249
45 248
24 233
33 156
92 131
219 226
82 119
155 156
27 176
210 238
109 130
52 134
145 267
32 180
199 214
61 164
24 253
59 88
169 274
25 38
85 216
81 96
78 121
51 251
93 240
36 210
39 169
172 186
55 179
5 84
100 219
121 139
18 176
45 80
98 184
47 126
160 244
121 183
168 253
128 252
286 300
25 248
142 286
56 267
226 282
37 275
176 231
1 272
239 259
73 171
251 257
127 218
59 185
118 171
38 181
86 227
41 169
146 245
48 117
203 284
111 205
116 230
110 209
23 252
205 222
97 137
106 292
93 180
42 133
52 90
75 196
236 260
47 48
130 183
129 162
96 197
185 226
120 217
89 249
238 295
41 259
54 97
55 219
42 61
7 286
25 34
86 238
239 266
37 55
81 296
146 198
163 175
82 149
92 276
79 102
176 259
115 246
24 203
175 261
127 278
57 122
118 244
232 293
128 234
104 291
63 274
123 297
53 282
276 292
274 285
28 196
223 299
149 171
1 133
9 130
84 279
34 84
115 240
124 226
14 202
272 276
31 126
124 253
42 144
158 268
275 284
121 282
32 46
263 264
172 216
20 147
147 282
24 185
184 234
98 277
34 130
26 287
170 227
165 291
227 242
202 261
83 255
208 232
55 131
231 292
202 233
54 102
45 279
35 254
4 160
197 245
47 96
171 298
262 298
53 55
151 167
205 255
73 235
77 261
154 289
272 296
24 32
95 196
36 85
57 188
63 243
95 225
14 183
47 289
90 129
214 219
18 87
86 298
111 166
70 282
5 92
125 209
66 280
50 260
157 190
21 45
48 86
199 276
114 260
126 202
216 279
158 237
196 236
45 281
109 244
10 165
220 279
46 152
74 79
84 209
123 162
2 35
46 120
58 155
147 186
33 239
82 277
92 230
82 272
72 135
63 66
80 231
180 223
12 284
27 150
69 179
114 237
19 217
44 175
31 94
110 231
77 253
28 276
14 53
30 87
11 231
72 271
155 227
30 118
125 168
182 227
220 262
171 239
82 118
15 91
170 281
190 300
229 253
120 180
174 254
97 212
2 95
78 254
128 142
6 230
73 159
26 266
2 198
92 106
69 280
67 127
116 209
227 273
128 230
223 265
29 47
75 114
173 217
190 205
217 259
119 246
1 38
99 257
78 84
200 208
68 228
197 236
20 157
117 218
129 238
158 278
112 175
15 132
35 139
73 181
36 122
251 284
10 250
176 222
25 262
196 229
38 147
106 171
75 138
72 295
83 285
98 206
147 159
27 66
66 273
209 259
44 96
31 145
50 104
12 33
41 86
140 151
186 266
9 64
41 258
81 178
11 220
49 53
58 87
278 292
15 144
243 270
111 142
129 225
89 154
2 168
44 83
32 131
92 278
120 218
34 141
176 275
48 130
4 83
29 136
38 152
68 115
226 260
72 85
7 197
164 246
96 144
30 145
41 55
31 250
2 145
69 103
247 293
133 268
88 256
107 202
162 184
165 227
67 96
171 195
211 285
163 255
90 225
95 206
124 156
98 289
27 225
215 265
50 111
202 224
38 296
247 258
97 293
18 85
182 271
190 255
28 244
120 140
198 213
25 108
135 216
116 266
113 152
14 287
23 125
164 264
12 92
7 275
46 78
84 156
45 285
124 207
148 186
116 220
209 219
76 282
128 170
203 236
271 279
11 135
74 92
211 233
104 162
221 277
98 285
264 293
121 291
171 241
122 242
59 214
21 23
171 213
95 108
89 196
198 299
134 280
237 276
21 220
29 228
156 267
23 244
59 299
69 208
16 221
43 130
142 294
120 215
7 108
36 269
73 122
181 184
22 232
126 231
159 225
52 91
110 126
35 38
24 146
88 148
55 188
51 74
34 95
22 129
9 196
116 138
145 284
10 16
163 177
71 233
267 285
136 225
211 288
100 124
212 262
19 27
138 242
102 165
135 213
200 257
126 148
137 198
184 198
198 217
127 268
210 273
147 296
96 198
4 115
150 182
96 118
76 213
20 207
145 265
177 298
32 163
177 289
43 154
51 142
111 211
55 89
37 298
56 161
251 254
4 127
222 227
80 147
17 91
106 241
39 295
186 255
54 268
44 193
157 224
35 156
109 189
4 184
63 246
264 289
261 295
146 184
157 269
23 123
25 64
151 217
102 224
34 185
9 147
118 216
46 247
172 265
11 95
41 179
34 67
52 299
45 208
59 193
119 275
39 130
40 233
256 267
2 268
60 107
6 110
27 200
185 194
152 240
105 269
175 297
121 270
107 193
135 238
24 212
133 165
7 266
132 243
40 260
103 238
44 155
37 107
37 69
238 242
188 220
20 213
121 196
190 229
4 261
40 76
190 253
74 260
45 184
11 107
48 156
44 166
257 295
173 255
139 207
81 281
250 273
79 158
67 264
2 172
34 90
243 285
216 224
110 284
255 297
108 204
37 218
82 133
57 245
48 188
5 187
201 237
35 280
250 292
48 247
16 129
43 190
45 204
17 179
130 190
192 298
189 225
91 143
89 248
252 267
200 211
174 183
149 290
6 296
26 162
100 239
78 237
106 198
56 149
48 265
83 260
241 266
74 284
192 225
256 284
82 293
145 210
37 92
155 281
240 265
225 232
102 189
71 105
95 236
159 266
16 66
292 295
49 100
49 129
35 42
33 140
8 184
40 257
52 200
122 157
36 92
85 167
71 91
2 171
89 120
37 41
41 256
230 250
7 155
105 120
247 261
140 176
189 269
147 197
32 39
38 226
133 152
263 276
201 241
43 69
255 265
27 121
181 299
48 261
16 154
217 234
74 206
76 237
64 225
49 175
48 233
158 247
239 292
80 101
284 289
176 257
40 229
153 168
100 202
96 110
40 132
232 266
45 274
159 285
97 260
88 123
8 179
4 116
135 292
131 235
91 125
75 271
136 169
54 196
115 261
99 221
48 272
70 138
27 255
71 266
2 289
51 235
61 268
186 201
47 173
218 248
70 170
110 233
252 285
102 167
235 272
3 95
78 288
80 228
146 199
237 238
58 180
178 262
10 85
242 282
196 245
132 277
34 76
175 236
145 225
109 286
82 111
116 275
49 230
111 261
10 184
19 246
71 257
9 61
63 100
32 254
213 216
6 88
144 222
141 284
60 160
74 96
83 118
62 292
6 225
107 256
228 271
6 276
205 228
57 274
174 181
154 246
181 297
97 224
131 240
29 48
228 277
48 246
17 265
113 264
29 216
179 239
140 202
48 113
234 252
92 247
117 271
55 176
36 205
173 216
59 99
44 295
264 269
38 109
247 256
56 277
1 300
56 57
57 297
108 265
157 277
44 219
42 280
13 106
92 269
86 124
45 237
267 300
194 209
237 254
61 187
203 266
126 272
149 215
13 206
166 219
171 236
180 182
17 24
19 186
81 238
77 251
186 202
269 278
63 124
145 235
68 289
40 52
146 192
58 107
12 195
105 137
106 246
75 115
124 224
53 173
201 266
191 245
218 231
211 269
108 262
97 157
103 176
188 279
49 177
115 193
101 174
80 245
134 224
38 239
212 270
2 34
153 163
290 300
116 215
25 249
78 109
57 85
164 188
66 71
47 249
27 253
21 227
137 296
274 290
158 260
73 250
25 293
24 38
131 139
157 250
172 189
29 91
91 116
84 212
76 109
162 252
78 300
102 142
9 112
49 259
75 288
43 282
57 298
140 287
101 130
60 293
56 292
94 257
21 277
62 102
145 204
7 237
40 126
173 292
20 79
154 167
212 229
83 129
42 224
89 291
73 82
14 117
131 243
129 274
29 209
127 223
65 228
130 201
110 227
46 132
106 112
156 220
123 280
96 159
173 247
161 198
109 234
155 207
240 247
46 292
37 87
33 178
70 131
170 297
125 277
129 240
12 283
99 198
66 112
159 173
190 268
96 282
253 258
37 271
201 273
3 115
249 284
151 295
29 56
234 256
171 275
21 269
48 296
77 264
138 205
16 239
210 263
180 240
58 230
170 260
125 200
43 229
157 230
159 179
10 62
4 205
85 91
134 159
37 134
188 281
41 139
24 58
47 221
45 127
32 186
96 277
47 230
2 43
3 107
151 207
201 290
111 151
15 233
24 100
121 238
112 123
143 215
12 249
53 61
112 260
251 292
147 189
52 258
99 250
164 179
101 278
31 264
90 206
130 229
2 217
120 226
195 248
82 241
17 103
20 194
94 158
13 90
139 210
140 256
131 156
128 210
131 253
242 278
141 262
207 268
140 166
142 175
86 295
89 239
124 203
244 264
92 213
22 38
104 264
213 243
227 268
68 108
191 257
14 158
131 286
34 133
7 251
133 293
83 268
15 282
54 179
13 62
44 132
128 275
152 244
163 182
152 184
20 121
20 253
71 77
218 236
124 193
1 45
137 230
56 78
184 196
49 287
128 166
158 160
47 66
187 272
125 281
154 214
252 279
75 191
143 300
31 265
84 147
92 270
170 217
28 83
35 69
120 256
108 145
64 206
207 294
95 223
43 87
31 282
136 285
104 137
203 233
96 186
78 226
210 272
174 267
140 195
80 137
100 223
13 18
207 276
71 115
10 109
27 60
130 216
43 105
19 280
30 125
107 279
95 237
35 143
172 209
138 215
27 86
289 291
73 126
82 171
9 171
30 106
174 218
9 182
132 223
212 222
210 233
157 191
11 287
127 261
147 207
31 137
227 285
127 210
186 272
60 286
208 272
65 256
77 154
12 127
148 189
37 232
162 163
6 71
53 209
30 200
42 237
39 268
73 170
76 121
16 84
68 155
48 74
81 231
137 267
31 160
38 77
58 83
33 93
86 115
86 160
119 134
65 77
170 259
8 28
61 186
90 181
118 157
94 292
20 284
85 160
130 165
21 195
3 135
193 287
201 262
194 252
177 255
107 207
211 300
47 87
222 293
61 214
29 61
190 193
79 100
139 149
49 91
48 110
196 241
38 266
126 225
30 223
121 130
160 240
105 116
78 211
68 294
133 228
167 261
154 258
151 173
164 290
28 187
82 130
220 238
161 231
63 117
191 294
85 299
5 73
67 220
131 151
33 272
10 105
123 250
77 80
76 153
73 199
87 163
70 215
66 249
90 179
119 256
9 12
104 183
14 197
20 70
77 153
157 185
37 169
1 186
151 154
15 173
169 186
19 83
17 20
121 278
113 173
11 279
246 273
88 120
223 289
47 155
190 197
37 172
29 35
49 120
36 215
127 157
103 288
111 258
86 265
92 154
5 271
64 168
129 295
37 145
20 34
184 185
81 289
11 298
38 116
25 282
205 257
165 244
112 220
32 121
156 240
36 175
233 260
12 174
147 167
155 192
164 242
30 171
18 255
51 172
136 185
72 123
54 214
125 179
38 179
131 159
125 156
192 229
5 76
174 260
231 290
78 285
85 107
67 181
60 136
75 128
52 132
128 180
37 189
28 210
115 166
14 61
182 284
75 170
41 59
150 233
37 183
123 217
95 175
107 148
169 178
73 103
51 268
112 206
22 235
72 76
29 257
182 286
128 258
152 253
36 87
20 80
14 82
86 291
118 192
203 213
151 199
161 170
53 225
233 239
13 209
155 239
59 173
11 61
10 18
174 269
36 242
61 291
75 110
94 199
26 32
240 251
111 201
4 47
175 178
29 95
4 70
106 111
8 174
148 274
133 263
234 300
184 266
30 197
50 291
1 238
229 292
81 160
53 169
165 259
36 299
78 290
143 198
187 289
18 203
13 270
189 203
53 249
73 268
49 283
198 265
264 295
15 68
22 109
84 216
93 117
35 213
39 76
87 226
273 299
19 75
4 32
86 130
20 82
81 300
71 200
204 227
91 92
4 107
102 243
151 219
7 63
232 287
46 261
104 222
145 184
126 155
108 249
34 243
63 201
38 238
267 279
89 278
74 212
35 281
82 205
138 216
41 140
44 257
113 191
179 225
24 105
57 287
292 296
190 284
82 192
53 271
117 282
30 67
248 285
34 79
51 153
166 294
125 152
60 72
14 94
43 179
271 290
171 272
63 126
270 287
40 206
188 218
28 176
149 266
254 281
20 128
6 64
15 285
128 294
18 153
138 156
235 249
126 274
32 34
6 37
13 117
29 217
127 272
55 237
57 174
97 247
69 80
238 252
124 148
277 299
17 215
112 172
185 198
111 256
75 287
152 285
199 204
73 238
34 118
174 264
55 234
189 231
90 135
169 290
56 229
128 246
11 136
8 40
147 166
34 250
10 82
35 90
54 56
70 139
59 143
183 186
25 216
20 97
208 264
89 226
18 205
22 117
57 77
219 269
2 293
93 236
176 292
160 243
26 269
216 233
42 300
167 193
169 276
167 197
71 258
18 266
91 249
8 44
177 300
177 279
152 271
67 198
9 85
13 130
31 62
26 284
207 246
173 295
115 236
76 80
76 263
94 250
10 204
71 119
61 72
68 206
150 192
138 184
10 201
26 117
101 271
176 232
31 91
31 225
214 274
34 200
43 212
197 234
129 149
191 280
106 243
46 156
52 272
13 254
7 245
12 292
51 134
212 277
39 242
135 280
54 95
101 144
117 273
53 230
159 201
12 196
13 227
161 230
31 140
36 289
13 261
49 288
24 68
165 189
176 182
83 165
224 283
134 220
5 251
78 232
183 296
32 91
175 248
7 81
28 30
227 243
122 255
106 130
56 123
71 224
9 62
38 228
83 149
37 91
70 173
8 23
212 258
9 276
205 286
39 284
151 249
47 74
168 288
177 219
60 228
192 285
250 278
102 274
232 265
171 184
37 59
24 222
123 275
51 73
123 186
248 259
91 288
41 85
59 257
21 35
17 158
170 207
73 115
70 109
260 288
221 299
47 137
86 137
132 146
8 284
276 299
32 141
80 92
176 205
290 299
152 297
63 139
178 195
208 249
54 99
43 175
118 236
249 256
27 294
261 294
202 207
128 254
96 205
41 268
69 138
31 192
7 200
16 92
48 260
176 229
29 60
147 171
190 287
37 213
97 128
182 289
42 259
36 238
9 34
75 129
16 264
109 288
74 115
103 173
51 247
93 245
33 119
214 265
23 30
120 234
52 164
83 198
225 284
7 162
212 295
64 221
12 161
102 245
90 259
99 288
189 220
28 38
6 42
161 295
168 218
165 209
9 56
242 257
17 46
36 107
45 53
15 143
22 296
256 286
186 199
32 61
16 190
171 226
41 64
47 50
69 82
217 282
223 233
199 293
43 200
179 292
38 158
124 276
145 275
38 157
56 238
73 144
51 82
23 63
33 219
55 103
106 210
150 179
183 251
54 224
12 60
133 246
142 279
47 224
23 186
42 98
54 189
63 142
113 145
59 188
82 278
47 218
73 160
20 262
187 280
121 134
72 257
146 279
100 224
12 214
210 215
22 261
196 252
26 233
130 148
240 292
39 220
56 65
91 113
76 92
89 108
110 238
79 259
41 158
127 191
1 187
72 260
213 219
39 286
136 186
90 260
84 132
45 114
36 119
121 246
69 123
219 230
69 270
126 147
117 294
96 108
229 291
26 78
74 291
149 234
111 165
231 243
62 270
18 104
4 203
126 213
161 208
101 216
118 168
63 176
47 164
77 131
225 264
44 97
15 22
114 142
209 217
29 57
72 173
181 241
3 36
12 68
130 213
95 172
17 211
66 70
161 249
34 285
253 294
120 271
70 72
247 257
231 284
240 282
8 247
65 273
98 185
136 148
16 282
111 219
127 212
174 195
152 245
148 239
28 230
18 75
3 102
10 190
135 191
51 187
20 244
31 276
197 249
29 72
60 67
42 243
163 280
42 69
19 250
37 101
89 274
135 138
89 153
32 282
218 272
47 98
105 123
125 215
70 198
13 168
104 145
7 167
71 276
232 285
23 53
36 55
187 199
81 256
136 203
46 114
48 64
52 247
64 96
8 20
56 224
74 209
171 268
147 215
172 285
51 150
40 284
106 166
141 217
211 272
73 182
104 158
79 233
116 179
200 231
18 59
167 195
152 278
207 227
135 180
85 155
132 174
147 245
92 162
230 290
108 298
84 208
54 169
68 134
50 225
86 209
78 141
182 192
30 236
108 255
275 295
135 297
54 300
12 145
103 268
37 211
223 237
19 210
27 271
127 285
53 65
207 280
211 282
111 289
23 251
8 188
27 232
3 210
22 162
262 274
75 185
10 172
204 208
113 207
99 232
34 274
233 279
23 111
130 179
51 55
178 205
80 168
224 246
127 201
23 238
90 257
90 188
171 245
65 274
151 273
65 288
204 211
157 248
11 241
74 188
44 45
96 141
38 66
156 188
186 300
174 196
123 129
109 284
7 227
6 300
81 295
18 267
132 183
10 162
217 242
107 253
201 224
110 294
18 243
50 163
65 78
151 192
111 267
129 133
39 164
15 208
177 236
180 272
150 216
134 172
15 53
20 136
141 154
77 173
65 266
199 234
140 207
18 278
27 56
70 94
208 245
62 140
132 185
112 245
14 124
32 70
31 188
209 238
185 231
256 299
78 179
21 284
110 224
48 158
245 252
269 283
58 167
55 106
112 120
101 247
63 245
121 167
81 141
142 179
38 202
82 215
76 131
174 272
127 255
150 253
20 115
56 167
84 124
93 176
3 142
47 79
65 285
8 88
108 270
170 226
248 277
82 256
121 185
22 33
182 281
236 296
3 39
169 190
144 230
55 218
151 286
281 299
218 278
156 247
120 273
91 193
106 141
68 288
80 98
108 288
27 218
66 114
147 263
72 181
145 155
246 280
38 113
189 207
39 184
44 84
122 222
38 110
60 273
278 290
2 15
96 136
86 138
30 139
207 221
191 224
75 175
2 202
165 275
69 229
118 174
112 171
267 288
182 288
167 256
13 173
164 197
47 76
261 275
239 299
2 140
3 240
154 174
120 297
164 227
52 158
84 284
146 197
18 222
65 84
79 221
168 216
123 200
41 198
36 271
44 243
238 267
56 253
13 300
88 105
171 186
71 125
117 159
170 235
177 244
131 228
7 238
108 217
144 252
98 196
130 253
88 248
75 273
72 183
88 146
39 162
43 143
274 283
180 184
126 245
38 76
149 169
48 129
44 95
43 276
36 278
37 138
20 172
242 247
116 247
193 261
168 208
5 225
6 279
33 257
22 233
27 270
23 153
26 281
87 202
68 250
118 234
86 244
43 247
146 151
14 193
28 162
25 239
203 241
12 163
7 257
139 261
81 229
80 126
36 50
1 260
65 196
120 289
115 253
152 251
134 287
93 252
9 39
83 218
49 61
51 130
9 275
20 235
191 253
144 248
45 55
71 111
223 300
25 210
124 200
30 57
72 120
221 255
75 290
40 231
143 226
101 208
21 117
32 112
64 255
90 237
130 287
65 297
162 281
25 90
6 126
59 202
26 94
27 80
27 140
2 88
44 176
21 101
135 251
48 269
71 186
178 294
179 284
74 125
47 112
138 246
145 285
228 284
200 259
14 255
54 286
208 212
42 195
89 181
45 157
46 180
58 156
14 273
22 192
178 233
66 272
182 228
22 177
81 298
67 247
34 202
81 280
47 235
189 227
202 284
207 228
44 71
187 202
177 185
169 189
62 229
6 136
89 164
31 124
33 232
107 234
2 147
1 220
26 253
214 287
58 214
100 212
118 269
280 299
149 158
135 291
100 194
251 281
235 262
4 165
60 280
43 59
85 157
87 151
47 186
11 178
78 212
96 292
37 222
204 293
38 40
21 143
15 82
140 293
246 299
84 190
144 217
130 259
37 157
71 195
50 208
244 257
84 86
6 287
46 266
71 181
274 298
257 267
38 59
126 142
15 244
106 163
62 138
161 247
178 265
59 70
73 132
125 208
60 69
87 219
88 259
49 163
77 107
51 146
10 65
23 105
81 168
251 267
125 251
196 253
35 89
173 184
51 285
20 168
210 265
6 264
196 211
141 231
206 207
29 295
150 294
25 121
126 172
66 92
30 187
55 207
29 87
39 288
51 201
185 268
67 103
285 290
248 272
257 294
123 134
17 170
115 296
45 195
173 263
33 231
276 277
186 295
214 217
194 195
18 74
8 190
107 166
116 213
31 267
43 257
56 219
25 255
276 287
67 173
102 265
25 240
154 203
1 265
5 59
241 293
8 61
204 228
40 215
96 131
198 271
54 55
2 259
252 270
107 151
165 281
2 84
25 296
146 273
38 86
130 163
14 71
137 293
169 277
173 207
22 204
116 244
156 266
69 206
13 212
56 289
214 232
18 256
233 250
66 124
71 261
128 222
94 179
41 276
205 254
6 288
91 261
9 134
101 295
50 51
126 299
164 201
44 279
106 177
80 183
141 215
237 239
76 269
98 238
140 290
9 261
143 252
130 157
73 225
18 146
48 133
11 160
17 220
9 53
175 216
100 136
163 231
29 55
5 291
26 210
237 281
152 298
29 144
88 231
96 180
14 27
60 262
81 146
64 165
34 230
9 141
24 209
76 90
144 262
24 162
136 231
56 164
28 47
70 194
73 164
189 249
79 237
47 106
61 95
108 299
4 112
208 260
4 124
215 291
84 222
6 228
27 44
1 230
203 296
159 237
69 268
242 268
169 221
33 48
62 84
11 170
5 287
85 182
207 271
115 221
136 252
115 216
35 299
147 287
52 300
5 283
45 117
82 184
48 98
26 271
40 45
134 179
16 200
186 197
173 279
211 292
61 144
48 281
150 296
103 239
44 55
192 246
13 83
99 210
127 166
78 287
182 274
72 219
96 288
80 273
174 213
68 99
148 203
15 266
158 159
20 49
26 112
8 238
136 215
252 263
124 227
104 149
133 181
16 247
239 289
224 276
209 299
41 155
50 275
28 72
17 217
251 280
93 112
40 237
59 103
10 44
103 250
180 242
167 236
145 147
27 70
13 76
51 176
139 192
94 240
27 79
177 194
66 139
61 267
59 169
280 286
6 41
131 181
109 264
105 131
103 243
117 145
37 84
33 233
61 114
85 109
176 287
49 207
226 256
56 244
53 54
223 292
108 273
25 72
239 281
75 82
19 181
69 139
210 290
214 251
91 278
36 144
199 270
56 199
196 227
70 80
155 241
31 236
11 248
106 267
147 234
157 247
171 178
203 298
138 192
163 214
42 157
246 274
28 164
87 168
67 295
199 219
90 156
97 219
158 287
16 148
27 251
7 114
252 298
35 147
209 269
192 211
143 222
259 286
149 204
148 217
100 206
53 180
128 186
85 170
85 97
212 236
170 261
58 132
113 262
297 299
207 295
98 191
118 153
19 30
36 244
17 67
12 202
16 191
51 110
53 74
219 284
22 256
89 222
99 265
98 254
131 237
296 299
142 165
49 127
188 292
90 116
29 44
18 215
53 62
136 240
203 265
283 284
163 249
68 126
212 227
7 211
196 271
95 194
45 174
4 240
4 44
32 182
21 165
40 150
131 197
144 178
94 273
21 149
16 207
29 292
34 244
53 242
73 185
213 297
85 175
119 176
43 290
182 258
292 294
50 150
94 215
54 67
7 175
136 142
64 68
59 165
215 222
112 291
203 220
11 116
179 247
9 41
215 228
120 290
62 77
32 79
50 200
71 82
270 282
77 282
16 230
246 247
28 133
75 150
60 101
145 264
131 229
66 166
102 106
75 135
9 255
194 283
21 203
67 95
30 288
264 265
93 238
216 255
135 224
269 271
44 245
47 158
60 111
76 202
268 299
118 261
176 264
153 223
16 209
109 146
67 112
120 251
217 292
226 228
72 206
161 195
32 59
128 190
68 130
21 272
150 189
84 106
59 86
53 165
129 150
44 131
225 300
131 283
1 222
66 105
123 244
156 173
231 269
7 125
97 238
38 261
270 300
93 118
4 183
30 180
70 199
39 174
194 268
14 250
29 281
2 247
78 122
55 79
139 246
150 197
5 168
100 173
48 58
92 211
69 271
73 256
85 265
115 173
42 115
1 122
25 160
154 297
98 102
230 270
43 122
138 270
104 140
34 201
1 4
137 273
249 289
172 187
106 291
95 124
37 76
201 228
67 109
53 166
178 249
26 298
46 165
29 156
63 155
180 215
21 238
132 187
32 293
270 276
53 181
234 258
85 115
59 266
87 264
36 131
18 273
144 208
18 90
145 201
65 89
102 296
213 256
175 232
57 217
177 182
81 172
107 176
84 242
80 100
36 254
15 70
183 281
208 254
185 195
195 246
10 70
140 243
210 280
47 116
124 272
125 276
102 170
30 157
62 92
55 127
253 264
1 5
10 142
283 294
99 121
86 140
160 212
52 277
74 105
242 262
89 97
69 86
87 198
192 201
73 255
27 257
246 283
54 66
59 82
240 266
22 57
44 300
44 122
54 280
185 222
100 158
51 191
143 279
166 243
85 100
165 271
191 287
56 254
118 238
54 59
169 213
228 247
31 84
150 278
114 274
15 156
184 287
192 198
146 277
59 159
97 160
27 125
33 218
36 71
144 234
121 247
24 276
86 258
50 211
68 95
34 277
89 295
101 128
188 195
7 199
87 221
168 169
287 290
122 294
32 234
83 200
167 180
66 68
63 172
103 260
79 298
22 183
46 171
25 171
141 297
196 201
67 244
200 205
224 277
95 101
151 182
15 215
87 192
18 22
79 251
139 162
47 260
36 41
216 257
152 200
216 232
152 254
134 141
17 73
35 194
25 70
104 215
198 286
211 248
49 260
37 43
61 196
145 175
49 205
251 260
158 176
93 97
239 256
92 110
183 193
9 242
111 255
37 161
181 271
117 222
35 96
110 127
65 159
104 265
73 78
142 263
89 104
57 300
43 298
197 272
8 43
135 264
11 159
156 213
130 168
203 214
110 245
77 79
87 199
6 188
138 191
177 215
195 272
64 273
2 8
41 174
34 229
28 233
184 276
56 106
112 267
129 212
5 11
116 181
205 252
209 262
228 267
140 295
40 170
93 228
92 135
163 269
30 203
48 147
176 291
70 290
137 257
27 237
101 117
18 26
93 288
197 255
57 197
241 273
180 255
52 242
23 254
145 291
95 120
112 250
94 245
147 267
106 113
167 209
55 212
26 95
63 230
178 290
181 282
110 255
13 136
119 269
117 156
115 281
113 196
67 282
7 169
99 114
2 189
41 205
121 204
70 182
151 238
39 124
162 228
14 265
146 211
231 235
100 104
35 288
46 244
53 277
12 28
124 126
172 283
59 260
65 99
33 200
62 203
50 234
127 163
122 179
15 102
38 199
60 129
42 103
113 160
50 227
76 244
33 55
35 216
8 126
10 217
119 285
92 282
58 102
35 223
237 261
9 264
6 130
266 296
147 213
54 242
240 273
8 236
114 221
118 259
77 124
22 252
174 283
172 300
204 225
50 56
130 159
38 162
106 142
30 96
156 258
152 272
67 150
7 276
41 54
196 248
100 156
75 159
2 144
26 290
96 231
93 273
228 245
16 113
50 54
56 58
169 223
16 162
3 52
110 116
44 140
62 232
9 31
98 294
277 296
235 277
23 129
119 199
120 145
75 154
36 169
122 269
262 283
31 280
119 254
14 257
92 140
44 113
221 234
5 23
164 237
53 285
4 46
51 159
198 201
179 249
284 290
55 84
62 269
81 107
39 78
213 259
73 165
123 144
160 218
231 247
114 256
107 275
53 201
20 76
190 233
77 265
27 215
231 260
26 44
42 71
61 215
40 250
129 168
169 297
93 149
228 250
9 59
187 291
145 277
73 290
101 264
6 18
34 161
24 160
40 58
153 274
244 261
193 279
83 84
78 187
34 273
51 166
68 109
54 120
8 14
53 218
81 116
44 60
16 186
97 120
270 285
60 78
15 179
113 126
211 249
67 121
12 151
102 253
123 141
184 268
99 227
129 219
59 228
3 259
15 188
281 294
38 193
164 289
240 299
146 200
14 103
230 283
21 159
53 262
19 191
33 50
68 180
272 287
144 172
150 181
2 205
145 193
247 271
173 178
8 255
52 88
44 145
84 268
24 284
247 299
7 239
180 235
186 225
8 300
37 219
71 209
16 18
158 274
40 209
54 162
120 200
108 173
37 167
154 193
248 256
33 46
69 261
17 284
154 230
61 293
12 181
101 170
59 238
112 117
13 146
6 7
73 186
84 299
144 227
165 167
35 62
22 107
123 272
80 96
79 204
247 292
26 148
70 79
218 243
21 82
54 140
224 266
5 186
57 92
31 158
206 276
154 199
43 128
118 254
15 262
87 211
9 297
49 291
149 248
51 234
42 122
11 237
172 204
246 277
82 246
162 207
166 169
107 229
32 217
51 144
46 133
187 282
119 161
89 209
55 138
17 147
160 239
33 260
197 264
99 270
249 272
25 228
204 257
24 106
292 298
14 217
149 196
18 194
3 12
38 182
159 221
68 135
97 228
16 29
40 174
58 105
69 217
8 12
149 270
52 238
33 114
191 249
11 193
80 262
37 81
98 113
36 54
191 244
58 202
104 142
28 274
22 298
182 190
62 264
52 249
146 282
40 282
19 206
9 185
28 183
113 213
13 150
125 173
117 268
177 229
153 282
54 248
31 47
110 140
211 287
6 157
114 122
106 132
11 271
10 21
61 69
46 221
198 225
3 89
50 59
12 246
151 158
5 101
101 187
58 252
48 55
148 192
103 130
111 237
46 260
47 237
161 186
122 211
118 284
81 142
81 200
47 259
183 201
153 234
143 216
239 276
72 107
41 117
66 159
172 226
61 133
100 116
2 161
71 246
14 142
21 49
141 246
79 143
50 180
2 70
191 198
52 121
167 230
14 81
121 216
174 210
8 71
78 96
110 268
9 299
48 124
11 223
18 156
2 102
50 254
167 255
88 184
106 296
2 155
190 298
118 160
212 285
23 204
9 71
77 198
26 175
217 239
167 201
117 187
37 80
40 249
19 268
137 142
46 113
67 215
112 298
90 123
93 224
131 199
117 280
81 257
117 157
234 260
103 191
6 144
219 295
191 256
20 110
74 244
15 134
75 296
69 228
16 238
134 241
35 172
34 234
67 281
120 281
106 190
24 290
86 252
12 201
143 228
115 278
168 201
4 267
153 295
146 267
111 265
168 205
4 296
88 262
105 291
268 284
150 265
55 166
132 198
146 259
202 245
29 138
32 65
20 73
62 121
10 234
167 259
139 157
24 218
41 131
51 126
23 261
31 268
188 214
34 249
14 15
163 173
173 197
221 222
15 212
68 150
75 276
227 236
89 114
2 54
38 288
34 266
221 241
20 178
33 39
72 244
103 179
80 236
281 291
109 116
209 289
205 274
73 169
72 300
126 256
118 276
43 47
162 260
147 160
4 132
171 252
146 217
130 221
208 226
20 272
21 126
24 178
30 59
65 152
35 294
60 75
70 87
229 232
142 161
112 188
90 115
152 269
122 139
231 262
95 264
43 96
210 254
130 156
173 240
25 78
172 246
80 212
11 147
64 73
272 274
142 204
33 203
212 272
81 234
56 67
182 183
26 115
12 242
133 270
5 9
185 239
242 258
65 238
19 54
23 122
35 48
19 239
127 184
281 293
2 36
12 44
10 23
53 108
106 252
192 218
58 198
47 129
42 229
152 164
81 158
92 177
68 217
33 284
37 252
214 257
24 73
223 284
17 27
90 296
35 220
244 299
214 266
140 241
10 57
15 55
174 274
11 179
88 241
63 102
244 266
132 190
10 230
288 293
260 277
158 296
158 190
46 162
191 199
171 193
70 102
26 93
163 235
240 270
36 44
211 297
21 44
34 110
131 251
15 195
51 205
77 109
109 267
36 156
169 283
272 281
105 172
7 284
160 170
31 118
180 206
138 234
66 261
47 255
163 204
134 263
23 226
110 254
88 205
97 207
135 234
106 180
169 205
2 27
182 236
170 216
161 256
14 288
138 260
61 299
84 290
172 229
109 185
14 119
144 275
91 237
230 266
164 258
21 130
102 201
216 283
102 163
202 275
265 299
211 271
75 130
85 230
118 175
36 184
251 273
121 129
213 251
166 255
117 243
223 241
92 134
133 295
123 236
101 138
180 271
158 186
114 268
171 244
66 210
93 218
91 123
198 261
27 41
82 114
131 171
53 275
66 99
29 103
89 171
54 272
14 269
65 246
4 137
12 277
66 248
32 117
2 181
66 91
85 227
76 94
125 158
99 110
86 111
21 209
134 286
36 282
257 296
36 145
19 114
226 271
41 235
3 33
167 240
190 242
36 225
70 74
91 241
17 253
110 159
31 49
98 286
68 87
48 119
16 75
96 189
182 249
153 193
209 254
155 222
33 243
19 28
194 286
166 288
63 99
240 254
28 175
78 258
90 287
216 223
30 72
27 93
99 100
65 212
78 171
197 297
67 186
205 242
88 165
86 198
67 224
256 258
146 289
28 31
84 98
30 53
37 300
42 90
128 296
33 229
69 132
32 120
17 37
83 87
46 87
221 269
45 94
52 54
23 138
91 101
187 218
190 289
24 191
160 174
24 137
96 287
136 296
102 138
192 273
33 38
49 214
110 125
107 294
28 278
128 195
17 250
171 235
43 194
43 110
108 241
26 282
222 246
19 43
207 283
28 142
100 259
218 225
178 285
26 36
72 141
57 260
42 263
25 215
197 295
123 267
103 214
101 194
68 205
86 155
286 299
85 297
138 273
237 256
178 242
129 230
125 292
143 224
189 206
139 262
51 246
51 250
194 216
73 151
8 227
194 232
98 265
139 291
3 273
164 204
100 279
280 296
31 135
51 96
90 288
52 274
221 251
50 283
172 217
27 39
135 197
169 245
5 22
108 190
281 290
124 223
150 293
73 263
206 294
17 233
40 108
131 132
46 49
8 292
14 247
131 172
74 165
94 95
66 69
82 180
65 145
80 174
84 143
127 174
209 264
139 267
124 291
65 211
94 171
20 165
1 231
123 213
39 73
68 159
28 134
129 144
70 249
97 173
56 125
246 251
157 227
53 187
103 105
65 174
166 276
251 290
122 271
36 161
29 88
222 296
124 251
208 237
132 192
261 274
36 209
14 22
41 245
199 285
246 285
26 209
115 128
46 106
30 184
6 24
31 142
140 270
232 274
44 286
118 172
94 236
185 190
98 144
19 60
221 250
98 220
148 181
140 205
128 269
215 277
51 283
109 152
34 159
109 186
83 147
75 221
60 132
137 182
6 85
111 144
111 127
115 119
106 284
13 170
86 106
7 90
202 289
103 281
54 273
259 267
98 239
133 281
78 182
270 294
27 284
103 227
43 197
218 267
81 282
7 33
11 217
110 117
21 241
78 218
239 282
34 278
96 130
7 226
84 300
179 222
131 264
22 198
1 273
6 156
114 181
100 293
75 116
278 295
29 70
2 203
81 123
22 197
186 228
212 265
14 221
61 178
251 252
157 295
227 250
37 220
115 269
180 294
44 66
43 173
209 239
116 165
40 271
222 252
82 141
55 273
34 231
123 212
170 172
87 153
170 294
55 209
80 164
211 225
215 226
95 114
118 200
33 258
242 249
95 100
133 156
24 275
149 206
24 149
65 67
144 297
191 288
22 218
158 167
135 242
207 287
12 177
23 155
90 282
16 241
215 224
14 262
71 79
2 271
82 87
4 153
258 272
54 111
192 286
226 239
3 73
45 255
65 186
169 193
168 207
83 103
73 109
70 210
107 163
84 148
114 127
77 179
21 247
80 274
76 134
75 285
246 287
4 284
73 176
52 273
10 255
22 61
127 209
4 5
69 102
108 135
54 293
73 287
69 250
34 182
55 255
226 300
190 245
155 176
98 134
206 225
18 76
28 150
138 294
61 66
34 260
3 203
56 278
44 271
37 175
198 283
15 90
195 221
85 122
81 213
43 280
288 289
8 22
54 216
49 247
82 282
48 258
26 88
4 239
120 181
13 228
8 94
24 230
38 52
230 243
172 219
16 131
113 272
238 251
149 151
77 147
255 296
23 181
8 131
72 96
22 23
76 292
130 206
151 229
200 277
26 126
47 120
65 82
136 239
61 91
34 97
235 245
52 192
75 269
10 221
28 37
257 271
83 181
88 203
34 150
294 297
186 290
86 222
141 188
97 236
185 286
48 85
25 71
125 163
238 279
189 257
236 280
208 216
186 283
25 101
119 259
225 278
48 111
146 207
194 266
27 243
214 246
70 191
139 209
166 229
95 205
95 249
17 131
68 116
31 43
282 289
223 277
17 23
246 290
162 232
74 263
30 259
257 265
42 198
166 300
10 171
160 241
221 226
11 57
150 204
48 62
54 198
157 288
27 131
48 61
34 117
101 109
20 68
36 150
31 161
146 231
83 203
17 153
194 238
47 222
111 291
96 297
35 97
233 277
81 236
120 197
191 201
220 291
244 249
179 183
126 266
149 285
36 139
118 179
48 298
199 207
210 231
64 191
107 284
71 292
39 170
172 260
291 299
75 87
19 300
20 100
137 145
73 146
105 220
287 289
48 84
66 122
153 276
109 164
221 235
169 253
244 287
8 155
94 117
42 92
205 295
23 237
193 282
256 259
51 116
224 288
170 201
12 31
151 261
96 252
107 125
72 171
53 66
1 184
107 122
112 272
220 290
4 23
132 292
49 149
166 296
42 232
15 141
3 254
63 210
2 114
252 281
25 118
102 294
49 258
5 17
65 138
217 294
61 163
101 127
234 275
61 161
84 116
19 163
95 200
25 245
175 277
21 53
158 283
22 179
123 216
8 100
89 256
102 211
16 286
30 221
224 254
48 150
85 221
63 129
62 290
52 135
143 168
218 271
148 182
113 267
30 284
73 232
186 206
130 202
5 96
82 300
21 264
114 233
132 203
103 197
268 272
98 266
257 298
94 214
132 164
62 204
64 238
53 70
131 175
99 226
209 286
190 280
136 295
131 185
111 217
79 200
48 285
24 214
267 280
38 262
15 249
15 118
12 212
100 195
246 250
165 223
10 155
4 38
117 279
222 249
103 211
9 163
116 269
132 278
80 292
11 64
62 212
78 256
94 193
185 192
76 212
119 184
199 218
37 58
108 211
60 87
146 258
59 72
109 290
51 160
52 138
196 210
200 207
20 94
35 129
70 155
53 161
39 188
202 240
47 281
66 169
192 217
76 224
75 163
98 251
7 252
74 99
39 285
45 196
5 15
166 252
224 289
102 266
117 134
33 242
139 236
123 196
41 214
237 284
129 297
117 195
216 298
130 207
8 29
203 221
204 236
21 188
4 54
82 191
30 230
5 105
264 278
149 287
15 253
100 282
151 244
1 134
58 98
216 249
187 232
24 126
130 187
57 86
1 84
159 282
230 296
77 136
86 226
228 239
65 154
81 87
173 278
86 169
135 235
47 57
25 63
173 259
124 168
12 73
36 123
129 182
10 163
17 237
134 157
47 287
135 145
58 298
23 70
55 258
139 297
9 44
57 126
201 294
249 276
149 228
112 288
39 269
94 186
256 260
142 207
42 247
229 233
230 271
138 167
68 136
29 258
11 111
43 172
39 126
242 299
251 277
27 77
75 120
193 280
196 197
35 248
113 248
171 191
141 169
41 61
60 282
115 129
18 102
120 142
216 268
19 230
9 281
38 231
48 99
113 241
185 297
156 297
145 224
24 70
32 237
99 268
16 194
76 274
124 163
63 263
97 172
165 218
97 151
107 211
156 226
93 141
21 111
12 299
52 74
10 252
50 195
51 115
85 198
114 136
210 268
177 199
30 282
16 63
176 282
142 153
145 241
46 293
96 273
7 168
51 278
187 273
96 268
71 138
77 174
86 253
89 160
142 191
105 185
8 218
180 192
35 181
108 120
154 223
171 242
76 270
180 213
196 270
127 264
23 48
150 263
32 68
190 196
154 197
53 190
158 270
151 228
1 297
104 261
32 277
69 218
124 210
94 208
32 231
160 168
77 221
220 242
89 284
65 251
53 192
98 209
119 175
42 113
148 179
107 159
102 104
15 43
168 222
65 264
156 300
131 281
107 223
235 292
58 232
166 212
248 282
237 283
112 202
2 163
214 221
14 97
8 80
45 105
18 211
138 276
145 194
68 211
14 200
54 284
84 174
36 194
104 128
11 263
157 285
23 139
86 205
214 222
8 191
170 276
14 227
187 276
131 293
163 300
77 205
112 152
112 293
175 237
68 73
89 138
59 94
15 159
120 228
5 56
25 44
112 247
210 293
87 131
52 70
122 166
141 277
56 230
30 201
86 217
210 279
232 237
71 174
77 129
179 255
124 216
149 236
38 150
2 112
60 259
280 284
77 209
69 144
65 216
153 277
178 287
135 170
22 249
34 53
11 97
55 94
266 278
59 300
170 196
48 172
129 145
17 139
67 175
39 228
23 72
218 249
183 209
132 188
129 181
230 261
112 230
256 272
78 264
12 160
165 182
2 142
203 274
195 243
114 139
144 184
49 266
15 250
65 241
89 186
139 237
108 133
68 106
270 297
60 68
14 201
85 202
15 273
242 255
50 142
140 200
84 145
199 215
46 117
16 136
119 220
239 263
111 259
3 13
80 293
209 263
166 273
17 225
77 87
64 276
51 113
158 174
116 182
51 197
23 195
33 76
103 206
169 197
72 211
122 162
52 220
27 171
212 257
60 255
97 148
116 268
39 252
29 251
189 221
66 211
189 291
106 178
147 279
119 123
183 235
55 265
42 156
3 228
26 167
102 188
33 263
214 216
181 264
51 127
6 194
101 188
151 196
24 200
85 280
31 165
54 109
130 270
221 275
104 292
19 36
24 287
186 279
101 235
21 30
155 246
142 212
158 279
101 275
69 251
20 170
230 276
21 119
12 57
21 166
75 240
240 256
98 172
42 45
202 260
92 283
68 281
123 232
175 269
168 195
35 214
29 254
241 244
34 287
62 274
11 262
51 118
102 129
192 234
197 221
169 293
141 242
91 171
53 204
12 251
141 214
82 259
237 270
32 224
5 284
211 214
180 207
4 53
163 268
155 173
181 187
155 252
91 245
2 52
168 237
94 258
184 193
74 269
228 272
163 181
103 293
120 254
92 289
74 134
118 198
213 222
108 117
21 98
46 284
40 120
276 285
83 207
66 300
129 166
65 116
52 223
191 239
84 232
43 220
185 246
77 278
154 217
210 242
222 273
246 270
38 74
31 223
173 227
44 240
251 268
162 253
70 278
67 71
115 259
57 140
19 91
223 225
64 76
150 242
11 154
80 127
63 200
5 209
135 203
88 188
248 289
46 83
153 284
43 158
10 196
36 196
63 74
24 86
64 220
126 150
61 211
95 173
64 189
58 182
33 253
47 109
167 175
199 239
2 290
67 265
40 223
51 239
237 240
18 295
165 240
172 286
66 183
38 148
28 260
33 84
211 247
64 245
138 279
123 243
9 155
21 237
15 65
98 116
126 260
127 258
104 143
22 30
112 184
160 201
73 167
10 212
258 288
175 287
58 89
23 66
136 184
28 223
285 292
90 150
107 120
54 264
106 109
59 212
150 195
187 278
105 293
92 205
5 156
263 265
211 234
45 142
181 283
103 114
44 253
69 70
43 92
98 110
33 74
73 292
292 299
137 238
138 189
15 97
117 288
161 203
80 187
61 108
98 281
37 129
33 299
80 242
56 214
100 274
22 26
258 270
19 128
12 222
27 114
260 284
84 136
263 269
13 242
44 235
68 260
49 241
109 135
36 181
69 224
111 199
256 282
81 135
38 42
34 299
108 125
143 151
53 68
34 171
84 254
83 271
84 96
45 252
16 20
109 119
62 198
222 254
172 271
106 123
3 179
62 248
75 235
104 229
123 269
81 237
141 235
54 267
78 87
104 108
70 129
161 297
55 169
21 90
151 189
129 262
176 215
254 285
36 52
27 111
273 300
117 153
127 294
8 140
38 187
119 279
81 184
126 184
168 197
159 272
41 141
205 250
122 145
48 134
73 83
182 252
89 300
22 214
112 292
118 264
80 170
31 179
44 68
115 150
72 276
50 281
165 217
90 172
69 165
88 242
6 174
122 299
195 260
47 189
249 279
165 234
122 254
168 243
1 205
32 124
9 223
185 291
93 197
49 104
183 226
108 271
34 136
100 253
2 221
274 295
273 298
30 136
10 140
183 256
46 210
34 281
72 139
263 283
110 229
4 10
92 175
136 220
5 151
116 272
94 219
220 235
92 251
117 163
32 53
66 254
27 98
63 213
145 148
62 129
99 275
32 106
250 258
75 96
61 153
240 298
224 291
63 233
13 134
98 146
35 119
161 215
170 237
69 279
78 251
96 117
137 276
24 109
40 42
113 270
24 79
42 70
25 73
209 233
120 167
56 153
219 227
138 263
236 241
95 283
22 271
205 263
63 69
242 259
58 94
21 168
218 270
8 133
216 239
133 197
102 282
114 178
48 180
102 139
254 261
79 137
82 151
176 293
68 161
13 25
126 276
109 176
174 259
187 215
27 158
171 279
156 275
18 296
118 223
50 202
200 262
271 289
100 157
183 225
115 294
22 82
132 157
50 222
71 93
58 118
29 68
173 242
28 273
140 227
7 161
156 216
25 220
138 220
45 86
148 200
243 265
93 237
120 146
39 80
28 115
109 157
286 297
111 239
130 175
12 264
204 296
5 299
112 296
72 161
185 216
71 163
46 149
162 254
25 62
96 251
204 235
42 217
82 172
102 183
34 114
138 283
193 291
220 295
159 198
234 296
84 258
199 249
64 161
9 110
148 296
31 266
37 171
66 154
29 184
26 224
81 117
89 250
82 162
25 60
260 285
160 274
137 200
27 226
169 242
168 210
172 296
27 58
93 225
216 281
152 166
146 253
58 85
77 115
96 140
88 91
17 174
108 218
68 120
66 116
267 292
244 273
141 239
53 184
245 264
91 259
97 103
59 213
198 287
129 215
143 208
80 280
161 236
106 145
134 160
59 281
5 295
70 254
52 145
12 16
82 239
40 117
92 150
47 202
171 220
2 258
196 221
185 199
141 195
2 185
17 175
95 121
108 110
45 187
32 101
75 215
189 205
17 214
60 260
42 86
170 182
32 166
125 218
2 16
150 185
89 126
242 292
98 114
50 280
187 246
54 118
219 232
2 26
12 286
98 216
39 192
21 115
114 208
52 281
69 131
126 178
31 67
150 167
62 110
159 223
6 56
118 295
185 298
93 153
77 285
70 269
23 197
31 73
193 253
49 101
92 145
12 131
30 119
28 284
247 250
163 277
49 218
107 233
196 224
237 271
84 239
282 300
102 235
122 160
114 118
3 48
38 234
41 229
122 201
5 134
200 229
35 197
131 215
92 125
144 289
153 251
178 281
3 132
127 189
137 149
28 65
162 215
41 72
161 269
113 219
118 246
236 284
43 288
3 293
79 112
117 216
61 175
62 120
128 160
177 275
54 167
120 208
137 202
170 289
146 147
41 292
130 297
194 257
108 222
182 282
15 64
112 180
22 121
245 275
10 183
193 260
226 249
225 293
31 227
7 253
141 164
37 148
140 268
11 39
52 227
253 280
19 52
13 290
157 192
14 29
145 163
112 287
17 74
270 286
111 117
226 258
148 161
14 282
35 253
52 271
27 162
14 57
14 104
237 277
38 89
285 291
95 109
180 203
34 144
98 100
12 141
177 267
89 95
142 248
64 222
84 287
90 136
177 242
157 253
52 143
85 114
197 238
163 262
176 245
138 202
77 160
29 104
220 300
197 242
128 229
98 284
34 157
37 133
134 183
128 253
136 205
248 253
74 238
7 165
151 280
105 128
255 271
185 271
181 226
223 254
238 290
78 190
78 144
215 260
202 259
225 231
113 275
152 274
92 200
205 267
93 98
36 60
136 238
189 279
151 177
40 293
115 186
169 180
156 235
57 224
207 249
52 86
216 275
232 297
16 56
29 271
1 147
132 227
114 297
179 285
156 223
32 226
157 164
119 234
53 79
44 259
132 242
44 159
189 296
141 206
59 111
63 162
232 275
161 182
142 202
25 89
6 268
15 25
23 187
205 281
34 218
208 227
80 184
20 188
190 243
48 68
93 234
58 272
224 287
137 163
270 281
87 277
223 234
128 191
17 203
73 180
101 230
127 242
78 161
40 155
108 206
22 102
207 263
117 173
248 297
7 246
99 116
41 189
12 86
6 201
252 272
45 211
66 137
157 297
4 189
23 271
223 293
19 41
107 271
155 240
5 64
121 182
178 266
192 287
28 189
155 274
119 155
27 262
123 198
270 278
28 112
13 50
36 126
182 232
4 159
4 168
272 285
3 23
37 262
11 255
91 156
12 224
94 253
82 297
70 106
81 186
48 70
191 264
22 78
50 232
101 213
224 296
87 242
214 234
140 213
92 176
9 210
86 150
148 247
52 103
9 25
17 119
1 140
11 202
30 202
200 236
181 253
31 243
56 103
81 287
11 229
160 258
49 109
226 278
96 253
138 201
163 196
159 213
56 171
67 135
105 143
199 277
145 152
292 297
43 157
42 176
177 222
87 293
2 261
121 256
25 174
22 191
170 228
38 216
29 97
36 288
119 124
21 156
80 112
204 209
63 204
109 202
15 210
211 280
25 299
222 284
140 178
160 183
9 238
79 169
59 67
52 226
101 217
21 76
110 207
54 228
7 116
25 40
27 285
163 236
45 264
60 74
80 125
105 252
47 213
98 290
38 55
140 187
19 241
134 296
134 182
77 239
2 244
62 88
150 292
166 177
113 200
17 106
16 120
33 204
9 22
216 267
42 282
77 96
18 66
23 33
61 70
110 216
192 208
116 289
22 281
125 234
148 163
215 241
240 263
15 234
23 279
157 181
40 221
3 227
51 207
139 180
33 161
226 229
200 278
53 86
101 269
254 284
202 219
168 203
95 147
7 34
66 237
117 175
64 85
162 210
44 64
16 237
224 297
84 231
20 48
70 144
54 134
50 118
38 119
13 22
165 284
147 226
122 187
13 127
210 225
200 282
107 118
53 178
73 216
118 248
65 231
128 141
21 52
8 65
25 146
30 218
69 274
166 269
175 298
24 65
57 109
31 180
200 242
21 198
16 215
134 173
89 179
149 277
67 142
8 270
114 115
272 273
271 282
38 126
174 298
11 172
176 266
54 133
11 215
87 129
164 271
22 196
75 219
205 216
166 222
55 121
97 126
25 85
135 273
164 189
168 297
98 176
54 91
14 108
40 114
123 210
3 18
85 152
179 217
144 299
57 169
60 289
86 99
46 69
23 236
15 133
88 257
61 87
55 274
72 290
56 287
25 178
146 268
31 283
98 121
123 299
26 185
197 279
63 229
89 253
142 290
25 143
237 253
169 199
190 208
16 150
52 105
138 253
148 229
12 54
35 245
142 272
166 202
37 229
191 291
96 151
80 300
32 244
40 188
212 287
148 287
249 269
199 261
33 196
45 295
9 175
175 209
134 273
88 196
42 135
22 247
124 157
102 279
57 236
109 196
22 105
87 112
109 113
52 191
123 206
173 290
4 21
71 183
89 282
15 131
222 283
171 287
171 229
136 258
196 283
126 153
179 251
5 104
164 298
129 159
109 199
32 80
268 297
103 167
90 286
21 211
185 276
65 215
89 137
106 124
133 205
80 180
26 256
98 231
160 299
82 95
58 73
89 174
142 226
217 284
5 172
29 262
151 299
106 133
111 171
149 298
199 282
98 234
82 264
9 92
23 170
60 295
139 163
16 107
147 265
21 123
66 291
110 202
143 194
32 149
139 169
55 267
6 221
193 214
6 251
146 209
224 248
14 222
115 204
38 46
157 212
37 190
22 54
146 250
20 186
91 201
169 258
250 272
6 151
106 218
209 220
22 24
140 278
84 249
110 114
21 120
93 251
33 96
47 212
84 175
109 174
2 109
290 293
47 145
10 95
181 220
106 248
133 148
61 146
5 21
116 253
27 204
22 143
21 136
43 46
176 260
51 265
259 296
164 284
105 284
110 177
1 285
150 214
241 248
252 299
14 251
163 174
79 184
93 124
20 111
52 202
59 258
31 60
46 253
205 219
143 277
120 126
253 279
49 139
102 134
121 184
41 156
79 153
174 295
47 223
61 139
155 219
212 269
69 120
46 200
94 197
3 106
11 63
127 232
137 285
31 131
156 278
79 253
100 237
206 264
59 93
143 212
16 149
180 287
236 258
236 265
154 211
89 148
138 157
109 180
10 89
152 211
25 54
262 265
42 93
58 147
280 298
189 271
8 293
80 152
109 182
13 140
83 143
139 220
100 144
4 7
148 159
89 129
6 218
97 277
39 133
166 298
251 271
10 12
133 146
121 277
153 219
64 199
169 220
113 252
140 279
61 154
94 271
120 133
120 162
121 137
81 150
20 40
147 176
144 290
85 203
36 167
49 252
213 286
54 208
39 203
96 137
125 171
181 250
59 194
180 263
217 244
268 282
167 183
151 215
90 284
76 200
131 173
126 250
229 285
107 270
149 229
134 222
60 224
18 43
137 281
175 238
161 279
78 231
168 294
202 295
128 241
30 138
98 111
113 211
229 231
73 162
96 154
156 157
91 284
181 287
10 153
79 154
28 64
90 161
167 170
244 281
36 66
165 274
235 293
245 251
61 204
20 28
118 181
86 101
263 282
144 221
31 153
150 273
239 300
83 109
52 108
25 114
30 112
55 204
87 243
1 35
15 260
42 56
206 285
281 296
9 292
17 254
3 156
44 47
243 294
98 156
119 137
50 80
239 295
103 235
99 202
56 93
168 212
146 274
78 133
23 46
213 276
212 231
69 196
84 203
160 291
72 83
126 177
195 282
146 246
90 119
124 278
174 281
16 134
116 284
183 222
10 133
96 222
143 204
49 117
4 59
153 213
109 193
247 298
18 226
257 269
73 300
174 229
5 87
75 220
51 256
129 175
38 45
107 214
54 285
46 245
122 158
177 228
253 287
123 127
155 218
85 87
160 300
178 239
226 270
28 161
149 155
163 256
46 159
59 100
59 161
9 197
35 155
170 204
68 184
154 155
130 141
90 263
58 256
45 190
227 296
72 153
68 97
45 76
5 173
221 283
169 228
130 199
36 109
239 242
13 194
33 72
138 300
102 234
131 208
191 235
109 177
89 228
163 186
163 273
125 274
20 243
269 286
50 114
186 189
59 235
235 266
228 244
98 199
89 272
172 183
1 198
177 233
174 224
96 175
27 220
254 275
218 293
80 202
189 270
34 128
145 228
42 107
31 186
149 281
26 28
114 128
23 218
105 151
9 120
98 247
156 269
43 171
64 156
112 156
32 72
151 274
119 202
41 221
33 143
171 188
95 122
124 292
91 102
154 204
50 264
57 289
234 253
21 37
54 180
232 243
126 289
12 297
119 179
25 224
227 251
3 112
55 208
115 195
58 123
99 119
58 175
229 240
130 134
154 157
49 215
196 214
108 182
122 205
71 222
5 235
61 221
143 200
4 17
68 237
55 276
21 148
66 80
34 288
209 235
36 103
116 300
44 208
151 270
13 36
122 128
112 182
137 196
10 22
115 291
46 161
11 194
224 232
54 188
174 217
138 146
147 191
21 140
2 291
11 18
180 266
6 278
167 216
118 282
14 40
148 299
48 160
107 169
135 219
2 118
133 238
2 149
44 224
23 95
98 245
86 262
101 111
38 285
158 294
194 272
26 31
127 130
36 125
185 241
101 104
205 237
23 267
67 289
279 292
96 157
22 207
123 154
213 263
23 224
11 92
55 228
97 171
100 289
210 248
212 267
286 289
171 194
57 205
66 217
204 205
110 179
160 283
116 255
122 249
47 180
264 268
99 269
18 41
16 250
95 273
177 278
33 254
95 274
91 187
212 243
40 79
52 160
129 131
37 217
96 114
59 112
214 294
76 261
38 94
87 248
88 300
207 255
2 154
129 195
19 287
105 138
25 242
91 161
115 274
153 161
9 298
158 292
190 228
72 110
86 292
203 271
43 188
141 142
36 100
98 109
200 240
48 282
113 186
74 299
217 297
148 196
142 200
289 298
48 248
166 200
258 280
176 227
136 272
5 264
10 195
182 269
105 249
210 217
116 295
4 170
139 185
6 65
67 297
35 269
16 30
120 258
103 116
170 234
3 141
112 136
118 190
172 234
56 279
89 294
42 239
212 293
36 198
258 267
128 189
158 265
142 245
167 245
15 283
7 203
83 209
86 277
99 181
139 272
56 215
132 231
60 64
162 279
18 254
27 45
45 131
80 243
84 110
6 25
119 257
73 121
37 276
158 168
94 96
25 123
227 274
160 217
192 292
8 262
83 142
28 248
84 267
64 233
227 281
64 102
17 58
118 265
152 198
116 252
109 254
72 282
80 255
199 295
66 274
104 285
93 122
13 147
69 147
18 220
94 269
138 152
278 282
102 232
175 263
200 203
117 253
45 108
56 220
1 188
46 130
144 177
34 109
127 155
53 56
34 172
40 217
231 275
49 201
5 123
251 256
9 148
7 31
94 124
183 283
44 59
57 214
51 52
61 182
199 279
4 93
56 210
164 259
70 153
120 172
197 270
117 172
145 222
82 105
29 285
45 179
135 240
231 267
191 290
119 270
60 201
18 77
132 222
69 170
61 219
81 240
29 253
263 291
7 196
97 161
91 95
17 278
22 269
201 274
33 117
160 228
79 247
79 231
110 185
125 237
102 199
54 141
12 32
61 250
178 192
11 84
91 296
142 260
155 293
80 224
86 165
139 188
55 95
115 192
141 144
152 214
218 277
50 131
20 195
121 281
151 227
140 261
85 95
184 190
41 147
115 140
143 259
71 234
18 261
86 166
20 62
60 257
187 197
10 61
110 244
9 177
57 232
261 281
256 294
71 229
45 265
79 80
54 220
7 193
122 244
45 90
49 179
137 218
102 107
110 283
86 294
199 268
67 179
192 237
219 278
259 275
73 138
145 294
86 125
32 164
21 217
17 273
152 165
92 246
25 163
2 292
24 231
8 213
116 219
129 217
52 194
72 281
69 215
177 202
45 125
94 133
18 119
34 257
36 94
43 164
76 107
32 151
248 291
9 179
106 214
38 240
13 33
88 180
10 225
153 177
164 186
86 103
178 208
120 168
83 254
18 116
84 201
233 248
111 222
36 262
106 295
86 112
27 124
27 217
181 298
98 295
154 256
159 220
79 138
115 219
5 98
11 224
97 249
145 159
137 223
192 262
24 147
64 71
66 79
157 242
52 286
176 298
2 175
46 201
87 259
38 211
23 39
71 80
254 264
51 204
87 108
81 139
59 117
133 242
152 220
31 87
61 145
10 29
104 297
218 237
112 297
33 290
110 121
159 259
7 138
59 285
63 299
223 232
151 237
226 264
169 265
167 283
86 192
26 247
45 173
243 261
75 98
14 150
17 112
35 221
8 50
112 240
46 134
232 264
11 270
166 185
152 228
49 267
46 145
20 174
143 242
258 285
20 264
4 61
99 104
105 178
40 245
118 143
108 198
152 154
43 141
186 236
8 103
10 272
168 226
146 239
169 236
70 197
94 187
90 98
104 168
54 199
49 272
80 250
101 168
181 206
15 114
8 230
6 177
83 179
197 232
10 285
182 195
130 142
83 190
18 115
36 143
92 191
167 264
87 273
84 280
157 180
127 142
106 128
133 294
135 261
181 183
138 193
1 135
50 52
20 51
86 162
24 211
66 98
1 250
81 126
169 210
57 88
32 38
122 127
85 129
183 194
49 146
56 157
137 203
24 83
220 288
200 265
142 264
36 221
20 126
48 179
13 207
187 243
39 101
46 189
148 258
202 212
122 236
18 65
159 300
90 138
10 226
19 72
34 134
266 275
161 185
72 229
95 209
124 184
148 249
125 243
63 135
106 204
121 275
13 203
133 196
53 182
146 190
285 287
133 175
67 70
74 164
176 200
219 282
57 87
151 279
89 115
99 243
29 203
104 175
194 211
80 131
15 115
56 240
50 64
8 189
18 202
122 296
144 247
93 129
198 224
57 168
74 90
40 216
14 55
128 215
132 253
28 286
21 173
16 22
6 253
102 108
160 242
100 267
5 109
191 247
168 194
5 195
48 182
257 291
115 300
33 154
31 295
109 153
167 232
153 178
133 204
78 155
160 205
256 298
69 235
71 253
5 86
58 70
106 229
9 237
125 222
19 101
271 272
42 231
97 256
210 267
38 253
1 283
41 65
139 300
61 278
103 299
56 257
12 147
94 98
92 242
15 235
274 294
8 75
23 117
25 68
125 258
145 298
269 290
144 245
17 104
18 171
108 244
96 240
50 108
92 166
29 128
61 141
87 125
11 45
132 179
9 271
185 254
32 123
13 133
22 282
119 200
188 213
154 282
222 287
80 193
14 59
16 155
159 212
59 262
45 128
138 235
2 207
287 294
82 235
36 162
40 187
74 194
18 61
15 49
108 171
273 282
141 268
71 299
30 151
12 100
97 124
218 279
192 281
67 268
81 109
63 221
144 199
138 206
166 268
145 273
171 294
201 238
220 245
56 276
107 244
27 51
23 140
156 169
31 202
221 286
188 194
68 148
90 250
66 285
134 138
9 140
133 282
233 249
70 179
167 280
61 64
79 242
91 166
14 214
139 285
160 162
94 159
34 96
114 194
106 129
98 230
112 157
116 188
122 191
259 289
17 176
266 294
10 130
173 262
42 223
172 192
3 29
63 146
181 242
33 67
176 213
226 284
70 252
11 14
54 297
51 242
40 41
78 107
210 288
27 299
1 3
4 218
20 245
19 55
154 251
74 293
37 130
71 228
56 172
38 249
7 158
78 189
81 197
136 165
45 143
81 136
86 203
62 74
288 290
80 169
59 219
17 281
10 87
26 124
175 215
247 251
30 168
133 249
115 289
11 36
68 149
100 141
133 233
25 265
24 194
5 255
101 272
4 251
120 216
213 242
61 287
152 160
57 262
57 66
284 294
30 256
90 240
259 291
252 289
80 113
243 245
259 292
69 76
203 250
187 251
125 144
121 151
127 168
74 98
19 261
121 292
215 259
1 82
119 233
137 152
195 233
63 95
58 171
57 296
81 206
42 126
7 152
15 152
198 244
51 143
125 161
206 291
131 164
21 199
45 138
191 293
195 218
35 124
35 98
34 169
84 170
55 73
166 209
53 267
238 243
149 216
226 246
118 210
161 192
107 154
187 213
7 97
188 274
219 263
23 147
255 300
147 269
193 216
129 268
38 61
62 96
28 73
4 79
61 246
141 253
110 264
195 231
134 239
96 170
2 150
97 292
1 124
36 230
167 279
120 231
33 73
138 284
18 300
103 192
43 193
69 148
237 280
214 270
34 99
34 173
115 233
198 203
75 140
53 125
90 238
132 135
222 276
105 198
125 204
151 211
236 285
119 229
19 56
153 231
89 241
110 215
40 253
151 235
171 205
81 103
25 273
128 225
103 267
11 162
98 151
191 231
51 163
49 102
121 213
76 150
133 284
137 194
22 91
141 259
13 169
155 256
111 216
151 172
4 117
215 294
118 227
72 267
11 150
31 219
5 129
117 168
17 48
60 165
148 211
158 169
21 214
162 181
152 192
52 100
39 89
61 177
234 292
6 164
1 15
162 282
255 272
5 146
6 185
177 216
157 196
112 174
200 214
191 283
61 227
87 207
1 146
70 85
40 91
74 95
167 226
37 193
135 149
86 131
252 295
27 84
99 195
223 244
40 295
17 29
291 293
4 82
56 237
74 153
204 269
37 47
193 255
88 109
98 183
16 17
33 174
25 232
24 49
23 258
38 163
50 215
73 196
5 277
196 206
63 192
250 263
132 275
214 258
65 187
4 148
113 189
63 188
144 246
107 220
28 300
265 268
67 227
135 296
220 248
182 263
32 126
85 212
79 123
234 282
48 95
19 171
117 259
4 186
24 244
18 235
161 189
34 80
229 234
4 210
155 195
12 65
195 298
93 208
29 196
7 67
81 267
111 251
15 135
172 228
5 31
139 280
54 201
26 118
140 174
206 237
14 190
61 110
282 294
218 273
22 278
148 155
105 175
56 190
110 158
244 297
250 285
183 233
178 276
26 27
106 280
61 270
128 266
46 227
108 269
163 286
220 263
108 170
281 298
41 227
59 148
37 74
73 113
14 139
44 137
76 272
28 99
50 207
217 273
187 223
219 265
75 122
88 98
119 230
18 139
68 142
47 198
29 39
137 290
68 278
39 194
86 146
51 203
14 118
141 205
209 227
92 167
171 300
40 278
166 292
133 247
112 265
35 182
155 231
103 120
61 65
75 161
224 255
50 165
83 130
44 230
46 220
59 206
108 165
127 196
129 252
66 202
189 260
59 200
150 166
122 297
206 228
177 264
153 186
198 239
55 245
105 245
62 294
11 156
28 243
2 248
193 238
110 218
97 165
189 252
240 291
108 180
151 174
208 220
14 145
36 188
43 283
97 298
120 223
201 275
277 278
29 180
145 169
72 238
183 268
142 289
155 168
50 209
52 140
21 75
24 102
58 284
275 290
167 168
26 197
111 125
234 278
26 150
7 183
50 96
236 278
74 276
245 298
2 100
115 297
32 165
140 273
4 40
92 185
88 198
35 107
178 269
87 124
88 218
162 179
223 297
178 270
183 289
26 214
91 128
11 73
34 77
12 120
85 238
17 93
43 226
68 203
92 192
21 288
87 276
181 211
57 222
22 263
76 281
200 221
4 37
167 250
95 102
148 300
19 50
95 256
135 178
107 250
137 282
46 153
108 279
165 230
101 150
24 243
51 137
220 276
221 298
96 202
64 74
57 124
31 195
72 166
84 90
26 122
10 156
125 131
126 168
44 75
227 286
200 283
58 194
19 92
5 205
9 169
158 242
189 222
197 289
130 173
10 145
8 272
38 297
21 291
27 99
9 208
9 253
228 235
186 212
47 157
102 149
155 162
175 258
128 150
229 268
80 201
116 140
131 291
139 253
70 76
20 159
111 182
92 129
110 129
4 69
2 295
140 229
90 183
87 237
39 110
16 69
48 284
87 184
39 297
79 297
76 168
115 228
293 294
151 296
56 208
157 203
14 75
65 198
16 38
256 265
153 246
175 290
95 193
57 155
107 181
1 16
112 114
8 11
48 271
14 112
55 126
174 204
53 247
136 145
54 277
220 224
136 236
17 68
123 181
59 187
100 246
42 258
16 111
205 289
1 157
235 280
143 240
7 180
113 269
60 298
162 280
168 284
131 275
285 297
13 294
47 89
61 68
6 242
106 213
6 133
95 181
154 175
159 247
174 185
44 186
8 104
191 286
8 129
130 279
195 270
150 183
206 297
165 187
26 152
110 183
56 298
11 118
29 34
131 274
229 287
236 297
109 133
70 206
117 263
123 189
155 196
180 259
125 213
56 261
191 206
51 210
58 144
182 272
108 212
109 297
31 61
90 281
72 243
36 274
65 135
116 248
232 298
16 251
177 269
42 148
149 174
85 184
210 227
72 159
90 137
185 244
58 208
7 195
10 239
134 181
37 126
28 293
81 82
101 267
214 268
138 259
131 201
178 232
85 240
170 286
59 222
175 197
173 188
193 277
172 267
14 170
164 216
202 238
26 53
196 240
63 235
91 168
188 280
1 171
34 89
99 187
193 295
133 278
108 168
62 202
56 168
156 218
228 257
71 78
110 228
1 77
1 175
95 184
6 163
217 250
194 221
119 135
136 300
21 192
15 61
12 232
142 180
190 295
5 246
11 94
85 156
166 233
130 154
103 107
67 277
35 103
114 271
57 275
50 183
120 190
33 193
115 134
214 225
16 160
52 168
283 286
205 218
137 169
13 110
37 53
159 204
97 142
37 186
77 123
162 258
23 247
67 85
6 116
36 155
219 251
40 93
148 187
115 149
23 189
118 271
109 256
83 206
69 294
131 217
83 162
2 187
40 125
195 289
225 262
7 269
159 195
123 255
216 284
20 201
1 100
148 241
73 266
26 202
105 248
192 299
238 292
43 145
69 73
24 89
110 160
152 249
207 213
114 140
141 177
142 267
57 101
100 176
159 243
83 161
126 185
106 239
34 148
8 291
183 189
11 16
12 172
76 171
38 177
101 108
183 253
180 268
6 142
81 112
222 242
136 172
28 299
61 148
134 139
16 115
5 26
189 202
170 272
75 195
67 180
2 19
169 194
179 248
24 266
100 204
212 224
90 142
89 147
174 258
144 250
4 287
33 44
12 132
175 262
214 241
254 300
15 217
53 231
51 107
230 281
14 209
165 235
89 297
203 275
122 210
48 268
141 223
135 236
11 81
132 206
123 171
10 228
70 146
114 144
11 83
27 252
198 222
8 223
35 43
83 199
19 271
8 150
80 138
42 154
124 161
8 208
119 248
78 265
85 137
16 54
30 225
126 265
198 257
202 234
117 136
238 260
156 195
15 281
194 269
141 250
131 285
9 232
242 288
128 129
82 117
212 216
202 236
84 225
103 295
101 274
256 300
156 236
64 201
71 231
182 262
18 33
90 236
160 261
19 295
89 201
141 192
36 112
60 91
56 221
58 227
112 248
9 194
112 129
200 263
184 187
103 115
53 215
184 194
14 133
89 128
37 103
155 188
13 244
5 250
156 160
159 295
76 228
81 185
118 253
41 282
14 39
36 93
108 147
23 35
17 132
189 219
42 114
121 273
104 255
238 287
194 261
71 218
52 270
134 282
68 300
200 285
34 290
97 153
145 165
120 276
225 227
110 299
94 119
47 250
40 204
74 126
57 186
18 92
36 286
110 291
224 284
39 218
91 129
193 204
175 221
16 180
63 257
143 255
73 193
10 200
4 185
21 191
271 286
48 101
99 171
193 259
262 286
4 147
31 183
105 111
157 208
63 87
43 63
105 202
104 284
86 141
68 296
79 274
180 195
148 245
147 292
52 180
31 107
121 124
219 274
104 147
108 166
46 66
194 249
237 296
190 200
47 104
44 98
64 295
115 247
129 178
119 286
42 187
219 262
161 248
140 198
61 281
77 169
125 141
13 199
19 235
41 103
243 280
10 77
128 298
98 233
27 292
62 252
73 155
70 204
68 111
22 32
54 205
39 67
196 199
64 82
87 212
74 300
26 267
26 158
206 255
116 196
6 211
68 263
47 123
95 261
171 217
190 230
19 252
108 192
231 242
59 221
11 280
20 55
76 141
95 115
142 235
53 113
3 233
36 129
213 247
175 265
287 298
183 185
7 122
42 220
85 153
46 154
43 111
146 228
5 215
155 161
54 83
92 257
152 275
63 108
188 288
78 117
2 267
151 164
13 214
31 81
216 229
70 285
32 176
261 269
197 294
114 202
55 68
168 227
18 105
126 228
51 65
208 221
177 213
60 210
1 247
139 260
190 251
102 140
107 255
173 293
23 124
64 105
34 127
129 241
208 293
6 262
22 111
29 130
172 220
3 87
29 244
147 148
164 260
100 241
11 286
24 108
88 157
1 87
31 296
275 298
30 61
91 162
72 157
150 243
129 137
173 224
118 268
40 183
73 127
129 169
258 293
51 132
23 118
18 166
164 296
127 185
132 153
32 175
114 160
142 266
221 264
48 244
58 127
71 173
64 123
60 252
33 194
129 260
122 175
99 160
30 247
17 55
188 199
150 241
87 155
48 56
78 249
7 159
144 265
108 162
1 168
43 139
111 242
268 276
21 268
29 222
17 207
7 192
163 299
63 195
25 198
151 171
263 297
5 85
141 232
229 296
212 255
178 288
116 206
234 238
27 250
38 200
291 294
158 272
95 106
152 258
205 245
128 133
179 200
69 243
7 149
12 207
46 191
22 77
58 210
107 217
19 175
119 168
127 167
10 64
290 294
165 228
43 153
134 175
126 198
25 141
159 261
53 145
19 40
103 210
206 286
179 182
139 211
76 287
197 274
27 69
30 260
131 222
116 139
13 193
70 272
86 200
170 282
90 164
94 259
40 280
33 291
114 248
150 159
98 181
24 228
81 144
25 109
274 287
113 273
110 214
54 254
125 226
230 259
209 252
161 176
37 260
91 115
266 268
243 295
221 273
52 116
72 245
165 193
166 287
151 179
50 119
73 242
5 153
249 294
170 287
109 218
134 271
77 259
181 281
163 172
57 96
1 19
63 179
90 254
73 153
20 140
13 259
31 247
30 143
120 135
6 122
113 233
280 292
51 57
122 152
41 244
109 216
8 226
41 70
147 281
55 157
63 107
22 199
151 220
47 90
122 215
46 103
106 189
55 244
14 191
115 200
56 84
170 184
201 211
148 265
69 164
226 232
284 285
30 286
102 159
193 272
35 92
55 287
146 203
58 162
26 249
179 273
30 42
160 295
118 166
87 292
2 158
98 212
258 265
70 133
65 179
51 248
188 275
46 218
110 272
8 132
147 177
1 97
92 229
249 267
215 298
74 278
49 209
48 193
44 266
91 287
102 218
30 198
103 128
51 119
16 112
50 267
93 165
150 186
89 216
58 115
105 112
40 300
41 121
15 21
6 23
80 144
107 237
17 30
13 223
192 216
212 268
144 239
236 251
24 30
158 193
158 299
63 300
155 276
15 237
273 288
76 143
7 70
50 143
170 180
48 201
18 57
143 261
76 206
75 227
43 80
30 283
47 73
90 280
80 157
26 220
7 50
56 170
97 281
12 170
161 217
158 281
264 276
167 219
66 279
16 50
98 137
91 218
172 232
138 195
239 258
46 274
22 180
24 93
30 219
30 154
31 117
4 102
57 81
136 204
141 193
256 261
158 209
28 34
133 151
75 133
84 244
129 270
79 279
21 68
115 142
138 207
2 25
11 131
58 172
131 232
224 279
89 91
23 220
186 254
57 193
31 184
18 172
208 290
150 193
80 265
215 268
74 213
105 153
110 235
159 239
3 164
87 138
67 92
47 267
76 236
61 253
178 251
103 280
80 267
129 269
121 235
153 298
85 260
29 173
29 224
58 71
81 297
200 274
14 16
20 108
40 205
36 292
258 277
113 208
49 152
79 207
178 293
90 105
165 298
8 84
131 147
230 258
67 126
34 194
12 258
95 119
153 209
126 240
258 282
241 290
65 203
11 132
163 187
73 81
107 174
264 275
41 208
29 207
250 261
202 265
67 246
91 160
48 231
87 166
121 262
9 100
57 251
145 229
98 120
241 288
100 272
176 197
12 252
38 299
7 261
213 292
33 58
26 258
4 219
18 37
64 227
80 277
186 216
114 214
32 191
15 161
240 267
271 287
22 280
162 171
131 244
270 298
185 225
152 156
104 260
64 65
9 84
222 240
80 297
19 134
181 225
1 181
14 41
269 280
56 233
32 251
90 186
204 261
98 133
23 266
64 106
11 119
5 185
129 186
113 260
117 227
225 260
279 296
153 259
142 155
158 185
162 229
11 216
274 289
168 247
122 212
183 211
109 269
201 225
180 194
54 278
121 177
117 151
74 270
152 169
75 284
250 297
68 129
69 185
203 261
225 291
159 236
210 278
109 217
141 287
116 161
228 300
8 136
180 250
69 167
297 300
99 128
18 285
118 147
161 175
11 190
184 243
21 38
113 158
43 166
12 45
159 182
244 276
96 98
10 192
79 273
145 221
44 297
141 157
48 148
102 130
150 210
177 238
19 136
41 113
119 193
27 259
119 195
82 83
29 80
15 75
19 284
97 251
4 108
88 122
146 264
6 205
30 190
172 277
56 274
4 118
63 187
50 292
188 273
80 220
40 122
171 260
29 172
245 282
208 257
210 271
96 123
153 256
186 271
99 242
2 199
67 218
63 125
205 265
183 255
105 279
92 104
122 230
35 242
279 298
94 144
103 275
29 86
184 254
103 266
22
1 2
1 3
2 4
2 5
2 6
3 7
4 8
2 9
4 10
4 11
10 12
9 13
3 14
9 15
3 16
4 17
10 18
13 19
1 20
17 21
6 22
22
1 2
1 3
2 4
2 5
3 6
6 7
4 8
5 9
1 10
7 11
2 12
8 13
4 14
3 15
10 16
9 17
6 18
8 19
18 20
15 21
2 22
22
1 2
2 3
2 4
4 5
4 6
2 7
5 8
6 9
7 10
1 11
1 12
1 13
6 14
3 15
12 16
6 17
12 18
16 19
4 20
2 21
14 22
22
1 2
1 3
3 4
4 5
3 6
1 7
6 8
8 9
9 10
6 11
11 12
9 13
7 14
5 15
15 16
3 17
2 18
16 19
3 20
8 21
7 22
22
1 2
2 3
3 4
2 5
1 6
2 7
6 8
4 9
3 10
3 11
11 12
7 13
11 14
10 15
5 16
15 17
11 18
3 19
15 20
4 21
2 22
22
1 2
2 3
1 4
1 5
2 6
6 7
2 8
5 9
1 10
8 11
10 12
9 13
3 14
4 15
12 16
8 17
15 18
11 19
7 20
19 21
6 22
22
1 2
2 3
1 4
1 5
2 6
1 7
6 8
7 9
4 10
1 11
4 12
8 13
11 14
7 15
15 16
10 17
10 18
4 19
16 20
16 21
12 22
22
1 2
1 3
2 4
3 5
2 6
2 7
1 8
7 9
1 10
4 11
2 12
11 13
6 14
12 15
6 16
4 17
5 18
10 19
13 20
11 21
11 22
22
1 2
1 3
1 4
3 5
4 6
1 7
2 8
5 9
6 10
4 11
7 12
4 13
8 14
7 15
11 16
8 17
1 18
13 19
19 20
1 21
21 22
22
1 2
2 3
2 4
1 5
1 6
5 7
2 8
3 9
7 10
9 11
3 12
6 13
1 14
11 15
4 16
7 17
4 18
2 19
5 20
9 21
4 22
22
1 2
2 3
1 4
3 5
2 6
1 7
1 8
6 9
8 10
5 11
5 12
11 13
7 14
1 15
2 16
7 17
6 18
4 19
17 20
5 21
14 22
22
1 2
1 3
3 4
1 5
1 6
2 7
2 8
7 9
5 10
3 11
5 12
7 13
2 14
6 15
8 16
8 17
17 18
13 19
14 20
3 21
5 22
22
1 2
1 3
1 4
3 5
1 6
6 7
4 8
4 9
2 10
3 11
1 12
4 13
13 14
9 15
6 16
9 17
5 18
4 19
17 20
2 21
9 22
22
1 2
1 3
3 4
4 5
4 6
2 7
3 8
1 9
5 10
7 11
10 12
9 13
10 14
9 15
10 16
11 17
5 18
13 19
3 20
15 21
9 22
22
1 2
1 3
1 4
2 5
2 6
2 7
4 8
8 9
1 10
5 11
2 12
11 13
5 14
12 15
4 16
4 17
7 18
4 19
17 20
18 21
19 22
22
1 2
2 3
2 4
2 5
5 6
6 7
7 8
6 9
4 10
2 11
10 12
11 13
12 14
10 15
7 16
15 17
17 18
7 19
4 20
20 21
3 22
22
1 2
1 3
3 4
3 5
4 6
4 7
6 8
2 9
6 10
2 11
8 12
12 13
1 14
14 15
9 16
7 17
16 18
14 19
12 20
18 21
17 22
22
1 2
2 3
2 4
4 5
3 6
1 7
2 8
8 9
4 10
1 11
10 12
11 13
12 14
13 15
11 16
15 17
1 18
12 19
15 20
17 21
16 22
22
1 2
1 3
2 4
4 5
2 6
3 7
6 8
4 9
5 10
1 11
5 12
4 13
4 14
12 15
11 16
14 17
16 18
15 19
6 20
1 21
9 22
22
1 2
2 3
3 4
1 5
3 6
3 7
6 8
6 9
7 10
2 11
2 12
2 13
2 14
5 15
8 16
5 17
7 18
10 19
9 20
8 21
2 22
22
1 2
2 3
1 4
3 5
2 6
5 7
4 8
8 9
1 10
1 11
2 12
2 13
6 14
12 15
12 16
8 17
13 18
7 19
13 20
15 21
21 22
22
1 2
1 3
2 4
1 5
4 6
6 7
6 8
8 9
4 10
5 11
11 12
11 13
3 14
12 15
14 16
12 17
5 18
8 19
15 20
7 21
8 22
22
1 2
1 3
1 4
4 5
4 6
5 7
1 8
3 9
1 10
10 11
11 12
2 13
4 14
12 15
9 16
12 17
12 18
6 19
3 20
14 21
16 22
22
1 2
1 3
1 4
3 5
2 6
6 7
6 8
8 9
5 10
3 11
4 12
11 13
10 14
1 15
4 16
6 17
3 18
3 19
15 20
13 21
7 22
22
1 2
2 3
3 4
2 5
5 6
6 7
7 8
8 9
7 10
1 11
10 12
10 13
11 14
14 15
12 16
2 17
11 18
12 19
2 20
16 21
13 22
22
1 2
2 3
2 4
3 5
2 6
3 7
7 8
6 9
2 10
5 11
7 12
12 13
7 14
5 15
7 16
1 17
11 18
13 19
6 20
9 21
5 22
22
1 2
2 3
1 4
4 5
4 6
4 7
2 8
4 9
7 10
6 11
5 12
8 13
6 14
4 15
14 16
1 17
11 18
1 19
12 20
1 21
19 22
22
1 2
1 3
3 4
3 5
4 6
4 7
3 8
1 9
3 10
6 11
10 12
9 13
5 14
2 15
1 16
2 17
11 18
3 19
8 20
5 21
8 22
22
1 2
1 3
3 4
3 5
2 6
2 7
2 8
2 9
9 10
4 11
3 12
11 13
10 14
1 15
1 16
1 17
5 18
11 19
18 20
13 21
10 22
22
1 2
1 3
3 4
1 5
3 6
2 7
7 8
8 9
3 10
2 11
3 12
9 13
3 14
3 15
12 16
9 17
8 18
14 19
5 20
14 21
19 22
22
1 2
1 3
3 4
4 5
1 6
2 7
2 8
3 9
9 10
9 11
1 12
5 13
4 14
4 15
13 16
15 17
3 18
15 19
13 20
15 21
9 22
22
1 2
2 3
1 4
1 5
3 6
6 7
7 8
2 9
5 10
9 11
1 12
6 13
13 14
11 15
4 16
9 17
17 18
2 19
2 20
5 21
8 22
22
1 2
1 3
3 4
2 5
5 6
5 7
3 8
5 9
3 10
3 11
3 12
10 13
9 14
2 15
12 16
16 17
11 18
14 19
9 20
6 21
10 22
22
1 2
1 3
1 4
2 5
2 6
6 7
3 8
7 9
5 10
2 11
2 12
9 13
6 14
12 15
3 16
7 17
1 18
16 19
1 20
11 21
14 22
22
1 2
1 3
2 4
1 5
3 6
4 7
4 8
7 9
8 10
4 11
2 12
4 13
9 14
4 15
1 16
6 17
3 18
4 19
19 20
13 21
18 22
22
1 2
2 3
3 4
1 5
5 6
2 7
6 8
2 9
6 10
6 11
8 12
6 13
4 14
1 15
2 16
15 17
12 18
10 19
10 20
20 21
8 22
22
1 2
2 3
1 4
3 5
3 6
3 7
1 8
2 9
9 10
7 11
9 12
9 13
4 14
13 15
15 16
2 17
15 18
8 19
17 20
20 21
20 22
22
1 2
2 3
2 4
1 5
1 6
1 7
1 8
7 9
2 10
1 11
6 12
8 13
9 14
12 15
1 16
3 17
6 18
14 19
14 20
11 21
19 22
22
1 2
2 3
2 4
3 5
5 6
3 7
2 8
1 9
4 10
1 11
1 12
2 13
1 14
6 15
3 16
15 17
9 18
16 19
4 20
15 21
15 22
22
1 2
2 3
2 4
4 5
5 6
1 7
4 8
3 9
6 10
8 11
6 12
1 13
8 14
6 15
10 16
3 17
12 18
9 19
1 20
16 21
3 22
22
1 2
2 3
1 4
2 5
5 6
2 7
4 8
5 9
9 10
9 11
3 12
11 13
6 14
5 15
8 16
15 17
14 18
16 19
11 20
2 21
7 22
22
1 2
2 3
2 4
2 5
4 6
6 7
1 8
6 9
6 10
3 11
7 12
5 13
9 14
5 15
8 16
9 17
8 18
1 19
7 20
15 21
12 22
22
1 2
1 3
2 4
3 5
3 6
1 7
1 8
6 9
6 10
6 11
4 12
1 13
5 14
4 15
2 16
6 17
14 18
5 19
4 20
20 21
20 22
22
1 2
1 3
1 4
2 5
1 6
1 7
1 8
2 9
7 10
7 11
8 12
12 13
13 14
12 15
9 16
16 17
15 18
10 19
2 20
6 21
15 22
22
1 2
2 3
3 4
1 5
3 6
1 7
6 8
1 9
6 10
8 11
11 12
4 13
12 14
8 15
7 16
11 17
4 18
15 19
11 20
1 21
10 22
22
1 2
1 3
1 4
1 5
1 6
3 7
1 8
2 9
4 10
1 11
1 12
4 13
10 14
6 15
12 16
5 17
12 18
15 19
9 20
6 21
2 22
22
1 2
2 3
3 4
2 5
2 6
6 7
5 8
2 9
1 10
3 11
11 12
4 13
4 14
14 15
9 16
15 17
10 18
14 19
14 20
18 21
11 22
22
1 2
2 3
3 4
2 5
2 6
3 7
5 8
5 9
7 10
1 11
7 12
6 13
3 14
12 15
13 16
2 17
2 18
11 19
5 20
6 21
11 22
22
1 2
1 3
3 4
2 5
3 6
6 7
5 8
6 9
6 10
9 11
6 12
2 13
5 14
11 15
6 16
9 17
9 18
6 19
19 20
15 21
10 22
22
1 2
2 3
2 4
3 5
1 6
6 7
3 8
8 9
8 10
5 11
5 12
10 13
10 14
9 15
4 16
9 17
14 18
11 19
18 20
20 21
15 22
22
1 2
1 3
1 4
3 5
3 6
6 7
5 8
7 9
2 10
6 11
9 12
12 13
11 14
12 15
13 16
11 17
3 18
18 19
2 20
11 21
10 22
22
1 2
1 3
3 4
3 5
3 6
1 7
6 8
6 9
6 10
7 11
8 12
5 13
10 14
13 15
7 16
11 17
14 18
5 19
9 20
3 21
5 22
22
1 2
2 3
3 4
2 5
1 6
1 7
3 8
4 9
5 10
5 11
3 12
6 13
7 14
14 15
9 16
3 17
3 18
9 19
19 20
8 21
14 22
22
1 2
2 3
2 4
4 5
3 6
5 7
4 8
4 9
4 10
5 11
3 12
3 13
12 14
9 15
3 16
12 17
6 18
16 19
10 20
12 21
20 22
22
1 2
1 3
3 4
4 5
1 6
3 7
5 8
8 9
3 10
2 11
8 12
7 13
9 14
12 15
11 16
6 17
16 18
6 19
19 20
2 21
13 22
22
1 2
1 3
1 4
2 5
1 6
1 7
7 8
5 9
5 10
2 11
2 12
8 13
11 14
7 15
8 16
14 17
1 18
3 19
6 20
10 21
17 22
22
1 2
2 3
2 4
1 5
4 6
6 7
1 8
3 9
1 10
3 11
6 12
5 13
11 14
12 15
7 16
3 17
5 18
8 19
7 20
5 21
11 22
22
1 2
1 3
2 4
2 5
3 6
4 7
5 8
7 9
8 10
8 11
11 12
11 13
11 14
5 15
3 16
7 17
2 18
15 19
10 20
19 21
3 22
22
1 2
2 3
3 4
3 5
4 6
1 7
2 8
5 9
1 10
1 11
4 12
6 13
6 14
5 15
12 16
14 17
6 18
18 19
11 20
7 21
19 22
22
1 2
2 3
2 4
4 5
2 6
1 7
1 8
4 9
3 10
3 11
5 12
2 13
11 14
14 15
12 16
5 17
5 18
15 19
7 20
19 21
11 22
22
1 2
2 3
3 4
4 5
5 6
1 7
3 8
3 9
8 10
2 11
9 12
8 13
3 14
10 15
3 16
1 17
4 18
1 19
16 20
19 21
13 22
22
1 2
2 3
1 4
1 5
2 6
5 7
5 8
3 9
2 10
4 11
8 12
5 13
5 14
10 15
10 16
10 17
16 18
8 19
3 20
5 21
6 22
22
1 2
1 3
1 4
4 5
1 6
1 7
2 8
3 9
9 10
4 11
11 12
5 13
5 14
5 15
8 16
1 17
5 18
15 19
11 20
13 21
20 22
22
1 2
1 3
2 4
3 5
4 6
1 7
1 8
8 9
4 10
5 11
1 12
3 13
4 14
3 15
9 16
2 17
11 18
6 19
8 20
7 21
4 22
22
1 2
1 3
2 4
1 5
3 6
2 7
5 8
7 9
2 10
1 11
8 12
10 13
8 14
5 15
10 16
8 17
12 18
3 19
8 20
6 21
19 22
22
1 2
2 3
2 4
2 5
3 6
5 7
4 8
8 9
9 10
7 11
1 12
3 13
8 14
14 15
8 16
16 17
5 18
11 19
15 20
7 21
1 22
22
1 2
1 3
2 4
4 5
4 6
5 7
6 8
5 9
7 10
2 11
9 12
5 13
2 14
14 15
13 16
16 17
8 18
2 19
7 20
10 21
6 22
22
1 2
1 3
1 4
3 5
3 6
6 7
3 8
1 9
4 10
6 11
7 12
12 13
5 14
6 15
8 16
3 17
8 18
5 19
1 20
1 21
4 22
22
1 2
2 3
3 4
3 5
1 6
4 7
6 8
5 9
1 10
6 11
8 12
10 13
5 14
8 15
14 16
6 17
15 18
11 19
11 20
2 21
18 22
22
1 2
2 3
2 4
1 5
1 6
5 7
6 8
6 9
6 10
4 11
6 12
3 13
9 14
9 15
14 16
2 17
7 18
17 19
2 20
19 21
1 22
22
1 2
2 3
1 4
1 5
1 6
4 7
4 8
3 9
6 10
5 11
8 12
5 13
2 14
9 15
5 16
16 17
17 18
9 19
17 20
20 21
11 22
22
1 2
2 3
1 4
2 5
3 6
3 7
2 8
3 9
3 10
5 11
10 12
3 13
10 14
12 15
11 16
16 17
1 18
8 19
2 20
12 21
3 22
22
1 2
1 3
3 4
3 5
2 6
2 7
7 8
1 9
8 10
4 11
2 12
10 13
8 14
14 15
14 16
2 17
7 18
14 19
15 20
7 21
14 22
22
1 2
1 3
1 4
2 5
4 6
2 7
4 8
2 9
6 10
8 11
2 12
9 13
12 14
3 15
5 16
13 17
1 18
7 19
13 20
13 21
10 22
22
1 2
1 3
2 4
3 5
1 6
6 7
3 8
8 9
4 10
3 11
4 12
11 13
7 14
4 15
15 16
6 17
13 18
16 19
1 20
17 21
5 22
22
1 2
2 3
2 4
4 5
4 6
2 7
6 8
6 9
7 10
6 11
1 12
11 13
3 14
4 15
15 16
5 17
13 18
6 19
16 20
4 21
16 22
22
1 2
1 3
1 4
2 5
5 6
4 7
5 8
5 9
9 10
10 11
5 12
9 13
11 14
12 15
7 16
11 17
16 18
11 19
6 20
9 21
11 22
22
1 2
1 3
2 4
2 5
5 6
2 7
6 8
3 9
6 10
5 11
1 12
8 13
9 14
13 15
14 16
2 17
8 18
5 19
6 20
16 21
19 22
22
1 2
1 3
3 4
1 5
2 6
3 7
7 8
2 9
9 10
7 11
6 12
4 13
7 14
13 15
15 16
11 17
9 18
10 19
1 20
16 21
10 22
22
1 2
1 3
1 4
2 5
4 6
5 7
4 8
6 9
3 10
7 11
1 12
2 13
8 14
7 15
1 16
10 17
14 18
10 19
3 20
2 21
19 22
22
1 2
1 3
3 4
2 5
3 6
1 7
7 8
5 9
1 10
6 11
10 12
11 13
10 14
1 15
12 16
11 17
13 18
10 19
12 20
1 21
8 22
22
1 2
1 3
2 4
1 5
3 6
5 7
5 8
8 9
1 10
4 11
2 12
10 13
11 14
8 15
3 16
6 17
14 18
15 19
17 20
12 21
8 22
22
1 2
2 3
2 4
1 5
4 6
1 7
5 8
7 9
8 10
1 11
5 12
4 13
13 14
3 15
7 16
6 17
3 18
3 19
8 20
1 21
15 22
22
1 2
1 3
2 4
3 5
1 6
4 7
5 8
5 9
5 10
3 11
6 12
9 13
13 14
4 15
4 16
11 17
7 18
13 19
13 20
7 21
10 22
22
1 2
2 3
2 4
3 5
4 6
2 7
5 8
6 9
2 10
7 11
3 12
5 13
8 14
2 15
2 16
5 17
3 18
11 19
7 20
11 21
8 22
22
1 2
2 3
3 4
4 5
5 6
6 7
3 8
5 9
1 10
7 11
7 12
8 13
5 14
12 15
6 16
4 17
2 18
1 19
10 20
16 21
15 22
22
1 2
1 3
3 4
3 5
4 6
2 7
3 8
4 9
4 10
5 11
9 12
1 13
8 14
13 15
4 16
2 17
11 18
8 19
14 20
10 21
12 22
22
1 2
1 3
1 4
4 5
2 6
5 7
7 8
6 9
5 10
4 11
9 12
3 13
4 14
5 15
3 16
14 17
6 18
5 19
11 20
12 21
11 22
22
1 2
1 3
3 4
4 5
1 6
4 7
3 8
6 9
7 10
5 11
2 12
1 13
4 14
1 15
5 16
16 17
13 18
17 19
13 20
13 21
12 22
22
1 2
2 3
3 4
4 5
2 6
3 7
4 8
7 9
3 10
5 11
6 12
7 13
4 14
10 15
13 16
2 17
11 18
14 19
16 20
2 21
8 22
22
1 2
1 3
1 4
1 5
4 6
4 7
5 8
6 9
6 10
9 11
2 12
10 13
13 14
4 15
13 16
8 17
9 18
17 19
14 20
2 21
20 22
22
1 2
2 3
1 4
4 5
3 6
1 7
6 8
4 9
5 10
7 11
9 12
12 13
6 14
7 15
10 16
12 17
7 18
7 19
4 20
19 21
21 22
22
1 2
2 3
2 4
4 5
2 6
6 7
4 8
8 9
3 10
10 11
10 12
9 13
4 14
1 15
6 16
12 17
6 18
3 19
2 20
3 21
20 22
22
1 2
2 3
3 4
1 5
3 6
6 7
1 8
1 9
4 10
2 11
7 12
11 13
4 14
4 15
5 16
11 17
8 18
9 19
19 20
10 21
19 22
22
1 2
2 3
1 4
1 5
5 6
2 7
1 8
7 9
8 10
2 11
1 12
12 13
4 14
3 15
14 16
9 17
1 18
6 19
1 20
18 21
19 22
22
1 2
2 3
3 4
1 5
2 6
1 7
4 8
5 9
2 10
3 11
2 12
9 13
3 14
14 15
10 16
6 17
17 18
18 19
5 20
15 21
20 22
22
1 2
2 3
1 4
3 5
1 6
4 7
4 8
1 9
3 10
9 11
8 12
3 13
7 14
12 15
4 16
5 17
7 18
5 19
13 20
8 21
3 22
22
1 2
1 3
2 4
2 5
5 6
6 7
2 8
6 9
6 10
6 11
11 12
3 13
13 14
3 15
6 16
4 17
2 18
3 19
8 20
2 21
5 22
22
1 2
2 3
3 4
3 5
3 6
2 7
2 8
2 9
9 10
6 11
3 12
9 13
5 14
13 15
12 16
9 17
7 18
7 19
10 20
20 21
15 22
22
1 2
2 3
2 4
1 5
4 6
4 7
6 8
3 9
9 10
1 11
9 12
5 13
4 14
3 15
4 16
4 17
17 18
12 19
17 20
14 21
12 22
22
1 2
2 3
1 4
2 5
4 6
6 7
6 8
1 9
7 10
5 11
8 12
9 13
4 14
10 15
7 16
6 17
4 18
7 19
9 20
8 21
21 22
22
1 2
1 3
3 4
4 5
1 6
2 7
3 8
3 9
2 10
2 11
5 12
6 13
7 14
4 15
14 16
11 17
16 18
8 19
1 20
8 21
16 22
22
1 2
1 3
2 4
1 5
1 6
2 7
2 8
7 9
9 10
8 11
1 12
9 13
11 14
11 15
10 16
7 17
5 18
8 19
15 20
5 21
2 22
22
1 2
2 3
2 4
2 5
1 6
5 7
5 8
8 9
2 10
1 11
6 12
3 13
9 14
10 15
3 16
16 17
15 18
13 19
13 20
17 21
11 22
22
1 2
2 3
2 4
1 5
5 6
1 7
7 8
3 9
5 10
3 11
4 12
5 13
4 14
9 15
2 16
7 17
6 18
18 19
6 20
12 21
13 22
22
1 2
2 3
2 4
4 5
1 6
6 7
3 8
4 9
9 10
7 11
2 12
1 13
10 14
14 15
10 16
2 17
8 18
13 19
14 20
6 21
11 22
22
1 2
1 3
2 4
1 5
2 6
6 7
5 8
4 9
7 10
7 11
7 12
5 13
12 14
6 15
11 16
9 17
10 18
7 19
1 20
7 21
10 22
22
1 2
2 3
2 4
2 5
5 6
5 7
3 8
8 9
1 10
9 11
10 12
11 13
6 14
11 15
1 16
2 17
3 18
13 19
6 20
5 21
10 22
22
1 2
2 3
3 4
2 5
5 6
3 7
2 8
8 9
1 10
5 11
11 12
6 13
10 14
7 15
6 16
7 17
5 18
7 19
18 20
14 21
21 22
22
1 2
1 3
3 4
2 5
5 6
2 7
6 8
1 9
4 10
2 11
11 12
11 13
12 14
9 15
15 16
8 17
12 18
16 19
4 20
6 21
17 22
22
1 2
2 3
1 4
1 5
2 6
6 7
7 8
1 9
2 10
1 11
6 12
3 13
10 14
14 15
4 16
4 17
7 18
2 19
17 20
17 21
19 22
22
1 2
2 3
3 4
3 5
1 6
3 7
6 8
6 9
4 10
6 11
6 12
2 13
12 14
14 15
6 16
15 17
17 18
7 19
10 20
14 21
8 22
22
1 2
1 3
3 4
1 5
3 6
1 7
1 8
3 9
4 10
9 11
5 12
8 13
2 14
11 15
2 16
2 17
10 18
2 19
12 20
17 21
10 22
22
1 2
1 3
1 4
3 5
2 6
4 7
1 8
2 9
3 10
10 11
7 12
8 13
4 14
11 15
6 16
5 17
16 18
16 19
18 20
13 21
11 22
22
1 2
1 3
2 4
2 5
5 6
5 7
7 8
2 9
9 10
6 11
6 12
3 13
13 14
6 15
10 16
5 17
3 18
16 19
16 20
18 21
11 22
22
1 2
1 3
1 4
1 5
3 6
1 7
2 8
5 9
9 10
2 11
10 12
11 13
3 14
9 15
3 16
9 17
1 18
1 19
13 20
13 21
2 22
22
1 2
1 3
1 4
1 5
2 6
6 7
4 8
2 9
9 10
2 11
3 12
9 13
1 14
5 15
2 16
1 17
9 18
15 19
5 20
9 21
2 22
22
1 2
2 3
2 4
1 5
1 6
4 7
4 8
3 9
8 10
6 11
6 12
2 13
7 14
1 15
3 16
7 17
4 18
6 19
11 20
17 21
14 22
22
1 2
1 3
3 4
2 5
1 6
5 7
1 8
8 9
3 10
4 11
4 12
1 13
13 14
10 15
3 16
2 17
6 18
11 19
4 20
11 21
18 22
22
1 2
1 3
2 4
1 5
1 6
2 7
1 8
2 9
5 10
8 11
9 12
4 13
7 14
10 15
1 16
1 17
13 18
12 19
4 20
16 21
6 22
22
1 2
1 3
3 4
4 5
3 6
1 7
2 8
7 9
7 10
2 11
2 12
12 13
8 14
11 15
12 16
9 17
14 18
18 19
9 20
16 21
4 22
22
1 2
1 3
1 4
1 5
1 6
6 7
5 8
2 9
1 10
3 11
5 12
2 13
8 14
13 15
11 16
5 17
8 18
1 19
5 20
6 21
4 22
22
1 2
2 3
3 4
2 5
4 6
5 7
4 8
1 9
5 10
3 11
6 12
2 13
8 14
3 15
2 16
10 17
1 18
15 19
1 20
4 21
1 22
22
1 2
1 3
2 4
3 5
2 6
3 7
6 8
8 9
3 10
10 11
3 12
10 13
8 14
6 15
13 16
6 17
12 18
11 19
11 20
6 21
17 22
22
1 2
1 3
2 4
1 5
3 6
1 7
1 8
2 9
9 10
6 11
6 12
1 13
6 14
13 15
13 16
8 17
17 18
6 19
2 20
14 21
14 22
22
1 2
1 3
2 4
1 5
2 6
3 7
7 8
4 9
4 10
6 11
4 12
6 13
3 14
1 15
4 16
8 17
17 18
10 19
13 20
3 21
2 22
22
1 2
2 3
2 4
3 5
5 6
3 7
4 8
3 9
5 10
7 11
6 12
11 13
1 14
12 15
14 16
3 17
11 18
3 19
6 20
6 21
9 22
22
1 2
1 3
2 4
2 5
2 6
5 7
4 8
3 9
1 10
3 11
3 12
3 13
5 14
7 15
5 16
7 17
17 18
9 19
8 20
3 21
8 22
22
1 2
1 3
1 4
4 5
4 6
6 7
7 8
1 9
5 10
7 11
5 12
2 13
1 14
11 15
13 16
10 17
6 18
11 19
13 20
9 21
13 22
22
1 2
1 3
1 4
3 5
1 6
5 7
5 8
8 9
6 10
4 11
2 12
9 13
3 14
14 15
15 16
10 17
15 18
12 19
5 20
15 21
4 22
22
1 2
1 3
3 4
2 5
5 6
3 7
7 8
5 9
8 10
6 11
1 12
3 13
4 14
7 15
2 16
3 17
16 18
14 19
2 20
18 21
14 22
22
1 2
1 3
1 4
1 5
4 6
4 7
1 8
5 9
8 10
4 11
5 12
8 13
2 14
4 15
5 16
15 17
12 18
4 19
5 20
1 21
9 22
22
1 2
2 3
2 4
4 5
3 6
1 7
2 8
5 9
5 10
5 11
6 12
12 13
5 14
12 15
3 16
13 17
1 18
14 19
2 20
4 21
17 22
22
1 2
1 3
1 4
4 5
5 6
3 7
3 8
2 9
8 10
4 11
8 12
12 13
8 14
9 15
15 16
16 17
17 18
13 19
9 20
12 21
9 22
22
1 2
1 3
2 4
3 5
4 6
5 7
2 8
2 9
8 10
3 11
3 12
6 13
5 14
7 15
7 16
9 17
5 18
15 19
12 20
11 21
7 22
22
1 2
1 3
1 4
2 5
3 6
5 7
2 8
8 9
9 10
7 11
3 12
5 13
13 14
4 15
9 16
15 17
11 18
16 19
14 20
9 21
12 22
22
1 2
2 3
1 4
3 5
1 6
5 7
5 8
6 9
4 10
4 11
6 12
1 13
10 14
2 15
8 16
16 17
8 18
7 19
2 20
4 21
18 22
22
1 2
1 3
2 4
4 5
2 6
3 7
5 8
5 9
2 10
3 11
10 12
5 13
5 14
9 15
15 16
5 17
8 18
1 19
7 20
6 21
19 22
22
1 2
1 3
2 4
2 5
4 6
3 7
5 8
6 9
8 10
6 11
3 12
6 13
10 14
10 15
8 16
2 17
3 18
16 19
1 20
12 21
18 22
22
1 2
1 3
3 4
1 5
2 6
1 7
6 8
5 9
8 10
4 11
11 12
12 13
2 14
13 15
4 16
6 17
15 18
17 19
13 20
14 21
19 22
22
1 2
1 3
1 4
2 5
4 6
6 7
6 8
5 9
8 10
5 11
5 12
12 13
1 14
8 15
1 16
3 17
17 18
1 19
13 20
10 21
5 22
22
1 2
1 3
2 4
2 5
4 6
6 7
4 8
1 9
7 10
9 11
5 12
9 13
1 14
14 15
9 16
12 17
3 18
16 19
10 20
1 21
18 22
22
1 2
1 3
2 4
1 5
5 6
2 7
5 8
4 9
9 10
4 11
5 12
8 13
2 14
6 15
8 16
16 17
5 18
17 19
18 20
20 21
7 22
22
1 2
1 3
1 4
1 5
1 6
6 7
7 8
1 9
1 10
3 11
2 12
6 13
10 14
5 15
13 16
1 17
14 18
13 19
12 20
5 21
19 22
22
1 2
2 3
1 4
2 5
5 6
1 7
7 8
8 9
4 10
5 11
9 12
8 13
1 14
10 15
5 16
7 17
1 18
16 19
18 20
15 21
10 22
22
1 2
2 3
3 4
4 5
1 6
4 7
4 8
8 9
1 10
2 11
2 12
5 13
12 14
2 15
15 16
6 17
9 18
12 19
2 20
1 21
15 22
22
1 2
2 3
2 4
4 5
1 6
3 7
7 8
6 9
2 10
1 11
6 12
9 13
8 14
9 15
12 16
14 17
6 18
12 19
18 20
14 21
18 22
22
1 2
2 3
1 4
3 5
5 6
6 7
2 8
5 9
3 10
2 11
4 12
10 13
1 14
13 15
4 16
5 17
9 18
13 19
11 20
20 21
10 22
22
1 2
2 3
2 4
4 5
1 6
1 7
7 8
5 9
3 10
6 11
8 12
6 13
2 14
14 15
4 16
7 17
8 18
18 19
17 20
17 21
6 22
22
1 2
1 3
2 4
2 5
5 6
3 7
2 8
4 9
3 10
4 11
7 12
8 13
11 14
2 15
13 16
12 17
6 18
13 19
14 20
16 21
12 22
22
1 2
1 3
2 4
3 5
2 6
6 7
4 8
4 9
6 10
1 11
11 12
8 13
1 14
13 15
8 16
2 17
2 18
14 19
7 20
3 21
9 22
22
1 2
1 3
2 4
1 5
1 6
6 7
4 8
7 9
2 10
8 11
2 12
1 13
7 14
9 15
4 16
8 17
9 18
3 19
6 20
8 21
7 22
22
1 2
2 3
2 4
3 5
4 6
6 7
1 8
6 9
2 10
3 11
10 12
8 13
6 14
10 15
5 16
15 17
6 18
18 19
17 20
16 21
7 22
22
1 2
2 3
2 4
3 5
3 6
3 7
3 8
7 9
7 10
1 11
9 12
12 13
4 14
10 15
8 16
7 17
1 18
17 19
8 20
3 21
5 22
22
1 2
1 3
2 4
3 5
2 6
4 7
3 8
8 9
9 10
6 11
9 12
9 13
9 14
9 15
9 16
10 17
3 18
11 19
2 20
19 21
8 22
22
1 2
2 3
1 4
1 5
5 6
1 7
1 8
4 9
4 10
8 11
11 12
3 13
4 14
10 15
2 16
13 17
9 18
11 19
13 20
2 21
20 22
22
1 2
2 3
3 4
4 5
2 6
6 7
7 8
3 9
6 10
3 11
5 12
8 13
12 14
1 15
14 16
2 17
8 18
17 19
14 20
6 21
9 22
22
1 2
1 3
2 4
2 5
3 6
2 7
5 8
2 9
9 10
4 11
9 12
11 13
13 14
9 15
3 16
5 17
17 18
17 19
13 20
14 21
8 22
22
1 2
2 3
3 4
1 5
1 6
4 7
3 8
7 9
9 10
6 11
1 12
6 13
6 14
8 15
12 16
13 17
1 18
11 19
12 20
6 21
4 22
22
1 2
1 3
3 4
4 5
1 6
3 7
7 8
2 9
9 10
4 11
2 12
3 13
3 14
8 15
12 16
16 17
9 18
18 19
6 20
15 21
3 22
22
1 2
1 3
1 4
2 5
1 6
2 7
4 8
5 9
4 10
7 11
7 12
8 13
3 14
11 15
4 16
15 17
16 18
17 19
16 20
8 21
21 22
22
1 2
1 3
3 4
2 5
2 6
5 7
5 8
8 9
6 10
5 11
5 12
9 13
4 14
6 15
4 16
14 17
14 18
2 19
13 20
19 21
14 22
22
1 2
1 3
3 4
3 5
3 6
6 7
6 8
6 9
5 10
1 11
2 12
4 13
3 14
2 15
9 16
5 17
3 18
15 19
3 20
16 21
6 22
22
1 2
1 3
2 4
1 5
1 6
3 7
5 8
3 9
2 10
3 11
4 12
2 13
13 14
1 15
8 16
2 17
2 18
13 19
16 20
9 21
5 22
22
1 2
1 3
2 4
3 5
2 6
3 7
7 8
6 9
2 10
4 11
2 12
9 13
13 14
7 15
5 16
6 17
3 18
6 19
13 20
10 21
21 22
22
1 2
1 3
2 4
1 5
5 6
6 7
1 8
8 9
5 10
6 11
4 12
12 13
10 14
2 15
13 16
16 17
1 18
4 19
10 20
7 21
8 22
22
1 2
1 3
2 4
4 5
5 6
3 7
5 8
3 9
4 10
1 11
3 12
5 13
13 14
14 15
6 16
5 17
11 18
18 19
10 20
18 21
10 22
22
1 2
1 3
1 4
4 5
4 6
2 7
3 8
7 9
4 10
4 11
8 12
2 13
10 14
13 15
13 16
4 17
3 18
8 19
1 20
8 21
5 22
22
1 2
2 3
2 4
2 5
1 6
6 7
6 8
1 9
1 10
10 11
6 12
9 13
6 14
2 15
4 16
14 17
17 18
13 19
16 20
18 21
17 22
22
1 2
1 3
3 4
4 5
4 6
4 7
3 8
6 9
8 10
3 11
8 12
3 13
12 14
8 15
8 16
11 17
11 18
6 19
9 20
13 21
5 22
22
1 2
2 3
2 4
2 5
5 6
4 7
3 8
4 9
6 10
4 11
10 12
4 13
10 14
5 15
14 16
14 17
1 18
6 19
17 20
13 21
21 22
22
1 2
1 3
1 4
2 5
2 6
3 7
6 8
6 9
8 10
6 11
3 12
6 13
11 14
3 15
13 16
7 17
9 18
6 19
11 20
8 21
6 22
22
1 2
2 3
2 4
4 5
3 6
2 7
6 8
5 9
2 10
5 11
3 12
5 13
7 14
8 15
12 16
6 17
2 18
12 19
19 20
18 21
1 22
22
1 2
1 3
2 4
3 5
1 6
4 7
1 8
8 9
9 10
8 11
8 12
10 13
9 14
10 15
5 16
11 17
14 18
12 19
7 20
7 21
19 22
22
1 2
1 3
1 4
1 5
2 6
1 7
1 8
7 9
6 10
1 11
8 12
11 13
4 14
13 15
11 16
13 17
15 18
2 19
7 20
2 21
2 22
22
1 2
2 3
3 4
3 5
2 6
2 7
1 8
3 9
2 10
4 11
4 12
12 13
13 14
12 15
9 16
7 17
10 18
4 19
1 20
14 21
12 22
22
1 2
1 3
2 4
4 5
1 6
4 7
5 8
6 9
7 10
1 11
6 12
2 13
9 14
12 15
6 16
13 17
8 18
16 19
3 20
10 21
1 22
22
1 2
2 3
3 4
3 5
2 6
2 7
4 8
7 9
9 10
9 11
6 12
4 13
6 14
8 15
12 16
7 17
7 18
16 19
16 20
5 21
3 22
22
1 2
1 3
1 4
1 5
2 6
3 7
7 8
4 9
7 10
7 11
6 12
12 13
2 14
4 15
1 16
14 17
8 18
5 19
14 20
4 21
19 22
22
1 2
2 3
3 4
3 5
5 6
6 7
5 8
2 9
1 10
1 11
10 12
2 13
1 14
10 15
10 16
15 17
5 18
17 19
15 20
2 21
15 22
22
1 2
2 3
1 4
3 5
2 6
4 7
2 8
3 9
1 10
2 11
8 12
4 13
8 14
13 15
3 16
11 17
15 18
18 19
14 20
10 21
7 22
22
1 2
2 3
1 4
4 5
3 6
4 7
5 8
5 9
7 10
1 11
6 12
1 13
8 14
2 15
2 16
6 17
1 18
12 19
18 20
6 21
7 22
22
1 2
2 3
2 4
4 5
3 6
6 7
4 8
8 9
1 10
1 11
6 12
1 13
3 14
8 15
8 16
7 17
13 18
17 19
15 20
14 21
16 22
22
1 2
2 3
1 4
4 5
5 6
6 7
5 8
4 9
2 10
9 11
9 12
6 13
12 14
11 15
12 16
15 17
13 18
10 19
18 20
12 21
16 22
22
1 2
2 3
1 4
3 5
3 6
3 7
5 8
5 9
7 10
3 11
4 12
5 13
10 14
5 15
13 16
7 17
14 18
16 19
1 20
4 21
17 22
22
1 2
2 3
2 4
3 5
3 6
6 7
7 8
2 9
7 10
8 11
11 12
6 13
10 14
11 15
10 16
11 17
13 18
14 19
14 20
15 21
6 22
22
1 2
1 3
2 4
1 5
3 6
4 7
5 8
4 9
5 10
10 11
2 12
10 13
13 14
10 15
6 16
15 17
10 18
6 19
2 20
20 21
20 22
22
1 2
1 3
1 4
1 5
2 6
2 7
7 8
2 9
9 10
3 11
9 12
1 13
12 14
9 15
12 16
14 17
14 18
16 19
14 20
9 21
8 22
22
1 2
1 3
1 4
2 5
2 6
5 7
7 8
3 9
6 10
6 11
11 12
4 13
4 14
3 15
1 16
12 17
13 18
12 19
17 20
9 21
5 22
22
1 2
1 3
3 4
4 5
3 6
2 7
2 8
1 9
6 10
5 11
3 12
7 13
4 14
7 15
11 16
12 17
16 18
6 19
8 20
11 21
10 22
22
1 2
2 3
2 4
3 5
1 6
3 7
2 8
4 9
4 10
10 11
6 12
5 13
11 14
6 15
9 16
1 17
4 18
16 19
4 20
3 21
9 22
22
1 2
1 3
1 4
4 5
1 6
6 7
5 8
1 9
4 10
4 11
8 12
9 13
13 14
8 15
10 16
15 17
3 18
8 19
10 20
2 21
15 22
22
1 2
2 3
2 4
1 5
5 6
2 7
7 8
3 9
5 10
10 11
9 12
4 13
13 14
11 15
6 16
10 17
6 18
15 19
9 20
7 21
12 22
22
1 2
2 3
2 4
2 5
1 6
4 7
7 8
7 9
8 10
1 11
4 12
7 13
12 14
13 15
1 16
3 17
12 18
18 19
4 20
11 21
6 22
22
1 2
1 3
1 4
2 5
4 6
5 7
4 8
8 9
9 10
2 11
5 12
7 13
13 14
14 15
4 16
8 17
9 18
5 19
14 20
4 21
4 22
22
1 2
2 3
3 4
2 5
1 6
5 7
3 8
8 9
9 10
4 11
6 12
5 13
13 14
8 15
10 16
4 17
8 18
16 19
1 20
7 21
13 22
22
1 2
2 3
3 4
1 5
4 6
3 7
5 8
1 9
1 10
2 11
10 12
7 13
12 14
3 15
15 16
3 17
15 18
14 19
8 20
14 21
1 22
22
1 2
2 3
2 4
3 5
4 6
4 7
4 8
2 9
9 10
9 11
7 12
7 13
9 14
3 15
15 16
6 17
1 18
7 19
10 20
10 21
10 22
22
1 2
2 3
2 4
1 5
4 6
2 7
5 8
1 9
8 10
5 11
11 12
4 13
13 14
12 15
2 16
14 17
3 18
10 19
1 20
4 21
10 22
22
1 2
2 3
3 4
3 5
1 6
2 7
5 8
3 9
5 10
2 11
8 12
9 13
3 14
8 15
10 16
10 17
11 18
17 19
2 20
19 21
20 22
22
1 2
2 3
2 4
2 5
1 6
3 7
1 8
4 9
4 10
10 11
4 12
7 13
9 14
6 15
15 16
11 17
15 18
14 19
4 20
11 21
14 22
22
1 2
1 3
3 4
1 5
3 6
5 7
6 8
8 9
1 10
4 11
5 12
4 13
10 14
6 15
10 16
11 17
8 18
13 19
8 20
15 21
12 22
22
1 2
2 3
3 4
2 5
3 6
2 7
1 8
3 9
5 10
5 11
1 12
9 13
11 14
12 15
6 16
15 17
6 18
8 19
8 20
17 21
17 22
22
1 2
1 3
1 4
2 5
2 6
5 7
4 8
1 9
7 10
4 11
2 12
1 13
1 14
2 15
11 16
7 17
7 18
18 19
8 20
6 21
10 22
22
1 2
1 3
1 4
4 5
5 6
3 7
4 8
6 9
9 10
10 11
7 12
7 13
10 14
5 15
15 16
13 17
12 18
11 19
1 20
5 21
9 22
22
1 2
2 3
3 4
1 5
1 6
6 7
5 8
1 9
5 10
3 11
7 12
2 13
12 14
11 15
11 16
15 17
4 18
1 19
2 20
10 21
17 22
22
1 2
2 3
3 4
1 5
5 6
1 7
5 8
8 9
6 10
1 11
7 12
1 13
1 14
4 15
10 16
5 17
14 18
6 19
2 20
9 21
19 22
22
1 2
1 3
1 4
4 5
4 6
4 7
3 8
8 9
9 10
1 11
9 12
9 13
5 14
12 15
3 16
12 17
16 18
7 19
5 20
16 21
2 22
22
1 2
1 3
3 4
4 5
2 6
4 7
3 8
7 9
1 10
7 11
5 12
4 13
3 14
7 15
13 16
10 17
10 18
3 19
18 20
10 21
5 22
22
1 2
1 3
2 4
2 5
4 6
4 7
4 8
2 9
4 10
10 11
8 12
9 13
12 14
9 15
10 16
16 17
4 18
11 19
10 20
3 21
11 22
22
1 2
2 3
1 4
2 5
2 6
3 7
1 8
5 9
6 10
5 11
6 12
11 13
10 14
7 15
9 16
4 17
1 18
14 19
15 20
3 21
11 22
22
1 2
2 3
3 4
2 5
1 6
2 7
3 8
4 9
1 10
8 11
7 12
7 13
10 14
12 15
14 16
6 17
12 18
8 19
10 20
19 21
10 22
22
1 2
2 3
1 4
3 5
3 6
6 7
6 8
4 9
8 10
9 11
11 12
4 13
9 14
13 15
12 16
12 17
1 18
12 19
9 20
15 21
4 22
22
1 2
1 3
2 4
3 5
4 6
1 7
1 8
6 9
1 10
3 11
4 12
4 13
13 14
6 15
11 16
12 17
7 18
7 19
17 20
18 21
11 22
22
1 2
2 3
1 4
3 5
1 6
6 7
3 8
2 9
1 10
1 11
8 12
7 13
1 14
5 15
3 16
4 17
9 18
18 19
1 20
9 21
15 22
22
1 2
2 3
1 4
4 5
2 6
5 7
3 8
2 9
9 10
1 11
7 12
6 13
11 14
11 15
12 16
10 17
16 18
8 19
2 20
16 21
5 22
22
1 2
1 3
1 4
2 5
1 6
2 7
1 8
5 9
9 10
10 11
4 12
9 13
4 14
2 15
14 16
15 17
15 18
9 19
18 20
17 21
9 22
22
1 2
1 3
2 4
3 5
2 6
2 7
4 8
3 9
2 10
4 11
8 12
2 13
12 14
6 15
14 16
3 17
17 18
14 19
10 20
8 21
9 22
22
1 2
2 3
1 4
4 5
2 6
5 7
7 8
5 9
7 10
1 11
11 12
4 13
9 14
11 15
5 16
10 17
10 18
15 19
8 20
7 21
3 22
22
1 2
2 3
3 4
1 5
4 6
6 7
3 8
8 9
3 10
6 11
8 12
10 13
12 14
1 15
13 16
10 17
11 18
18 19
4 20
12 21
9 22
22
1 2
1 3
1 4
1 5
2 6
3 7
2 8
4 9
1 10
2 11
9 12
5 13
2 14
14 15
7 16
15 17
11 18
18 19
6 20
2 21
2 22
22
1 2
1 3
3 4
1 5
3 6
4 7
7 8
2 9
2 10
5 11
7 12
7 13
12 14
10 15
10 16
4 17
8 18
13 19
18 20
17 21
2 22
22
1 2
1 3
2 4
1 5
1 6
1 7
3 8
2 9
8 10
3 11
3 12
1 13
5 14
14 15
8 16
1 17
4 18
9 19
12 20
11 21
6 22
22
1 2
1 3
1 4
2 5
2 6
6 7
6 8
8 9
8 10
10 11
5 12
10 13
5 14
11 15
14 16
12 17
9 18
15 19
14 20
12 21
7 22
22
1 2
1 3
1 4
3 5
5 6
4 7
3 8
8 9
3 10
6 11
3 12
12 13
5 14
2 15
13 16
16 17
8 18
15 19
4 20
19 21
6 22
22
1 2
2 3
1 4
1 5
1 6
5 7
7 8
1 9
7 10
4 11
5 12
10 13
8 14
13 15
2 16
12 17
4 18
2 19
17 20
6 21
4 22
22
1 2
2 3
3 4
4 5
4 6
3 7
5 8
3 9
3 10
2 11
3 12
2 13
7 14
10 15
13 16
5 17
8 18
4 19
15 20
20 21
11 22
22
1 2
2 3
1 4
1 5
2 6
4 7
7 8
1 9
2 10
8 11
4 12
12 13
10 14
6 15
15 16
10 17
17 18
8 19
19 20
3 21
19 22
22
1 2
1 3
3 4
1 5
4 6
6 7
6 8
5 9
5 10
5 11
7 12
8 13
1 14
6 15
4 16
3 17
17 18
3 19
15 20
20 21
15 22
22
1 2
1 3
2 4
1 5
2 6
4 7
7 8
8 9
9 10
6 11
3 12
7 13
5 14
2 15
8 16
6 17
6 18
8 19
15 20
11 21
7 22
22
1 2
2 3
1 4
3 5
3 6
4 7
4 8
8 9
4 10
7 11
2 12
11 13
6 14
5 15
14 16
13 17
10 18
7 19
18 20
11 21
20 22
22
1 2
2 3
3 4
2 5
2 6
5 7
3 8
5 9
8 10
5 11
3 12
5 13
1 14
14 15
15 16
12 17
2 18
9 19
13 20
2 21
20 22
22
1 2
1 3
2 4
2 5
1 6
4 7
5 8
1 9
2 10
6 11
6 12
5 13
10 14
13 15
4 16
13 17
12 18
17 19
2 20
15 21
11 22
22
1 2
2 3
1 4
2 5
5 6
4 7
1 8
5 9
5 10
5 11
2 12
4 13
4 14
3 15
12 16
14 17
4 18
9 19
6 20
8 21
7 22
22
1 2
1 3
3 4
2 5
1 6
1 7
3 8
5 9
3 10
4 11
1 12
6 13
12 14
13 15
13 16
12 17
16 18
13 19
17 20
13 21
8 22
22
1 2
1 3
2 4
1 5
4 6
6 7
2 8
1 9
3 10
7 11
9 12
8 13
9 14
8 15
6 16
12 17
5 18
16 19
10 20
3 21
8 22
22
1 2
2 3
1 4
3 5
4 6
6 7
6 8
6 9
6 10
6 11
2 12
1 13
7 14
14 15
1 16
4 17
15 18
3 19
4 20
12 21
1 22
22
1 2
2 3
1 4
1 5
1 6
3 7
7 8
1 9
2 10
3 11
5 12
11 13
2 14
3 15
11 16
7 17
14 18
17 19
17 20
10 21
7 22
22
1 2
1 3
1 4
2 5
4 6
6 7
1 8
5 9
1 10
1 11
1 12
5 13
1 14
2 15
15 16
8 17
5 18
6 19
12 20
2 21
4 22
22
1 2
2 3
2 4
1 5
5 6
2 7
4 8
2 9
4 10
9 11
2 12
1 13
6 14
13 15
7 16
3 17
1 18
3 19
17 20
18 21
10 22
22
1 2
2 3
1 4
1 5
4 6
5 7
7 8
7 9
6 10
5 11
2 12
5 13
7 14
12 15
6 16
13 17
7 18
13 19
18 20
19 21
2 22
22
1 2
1 3
2 4
2 5
3 6
5 7
7 8
4 9
9 10
7 11
9 12
8 13
11 14
13 15
14 16
15 17
10 18
6 19
15 20
2 21
17 22
22
1 2
2 3
1 4
2 5
5 6
4 7
7 8
4 9
6 10
3 11
2 12
5 13
8 14
8 15
5 16
7 17
17 18
10 19
9 20
20 21
8 22
22
1 2
1 3
2 4
1 5
5 6
4 7
1 8
3 9
8 10
2 11
3 12
4 13
2 14
11 15
15 16
14 17
11 18
16 19
4 20
3 21
10 22
22
1 2
2 3
3 4
4 5
1 6
3 7
7 8
1 9
9 10
1 11
3 12
9 13
11 14
11 15
4 16
11 17
13 18
11 19
5 20
1 21
10 22
22
1 2
2 3
3 4
2 5
4 6
1 7
7 8
7 9
6 10
8 11
7 12
11 13
9 14
2 15
8 16
1 17
9 18
16 19
16 20
18 21
14 22
22
1 2
1 3
3 4
1 5
1 6
5 7
6 8
5 9
5 10
7 11
8 12
1 13
9 14
11 15
10 16
3 17
6 18
1 19
4 20
8 21
11 22
22
1 2
1 3
2 4
3 5
3 6
1 7
3 8
3 9
5 10
2 11
5 12
7 13
7 14
7 15
2 16
4 17
16 18
3 19
13 20
13 21
18 22
22
1 2
2 3
2 4
3 5
5 6
5 7
5 8
7 9
2 10
3 11
11 12
1 13
2 14
8 15
9 16
12 17
17 18
12 19
19 20
9 21
19 22
22
1 2
1 3
3 4
1 5
4 6
3 7
4 8
1 9
1 10
6 11
8 12
5 13
12 14
4 15
9 16
13 17
10 18
6 19
3 20
4 21
2 22
22
1 2
2 3
3 4
3 5
2 6
6 7
5 8
1 9
3 10
9 11
1 12
3 13
13 14
9 15
14 16
16 17
16 18
13 19
1 20
12 21
7 22
22
1 2
2 3
2 4
4 5
1 6
1 7
5 8
4 9
3 10
6 11
2 12
5 13
4 14
10 15
6 16
16 17
9 18
3 19
5 20
20 21
2 22
22
1 2
1 3
3 4
2 5
5 6
3 7
7 8
8 9
5 10
9 11
1 12
12 13
8 14
11 15
8 16
15 17
16 18
10 19
9 20
17 21
2 22
22
1 2
2 3
3 4
4 5
3 6
1 7
3 8
6 9
3 10
5 11
3 12
9 13
4 14
10 15
9 16
6 17
15 18
13 19
7 20
12 21
2 22
22
1 2
2 3
3 4
3 5
3 6
1 7
1 8
1 9
6 10
1 11
10 12
7 13
9 14
10 15
5 16
14 17
11 18
9 19
5 20
18 21
5 22
22
1 2
1 3
1 4
2 5
4 6
1 7
5 8
4 9
8 10
7 11
3 12
2 13
3 14
7 15
12 16
3 17
8 18
12 19
17 20
2 21
21 22
22
1 2
1 3
3 4
3 5
2 6
3 7
3 8
1 9
8 10
4 11
3 12
1 13
8 14
10 15
14 16
13 17
10 18
14 19
7 20
18 21
2 22
22
1 2
1 3
2 4
3 5
3 6
2 7
2 8
3 9
3 10
10 11
7 12
3 13
2 14
10 15
14 16
16 17
7 18
9 19
17 20
4 21
19 22
22
1 2
2 3
1 4
3 5
2 6
6 7
4 8
3 9
7 10
1 11
5 12
6 13
11 14
13 15
14 16
7 17
9 18
8 19
13 20
16 21
2 22
22
1 2
2 3
3 4
2 5
3 6
3 7
4 8
3 9
5 10
10 11
9 12
2 13
4 14
11 15
8 16
4 17
12 18
11 19
15 20
17 21
21 22
22
1 2
2 3
3 4
1 5
3 6
6 7
3 8
2 9
2 10
9 11
8 12
2 13
8 14
3 15
1 16
1 17
1 18
9 19
7 20
12 21
13 22
22
1 2
1 3
3 4
3 5
2 6
6 7
6 8
8 9
6 10
6 11
11 12
10 13
4 14
12 15
8 16
12 17
8 18
2 19
7 20
6 21
2 22
22
1 2
2 3
1 4
3 5
2 6
2 7
6 8
3 9
6 10
3 11
4 12
12 13
8 14
3 15
12 16
1 17
3 18
18 19
13 20
10 21
6 22
22
1 2
2 3
1 4
3 5
5 6
2 7
6 8
5 9
2 10
3 11
5 12
4 13
10 14
3 15
8 16
6 17
5 18
14 19
13 20
13 21
6 22
22
1 2
1 3
1 4
2 5
1 6
3 7
3 8
1 9
3 10
2 11
10 12
2 13
7 14
13 15
4 16
10 17
9 18
4 19
6 20
19 21
12 22
22
1 2
2 3
2 4
3 5
3 6
4 7
2 8
2 9
7 10
4 11
9 12
7 13
4 14
3 15
10 16
7 17
7 18
15 19
11 20
14 21
8 22
22
1 2
1 3
1 4
1 5
3 6
4 7
5 8
2 9
3 10
5 11
8 12
10 13
10 14
11 15
1 16
5 17
2 18
13 19
5 20
8 21
17 22
22
1 2
1 3
2 4
1 5
3 6
6 7
7 8
3 9
8 10
8 11
2 12
9 13
11 14
14 15
2 16
2 17
6 18
7 19
4 20
3 21
4 22
22
1 2
1 3
2 4
3 5
3 6
4 7
4 8
1 9
9 10
4 11
9 12
4 13
13 14
14 15
14 16
12 17
5 18
3 19
16 20
13 21
12 22
22
1 2
2 3
1 4
2 5
5 6
5 7
2 8
6 9
8 10
5 11
4 12
1 13
1 14
5 15
15 16
2 17
2 18
10 19
17 20
13 21
15 22
22
1 2
1 3
2 4
1 5
5 6
3 7
5 8
3 9
7 10
8 11
4 12
3 13
11 14
9 15
11 16
16 17
8 18
5 19
6 20
10 21
15 22
22
1 2
2 3
3 4
4 5
5 6
3 7
3 8
2 9
4 10
7 11
2 12
1 13
12 14
2 15
11 16
7 17
7 18
7 19
17 20
3 21
7 22
22
1 2
1 3
2 4
3 5
3 6
3 7
1 8
5 9
3 10
7 11
6 12
2 13
12 14
7 15
1 16
2 17
12 18
14 19
6 20
7 21
21 22
22
1 2
1 3
2 4
2 5
5 6
4 7
7 8
6 9
8 10
2 11
5 12
11 13
11 14
11 15
14 16
2 17
15 18
4 19
4 20
18 21
10 22
22
1 2
2 3
2 4
3 5
1 6
3 7
2 8
7 9
8 10
7 11
6 12
12 13
7 14
4 15
3 16
6 17
13 18
5 19
10 20
11 21
6 22
22
1 2
2 3
2 4
2 5
5 6
4 7
5 8
4 9
5 10
5 11
6 12
1 13
12 14
10 15
15 16
11 17
3 18
9 19
4 20
6 21
9 22
22
1 2
2 3
2 4
1 5
3 6
2 7
2 8
5 9
9 10
4 11
9 12
2 13
5 14
9 15
12 16
12 17
8 18
7 19
12 20
20 21
18 22
22
1 2
2 3
3 4
3 5
1 6
4 7
1 8
4 9
7 10
2 11
11 12
9 13
1 14
6 15
5 16
1 17
1 18
9 19
4 20
20 21
7 22
22
1 2
2 3
3 4
3 5
3 6
3 7
6 8
5 9
5 10
1 11
11 12
10 13
4 14
2 15
8 16
11 17
5 18
1 19
12 20
7 21
17 22
22
1 2
1 3
1 4
2 5
5 6
1 7
6 8
6 9
3 10
3 11
11 12
9 13
1 14
12 15
13 16
16 17
12 18
5 19
10 20
14 21
8 22
22
1 2
2 3
2 4
4 5
5 6
1 7
6 8
3 9
5 10
10 11
9 12
3 13
8 14
5 15
14 16
16 17
13 18
13 19
6 20
12 21
4 22
22
1 2
1 3
2 4
3 5
2 6
2 7
4 8
5 9
9 10
4 11
3 12
1 13
8 14
10 15
4 16
5 17
9 18
17 19
10 20
11 21
7 22
22
1 2
1 3
2 4
4 5
2 6
6 7
7 8
1 9
3 10
3 11
5 12
5 13
3 14
11 15
3 16
16 17
8 18
4 19
17 20
10 21
21 22
22
1 2
1 3
3 4
1 5
3 6
2 7
7 8
2 9
9 10
2 11
7 12
1 13
8 14
6 15
11 16
16 17
7 18
5 19
19 20
7 21
15 22
22
1 2
1 3
3 4
2 5
2 6
4 7
7 8
6 9
6 10
2 11
1 12
4 13
6 14
3 15
8 16
14 17
4 18
11 19
2 20
7 21
1 22
22
1 2
1 3
3 4
2 5
2 6
3 7
1 8
8 9
9 10
6 11
4 12
4 13
11 14
8 15
2 16
5 17
1 18
4 19
14 20
19 21
3 22
22
1 2
1 3
2 4
4 5
5 6
2 7
6 8
4 9
8 10
2 11
7 12
12 13
8 14
12 15
11 16
5 17
11 18
6 19
5 20
5 21
1 22
22
1 2
2 3
3 4
2 5
3 6
1 7
2 8
1 9
7 10
6 11
10 12
9 13
6 14
2 15
9 16
7 17
9 18
14 19
19 20
12 21
7 22
22
1 2
1 3
3 4
2 5
1 6
3 7
5 8
3 9
2 10
2 11
2 12
4 13
7 14
4 15
11 16
7 17
2 18
11 19
14 20
18 21
21 22
22
1 2
1 3
1 4
1 5
5 6
6 7
1 8
3 9
5 10
8 11
5 12
10 13
12 14
14 15
13 16
7 17
1 18
13 19
2 20
19 21
12 22
22
1 2
1 3
2 4
4 5
2 6
5 7
6 8
7 9
6 10
9 11
10 12
7 13
3 14
5 15
3 16
12 17
10 18
4 19
9 20
2 21
9 22
22
1 2
2 3
1 4
3 5
5 6
1 7
7 8
1 9
3 10
7 11
4 12
1 13
2 14
8 15
9 16
12 17
7 18
4 19
14 20
7 21
13 22
22
1 2
1 3
3 4
2 5
5 6
5 7
2 8
3 9
6 10
1 11
3 12
3 13
8 14
7 15
4 16
3 17
4 18
7 19
11 20
15 21
19 22
22
1 2
2 3
3 4
3 5
3 6
5 7
4 8
6 9
7 10
7 11
4 12
3 13
1 14
8 15
13 16
11 17
17 18
16 19
9 20
12 21
3 22
22
1 2
1 3
2 4
4 5
5 6
2 7
7 8
3 9
1 10
7 11
10 12
4 13
1 14
14 15
11 16
9 17
5 18
5 19
14 20
10 21
8 22
22
1 2
1 3
1 4
4 5
1 6
6 7
1 8
4 9
8 10
4 11
3 12
3 13
6 14
7 15
11 16
16 17
6 18
15 19
17 20
3 21
20 22
22
1 2
1 3
3 4
2 5
2 6
6 7
4 8
5 9
3 10
8 11
7 12
7 13
2 14
1 15
3 16
13 17
6 18
13 19
11 20
20 21
19 22
22
1 2
2 3
1 4
2 5
4 6
2 7
7 8
7 9
7 10
9 11
8 12
9 13
3 14
2 15
4 16
5 17
11 18
18 19
5 20
17 21
1 22
22
1 2
1 3
2 4
3 5
2 6
4 7
1 8
1 9
7 10
6 11
3 12
9 13
11 14
10 15
11 16
12 17
16 18
16 19
13 20
3 21
15 22
22
1 2
2 3
1 4
2 5
3 6
3 7
4 8
2 9
8 10
6 11
10 12
11 13
10 14
4 15
10 16
11 17
14 18
12 19
17 20
7 21
1 22
22
1 2
1 3
2 4
3 5
2 6
3 7
3 8
6 9
2 10
8 11
3 12
12 13
8 14
12 15
12 16
2 17
15 18
1 19
8 20
15 21
10 22
22
1 2
1 3
2 4
2 5
2 6
4 7
7 8
6 9
4 10
7 11
10 12
5 13
4 14
9 15
14 16
13 17
11 18
15 19
16 20
5 21
9 22
22
1 2
1 3
3 4
2 5
2 6
1 7
2 8
7 9
8 10
7 11
5 12
8 13
6 14
12 15
3 16
13 17
13 18
6 19
17 20
14 21
8 22
22
1 2
1 3
1 4
3 5
5 6
5 7
2 8
7 9
3 10
1 11
1 12
4 13
5 14
14 15
2 16
6 17
13 18
14 19
4 20
3 21
7 22
22
1 2
2 3
1 4
3 5
2 6
5 7
6 8
8 9
3 10
9 11
6 12
4 13
4 14
1 15
10 16
5 17
15 18
7 19
10 20
14 21
20 22
22
1 2
2 3
1 4
3 5
2 6
4 7
1 8
2 9
9 10
8 11
5 12
7 13
1 14
13 15
14 16
13 17
17 18
10 19
12 20
1 21
21 22
22
1 2
2 3
3 4
2 5
2 6
4 7
1 8
1 9
2 10
4 11
10 12
11 13
9 14
7 15
10 16
16 17
13 18
5 19
13 20
5 21
8 22
22
1 2
2 3
2 4
3 5
3 6
3 7
7 8
8 9
6 10
9 11
10 12
2 13
11 14
10 15
3 16
9 17
10 18
12 19
19 20
16 21
18 22
22
1 2
1 3
1 4
4 5
1 6
1 7
2 8
3 9
7 10
4 11
11 12
12 13
10 14
9 15
7 16
5 17
17 18
1 19
3 20
18 21
12 22
22
1 2
1 3
1 4
3 5
2 6
2 7
7 8
6 9
7 10
2 11
3 12
5 13
9 14
2 15
2 16
13 17
10 18
8 19
8 20
1 21
1 22
22
1 2
2 3
2 4
3 5
1 6
2 7
1 8
4 9
8 10
5 11
11 12
12 13
7 14
3 15
14 16
13 17
1 18
7 19
15 20
13 21
1 22
22
1 2
2 3
3 4
1 5
1 6
1 7
2 8
2 9
3 10
6 11
7 12
10 13
12 14
10 15
14 16
3 17
8 18
5 19
1 20
4 21
8 22
22
1 2
2 3
3 4
1 5
4 6
4 7
5 8
4 9
5 10
4 11
11 12
1 13
11 14
8 15
11 16
13 17
1 18
5 19
12 20
14 21
10 22
22
1 2
2 3
3 4
1 5
2 6
4 7
3 8
7 9
6 10
7 11
6 12
12 13
11 14
13 15
1 16
9 17
17 18
8 19
4 20
14 21
16 22
22
1 2
2 3
1 4
1 5
4 6
2 7
3 8
3 9
7 10
2 11
2 12
4 13
11 14
5 15
14 16
1 17
2 18
3 19
9 20
5 21
17 22
22
1 2
1 3
3 4
4 5
3 6
3 7
2 8
1 9
5 10
10 11
10 12
6 13
3 14
1 15
2 16
12 17
4 18
2 19
2 20
15 21
16 22
22
1 2
2 3
3 4
2 5
3 6
3 7
5 8
5 9
1 10
5 11
3 12
8 13
5 14
2 15
12 16
2 17
13 18
12 19
10 20
20 21
11 22
22
1 2
2 3
3 4
2 5
5 6
3 7
5 8
6 9
6 10
8 11
9 12
9 13
12 14
8 15
5 16
14 17
10 18
11 19
3 20
18 21
16 22
22
1 2
1 3
1 4
4 5
2 6
5 7
1 8
4 9
3 10
10 11
11 12
11 13
7 14
11 15
13 16
4 17
12 18
3 19
13 20
15 21
14 22
22
1 2
1 3
2 4
1 5
2 6
5 7
3 8
8 9
6 10
1 11
7 12
10 13
12 14
1 15
8 16
1 17
14 18
17 19
17 20
10 21
16 22
22
1 2
2 3
3 4
4 5
3 6
3 7
1 8
8 9
5 10
10 11
6 12
12 13
9 14
1 15
3 16
6 17
6 18
15 19
10 20
8 21
21 22
22
1 2
1 3
1 4
1 5
3 6
3 7
2 8
2 9
5 10
9 11
6 12
8 13
13 14
4 15
3 16
1 17
10 18
4 19
7 20
6 21
21 22
22
1 2
1 3
1 4
1 5
5 6
3 7
4 8
3 9
3 10
5 11
4 12
5 13
6 14
5 15
6 16
12 17
5 18
4 19
12 20
20 21
2 22
22
1 2
2 3
1 4
1 5
4 6
6 7
3 8
5 9
4 10
8 11
11 12
10 13
3 14
6 15
4 16
15 17
13 18
11 19
18 20
6 21
15 22
22
1 2
1 3
1 4
1 5
4 6
3 7
6 8
6 9
3 10
5 11
7 12
8 13
6 14
12 15
10 16
5 17
9 18
1 19
15 20
3 21
12 22
22
1 2
1 3
1 4
1 5
4 6
3 7
3 8
2 9
4 10
9 11
1 12
10 13
8 14
13 15
6 16
12 17
16 18
14 19
15 20
2 21
2 22
22
1 2
2 3
2 4
4 5
2 6
3 7
6 8
6 9
9 10
8 11
4 12
11 13
5 14
1 15
15 16
15 17
10 18
16 19
14 20
2 21
6 22
22
1 2
1 3
1 4
3 5
2 6
3 7
6 8
1 9
4 10
4 11
11 12
6 13
1 14
13 15
8 16
11 17
12 18
17 19
2 20
18 21
9 22
22
1 2
1 3
1 4
4 5
3 6
1 7
2 8
2 9
4 10
9 11
11 12
2 13
7 14
1 15
14 16
11 17
4 18
1 19
9 20
2 21
1 22
22
1 2
2 3
1 4
3 5
5 6
3 7
6 8
1 9
4 10
2 11
10 12
4 13
7 14
4 15
15 16
10 17
3 18
1 19
15 20
3 21
8 22
22
1 2
1 3
2 4
1 5
2 6
5 7
5 8
5 9
2 10
6 11
2 12
4 13
6 14
8 15
11 16
12 17
15 18
8 19
1 20
6 21
18 22
22
1 2
1 3
2 4
1 5
3 6
3 7
6 8
3 9
9 10
3 11
4 12
7 13
2 14
4 15
14 16
11 17
6 18
1 19
18 20
12 21
9 22
22
1 2
2 3
3 4
2 5
5 6
2 7
5 8
6 9
7 10
7 11
7 12
1 13
6 14
13 15
13 16
4 17
14 18
2 19
7 20
13 21
3 22
22
1 2
1 3
2 4
2 5
5 6
5 7
3 8
3 9
4 10
5 11
11 12
6 13
6 14
10 15
11 16
12 17
13 18
15 19
13 20
20 21
18 22
22
1 2
1 3
1 4
3 5
5 6
6 7
5 8
1 9
6 10
1 11
6 12
5 13
4 14
2 15
8 16
3 17
11 18
9 19
4 20
14 21
18 22
22
1 2
2 3
3 4
3 5
3 6
1 7
6 8
1 9
1 10
10 11
9 12
11 13
7 14
2 15
6 16
10 17
11 18
9 19
13 20
19 21
14 22
22
1 2
2 3
3 4
4 5
3 6
5 7
1 8
8 9
8 10
2 11
9 12
3 13
10 14
10 15
14 16
15 17
11 18
14 19
14 20
4 21
6 22
22
1 2
1 3
2 4
2 5
4 6
6 7
7 8
4 9
6 10
5 11
4 12
2 13
13 14
10 15
11 16
14 17
2 18
16 19
4 20
13 21
18 22
22
1 2
2 3
3 4
3 5
3 6
1 7
3 8
6 9
2 10
4 11
6 12
10 13
1 14
10 15
11 16
12 17
17 18
9 19
1 20
3 21
4 22
22
1 2
2 3
1 4
1 5
2 6
6 7
1 8
3 9
4 10
7 11
4 12
9 13
12 14
1 15
12 16
1 17
14 18
4 19
10 20
18 21
2 22
22
1 2
2 3
2 4
3 5
2 6
5 7
4 8
1 9
5 10
6 11
2 12
2 13
4 14
7 15
8 16
1 17
5 18
12 19
6 20
3 21
2 22
22
1 2
1 3
2 4
4 5
2 6
5 7
7 8
8 9
2 10
8 11
6 12
2 13
13 14
10 15
5 16
15 17
6 18
3 19
6 20
13 21
5 22
22
1 2
2 3
3 4
2 5
5 6
3 7
3 8
3 9
5 10
1 11
7 12
7 13
7 14
12 15
5 16
1 17
4 18
9 19
16 20
12 21
19 22
22
1 2
1 3
1 4
3 5
5 6
2 7
1 8
6 9
1 10
10 11
9 12
6 13
3 14
14 15
9 16
11 17
8 18
3 19
11 20
14 21
15 22
22
1 2
2 3
2 4
3 5
1 6
3 7
3 8
7 9
7 10
9 11
11 12
11 13
11 14
11 15
6 16
16 17
2 18
5 19
15 20
17 21
13 22
22
1 2
2 3
2 4
1 5
1 6
2 7
4 8
3 9
5 10
6 11
2 12
1 13
9 14
4 15
4 16
15 17
16 18
7 19
2 20
20 21
14 22
22
1 2
1 3
3 4
4 5
5 6
1 7
2 8
8 9
1 10
9 11
8 12
6 13
12 14
10 15
11 16
15 17
17 18
7 19
9 20
3 21
21 22
22
1 2
1 3
1 4
4 5
5 6
6 7
1 8
5 9
4 10
3 11
7 12
8 13
12 14
10 15
12 16
1 17
1 18
14 19
14 20
9 21
3 22
22
1 2
2 3
3 4
2 5
1 6
2 7
2 8
3 9
8 10
8 11
3 12
5 13
10 14
12 15
4 16
1 17
7 18
13 19
18 20
3 21
21 22
22
1 2
2 3
3 4
4 5
4 6
4 7
3 8
3 9
1 10
6 11
8 12
4 13
10 14
1 15
9 16
10 17
14 18
11 19
16 20
1 21
6 22
22
1 2
2 3
2 4
2 5
5 6
2 7
3 8
5 9
5 10
4 11
6 12
6 13
1 14
1 15
11 16
2 17
9 18
13 19
18 20
3 21
18 22
22
1 2
1 3
1 4
1 5
4 6
1 7
5 8
7 9
4 10
4 11
6 12
5 13
12 14
5 15
15 16
10 17
17 18
6 19
4 20
9 21
2 22
22
1 2
2 3
2 4
2 5
3 6
4 7
2 8
5 9
5 10
6 11
4 12
2 13
11 14
5 15
14 16
3 17
5 18
4 19
15 20
13 21
8 22
22
1 2
2 3
2 4
1 5
3 6
5 7
4 8
6 9
4 10
6 11
6 12
4 13
7 14
1 15
5 16
4 17
14 18
14 19
10 20
14 21
6 22
22
1 2
1 3
2 4
3 5
1 6
4 7
1 8
4 9
2 10
3 11
11 12
9 13
8 14
7 15
13 16
9 17
1 18
16 19
17 20
10 21
3 22
22
1 2
2 3
3 4
2 5
1 6
2 7
5 8
8 9
8 10
6 11
11 12
8 13
8 14
14 15
1 16
10 17
15 18
5 19
3 20
9 21
13 22
22
1 2
2 3
1 4
2 5
1 6
2 7
3 8
8 9
1 10
4 11
3 12
5 13
2 14
12 15
5 16
2 17
11 18
18 19
9 20
3 21
20 22
22
1 2
1 3
3 4
3 5
2 6
2 7
3 8
1 9
8 10
5 11
1 12
12 13
4 14
10 15
10 16
3 17
6 18
7 19
8 20
9 21
2 22
22
1 2
1 3
3 4
3 5
3 6
4 7
5 8
1 9
1 10
7 11
11 12
4 13
10 14
9 15
6 16
9 17
9 18
5 19
4 20
7 21
3 22
22
1 2
1 3
1 4
2 5
1 6
5 7
2 8
2 9
1 10
5 11
6 12
1 13
7 14
11 15
14 16
12 17
3 18
11 19
7 20
15 21
1 22
22
1 2
2 3
3 4
4 5
2 6
4 7
2 8
3 9
1 10
4 11
3 12
9 13
12 14
7 15
5 16
5 17
13 18
18 19
18 20
6 21
1 22
22
1 2
2 3
2 4
3 5
1 6
1 7
7 8
1 9
7 10
9 11
10 12
9 13
6 14
10 15
1 16
4 17
4 18
18 19
10 20
20 21
21 22
22
1 2
2 3
1 4
1 5
1 6
6 7
4 8
3 9
7 10
3 11
10 12
12 13
10 14
9 15
13 16
9 17
3 18
12 19
11 20
10 21
8 22
22
1 2
2 3
1 4
4 5
5 6
1 7
3 8
1 9
6 10
2 11
6 12
1 13
13 14
6 15
14 16
9 17
17 18
13 19
2 20
3 21
5 22
22
1 2
1 3
3 4
3 5
5 6
4 7
2 8
1 9
6 10
7 11
3 12
3 13
3 14
14 15
15 16
11 17
16 18
18 19
1 20
12 21
1 22
22
1 2
2 3
1 4
1 5
3 6
6 7
3 8
4 9
3 10
2 11
2 12
11 13
7 14
1 15
15 16
3 17
15 18
1 19
13 20
10 21
13 22
22
1 2
1 3
1 4
2 5
5 6
5 7
4 8
8 9
8 10
8 11
9 12
5 13
10 14
3 15
12 16
9 17
11 18
1 19
2 20
3 21
10 22
22
1 2
1 3
3 4
3 5
5 6
4 7
3 8
8 9
1 10
3 11
1 12
3 13
5 14
12 15
3 16
12 17
5 18
8 19
4 20
17 21
1 22
22
1 2
2 3
1 4
2 5
1 6
5 7
4 8
8 9
7 10
6 11
9 12
7 13
11 14
10 15
4 16
7 17
16 18
18 19
7 20
16 21
7 22
22
1 2
2 3
2 4
4 5
1 6
5 7
1 8
2 9
3 10
7 11
10 12
2 13
11 14
1 15
6 16
5 17
8 18
14 19
17 20
18 21
20 22
22
1 2
2 3
2 4
3 5
2 6
2 7
4 8
5 9
2 10
1 11
2 12
7 13
12 14
5 15
15 16
14 17
9 18
17 19
18 20
9 21
4 22
22
1 2
1 3
1 4
2 5
5 6
2 7
1 8
4 9
7 10
3 11
7 12
7 13
12 14
10 15
2 16
11 17
12 18
2 19
7 20
3 21
16 22
22
1 2
1 3
3 4
4 5
2 6
2 7
4 8
8 9
7 10
7 11
10 12
6 13
10 14
7 15
3 16
12 17
9 18
8 19
11 20
7 21
5 22
22
1 2
1 3
3 4
4 5
4 6
3 7
4 8
6 9
4 10
10 11
10 12
1 13
13 14
4 15
4 16
16 17
1 18
7 19
10 20
9 21
1 22
22
1 2
2 3
3 4
4 5
4 6
2 7
4 8
3 9
9 10
5 11
8 12
4 13
6 14
9 15
15 16
1 17
3 18
4 19
2 20
10 21
17 22
22
1 2
2 3
1 4
3 5
3 6
1 7
7 8
6 9
9 10
10 11
11 12
10 13
6 14
3 15
2 16
5 17
7 18
12 19
12 20
6 21
5 22
22
1 2
2 3
3 4
4 5
2 6
6 7
6 8
2 9
1 10
4 11
11 12
11 13
13 14
1 15
1 16
6 17
1 18
11 19
18 20
17 21
6 22
22
1 2
1 3
2 4
4 5
1 6
3 7
2 8
7 9
2 10
7 11
5 12
12 13
4 14
4 15
11 16
1 17
4 18
1 19
15 20
16 21
3 22
22
1 2
1 3
3 4
4 5
5 6
3 7
5 8
1 9
6 10
10 11
10 12
1 13
13 14
14 15
7 16
11 17
12 18
7 19
2 20
11 21
9 22
22
1 2
2 3
3 4
4 5
5 6
1 7
7 8
4 9
1 10
3 11
10 12
4 13
7 14
9 15
6 16
13 17
12 18
3 19
11 20
18 21
8 22
22
1 2
2 3
3 4
2 5
3 6
6 7
3 8
3 9
9 10
5 11
6 12
5 13
3 14
6 15
3 16
11 17
7 18
16 19
1 20
2 21
1 22
22
1 2
2 3
2 4
4 5
4 6
4 7
7 8
8 9
6 10
10 11
8 12
5 13
8 14
2 15
12 16
14 17
11 18
14 19
13 20
5 21
3 22
22
1 2
1 3
2 4
4 5
4 6
4 7
3 8
4 9
8 10
9 11
10 12
11 13
1 14
5 15
10 16
15 17
8 18
8 19
8 20
9 21
7 22
22
1 2
2 3
1 4
3 5
2 6
6 7
6 8
8 9
6 10
1 11
5 12
2 13
6 14
3 15
13 16
11 17
14 18
8 19
9 20
5 21
13 22
22
1 2
1 3
1 4
2 5
5 6
2 7
7 8
8 9
6 10
5 11
9 12
1 13
3 14
9 15
12 16
15 17
4 18
10 19
14 20
2 21
11 22
22
1 2
1 3
2 4
4 5
4 6
6 7
5 8
2 9
4 10
10 11
6 12
5 13
2 14
14 15
5 16
13 17
1 18
12 19
2 20
13 21
19 22
22
1 2
1 3
3 4
1 5
3 6
6 7
5 8
3 9
8 10
5 11
5 12
8 13
3 14
12 15
2 16
3 17
13 18
11 19
5 20
1 21
2 22
22
1 2
2 3
2 4
3 5
5 6
4 7
5 8
7 9
8 10
3 11
10 12
1 13
12 14
6 15
15 16
4 17
1 18
17 19
3 20
17 21
14 22
22
1 2
1 3
3 4
1 5
1 6
5 7
3 8
6 9
5 10
5 11
6 12
6 13
8 14
1 15
1 16
15 17
10 18
18 19
15 20
20 21
7 22
22
1 2
2 3
1 4
2 5
3 6
4 7
7 8
6 9
6 10
6 11
1 12
6 13
7 14
11 15
5 16
6 17
15 18
1 19
8 20
18 21
13 22
22
1 2
1 3
1 4
4 5
1 6
6 7
3 8
6 9
1 10
7 11
5 12
1 13
1 14
8 15
3 16
2 17
6 18
17 19
4 20
8 21
11 22
22
1 2
2 3
2 4
2 5
5 6
6 7
6 8
5 9
1 10
2 11
11 12
2 13
4 14
6 15
14 16
15 17
1 18
11 19
3 20
3 21
8 22
22
1 2
2 3
2 4
3 5
2 6
1 7
4 8
7 9
5 10
2 11
2 12
4 13
10 14
4 15
3 16
3 17
7 18
17 19
4 20
19 21
15 22
22
1 2
2 3
3 4
2 5
3 6
2 7
5 8
8 9
4 10
7 11
2 12
7 13
7 14
7 15
12 16
13 17
9 18
8 19
14 20
10 21
9 22
22
1 2
1 3
1 4
4 5
5 6
1 7
4 8
5 9
1 10
3 11
7 12
9 13
4 14
8 15
6 16
9 17
11 18
10 19
11 20
19 21
8 22
22
1 2
1 3
1 4
3 5
5 6
1 7
7 8
3 9
6 10
9 11
11 12
7 13
12 14
4 15
5 16
15 17
15 18
12 19
8 20
14 21
14 22
22
1 2
2 3
1 4
3 5
5 6
4 7
3 8
4 9
9 10
6 11
10 12
5 13
13 14
3 15
1 16
16 17
1 18
1 19
15 20
20 21
5 22
22
1 2
1 3
2 4
1 5
1 6
6 7
1 8
6 9
8 10
3 11
5 12
2 13
2 14
7 15
3 16
8 17
4 18
5 19
15 20
5 21
3 22
22
1 2
2 3
2 4
2 5
5 6
5 7
6 8
6 9
8 10
3 11
2 12
1 13
9 14
12 15
13 16
6 17
15 18
14 19
11 20
8 21
11 22
22
1 2
2 3
1 4
1 5
4 6
1 7
5 8
2 9
9 10
4 11
9 12
4 13
1 14
13 15
3 16
12 17
17 18
3 19
5 20
20 21
6 22
22
1 2
2 3
2 4
1 5
5 6
5 7
4 8
1 9
6 10
1 11
5 12
4 13
5 14
7 15
9 16
14 17
1 18
11 19
11 20
17 21
18 22
22
1 2
1 3
1 4
1 5
2 6
3 7
1 8
3 9
2 10
9 11
6 12
2 13
7 14
9 15
2 16
8 17
1 18
4 19
14 20
14 21
14 22
22
1 2
1 3
3 4
1 5
2 6
4 7
2 8
7 9
4 10
4 11
3 12
11 13
12 14
14 15
4 16
14 17
17 18
5 19
14 20
17 21
7 22
22
1 2
2 3
3 4
2 5
5 6
4 7
4 8
5 9
6 10
10 11
8 12
9 13
13 14
6 15
1 16
15 17
12 18
18 19
10 20
20 21
12 22
22
1 2
2 3
2 4
2 5
4 6
5 7
1 8
7 9
1 10
10 11
7 12
3 13
5 14
13 15
6 16
8 17
10 18
5 19
8 20
7 21
11 22
22
1 2
1 3
1 4
4 5
2 6
5 7
6 8
1 9
7 10
1 11
6 12
7 13
2 14
2 15
13 16
15 17
11 18
3 19
15 20
7 21
14 22
22
1 2
1 3
1 4
2 5
4 6
6 7
4 8
4 9
9 10
4 11
5 12
2 13
13 14
7 15
13 16
16 17
1 18
12 19
15 20
7 21
11 22
22
1 2
1 3
1 4
2 5
1 6
1 7
5 8
8 9
1 10
6 11
11 12
12 13
3 14
2 15
2 16
16 17
14 18
3 19
1 20
9 21
13 22
22
1 2
1 3
1 4
1 5
4 6
5 7
5 8
1 9
4 10
2 11
7 12
12 13
9 14
10 15
13 16
6 17
13 18
5 19
1 20
20 21
20 22
22
1 2
1 3
3 4
4 5
1 6
4 7
4 8
2 9
1 10
8 11
6 12
11 13
7 14
5 15
1 16
3 17
1 18
12 19
7 20
4 21
10 22
22
1 2
1 3
3 4
3 5
2 6
6 7
3 8
7 9
3 10
8 11
8 12
12 13
5 14
2 15
1 16
16 17
3 18
8 19
8 20
2 21
14 22
22
1 2
2 3
3 4
4 5
5 6
5 7
5 8
6 9
9 10
10 11
8 12
9 13
12 14
7 15
6 16
13 17
7 18
2 19
1 20
5 21
18 22
22
1 2
2 3
2 4
3 5
5 6
4 7
1 8
3 9
1 10
8 11
3 12
3 13
1 14
3 15
12 16
4 17
12 18
13 19
2 20
4 21
6 22
22
1 2
2 3
3 4
3 5
1 6
2 7
7 8
4 9
3 10
4 11
5 12
8 13
13 14
14 15
7 16
8 17
13 18
4 19
14 20
6 21
6 22
22
1 2
1 3
2 4
3 5
4 6
1 7
4 8
4 9
4 10
10 11
2 12
4 13
3 14
5 15
13 16
10 17
8 18
18 19
2 20
19 21
20 22
22
1 2
1 3
1 4
4 5
4 6
1 7
5 8
2 9
3 10
3 11
10 12
7 13
6 14
2 15
9 16
1 17
2 18
15 19
8 20
7 21
15 22
22
1 2
2 3
2 4
2 5
4 6
5 7
4 8
6 9
3 10
10 11
11 12
2 13
10 14
10 15
13 16
2 17
15 18
9 19
2 20
16 21
18 22
22
1 2
2 3
2 4
2 5
4 6
5 7
2 8
1 9
7 10
10 11
10 12
11 13
10 14
1 15
8 16
15 17
2 18
7 19
7 20
19 21
21 22
22
1 2
2 3
3 4
3 5
3 6
5 7
5 8
7 9
6 10
2 11
3 12
11 13
8 14
5 15
12 16
4 17
5 18
17 19
8 20
20 21
2 22
22
1 2
1 3
1 4
1 5
1 6
4 7
5 8
6 9
2 10
2 11
7 12
5 13
3 14
2 15
3 16
7 17
11 18
10 19
3 20
17 21
8 22
22
1 2
2 3
3 4
4 5
1 6
3 7
5 8
7 9
4 10
4 11
9 12
4 13
5 14
4 15
11 16
13 17
17 18
6 19
5 20
17 21
20 22
22
1 2
1 3
2 4
3 5
1 6
4 7
2 8
6 9
8 10
8 11
8 12
5 13
2 14
4 15
8 16
7 17
12 18
5 19
2 20
1 21
14 22
22
1 2
1 3
2 4
2 5
4 6
1 7
3 8
4 9
6 10
10 11
5 12
10 13
5 14
9 15
12 16
11 17
8 18
10 19
13 20
12 21
12 22
22
1 2
2 3
2 4
4 5
1 6
1 7
2 8
1 9
3 10
10 11
7 12
9 13
4 14
4 15
15 16
12 17
10 18
1 19
11 20
1 21
13 22
22
1 2
1 3
1 4
3 5
5 6
3 7
7 8
6 9
4 10
2 11
10 12
11 13
6 14
14 15
2 16
1 17
12 18
9 19
7 20
14 21
13 22
22
1 2
1 3
1 4
4 5
3 6
6 7
6 8
3 9
2 10
8 11
10 12
11 13
13 14
13 15
4 16
7 17
11 18
12 19
6 20
15 21
14 22
22
1 2
2 3
2 4
3 5
3 6
6 7
3 8
1 9
6 10
7 11
5 12
11 13
7 14
3 15
8 16
14 17
8 18
5 19
12 20
8 21
14 22
22
1 2
1 3
2 4
1 5
1 6
1 7
3 8
1 9
9 10
5 11
1 12
3 13
3 14
2 15
14 16
10 17
12 18
1 19
10 20
4 21
10 22
22
1 2
2 3
3 4
2 5
2 6
1 7
4 8
4 9
2 10
10 11
3 12
2 13
5 14
11 15
11 16
9 17
10 18
16 19
5 20
13 21
21 22
22
1 2
2 3
3 4
2 5
2 6
2 7
2 8
6 9
7 10
4 11
6 12
9 13
9 14
5 15
6 16
8 17
5 18
14 19
5 20
17 21
14 22
22
1 2
1 3
3 4
3 5
3 6
5 7
7 8
2 9
1 10
2 11
5 12
12 13
6 14
6 15
5 16
9 17
1 18
6 19
6 20
12 21
16 22
22
1 2
1 3
2 4
1 5
5 6
4 7
1 8
1 9
2 10
5 11
2 12
8 13
1 14
7 15
9 16
5 17
6 18
5 19
1 20
2 21
9 22
22
1 2
2 3
2 4
2 5
1 6
6 7
4 8
1 9
4 10
5 11
9 12
9 13
3 14
1 15
12 16
3 17
11 18
12 19
5 20
19 21
9 22
22
1 2
1 3
3 4
4 5
1 6
5 7
1 8
7 9
8 10
6 11
1 12
4 13
3 14
12 15
9 16
10 17
17 18
4 19
16 20
1 21
7 22
22
1 2
1 3
1 4
2 5
4 6
3 7
3 8
1 9
9 10
9 11
4 12
6 13
12 14
14 15
6 16
5 17
1 18
5 19
2 20
14 21
8 22
22
1 2
1 3
2 4
3 5
5 6
4 7
2 8
8 9
2 10
3 11
10 12
6 13
6 14
7 15
7 16
14 17
11 18
12 19
1 20
8 21
14 22
22
1 2
2 3
3 4
4 5
4 6
1 7
3 8
4 9
9 10
6 11
5 12
6 13
4 14
1 15
4 16
14 17
11 18
1 19
18 20
11 21
10 22
22
1 2
1 3
1 4
1 5
2 6
5 7
7 8
8 9
7 10
9 11
2 12
10 13
6 14
6 15
9 16
5 17
16 18
17 19
18 20
4 21
16 22
22
1 2
1 3
2 4
3 5
4 6
3 7
5 8
5 9
6 10
2 11
5 12
12 13
5 14
5 15
10 16
7 17
14 18
6 19
1 20
3 21
15 22
22
1 2
2 3
2 4
1 5
5 6
5 7
7 8
5 9
1 10
5 11
10 12
12 13
2 14
2 15
9 16
6 17
15 18
14 19
12 20
20 21
5 22
22
1 2
2 3
3 4
2 5
3 6
3 7
5 8
8 9
3 10
2 11
2 12
6 13
9 14
7 15
11 16
3 17
8 18
13 19
13 20
12 21
5 22
22
1 2
2 3
3 4
4 5
5 6
1 7
5 8
6 9
1 10
5 11
11 12
8 13
10 14
11 15
13 16
12 17
13 18
11 19
12 20
7 21
2 22
22
1 2
2 3
2 4
1 5
2 6
1 7
3 8
7 9
8 10
7 11
4 12
5 13
13 14
7 15
15 16
11 17
13 18
4 19
3 20
16 21
5 22
22
1 2
2 3
3 4
1 5
4 6
5 7
6 8
8 9
5 10
6 11
7 12
8 13
5 14
3 15
14 16
6 17
12 18
3 19
6 20
1 21
12 22
22
1 2
2 3
1 4
2 5
2 6
4 7
3 8
5 9
6 10
5 11
2 12
11 13
5 14
8 15
4 16
6 17
16 18
13 19
3 20
6 21
21 22
22
1 2
1 3
2 4
1 5
1 6
5 7
7 8
7 9
6 10
2 11
1 12
3 13
3 14
12 15
2 16
11 17
17 18
4 19
8 20
17 21
18 22
22
1 2
1 3
3 4
2 5
5 6
2 7
4 8
8 9
8 10
1 11
4 12
2 13
12 14
2 15
7 16
10 17
2 18
5 19
12 20
3 21
4 22
22
1 2
2 3
2 4
3 5
1 6
3 7
7 8
3 9
5 10
9 11
1 12
6 13
7 14
12 15
5 16
12 17
16 18
14 19
10 20
7 21
20 22
22
1 2
2 3
2 4
3 5
2 6
1 7
3 8
4 9
7 10
2 11
3 12
4 13
10 14
9 15
1 16
6 17
2 18
1 19
2 20
18 21
1 22
22
1 2
1 3
1 4
2 5
4 6
1 7
5 8
1 9
4 10
3 11
7 12
7 13
5 14
2 15
12 16
4 17
16 18
17 19
3 20
14 21
3 22
22
1 2
1 3
1 4
4 5
5 6
6 7
5 8
5 9
4 10
8 11
3 12
12 13
7 14
10 15
14 16
11 17
2 18
12 19
12 20
20 21
20 22
22
1 2
2 3
3 4
4 5
2 6
2 7
1 8
5 9
8 10
6 11
5 12
4 13
10 14
12 15
9 16
4 17
2 18
1 19
4 20
18 21
16 22
22
1 2
2 3
1 4
3 5
1 6
5 7
3 8
3 9
3 10
5 11
3 12
2 13
12 14
9 15
15 16
3 17
1 18
13 19
15 20
8 21
11 22
22
1 2
1 3
1 4
1 5
1 6
6 7
5 8
6 9
1 10
9 11
2 12
5 13
4 14
5 15
13 16
7 17
8 18
18 19
12 20
2 21
8 22
22
1 2
2 3
1 4
1 5
3 6
2 7
4 8
8 9
9 10
4 11
10 12
3 13
12 14
4 15
4 16
3 17
2 18
7 19
12 20
12 21
7 22
22
1 2
2 3
2 4
1 5
3 6
2 7
2 8
5 9
6 10
5 11
7 12
4 13
2 14
13 15
5 16
10 17
4 18
4 19
3 20
14 21
15 22
22
1 2
1 3
3 4
4 5
2 6
6 7
4 8
5 9
3 10
4 11
1 12
9 13
5 14
10 15
3 16
16 17
4 18
9 19
7 20
4 21
20 22
22
1 2
2 3
2 4
3 5
3 6
4 7
5 8
8 9
5 10
6 11
6 12
2 13
10 14
3 15
4 16
1 17
15 18
2 19
5 20
7 21
13 22
22
1 2
2 3
2 4
1 5
3 6
5 7
2 8
5 9
6 10
1 11
5 12
8 13
8 14
13 15
9 16
15 17
7 18
2 19
3 20
4 21
9 22
22
1 2
1 3
1 4
4 5
4 6
1 7
1 8
5 9
1 10
4 11
7 12
2 13
10 14
14 15
6 16
11 17
16 18
11 19
18 20
18 21
11 22
22
1 2
2 3
3 4
1 5
2 6
2 7
2 8
4 9
1 10
8 11
5 12
9 13
5 14
1 15
10 16
3 17
17 18
9 19
1 20
19 21
9 22
22
1 2
2 3
2 4
3 5
2 6
5 7
3 8
5 9
4 10
4 11
9 12
5 13
6 14
13 15
11 16
16 17
11 18
1 19
2 20
3 21
7 22
22
1 2
1 3
1 4
3 5
5 6
3 7
7 8
8 9
3 10
7 11
9 12
5 13
13 14
3 15
14 16
14 17
13 18
11 19
13 20
14 21
6 22
22
1 2
2 3
2 4
2 5
3 6
3 7
7 8
2 9
8 10
8 11
3 12
12 13
6 14
13 15
6 16
12 17
8 18
17 19
11 20
9 21
1 22
22
1 2
2 3
1 4
2 5
5 6
2 7
3 8
6 9
7 10
8 11
11 12
3 13
13 14
9 15
3 16
13 17
10 18
13 19
6 20
9 21
3 22
22
1 2
1 3
1 4
3 5
4 6
1 7
6 8
3 9
1 10
6 11
11 12
7 13
7 14
14 15
8 16
16 17
12 18
18 19
1 20
3 21
10 22
22
1 2
1 3
2 4
3 5
4 6
6 7
4 8
7 9
6 10
2 11
9 12
10 13
8 14
14 15
3 16
15 17
8 18
4 19
5 20
13 21
20 22
22
1 2
2 3
3 4
4 5
2 6
1 7
3 8
2 9
4 10
6 11
6 12
8 13
11 14
4 15
11 16
4 17
12 18
17 19
6 20
2 21
17 22
22
1 2
2 3
3 4
1 5
4 6
1 7
5 8
2 9
6 10
1 11
8 12
4 13
3 14
7 15
2 16
5 17
4 18
5 19
8 20
2 21
8 22
22
1 2
2 3
2 4
1 5
1 6
6 7
2 8
1 9
5 10
7 11
4 12
11 13
3 14
2 15
7 16
6 17
16 18
3 19
7 20
8 21
18 22
22
1 2
2 3
3 4
2 5
4 6
1 7
4 8
5 9
6 10
5 11
6 12
7 13
13 14
13 15
2 16
8 17
7 18
9 19
19 20
9 21
21 22
22
1 2
2 3
1 4
2 5
5 6
6 7
2 8
1 9
9 10
7 11
1 12
9 13
5 14
1 15
12 16
16 17
15 18
12 19
11 20
13 21
4 22
22
1 2
2 3
1 4
3 5
4 6
1 7
5 8
8 9
4 10
4 11
4 12
10 13
9 14
8 15
9 16
6 17
16 18
10 19
15 20
2 21
18 22
22
1 2
1 3
1 4
4 5
3 6
6 7
5 8
3 9
7 10
9 11
3 12
5 13
4 14
7 15
6 16
9 17
2 18
8 19
8 20
16 21
3 22
22
1 2
1 3
2 4
4 5
1 6
2 7
7 8
2 9
5 10
4 11
10 12
3 13
9 14
11 15
14 16
6 17
6 18
6 19
4 20
18 21
10 22
22
1 2
1 3
3 4
2 5
2 6
6 7
6 8
5 9
8 10
8 11
7 12
11 13
9 14
12 15
7 16
16 17
6 18
16 19
3 20
8 21
8 22
22
1 2
1 3
1 4
2 5
3 6
4 7
1 8
2 9
6 10
7 11
10 12
9 13
12 14
2 15
10 16
1 17
9 18
16 19
10 20
11 21
2 22
22
1 2
1 3
3 4
2 5
5 6
4 7
1 8
6 9
6 10
9 11
6 12
2 13
7 14
10 15
7 16
12 17
15 18
18 19
18 20
11 21
16 22
22
1 2
2 3
1 4
2 5
4 6
3 7
7 8
4 9
4 10
3 11
4 12
12 13
6 14
12 15
15 16
6 17
1 18
17 19
15 20
13 21
9 22
22
1 2
1 3
3 4
3 5
2 6
1 7
1 8
7 9
5 10
7 11
1 12
7 13
5 14
8 15
8 16
4 17
2 18
12 19
7 20
14 21
9 22
22
1 2
2 3
2 4
2 5
1 6
3 7
1 8
4 9
9 10
4 11
9 12
11 13
9 14
7 15
9 16
9 17
13 18
10 19
12 20
11 21
18 22
22
1 2
1 3
1 4
4 5
2 6
6 7
3 8
2 9
9 10
6 11
9 12
7 13
1 14
8 15
5 16
3 17
12 18
14 19
8 20
3 21
13 22
22
1 2
1 3
2 4
1 5
5 6
1 7
6 8
1 9
2 10
6 11
2 12
3 13
8 14
1 15
13 16
8 17
17 18
18 19
1 20
7 21
8 22
22
1 2
1 3
1 4
1 5
2 6
1 7
4 8
7 9
6 10
1 11
2 12
2 13
1 14
14 15
11 16
15 17
13 18
3 19
11 20
4 21
3 22
22
1 2
1 3
3 4
3 5
5 6
4 7
2 8
5 9
2 10
7 11
4 12
10 13
10 14
11 15
11 16
6 17
11 18
9 19
16 20
9 21
9 22
22
1 2
2 3
2 4
2 5
5 6
1 7
3 8
1 9
2 10
3 11
11 12
9 13
7 14
10 15
2 16
3 17
1 18
17 19
9 20
17 21
14 22
22
1 2
2 3
3 4
4 5
3 6
2 7
7 8
3 9
6 10
1 11
6 12
7 13
7 14
11 15
4 16
8 17
9 18
16 19
7 20
4 21
21 22
22
1 2
1 3
3 4
2 5
4 6
1 7
2 8
2 9
8 10
7 11
4 12
9 13
5 14
10 15
2 16
14 17
2 18
17 19
4 20
7 21
8 22
22
1 2
1 3
2 4
4 5
4 6
1 7
6 8
6 9
6 10
5 11
5 12
12 13
2 14
5 15
11 16
2 17
9 18
5 19
14 20
1 21
1 22
22
1 2
2 3
2 4
4 5
4 6
4 7
4 8
1 9
6 10
6 11
6 12
7 13
12 14
7 15
9 16
9 17
7 18
6 19
1 20
9 21
21 22
22
1 2
1 3
3 4
3 5
3 6
3 7
7 8
8 9
7 10
10 11
2 12
7 13
13 14
1 15
1 16
3 17
3 18
10 19
15 20
11 21
17 22
22
1 2
2 3
3 4
4 5
3 6
4 7
3 8
5 9
1 10
2 11
10 12
1 13
9 14
6 15
8 16
1 17
13 18
11 19
17 20
9 21
9 22
22
1 2
1 3
3 4
2 5
1 6
5 7
6 8
3 9
2 10
4 11
9 12
5 13
13 14
7 15
7 16
6 17
5 18
15 19
13 20
13 21
21 22
22
1 2
1 3
3 4
3 5
4 6
4 7
6 8
8 9
9 10
8 11
3 12
8 13
4 14
11 15
4 16
5 17
15 18
18 19
13 20
18 21
7 22
22
1 2
2 3
2 4
3 5
1 6
4 7
1 8
5 9
3 10
7 11
3 12
5 13
13 14
4 15
1 16
10 17
8 18
2 19
6 20
18 21
9 22
22
1 2
2 3
3 4
1 5
3 6
5 7
2 8
7 9
7 10
2 11
3 12
10 13
11 14
12 15
1 16
14 17
8 18
10 19
15 20
16 21
11 22
22
1 2
1 3
1 4
1 5
1 6
6 7
2 8
4 9
5 10
1 11
11 12
4 13
4 14
11 15
6 16
7 17
16 18
3 19
9 20
20 21
15 22
22
1 2
2 3
1 4
2 5
3 6
6 7
7 8
8 9
2 10
2 11
9 12
2 13
11 14
13 15
15 16
11 17
7 18
1 19
6 20
6 21
3 22
22
1 2
2 3
2 4
3 5
5 6
2 7
1 8
8 9
5 10
9 11
10 12
10 13
2 14
12 15
5 16
16 17
7 18
14 19
10 20
16 21
21 22
22
1 2
1 3
3 4
2 5
5 6
3 7
2 8
3 9
6 10
8 11
8 12
6 13
6 14
8 15
3 16
10 17
4 18
2 19
18 20
8 21
1 22
