500 22361 500
300 500
301 500
302 500
303 500
304 500
305 500
306 500
307 500
308 500
309 500
310 500
311 500
312 500
313 500
314 500
315 500
316 500
317 500
318 500
319 500
320 500
321 500
322 500
323 500
324 500
325 500
326 500
327 500
328 500
329 500
330 500
331 500
332 500
333 500
334 500
335 500
336 500
337 500
338 500
339 500
340 500
341 500
342 500
343 500
344 500
345 500
346 500
347 500
348 500
349 500
350 500
351 500
352 500
353 500
354 500
355 500
356 500
357 500
358 500
359 500
360 500
361 500
362 500
363 500
364 500
365 500
366 500
367 500
368 500
369 500
370 500
371 500
372 500
373 500
374 500
375 500
376 500
377 500
378 500
379 500
380 500
381 500
382 500
383 500
384 500
385 500
386 500
387 500
388 500
389 500
390 500
391 500
392 500
393 500
394 500
395 500
396 500
397 500
398 500
399 500
400 500
401 500
402 500
403 500
404 500
405 500
406 500
407 500
408 500
409 500
410 500
411 500
412 500
413 500
414 500
415 500
416 500
417 500
418 500
419 500
420 500
421 500
422 500
423 500
424 500
425 500
426 500
427 500
428 500
429 500
430 500
431 500
432 500
433 500
434 500
435 500
436 500
437 500
438 500
439 500
440 500
441 500
442 500
443 500
444 500
445 500
446 500
447 500
448 500
449 500
450 500
451 500
452 500
453 500
454 500
455 500
456 500
457 500
458 500
459 500
460 500
461 500
462 500
463 500
464 500
465 500
466 500
467 500
468 500
469 500
470 500
471 500
472 500
473 500
474 500
475 500
476 500
477 500
478 500
479 500
480 500
481 500
482 500
483 500
484 500
485 500
486 500
487 500
488 500
489 500
490 500
491 500
492 500
493 500
494 500
495 500
496 500
497 500
498 500
499 500
31 79
203 273
19 174
129 187
26 93
138 220
89 193
79 258
176 288
179 258
144 281
62 281
210 244
1 183
77 203
15 210
241 265
224 266
97 238
68 174
136 261
29 190
47 74
198 273
37 52
22 35
176 269
187 216
86 167
114 225
164 297
20 188
8 281
25 26
147 256
22 102
198 299
176 282
197 279
89 184
158 295
24 153
64 260
31 199
31 177
65 282
25 280
84 101
205 297
126 236
199 267
110 133
110 123
118 146
113 132
152 173
177 297
73 287
119 201
3 279
197 296
208 227
36 140
20 40
243 299
192 294
64 244
8 256
60 81
103 215
132 216
113 187
183 186
120 249
33 286
213 246
128 225
262 283
222 271
69 233
104 174
39 96
11 270
10 267
124 167
38 215
225 280
20 285
110 129
273 276
96 174
162 241
69 113
59 191
90 287
37 156
52 202
73 204
7 157
56 92
206 270
281 293
4 34
37 63
174 248
82 238
183 287
8 16
169 181
75 265
162 224
15 296
105 208
159 265
204 231
49 54
54 59
99 125
35 168
43 48
56 201
40 127
238 297
67 168
239 250
128 212
28 120
220 284
230 274
88 218
25 292
97 141
2 144
5 250
65 106
153 265
227 258
167 222
130 265
72 211
180 284
11 290
64 252
31 250
209 300
210 250
75 206
31 288
155 275
48 300
68 97
121 222
139 155
119 290
214 275
20 30
106 260
158 247
36 42
92 160
164 244
3 255
83 100
126 292
11 297
170 263
256 257
203 239
179 195
152 217
56 191
213 238
43 112
56 61
157 194
31 190
29 223
186 223
3 30
195 234
28 115
151 219
110 200
28 273
12 119
101 198
29 32
119 195
119 249
40 98
37 159
61 278
64 167
1 23
134 280
207 280
34 123
17 48
7 167
187 232
3 246
44 165
180 232
129 134
173 215
8 78
56 116
33 68
95 197
118 228
107 120
160 294
3 157
115 175
122 124
176 253
228 269
2 92
120 240
92 101
166 215
165 255
101 280
35 37
120 272
15 136
45 136
203 235
56 241
106 285
202 266
91 272
135 288
65 166
9 108
174 257
109 196
171 202
102 279
88 167
172 292
154 182
213 257
110 114
116 179
197 205
28 194
141 208
23 80
206 260
84 100
126 211
85 279
93 123
12 19
65 158
79 256
235 265
209 226
27 285
263 265
145 179
4 252
59 117
34 265
37 290
140 165
118 207
23 247
19 132
197 298
92 260
103 150
193 299
7 253
231 273
82 236
49 192
164 201
177 223
27 222
102 116
21 59
101 165
66 108
110 175
61 173
99 117
100 169
202 215
43 57
36 124
2 228
199 280
112 116
7 33
203 256
43 44
75 139
190 197
33 212
76 273
151 233
57 106
97 259
12 83
161 188
39 132
22 272
141 220
203 226
16 238
79 281
17 161
185 240
205 223
88 133
159 232
210 252
26 129
195 271
52 192
47 137
205 207
26 167
37 141
64 269
139 290
73 77
45 164
89 102
186 276
55 136
91 187
41 252
56 84
7 28
37 297
170 262
13 142
21 181
64 263
76 210
271 279
16 143
18 147
76 143
112 219
15 225
209 276
171 270
111 229
257 280
91 105
55 163
140 149
186 266
192 271
172 291
120 265
36 212
96 277
53 198
58 170
39 203
105 290
217 276
31 136
16 63
171 254
196 281
35 196
284 285
27 243
210 227
247 283
39 221
30 57
111 278
102 214
74 143
24 271
110 220
171 300
122 183
16 194
188 252
75 299
191 213
119 173
150 173
2 271
198 214
1 65
172 186
93 248
60 203
231 291
141 294
129 183
54 192
92 121
182 236
53 185
140 156
21 236
82 291
73 275
10 55
13 130
39 273
33 191
125 127
114 159
16 86
33 103
144 149
125 292
88 279
246 289
21 185
287 292
208 296
56 292
147 163
38 77
136 285
28 293
73 216
34 159
97 171
167 244
9 283
97 108
147 289
154 258
139 250
14 41
33 37
4 25
125 128
114 234
188 298
157 214
160 297
272 294
119 268
179 189
222 292
57 160
27 149
93 213
2 33
163 249
12 291
21 62
33 263
147 234
143 177
48 96
40 267
52 173
85 229
92 165
82 110
57 108
154 160
88 244
90 252
151 213
140 250
58 85
9 287
50 87
43 147
198 252
50 194
132 242
95 174
40 189
82 196
6 132
21 57
234 246
79 167
6 165
43 276
9 21
51 69
101 295
199 262
62 95
61 70
50 57
57 58
35 207
111 236
103 165
1 294
174 278
130 298
77 160
20 202
12 300
128 297
42 267
115 135
12 30
85 116
252 257
2 99
28 84
72 189
15 150
56 192
94 148
278 279
71 77
7 189
40 256
28 32
156 248
46 259
8 228
50 123
29 248
251 281
208 248
174 273
38 148
49 80
45 56
31 139
124 161
52 268
41 69
177 180
78 288
170 289
26 124
126 173
46 119
27 44
36 84
126 213
129 226
131 200
58 84
94 231
97 138
246 283
7 95
23 43
18 241
134 214
21 112
136 143
75 220
8 65
9 37
93 219
10 66
119 204
64 208
107 157
142 291
74 76
106 141
92 169
174 185
79 202
107 296
193 255
50 81
48 111
243 291
120 130
167 209
71 225
35 65
168 256
40 95
181 258
10 57
2 100
6 79
31 259
130 247
199 293
195 269
2 108
60 91
114 244
31 33
116 164
180 182
97 181
21 240
28 231
110 213
78 82
113 178
183 231
114 272
8 300
21 233
139 151
286 292
68 237
115 299
4 233
101 139
53 143
24 105
79 152
39 139
63 175
216 276
35 79
35 176
106 271
62 130
83 216
121 246
33 111
27 248
95 242
275 297
171 256
150 298
164 187
49 289
41 181
196 267
76 187
12 66
34 96
176 224
134 232
4 142
93 277
121 231
37 145
45 165
55 164
194 197
14 219
176 273
143 145
36 168
173 259
112 222
72 142
202 240
5 96
124 175
24 289
209 259
77 182
139 209
51 109
281 295
168 266
126 295
93 121
240 267
2 277
86 170
88 193
24 45
1 73
90 289
233 255
220 242
144 290
94 226
26 285
21 75
129 264
240 259
130 143
37 204
15 278
34 122
116 299
59 134
5 202
20 123
31 280
48 206
25 151
168 295
141 228
146 195
198 262
141 238
67 200
272 284
166 254
102 147
173 255
172 187
167 175
145 209
172 216
73 222
166 231
45 85
86 179
94 196
67 158
55 131
174 182
70 273
222 295
259 281
33 59
80 173
120 167
146 192
208 292
203 260
99 162
3 254
112 197
20 230
107 190
170 281
57 200
26 224
117 148
107 224
100 173
45 105
44 69
62 124
79 250
11 79
147 149
224 254
262 282
157 208
215 294
166 240
11 118
96 271
46 181
28 237
111 235
52 59
79 145
163 182
138 257
55 256
21 31
260 288
35 253
137 202
2 101
45 197
76 167
164 186
44 98
56 69
66 94
88 164
5 254
200 278
67 193
75 160
96 228
204 230
10 149
27 126
48 265
266 270
190 266
176 268
34 295
72 262
23 189
133 258
121 184
91 225
98 146
166 218
64 197
232 233
258 281
72 133
87 169
68 273
101 161
147 241
228 262
73 97
191 214
83 160
73 206
170 178
97 252
148 279
123 137
205 252
200 279
114 207
68 162
17 196
17 265
164 247
66 67
61 299
175 202
118 245
4 299
24 121
126 261
252 271
6 216
166 256
259 295
64 245
113 166
15 126
200 276
150 193
237 279
89 105
28 57
56 167
100 283
230 232
206 222
23 45
43 108
153 219
32 122
110 282
261 291
48 208
89 281
137 296
200 238
55 210
56 287
216 299
13 219
20 116
147 298
31 125
146 252
116 273
186 193
123 300
136 209
50 96
173 247
43 188
112 145
127 152
188 260
219 261
29 242
117 181
174 267
118 286
74 170
76 194
28 167
74 259
9 235
106 182
134 241
66 222
33 55
72 271
73 93
11 189
34 88
106 251
117 289
121 244
283 294
161 213
107 212
79 233
34 296
105 136
56 290
200 204
2 62
40 222
131 148
177 274
65 124
2 272
97 157
13 277
24 207
266 273
189 262
36 224
74 226
175 182
35 114
61 90
82 116
104 143
136 142
142 277
78 120
82 237
32 275
14 28
203 274
80 150
68 94
204 241
98 225
37 213
182 253
180 289
72 216
122 133
192 196
28 214
114 221
35 97
10 234
73 230
79 153
8 283
106 221
224 228
21 68
56 274
280 296
40 221
78 173
104 211
32 266
169 221
81 160
52 153
224 245
141 175
85 242
97 281
142 235
130 223
78 101
61 86
71 192
148 184
145 181
53 168
194 272
20 66
36 132
69 90
196 254
7 115
144 250
150 295
225 270
274 297
89 262
103 154
68 165
213 274
270 287
44 260
124 227
113 157
5 227
121 233
41 193
167 234
98 197
199 235
34 228
97 125
49 172
50 175
70 283
28 292
145 164
254 265
123 217
50 93
135 253
150 171
101 119
123 141
248 251
69 201
52 144
16 89
194 259
239 242
118 205
17 85
100 112
257 265
14 52
146 230
57 110
89 177
110 203
99 181
22 245
160 270
78 238
39 62
14 56
95 110
18 250
39 297
138 245
48 182
20 37
1 102
64 78
87 182
41 179
134 274
64 96
109 141
187 291
21 208
233 286
24 267
37 183
142 166
3 81
121 141
74 137
90 263
51 127
43 172
120 201
83 292
57 252
2 86
1 146
36 231
4 141
101 158
6 152
204 256
48 168
69 298
31 191
265 300
58 78
35 137
206 216
92 289
40 62
34 45
193 267
217 222
142 176
28 219
84 185
8 35
179 192
2 20
2 12
139 249
117 290
60 62
7 290
12 283
235 256
148 153
114 251
41 47
51 233
87 100
155 222
104 273
2 232
241 300
35 73
167 179
221 278
207 227
67 144
59 92
144 279
190 265
15 243
89 274
57 249
89 131
24 211
132 221
245 293
43 222
83 162
20 24
13 146
152 272
113 217
226 239
50 230
30 203
145 148
70 277
120 207
106 229
159 263
92 146
38 57
3 155
195 257
70 117
128 140
49 145
176 258
124 239
136 240
91 202
179 186
84 123
38 261
131 145
166 172
57 157
66 105
60 212
7 158
110 284
44 271
138 201
20 27
44 258
58 169
155 274
207 248
132 152
1 100
115 189
214 300
100 172
155 184
153 258
96 146
27 51
62 215
36 55
119 167
233 244
145 185
129 217
196 297
148 234
242 290
150 183
116 280
255 263
46 270
270 275
123 195
21 177
10 143
195 206
163 225
224 270
75 218
19 32
12 53
61 64
44 66
220 228
115 274
43 181
48 140
195 247
215 251
51 294
81 175
44 125
57 236
3 179
223 230
40 270
165 202
42 225
120 159
85 286
240 297
58 149
60 139
204 214
92 171
127 208
51 273
76 183
64 127
8 109
93 189
3 73
67 226
13 201
59 126
100 133
124 142
231 242
98 153
8 287
99 231
52 295
34 179
37 67
97 113
34 81
118 175
59 116
81 238
54 164
135 294
120 292
134 220
39 265
177 242
105 282
151 263
184 221
21 122
55 82
24 236
12 104
26 36
121 154
27 158
182 190
11 219
36 174
42 165
206 288
23 169
289 297
1 200
117 149
33 50
129 262
113 153
44 246
36 77
18 49
11 130
121 144
56 73
3 175
57 122
83 185
1 58
105 184
98 202
110 156
155 279
220 266
237 257
102 128
52 226
58 64
30 251
28 152
6 78
5 218
52 154
98 177
157 166
108 254
75 118
33 36
9 254
55 132
123 233
50 169
128 196
94 135
183 290
35 271
249 294
46 161
15 127
2 36
19 218
124 159
115 154
105 255
23 151
66 107
11 216
123 242
48 49
40 266
168 231
137 182
219 246
95 97
180 226
44 213
38 184
31 140
238 272
171 208
178 261
12 134
113 124
52 108
255 293
10 257
53 105
196 243
45 131
252 281
31 225
49 299
62 240
64 195
33 298
171 192
160 285
193 196
94 207
33 137
40 273
154 177
102 176
236 272
171 215
19 214
4 288
106 196
78 209
131 259
1 210
38 171
154 233
45 264
174 176
77 105
68 163
53 190
91 281
109 172
156 220
24 203
9 120
78 153
33 277
161 239
230 239
13 192
132 168
226 269
268 291
143 196
48 123
121 278
24 170
53 65
19 34
45 54
182 265
23 230
57 75
37 214
70 250
127 262
211 278
5 233
70 181
230 268
74 209
21 210
45 132
206 233
23 222
167 207
61 149
177 298
58 146
155 246
20 97
213 252
204 290
113 237
7 66
84 135
144 223
34 272
118 187
227 232
107 189
78 237
114 184
102 193
82 158
172 275
97 134
49 239
77 276
94 180
34 264
42 114
32 69
185 235
278 281
76 162
213 283
18 143
10 296
196 250
64 151
98 109
29 193
110 112
56 82
196 264
5 46
50 77
39 45
96 235
71 267
166 296
123 296
207 255
191 237
116 228
69 184
98 156
15 119
5 189
264 282
10 238
58 159
99 209
10 240
172 237
52 299
34 291
102 291
125 244
246 297
50 299
185 243
4 191
118 202
211 290
173 276
127 236
181 277
119 258
107 274
28 277
23 38
110 119
58 74
128 184
236 289
135 188
151 167
17 75
84 148
58 199
113 228
262 281
72 128
58 138
10 19
15 141
71 299
8 297
36 43
37 142
118 294
87 154
64 138
103 190
32 123
112 252
84 223
20 217
52 247
148 239
165 200
109 256
45 262
64 280
268 281
57 205
223 270
156 246
36 228
50 51
57 239
211 244
55 146
197 293
40 226
45 172
1 173
69 153
199 252
250 255
177 247
157 191
28 80
157 267
164 170
1 37
8 31
137 211
37 71
170 207
42 253
216 218
208 240
149 152
97 197
35 185
131 201
47 155
80 249
245 265
74 280
142 280
196 227
50 179
156 290
61 244
84 186
113 283
16 223
63 153
49 185
117 261
22 287
76 201
174 221
274 293
152 234
147 276
40 152
89 247
131 235
122 274
195 231
140 258
118 237
26 233
114 276
33 156
39 131
63 266
118 295
28 36
174 295
190 191
171 220
202 238
254 295
104 271
30 68
90 237
125 190
105 209
133 193
15 241
19 63
194 211
211 231
153 292
93 174
119 206
39 296
52 148
86 134
177 199
14 258
25 58
65 105
98 195
38 290
105 175
10 12
175 230
11 129
188 209
70 76
66 161
163 274
27 41
75 251
6 121
164 167
8 91
119 215
26 76
6 219
42 118
136 239
171 230
114 195
113 297
62 80
209 228
78 279
33 154
90 128
200 233
147 297
5 186
37 137
16 250
73 286
151 218
95 149
149 294
60 300
29 285
145 173
43 225
1 116
46 52
170 278
18 173
109 284
8 170
32 93
149 151
116 210
61 283
21 243
9 19
32 298
39 172
39 193
42 94
87 177
18 123
61 177
179 282
107 284
103 196
34 293
86 292
22 294
18 94
99 135
22 247
82 206
109 164
78 93
240 261
113 147
163 215
55 265
71 81
258 266
245 279
226 241
109 242
84 139
130 175
125 144
83 231
139 179
48 242
207 267
255 276
160 221
137 260
29 269
118 263
164 207
110 255
22 107
205 294
46 63
31 188
61 248
210 259
144 249
18 45
126 270
262 286
39 186
156 166
23 224
7 105
101 278
102 266
130 267
68 72
40 146
63 65
99 100
242 257
12 231
31 161
28 171
243 290
75 200
55 290
96 192
151 264
99 241
95 120
156 172
48 112
7 207
41 101
23 125
14 93
81 239
23 171
134 261
115 171
260 267
20 260
79 151
18 136
64 104
13 239
83 169
34 286
109 299
65 258
275 287
99 161
64 295
101 146
33 187
33 80
215 229
24 43
232 264
25 77
62 91
41 128
131 224
155 260
66 156
119 270
95 102
78 270
50 280
267 292
97 228
125 239
159 259
79 216
128 161
229 291
59 158
83 259
43 260
77 126
32 198
87 140
204 240
165 210
4 122
11 240
256 270
21 47
72 198
87 264
86 296
148 248
8 182
219 242
25 159
131 210
252 275
165 284
150 189
167 189
56 88
151 208
39 208
116 120
138 185
60 231
179 275
165 222
69 72
11 46
36 52
66 259
27 99
129 147
186 292
7 153
15 37
138 296
83 282
159 195
229 232
87 123
169 187
8 79
59 212
9 289
80 203
11 149
68 297
54 215
77 281
7 45
113 278
137 292
173 178
206 259
83 155
249 269
63 75
17 63
3 122
160 233
72 256
53 246
115 192
178 223
180 263
67 264
269 296
225 264
68 210
8 125
14 204
18 158
89 134
214 227
215 259
287 296
54 115
87 253
104 117
143 192
132 237
200 299
12 49
183 262
132 209
225 281
137 237
204 223
207 244
206 282
101 134
267 269
152 287
45 224
7 276
105 166
147 217
32 189
58 153
41 278
175 300
147 207
79 117
60 199
176 294
196 200
121 200
90 225
214 256
67 238
26 193
59 85
103 224
181 254
31 167
233 239
11 19
110 278
37 157
90 154
114 145
34 279
40 94
223 251
61 259
114 176
25 265
46 233
237 248
23 240
12 295
63 223
244 252
29 293
119 283
67 204
39 86
4 27
271 283
79 198
33 172
101 270
55 261
19 224
94 186
31 273
144 275
124 198
147 170
39 286
104 277
90 126
206 279
119 170
72 113
170 216
34 249
181 243
267 289
33 183
78 287
245 271
50 128
85 125
122 215
66 217
170 276
78 114
63 256
206 219
71 182
211 233
52 98
59 209
117 250
131 192
266 295
93 103
172 294
191 274
5 114
21 93
223 258
132 198
18 294
9 15
20 205
211 298
187 247
232 273
56 233
157 231
146 169
168 237
25 126
145 151
107 161
141 168
118 154
100 123
99 195
258 272
95 252
179 267
184 238
5 106
36 198
161 191
110 225
63 210
183 219
232 258
8 289
99 108
238 245
51 217
217 278
84 222
20 35
268 284
36 121
30 286
210 290
230 255
36 154
183 185
148 174
186 270
199 263
251 292
43 72
100 196
13 256
149 185
169 211
107 248
58 152
192 293
60 183
193 229
222 273
174 247
84 133
166 198
65 273
51 58
177 203
55 64
118 130
89 264
137 261
24 235
51 194
23 164
122 240
181 224
156 274
55 207
73 249
98 105
12 223
119 169
4 66
43 214
59 231
256 267
193 287
93 230
85 226
115 281
75 211
143 172
1 289
11 41
169 213
37 199
57 296
102 297
118 143
47 288
186 253
144 270
154 250
57 123
85 173
44 284
154 204
201 226
152 169
156 247
16 172
16 45
160 228
250 264
108 188
172 181
14 85
92 300
41 241
53 86
28 238
48 138
78 178
211 239
181 213
20 218
124 169
165 275
71 92
54 222
100 165
182 229
232 242
57 293
26 134
58 256
5 244
45 125
53 107
12 180
71 196
151 176
117 200
187 220
1 99
78 275
3 77
125 182
65 233
151 261
88 263
139 234
38 139
266 284
28 121
20 49
24 74
85 152
193 272
139 167
273 280
193 300
288 291
102 293
65 123
63 106
6 156
31 131
99 265
51 98
226 278
227 271
19 257
103 244
97 148
142 237
81 187
186 261
173 176
84 271
244 266
3 59
58 190
62 294
86 234
184 259
113 121
88 253
162 190
26 156
292 299
82 252
20 255
93 150
140 239
93 199
182 185
159 188
34 278
44 132
4 41
197 257
49 153
139 222
63 279
265 282
104 113
12 178
191 221
126 219
202 209
153 154
25 31
178 219
164 267
51 288
3 203
144 296
171 281
75 121
182 251
231 235
252 268
62 255
97 229
32 200
189 286
144 152
107 118
150 297
19 177
128 248
109 274
149 256
66 296
7 68
150 234
133 240
140 204
8 226
192 238
46 89
128 176
81 256
94 156
80 129
93 170
112 158
143 202
109 222
155 289
102 175
89 107
183 265
13 64
189 211
50 259
145 290
195 240
41 90
107 293
190 214
1 54
169 258
19 287
148 274
96 148
52 244
44 225
49 245
5 213
114 191
95 264
169 236
42 88
15 19
11 50
48 118
163 165
30 188
22 187
58 157
141 189
63 128
158 239
184 277
136 252
117 141
53 243
109 275
93 136
69 281
109 112
137 249
8 139
78 297
20 264
24 83
47 91
124 230
23 107
67 237
85 111
91 142
120 262
37 162
181 210
176 189
210 215
15 230
147 157
112 114
48 162
217 241
131 136
18 242
252 298
82 169
22 141
121 125
86 114
100 194
114 137
35 84
264 300
212 300
134 189
55 243
168 227
120 166
8 229
31 82
104 185
3 162
7 182
210 263
59 239
175 246
113 229
74 284
99 257
89 114
35 260
140 281
32 188
66 114
194 248
24 256
205 266
47 252
31 59
155 217
205 225
28 67
170 233
40 90
156 283
193 252
92 297
183 277
80 244
16 180
44 118
31 144
149 179
105 126
57 297
143 297
55 161
90 139
1 69
180 274
226 266
77 151
126 135
108 216
105 242
42 207
160 210
76 274
141 202
55 181
32 128
261 275
54 236
44 206
146 210
73 260
32 225
70 143
113 207
153 256
21 271
25 200
14 112
168 174
24 272
75 103
129 286
30 216
26 223
85 266
174 287
41 153
135 248
41 121
39 212
13 241
225 244
50 53
122 163
134 206
82 198
234 274
11 212
162 244
1 27
164 274
160 189
3 33
85 192
95 219
124 130
45 167
1 297
71 84
167 208
2 13
168 278
104 189
115 272
195 261
89 255
91 241
75 119
188 207
78 104
26 79
92 144
21 226
16 255
29 116
23 267
228 256
156 249
60 149
178 288
105 113
20 71
4 263
98 226
228 230
38 56
123 124
65 280
27 238
91 214
192 202
177 233
59 155
58 246
57 191
56 65
17 30
103 174
5 36
90 115
104 242
187 205
80 274
4 283
117 235
121 228
133 147
149 210
66 86
29 297
8 56
149 159
48 207
68 269
44 249
141 256
18 284
18 172
104 116
4 240
59 170
41 107
11 62
275 279
228 288
151 234
147 296
150 244
239 251
127 287
138 187
98 243
86 233
4 62
274 275
177 200
232 243
126 179
116 227
96 246
26 196
126 223
76 87
85 161
46 51
130 205
59 289
75 191
135 151
60 241
258 262
113 253
171 172
104 250
62 297
202 278
15 153
66 238
52 276
12 218
138 270
34 90
106 156
56 244
161 220
5 217
15 161
212 214
204 299
225 235
88 295
123 281
87 268
89 180
8 51
210 294
33 279
68 211
12 60
13 173
140 295
32 221
117 180
135 262
35 186
152 288
19 179
128 151
145 246
179 200
10 70
11 224
6 149
125 293
19 90
138 160
93 183
58 194
41 81
256 294
87 121
133 145
18 196
37 270
179 194
180 211
142 282
166 283
52 72
98 120
113 241
89 166
35 195
82 186
176 241
66 87
78 144
77 213
205 269
74 169
23 175
36 256
63 77
180 265
49 256
99 191
192 287
96 254
136 273
204 289
157 190
53 137
65 299
191 298
170 195
62 231
63 73
193 283
100 211
47 268
2 172
23 167
30 287
9 112
162 271
233 280
111 224
53 283
127 251
216 291
67 79
107 287
155 172
18 222
27 198
48 149
93 283
68 102
113 152
77 156
106 265
84 197
21 282
190 216
14 34
15 232
62 161
10 29
130 141
55 298
211 252
47 158
207 276
176 194
38 152
165 185
186 232
200 268
205 261
26 49
35 133
67 240
29 139
158 198
213 287
88 175
62 97
172 241
94 161
105 292
268 295
143 233
175 181
136 138
13 115
168 184
71 123
104 134
123 246
196 224
6 276
10 17
159 285
5 221
132 291
93 262
208 230
119 238
121 167
214 243
96 194
111 161
14 74
106 284
59 244
68 274
157 233
176 279
198 291
142 214
80 300
12 225
50 89
29 177
65 72
95 238
99 290
102 264
119 227
63 222
66 237
79 190
159 204
189 241
164 251
101 257
5 169
13 282
222 264
162 252
74 139
56 120
20 221
51 289
45 112
104 207
136 216
1 142
51 66
116 182
54 105
60 147
245 263
182 259
263 273
35 160
243 287
31 45
216 221
167 248
81 259
62 94
64 212
33 164
2 214
40 140
181 248
153 280
180 243
96 242
103 220
78 193
69 115
223 245
82 292
211 283
146 172
34 158
70 79
65 76
47 150
109 271
13 111
249 272
173 225
86 229
40 197
15 294
85 175
25 111
93 300
73 123
49 66
189 217
30 86
40 297
247 295
64 220
53 219
65 173
49 261
33 204
44 143
159 246
173 262
42 278
255 257
69 223
207 278
166 274
35 86
22 189
20 216
89 173
215 238
184 267
23 251
140 268
65 236
65 205
109 174
35 297
22 46
21 262
108 114
84 259
199 265
284 289
224 280
6 213
99 284
10 121
187 194
176 191
2 292
179 248
64 275
270 271
146 168
3 198
49 87
101 214
265 269
41 158
175 279
164 180
82 270
224 272
137 184
85 154
98 198
248 255
86 248
6 68
120 221
168 212
144 203
68 276
21 48
119 129
60 104
145 166
70 264
75 230
19 94
128 192
1 71
37 184
38 262
15 274
192 206
8 160
105 132
115 278
168 203
53 95
38 160
167 236
68 212
141 263
39 237
54 127
99 154
33 54
29 148
204 228
52 281
4 276
195 239
207 281
198 276
75 261
166 228
82 283
134 285
177 219
251 275
214 226
176 226
104 176
154 166
51 183
56 253
80 231
26 48
31 134
7 288
27 186
140 284
21 131
216 237
139 194
107 134
18 140
203 240
4 226
48 153
51 283
67 294
33 214
203 267
162 283
167 187
109 281
135 217
53 148
72 132
4 31
177 208
140 178
113 128
248 250
104 261
230 279
86 189
70 123
35 48
143 257
93 167
39 149
144 237
157 162
19 171
37 49
2 216
169 272
17 38
64 202
150 280
199 260
110 206
56 126
96 230
20 300
43 110
97 150
84 229
31 239
54 169
137 274
91 212
123 263
193 194
42 227
18 97
11 289
34 197
115 129
48 295
210 261
253 286
179 196
221 263
103 247
67 112
61 182
232 297
34 115
7 293
84 249
199 242
179 212
3 290
116 198
128 162
16 18
115 162
153 178
49 58
116 214
8 208
26 264
155 178
26 260
214 288
88 212
234 297
36 130
157 224
130 158
68 186
145 273
101 292
166 182
21 36
243 245
280 294
5 160
166 245
55 276
249 250
225 262
84 242
65 67
178 211
3 37
227 298
129 163
78 108
154 188
147 161
120 139
158 193
26 96
155 299
53 222
210 228
99 256
108 124
17 272
5 278
11 255
88 250
148 152
36 278
137 297
151 180
78 267
164 246
240 251
145 221
169 275
131 188
170 202
246 265
172 174
70 297
31 290
53 265
163 178
1 134
153 230
55 101
31 66
23 96
164 178
158 224
100 137
22 246
28 165
108 192
226 227
13 261
197 222
226 243
31 93
149 156
176 198
52 241
118 299
26 86
187 285
129 236
45 249
243 283
83 107
122 224
112 211
182 239
160 245
60 111
193 288
85 183
85 182
243 274
140 196
37 238
8 213
44 175
45 222
22 242
79 207
7 131
67 164
131 169
49 265
10 250
226 230
46 156
79 251
181 300
29 36
113 181
8 249
57 113
10 166
10 204
152 225
115 158
189 227
241 269
143 168
148 271
189 266
128 292
38 175
140 293
125 159
16 70
9 73
111 247
86 99
71 143
204 205
176 297
84 114
23 66
74 211
17 150
160 278
38 199
39 135
11 243
3 20
147 190
117 268
132 137
10 77
58 290
66 176
93 231
238 250
95 153
36 272
30 142
107 268
172 240
51 110
146 299
52 265
8 268
81 159
30 225
238 267
93 206
72 240
195 265
82 229
83 230
171 185
74 268
213 286
94 254
59 101
84 102
89 181
214 258
135 143
51 226
84 90
169 232
101 242
207 234
141 214
73 262
8 291
272 288
34 248
16 97
93 140
131 137
52 155
8 270
33 48
208 249
78 230
72 85
162 170
148 223
79 179
10 284
38 125
32 197
127 199
2 40
32 267
170 192
91 289
15 190
11 121
149 259
40 100
73 85
82 263
163 193
126 209
41 271
51 88
180 256
31 183
197 283
19 274
15 86
20 240
92 145
56 169
120 284
42 230
20 23
28 285
40 284
41 171
46 221
233 259
150 290
81 224
149 291
32 292
86 269
41 197
240 263
39 56
10 231
32 252
56 203
117 152
104 115
260 274
22 132
14 149
11 15
170 259
69 73
108 180
118 283
238 296
69 255
46 187
159 197
137 254
250 283
43 86
133 234
34 260
107 228
54 55
179 250
69 172
179 285
212 277
43 208
120 154
142 240
161 243
83 234
191 282
63 87
54 124
207 209
1 193
159 230
64 256
22 265
59 243
149 272
39 233
26 155
212 253
100 159
118 174
1 226
15 82
184 246
87 167
193 275
89 222
112 225
8 105
22 139
124 170
36 195
75 174
143 222
87 92
85 223
15 87
140 252
194 279
87 265
70 85
38 143
79 90
218 243
129 200
57 71
226 296
233 292
86 203
100 298
180 194
50 65
277 289
16 174
50 124
110 118
98 230
94 150
99 259
7 279
20 269
110 294
247 286
151 293
4 287
40 54
89 175
27 133
62 225
54 111
191 202
166 291
134 152
158 192
151 223
254 274
13 61
254 256
34 267
92 104
105 229
17 20
125 177
198 287
198 260
25 187
39 129
128 201
8 253
25 109
97 117
25 37
127 157
194 231
99 297
85 164
121 143
110 293
151 298
192 255
102 239
146 157
63 287
10 159
282 287
16 214
68 116
156 199
59 153
35 121
15 280
166 224
139 270
90 112
172 206
70 120
192 243
78 228
41 228
51 94
94 218
165 186
45 231
103 246
284 296
131 291
112 227
69 109
10 93
129 294
228 265
220 280
223 280
30 253
59 267
62 189
60 285
33 99
87 291
99 206
39 90
149 267
31 38
156 169
168 265
160 254
212 278
29 196
37 216
38 234
24 29
106 143
26 199
39 253
11 16
125 224
8 26
219 257
39 58
280 285
167 266
89 249
276 299
18 61
56 261
169 216
119 199
149 264
163 179
201 239
83 263
56 182
147 284
263 300
88 108
106 202
143 164
169 248
45 247
216 246
158 290
47 214
206 235
226 293
122 145
140 290
168 192
70 249
111 218
56 165
121 209
31 258
87 258
23 30
33 184
131 209
165 184
207 220
75 173
74 258
78 204
107 205
102 271
90 181
155 185
159 283
138 190
5 56
6 214
24 42
239 266
111 155
70 158
289 300
274 288
128 279
7 90
17 231
40 131
81 214
83 268
255 289
105 153
278 292
1 229
36 142
61 273
138 237
80 297
125 262
12 276
247 253
76 223
32 36
169 284
40 67
28 150
32 155
216 293
45 236
204 276
61 229
64 257
11 262
180 251
183 197
162 191
182 275
120 208
99 151
129 148
13 247
215 260
73 277
117 202
191 228
121 274
78 201
56 273
61 146
50 145
125 172
150 188
93 132
41 136
195 250
77 166
220 296
19 253
108 207
106 216
69 102
54 162
55 190
109 265
154 282
3 259
201 268
201 265
31 71
1 95
71 283
25 269
221 243
108 266
22 164
25 80
77 229
21 70
155 292
96 284
14 181
228 248
137 272
105 142
87 172
186 204
183 270
41 82
48 131
32 167
99 116
84 144
92 128
43 202
37 166
97 271
36 219
184 187
225 271
84 177
58 293
175 266
166 167
86 260
109 130
92 232
208 294
27 159
170 283
40 47
27 139
207 212
145 175
22 61
219 259
20 26
257 267
101 112
99 225
19 101
89 227
78 234
39 247
152 163
46 101
74 251
50 106
77 239
166 175
59 125
114 247
180 225
16 17
152 278
200 261
131 140
14 69
166 290
163 273
140 249
191 196
72 151
82 178
125 211
24 296
73 92
98 286
156 267
81 218
110 273
118 159
118 150
212 230
132 229
68 103
47 156
111 219
68 108
87 282
48 154
168 204
218 221
11 280
93 275
29 268
78 198
35 102
16 177
58 164
234 295
10 163
26 254
173 250
11 201
215 224
9 242
154 266
67 113
103 234
55 239
22 163
17 83
80 193
238 244
239 277
18 72
116 263
7 294
115 181
235 242
75 264
32 269
98 129
58 261
195 294
51 236
252 277
118 157
86 219
36 240
2 262
63 154
145 264
12 201
11 196
12 286
255 287
97 161
38 271
7 27
35 282
41 177
74 290
231 297
20 93
142 264
18 157
61 218
195 296
85 247
37 189
200 246
10 114
5 152
39 161
168 274
107 246
117 284
11 233
76 279
98 170
241 286
101 111
49 210
79 133
4 258
38 258
41 270
118 285
42 200
30 129
38 123
64 249
96 145
245 298
51 169
180 282
127 170
79 81
162 178
23 83
224 236
139 148
129 193
18 253
111 131
80 217
33 119
86 94
130 174
126 256
17 268
194 234
150 187
146 256
86 121
134 234
2 79
107 272
250 284
125 232
153 243
62 145
52 124
88 187
19 260
127 172
63 177
70 291
36 285
110 180
205 228
22 77
59 197
17 188
21 149
80 288
76 85
132 134
257 263
197 249
174 222
25 281
190 220
136 184
95 114
71 178
12 146
65 135
181 205
3 222
34 46
98 165
63 208
155 166
21 250
84 153
3 108
53 266
103 198
62 259
117 259
26 226
126 262
15 257
132 244
214 290
30 260
45 260
34 41
134 281
144 184
38 274
22 56
1 101
44 266
140 296
96 125
124 191
35 219
39 259
44 84
151 160
88 155
20 55
50 265
22 115
143 265
25 134
14 75
13 249
120 155
5 165
149 243
45 154
271 285
105 172
25 168
124 224
69 197
122 286
63 246
127 209
72 209
34 144
107 131
62 68
155 250
32 106
179 225
69 266
147 204
104 286
97 101
50 250
54 92
55 162
72 87
180 275
31 224
35 54
159 287
148 265
15 17
59 246
25 68
162 261
35 103
183 193
13 283
5 78
173 282
32 156
14 37
158 241
175 235
36 145
74 173
102 164
113 205
27 256
30 118
195 252
64 297
154 224
25 167
2 105
98 263
78 265
24 130
99 263
74 75
82 191
131 177
45 115
122 259
34 58
58 285
26 171
24 87
156 232
203 268
115 205
67 152
202 281
233 238
116 282
110 169
250 293
49 207
28 252
38 296
33 58
10 244
35 229
56 299
126 161
92 97
73 172
44 55
5 14
225 251
59 210
16 201
10 46
65 219
23 249
86 149
36 176
151 155
76 176
208 275
71 167
24 180
132 252
199 254
2 191
22 96
153 225
179 266
9 250
230 254
62 203
175 299
84 174
100 255
162 226
23 27
25 189
121 193
36 106
58 165
180 247
201 283
140 216
53 126
33 261
269 283
148 266
111 227
250 268
98 171
215 241
46 202
185 192
136 148
28 215
22 266
192 268
149 246
32 283
100 222
155 218
80 181
1 138
73 168
35 273
207 232
3 152
26 125
49 70
135 291
23 108
45 279
14 293
110 204
15 59
261 279
3 272
83 251
19 172
13 179
108 159
240 260
66 243
152 257
95 240
138 170
6 262
59 273
49 176
13 214
115 245
174 254
207 288
37 280
16 219
247 258
191 289
222 268
142 243
68 261
90 198
44 278
1 279
93 168
26 47
25 204
124 268
21 123
105 272
126 208
173 245
6 105
157 161
35 110
1 68
28 174
18 148
70 95
24 173
22 236
291 298
76 190
124 162
121 153
179 295
1 66
25 197
144 210
114 201
115 269
48 128
91 278
43 201
94 189
188 266
78 206
130 201
45 288
82 153
113 210
212 272
103 210
78 138
23 163
22 181
2 75
43 113
135 299
43 149
93 152
30 64
92 151
50 222
130 136
95 98
42 123
11 232
46 219
91 254
248 293
139 268
157 168
132 176
30 112
234 270
24 95
40 137
134 159
148 171
156 236
113 159
84 234
147 180
81 212
29 136
121 276
113 139
139 276
9 296
30 278
148 270
17 66
126 299
33 35
28 145
2 125
135 175
57 92
51 272
50 155
221 269
55 220
12 45
9 288
159 270
56 278
152 183
76 169
6 91
14 70
21 38
71 290
143 200
80 125
31 276
3 234
8 17
6 293
153 171
79 159
37 143
103 291
53 151
26 41
152 299
51 151
78 273
296 299
225 277
24 286
22 108
219 292
152 236
204 254
13 295
10 265
52 207
117 274
49 128
226 279
129 271
14 180
46 266
156 173
246 268
22 283
244 263
77 264
113 234
55 199
203 232
10 125
168 238
129 153
250 276
145 160
174 188
117 154
79 203
1 270
32 126
92 225
233 279
123 240
58 295
48 145
67 103
119 200
165 226
38 226
127 212
205 283
159 175
20 232
62 241
94 215
42 178
44 244
19 250
22 125
48 223
248 287
252 266
142 258
36 273
18 152
248 280
42 120
11 293
85 121
35 44
188 255
102 229
179 193
64 264
102 178
6 112
171 252
236 254
61 184
104 274
17 245
112 269
79 275
156 261
30 69
63 194
17 218
197 253
127 278
176 210
21 270
63 96
57 209
211 212
181 289
122 284
103 143
54 156
246 278
111 300
123 256
136 201
10 151
136 156
163 255
72 288
9 114
61 252
37 98
84 167
22 74
46 260
136 237
187 214
86 217
133 140
188 203
31 94
259 293
66 164
88 152
76 117
160 288
119 175
30 212
206 269
46 299
51 255
95 284
110 271
38 249
167 170
1 188
38 281
55 68
3 109
113 201
224 244
1 215
116 251
44 114
209 262
16 299
224 240
176 222
91 108
10 131
96 127
167 180
16 243
26 27
28 294
168 268
73 183
251 266
268 283
86 190
150 223
50 216
51 92
174 283
124 212
101 224
14 43
92 197
88 181
56 263
144 197
131 141
89 113
205 212
217 233
174 245
112 154
68 121
1 271
2 198
73 126
33 93
50 283
15 54
112 293
111 205
32 121
209 247
73 95
12 143
10 133
35 61
54 131
71 109
110 164
221 248
200 247
2 65
22 110
26 246
23 179
214 266
28 186
100 297
13 14
50 196
163 218
14 114
66 275
68 216
93 209
66 159
87 236
16 251
104 205
44 53
47 83
89 122
227 254
175 193
137 242
43 292
56 230
136 155
264 290
82 128
127 194
66 249
152 283
73 83
6 87
24 177
79 257
154 215
17 129
63 259
24 59
149 214
35 43
12 265
209 292
88 277
144 155
8 19
227 274
30 224
50 174
77 80
74 230
123 245
223 274
102 251
35 272
119 241
129 204
21 201
13 270
243 275
46 285
97 221
292 294
52 203
110 195
24 147
61 282
230 256
11 218
31 232
19 154
13 299
20 25
8 299
78 233
111 179
224 239
134 137
190 196
90 131
172 228
41 68
77 220
2 34
191 234
220 235
11 281
35 188
201 228
41 166
136 191
53 93
71 189
85 234
67 182
16 228
65 88
24 37
23 210
146 262
40 209
145 278
89 144
252 297
192 276
70 188
192 267
120 182
101 188
239 261
24 53
8 293
173 275
247 279
131 244
108 136
109 230
110 291
196 245
128 252
123 279
92 107
3 220
30 78
199 291
30 56
13 161
61 155
159 176
80 113
34 131
71 83
295 299
191 200
106 147
119 168
213 235
74 100
55 103
19 271
62 284
46 258
18 145
78 152
187 235
40 173
56 237
119 126
132 294
32 98
98 220
266 276
25 146
135 203
9 259
77 271
160 202
108 171
113 142
14 40
13 174
249 258
53 147
60 130
210 300
20 83
200 225
35 148
50 138
123 155
91 194
177 224
10 120
82 222
167 278
149 238
176 209
48 163
19 87
184 269
57 289
70 152
16 197
108 200
240 241
83 274
248 277
57 264
98 229
37 275
213 225
24 25
230 278
25 227
70 187
15 42
45 252
135 211
23 185
160 229
9 147
37 278
8 280
1 115
232 291
144 181
115 149
68 189
7 79
98 240
192 254
25 219
89 286
50 207
9 161
12 262
116 262
30 242
3 258
47 226
60 211
46 141
35 83
150 205
13 122
206 276
72 161
82 123
281 285
38 280
176 265
216 281
208 217
122 244
98 219
229 265
244 284
155 196
45 122
51 133
256 285
20 70
12 95
2 218
62 266
12 129
200 242
181 229
3 154
126 237
204 225
147 198
198 215
30 270
98 253
97 174
41 67
42 261
140 162
246 285
37 288
274 277
187 263
26 143
105 154
29 94
77 102
39 188
13 252
220 267
140 221
133 200
66 151
59 218
101 207
117 272
203 291
18 272
142 300
165 264
1 259
76 249
153 167
148 264
49 230
102 183
145 285
103 229
77 100
29 249
242 249
9 116
227 295
140 147
270 289
66 236
154 243
72 170
119 216
95 299
214 294
110 184
2 184
97 295
74 210
174 288
20 111
196 253
5 232
22 202
157 236
76 92
76 277
4 202
37 144
184 297
189 254
63 269
43 205
122 186
95 267
39 116
208 300
29 106
54 180
21 86
6 235
91 270
107 254
38 251
34 177
195 224
201 238
45 218
4 104
84 190
193 289
226 270
61 101
67 266
140 234
3 292
29 34
65 250
123 145
177 201
130 214
117 224
118 223
62 233
120 299
131 286
24 274
156 243
178 273
108 293
5 15
111 242
29 63
180 188
12 233
92 180
155 264
47 276
100 174
118 135
237 295
191 286
6 142
109 119
42 184
14 72
114 177
140 300
73 256
104 298
11 271
77 146
100 122
149 255
40 80
97 290
29 31
108 283
212 257
225 249
227 288
24 136
12 132
154 167
154 199
149 268
18 115
91 146
94 170
56 285
189 225
147 167
119 262
3 87
151 249
47 138
131 256
17 146
53 248
109 228
163 205
101 275
33 92
36 80
126 293
204 227
31 55
145 174
156 159
68 196
77 188
104 175
131 298
58 118
166 225
70 295
163 300
83 126
129 195
126 291
151 252
99 136
74 291
131 267
4 292
37 51
6 270
115 300
227 262
23 158
93 154
37 136
11 124
24 215
88 266
180 200
153 177
139 251
264 272
148 241
73 267
52 221
153 271
16 262
129 132
106 142
87 212
1 258
128 296
5 111
101 294
268 298
213 228
180 184
54 265
241 264
51 296
70 282
28 160
35 189
38 208
52 76
10 110
62 71
184 237
54 218
151 158
81 105
52 96
70 243
94 201
131 237
128 249
49 107
89 271
193 243
155 283
88 293
17 212
59 195
4 176
36 58
70 160
78 280
11 190
217 300
129 179
32 242
37 42
217 295
99 223
51 107
236 271
63 242
4 271
51 286
223 295
30 185
138 202
132 146
72 291
29 107
61 145
13 83
244 286
153 199
8 99
2 158
21 146
165 300
4 127
49 260
52 90
95 135
77 78
222 231
109 177
3 129
78 85
111 152
250 271
15 40
56 251
55 258
86 161
165 201
23 68
194 235
5 130
139 298
143 167
97 168
66 175
28 65
52 58
121 170
99 247
51 75
55 83
57 254
15 89
162 248
108 245
87 186
64 129
50 115
83 201
9 20
177 190
78 183
36 136
32 97
238 253
71 139
117 249
229 287
98 270
26 298
81 138
74 129
143 284
33 291
82 130
50 157
44 110
64 65
58 73
152 205
115 258
34 92
238 242
178 179
7 59
39 51
55 300
82 244
143 185
60 292
46 126
40 211
10 182
93 282
128 238
16 193
133 165
47 68
55 114
56 58
41 292
107 252
79 109
48 278
156 183
164 222
48 259
25 163
123 223
92 159
104 289
1 46
145 257
54 143
144 293
268 271
187 202
121 288
233 293
204 292
169 184
31 201
19 190
146 241
186 279
13 81
197 276
14 195
50 260
254 299
65 238
4 219
111 124
153 274
118 230
142 153
4 273
173 236
87 170
174 181
90 180
122 204
64 198
87 134
194 215
84 202
117 178
33 152
54 243
155 171
82 217
62 282
64 146
38 205
117 173
259 266
39 241
80 104
48 293
134 289
114 169
32 181
85 104
162 284
145 260
106 207
227 291
7 107
115 152
143 243
97 121
134 277
11 292
48 283
134 202
134 200
51 152
90 210
161 181
124 270
49 292
12 24
143 186
138 142
79 99
36 155
166 269
14 36
23 260
179 184
94 238
186 187
111 251
164 249
52 140
108 214
9 50
22 264
106 120
203 261
183 198
111 288
67 155
72 293
79 165
172 279
72 125
43 167
92 190
76 79
30 157
121 252
121 191
181 264
144 193
132 183
94 256
43 241
50 61
86 128
1 232
6 122
120 146
190 192
93 125
171 221
185 253
107 165
272 285
127 165
255 295
53 295
200 275
211 270
6 7
40 69
176 260
143 156
103 288
52 133
36 44
62 70
222 282
78 176
132 199
24 248
188 204
54 257
89 145
234 277
108 227
250 291
71 161
54 86
267 298
74 168
1 260
35 58
10 142
113 114
50 181
117 139
135 173
149 269
265 284
96 122
15 56
62 246
21 67
130 195
25 160
18 165
21 220
172 190
9 170
76 119
21 132
186 300
10 194
14 177
152 156
44 107
187 193
23 227
113 160
59 235
158 216
95 131
16 111
101 243
111 240
122 269
138 144
75 249
15 132
39 251
94 146
48 94
183 227
21 227
98 245
41 216
69 287
119 161
78 282
99 141
278 289
125 191
275 289
213 217
148 287
249 268
53 104
111 285
42 190
113 135
216 227
133 216
17 204
134 156
181 297
92 286
112 167
87 214
133 211
13 145
74 213
190 293
227 264
273 288
19 128
159 231
164 165
50 248
35 290
95 127
20 290
218 289
5 53
112 207
80 172
104 237
40 277
248 278
143 184
154 214
16 236
119 288
35 42
121 203
28 206
57 76
86 288
91 133
80 108
2 149
85 124
164 287
151 169
58 81
247 261
69 226
119 140
183 238
24 75
165 240
24 127
63 132
71 151
129 188
76 264
233 284
85 87
150 157
23 40
154 169
8 73
32 270
28 189
62 200
48 139
166 189
115 292
34 162
38 94
70 255
141 143
119 192
118 278
257 285
114 275
37 254
100 178
158 235
4 166
81 227
157 244
2 288
79 234
214 257
170 208
75 125
76 140
178 238
83 244
165 220
37 59
106 157
152 294
74 108
14 122
21 241
47 293
64 182
267 288
181 192
22 214
206 277
82 129
48 129
70 205
135 287
105 118
70 148
39 102
122 143
33 202
47 130
247 260
14 252
23 92
119 197
162 166
37 221
137 191
216 283
121 183
82 193
72 178
88 242
56 80
189 236
65 212
51 108
87 225
190 294
87 188
1 144
152 232
54 69
244 247
4 105
125 236
27 193
251 293
20 159
129 189
222 297
19 91
185 198
95 169
17 154
192 283
96 170
273 297
32 42
12 171
130 145
7 13
188 300
21 188
122 201
34 109
14 153
92 223
51 193
54 110
164 264
70 111
61 193
53 263
131 220
29 292
90 188
263 270
249 254
164 183
116 209
249 277
170 201
270 296
59 248
50 198
10 41
49 241
212 243
204 286
73 289
81 236
145 232
175 257
111 248
177 212
102 161
113 163
34 83
44 116
94 100
46 145
17 292
155 237
172 250
135 240
27 79
87 99
133 168
129 166
9 78
141 296
69 126
166 271
20 87
81 179
11 114
7 262
146 231
75 164
181 201
53 232
100 208
108 273
214 222
48 173
50 148
56 291
129 210
50 254
10 172
73 177
140 223
58 182
165 233
213 269
72 244
22 160
49 179
140 190
184 285
113 161
15 180
231 278
88 169
48 99
47 219
54 212
30 135
29 195
83 220
260 286
210 225
74 288
3 202
126 232
214 235
21 167
24 35
97 200
244 275
230 262
96 291
210 223
10 103
57 148
194 216
184 227
58 243
195 218
12 263
199 220
152 247
67 288
4 123
140 271
85 224
10 184
55 281
22 188
145 150
140 263
11 203
3 150
59 177
71 173
91 121
92 278
202 232
65 139
74 238
74 87
170 181
4 214
175 205
77 164
60 275
184 252
16 205
67 293
15 212
4 57
93 156
46 232
8 114
210 256
66 174
108 211
22 205
235 262
131 297
48 202
130 154
172 226
20 213
17 158
190 200
71 155
261 264
48 243
183 245
100 176
140 287
26 237
88 190
193 270
180 277
40 165
31 209
81 281
9 136
27 246
48 260
162 300
5 84
250 267
193 276
247 263
93 155
161 224
20 190
141 223
246 255
180 240
153 210
103 204
19 60
37 72
112 276
153 200
173 266
15 300
43 156
102 261
131 242
39 232
133 204
196 238
91 168
103 182
220 295
130 272
80 101
29 180
24 181
14 232
5 64
130 250
68 184
228 293
132 159
33 121
7 16
62 206
46 198
256 286
201 279
200 272
2 122
224 285
115 133
51 53
104 165
70 106
23 85
193 232
218 280
165 212
59 251
23 157
36 248
18 225
263 284
151 237
33 109
1 300
82 281
48 105
121 211
32 284
73 296
7 32
107 236
129 205
190 231
160 262
32 282
45 235
75 292
157 165
133 222
220 224
178 201
89 226
124 222
94 261
134 271
144 251
66 68
6 84
91 193
62 254
84 296
161 200
50 143
273 300
103 259
73 122
187 196
133 227
9 227
216 224
7 110
6 204
60 74
127 220
78 235
1 283
46 72
61 172
58 86
18 25
16 266
119 236
42 168
173 213
46 150
228 274
274 295
60 167
15 252
188 287
30 234
23 241
8 59
123 153
102 281
110 154
92 237
156 198
107 250
62 172
130 300
26 73
30 130
244 273
66 197
196 266
86 231
218 292
74 120
102 203
205 260
173 287
90 272
34 223
166 292
225 226
45 266
71 280
106 166
89 101
66 92
81 117
39 98
94 293
256 283
4 43
127 286
209 267
3 248
36 187
67 87
29 219
23 97
12 246
80 197
18 93
291 293
28 248
109 135
85 153
112 149
60 277
21 178
25 172
12 107
128 182
39 174
222 241
244 257
96 295
31 252
100 168
61 117
109 161
198 263
73 176
25 89
242 262
8 227
9 179
220 292
11 26
34 75
77 128
165 203
38 137
55 168
46 190
53 256
44 78
116 125
115 141
196 236
44 171
48 108
142 298
206 294
21 295
86 187
160 211
137 160
77 219
184 294
231 277
168 201
193 211
194 239
136 245
27 286
39 118
21 212
174 290
8 57
117 130
56 196
47 161
112 163
187 201
168 225
13 259
198 208
164 193
65 168
2 229
160 177
89 109
76 164
194 294
67 141
8 14
55 130
123 170
94 229
61 115
90 275
37 135
172 227
1 174
47 99
15 277
55 175
227 293
84 94
281 284
29 45
139 229
64 87
132 157
31 237
90 288
47 48
75 76
48 88
30 275
166 178
104 191
127 186
40 151
165 249
22 271
204 209
163 235
269 291
66 183
62 163
264 288
131 189
17 35
82 162
107 213
104 208
9 266
90 187
47 174
104 241
94 182
10 198
208 278
53 108
73 164
195 202
25 298
94 249
17 238
281 300
20 61
30 124
132 267
9 255
31 170
141 190
69 225
104 159
80 112
15 107
23 126
189 226
31 244
96 298
190 236
186 286
46 140
27 114
96 165
38 105
25 218
194 300
11 63
101 125
206 297
19 279
202 250
90 292
81 116
55 242
110 287
3 84
56 71
102 283
34 37
140 226
194 230
130 206
213 245
80 128
11 264
117 267
147 152
107 162
40 179
118 297
92 284
62 173
47 126
49 183
66 113
162 210
52 160
45 290
77 90
60 131
96 180
49 78
174 223
56 106
116 222
131 258
227 289
63 236
73 282
90 170
135 290
166 221
102 130
1 154
42 99
178 265
250 282
206 220
198 264
48 86
150 289
164 210
125 186
135 283
108 138
61 286
199 221
117 242
87 96
5 30
128 167
14 259
194 224
129 142
201 298
261 296
47 254
7 234
179 239
71 157
17 62
62 199
85 240
127 300
80 232
60 145
194 243
22 196
72 238
116 272
7 281
3 269
9 58
45 258
172 183
19 221
154 189
79 160
209 269
173 257
129 162
133 253
104 129
101 208
112 264
124 252
117 243
101 209
31 257
220 294
103 134
133 290
47 194
6 82
10 92
14 285
138 189
156 270
64 80
160 282
100 115
178 212
135 282
100 219
81 279
77 216
214 217
230 246
37 82
189 255
68 214
2 142
68 294
122 267
183 208
131 142
90 125
229 239
118 262
71 135
92 119
146 153
145 236
86 181
260 272
42 45
141 272
8 286
56 158
65 181
95 159
102 216
110 159
106 167
44 176
30 100
77 287
72 173
57 262
117 137
182 226
10 237
69 187
89 285
72 280
32 54
96 184
188 229
33 203
52 273
21 155
38 197
37 228
38 156
13 187
66 265
44 228
136 231
79 220
96 120
128 193
199 290
21 66
68 235
169 205
217 240
120 286
135 192
65 109
264 281
136 185
44 151
87 141
292 293
81 156
6 140
132 158
142 218
10 167
41 295
56 129
70 194
3 194
70 270
155 194
17 57
120 200
6 171
75 134
158 177
100 146
9 238
42 141
81 177
69 295
273 296
62 261
68 150
164 269
8 292
113 257
64 207
108 284
12 241
211 228
65 214
114 178
127 258
51 55
34 280
43 280
49 234
100 250
112 299
127 159
36 72
84 115
219 279
112 136
146 276
266 288
157 172
44 52
84 225
157 263
165 173
104 186
43 99
40 257
68 264
158 277
159 199
100 244
28 257
50 135
190 260
175 252
205 239
38 47
253 281
173 234
61 94
256 272
34 270
82 97
30 215
203 293
190 290
157 167
67 282
109 234
236 275
108 218
93 251
183 274
62 220
163 283
249 276
76 170
157 222
278 282
56 156
7 259
216 296
59 163
93 246
57 251
45 212
74 180
95 107
91 138
117 182
63 150
263 291
124 267
85 259
216 219
110 289
177 229
101 164
221 274
98 130
225 253
50 221
123 247
129 279
167 223
100 276
92 187
23 106
265 290
43 159
143 239
149 176
41 175
22 168
151 292
47 175
45 159
61 76
41 244
7 132
164 191
26 128
57 223
28 286
35 80
70 140
7 188
128 284
32 158
95 100
247 271
8 199
81 257
118 267
80 159
143 154
4 24
197 282
61 174
164 184
47 140
94 295
37 96
31 49
124 147
120 236
68 291
238 249
129 215
78 110
104 144
242 292
254 291
142 227
57 291
22 295
20 99
22 52
54 67
144 167
106 176
36 163
50 140
77 176
5 77
5 220
132 184
4 56
28 199
1 33
240 244
159 289
60 268
178 298
27 66
27 280
16 204
57 111
49 56
169 231
141 178
124 193
40 104
18 288
6 275
1 133
195 215
31 256
141 240
204 210
122 139
82 192
143 271
69 277
35 127
106 175
136 229
45 208
15 145
7 117
140 210
46 271
154 254
123 200
121 190
45 294
166 279
77 95
153 208
115 294
88 163
99 198
60 115
101 235
70 170
80 103
11 82
67 286
51 174
192 251
70 211
272 290
158 204
60 219
95 194
18 258
83 260
18 214
105 274
252 259
8 169
196 213
214 284
145 216
15 235
57 135
250 265
9 142
28 156
52 239
24 167
158 208
179 216
104 228
37 217
187 242
175 214
108 231
104 137
24 216
37 105
68 100
75 135
17 27
2 237
125 132
70 231
137 270
219 228
76 231
181 257
121 255
159 271
157 211
33 126
37 113
219 283
51 155
191 226
1 265
145 258
215 269
56 138
106 295
53 75
39 89
41 100
111 275
194 251
178 270
89 217
199 229
14 235
101 122
239 278
217 275
127 195
88 219
157 186
53 92
189 289
29 218
242 286
141 198
134 295
70 274
31 113
138 153
257 299
68 258
77 92
113 274
5 225
116 140
49 247
131 257
175 256
239 245
15 34
15 205
75 77
158 286
261 281
53 152
47 299
79 87
224 291
199 210
27 166
13 188
194 282
8 37
39 93
130 179
191 249
37 54
82 156
169 200
100 280
153 263
21 246
73 193
42 77
222 243
21 137
152 296
86 185
173 235
148 252
27 249
1 94
3 66
129 135
102 189
171 269
23 59
4 9
26 250
72 122
22 243
84 211
60 132
29 274
127 279
61 298
180 257
177 245
144 294
155 234
199 257
74 283
50 291
53 294
6 23
238 292
161 285
123 226
215 263
48 184
173 208
229 251
67 75
19 217
40 198
53 153
163 239
204 213
18 207
217 232
11 81
109 292
237 300
8 162
132 223
145 224
166 260
153 202
139 142
131 185
73 246
15 254
21 61
185 209
99 113
154 239
57 184
6 184
91 145
79 163
100 188
106 266
162 184
15 297
227 283
49 287
25 83
18 73
143 197
3 159
46 114
36 175
15 272
40 139
217 237
113 117
40 76
10 42
45 163
213 220
14 183
71 247
50 183
63 137
147 299
175 183
73 241
43 121
4 203
128 137
67 177
113 193
30 137
94 126
180 253
53 282
38 135
78 299
58 131
109 240
91 148
31 101
237 294
124 277
85 109
177 197
13 293
4 216
89 223
82 195
32 288
98 136
4 245
1 216
115 295
26 62
49 69
42 255
5 127
112 162
239 240
123 187
167 185
104 296
15 91
150 184
85 160
212 224
20 266
65 111
233 249
39 191
38 218
77 206
113 225
170 175
67 219
43 199
105 148
130 275
101 114
69 265
70 193
217 228
154 259
108 295
40 227
288 300
239 279
166 205
6 252
12 112
150 209
2 286
54 136
44 205
74 261
165 243
166 251
112 146
68 92
63 234
81 287
106 115
47 180
79 136
148 286
234 266
19 50
145 223
122 126
184 260
92 133
26 91
27 187
172 269
7 275
42 135
120 170
141 200
74 237
116 266
1 221
95 272
63 142
143 251
141 159
147 242
115 163
92 100
24 33
184 281
52 189
27 240
56 72
5 271
105 220
67 255
15 46
21 225
130 135
229 297
64 89
147 210
205 250
55 171
9 257
156 255
254 284
152 237
31 215
23 162
151 240
118 142
14 256
178 207
45 234
65 70
145 299
19 74
126 185
20 191
174 286
101 156
17 219
1 220
174 297
28 85
211 281
66 122
29 113
196 289
32 272
227 273
109 224
38 276
245 262
51 102
69 138
167 280
128 183
37 122
83 181
201 241
21 180
81 131
29 118
111 114
178 180
120 215
66 244
21 238
20 223
238 260
137 219
259 292
205 287
220 223
18 163
169 194
23 256
63 72
47 247
14 110
125 139
56 207
224 251
76 233
114 161
165 254
79 120
51 207
23 270
36 268
135 152
15 61
213 299
82 173
32 117
109 166
275 293
61 230
74 186
19 264
156 257
144 252
142 293
76 205
95 248
53 194
63 166
121 172
53 203
148 294
101 298
159 266
198 265
120 217
210 267
131 215
44 259
65 80
219 255
32 62
14 223
29 170
61 102
30 49
15 216
20 189
130 219
243 279
7 60
103 239
237 276
14 257
187 295
65 264
162 172
40 235
74 274
112 206
29 234
74 221
86 132
71 248
38 50
135 295
8 70
164 250
84 175
252 263
238 286
83 273
60 129
166 293
57 166
37 114
149 164
176 284
97 104
109 178
34 290
48 175
31 297
35 203
50 55
45 276
199 295
21 221
33 101
7 152
94 143
286 294
111 184
201 296
136 268
130 159
76 101
125 254
191 240
191 199
62 150
152 189
15 189
46 70
6 119
70 130
15 172
31 118
153 213
105 141
103 272
155 238
161 229
24 260
27 234
168 272
86 183
53 229
48 146
79 103
144 220
5 115
43 148
113 191
214 262
122 176
22 154
11 136
202 213
223 284
68 77
98 254
8 53
45 49
43 218
70 226
83 176
271 298
53 120
62 81
11 228
251 276
201 227
133 166
144 176
128 256
92 215
200 270
216 243
33 84
46 79
128 159
127 250
112 159
104 231
61 261
12 22
258 284
48 273
36 230
179 255
15 139
1 204
87 98
84 266
113 130
135 239
1 237
140 275
188 250
75 272
25 133
27 290
38 154
112 140
139 163
99 144
36 290
61 240
29 91
167 270
95 247
123 201
210 243
16 175
2 87
81 172
49 115
163 190
162 240
19 105
10 33
198 283
34 103
44 96
204 258
39 173
237 283
153 264
16 141
119 143
47 197
43 229
285 298
122 182
68 284
27 132
144 242
89 266
201 290
56 99
57 173
26 57
144 280
35 244
153 296
30 283
158 257
69 216
181 214
126 148
22 262
150 236
92 235
119 131
165 199
30 146
88 204
242 279
119 230
75 168
150 217
4 232
246 267
23 218
44 292
35 88
234 247
53 191
197 223
54 168
146 208
262 265
105 236
134 180
132 224
99 291
48 292
125 138
83 122
123 229
198 292
53 78
15 283
220 261
190 247
10 224
71 215
128 132
76 256
75 170
15 71
50 201
7 101
91 185
18 287
69 278
124 217
48 60
87 200
181 207
67 192
92 199
49 271
57 203
153 158
153 211
62 213
143 161
20 271
202 293
254 283
242 271
101 206
144 216
10 269
136 158
194 218
13 246
6 250
188 235
39 49
17 278
167 206
165 289
118 251
80 137
233 270
26 207
75 290
209 219
69 170
2 54
115 218
23 238
265 297
248 286
122 236
90 249
93 149
3 95
218 285
10 196
11 68
14 24
100 281
76 172
78 258
99 214
57 208
262 285
7 42
56 283
3 214
25 70
259 265
231 251
126 194
106 297
74 246
27 33
120 164
107 145
139 265
141 151
270 285
208 257
234 289
105 180
26 116
245 259
94 210
40 252
251 298
57 77
48 220
84 214
35 250
86 131
2 162
279 287
124 289
170 184
30 255
92 149
23 186
83 103
40 190
45 130
70 222
96 278
240 292
89 189
166 174
246 299
156 300
43 209
125 183
128 168
63 300
33 217
6 128
11 51
241 243
123 158
202 237
94 132
75 140
54 161
50 151
87 139
26 110
16 276
45 267
64 253
24 103
33 239
119 273
52 127
191 290
29 254
197 261
2 31
54 247
38 167
26 259
251 264
135 229
12 279
20 265
157 187
5 197
268 299
245 278
78 294
177 255
45 133
136 192
59 254
96 156
14 289
173 174
22 45
200 254
203 234
109 290
95 236
143 160
119 282
116 162
1 176
59 110
24 178
164 289
41 137
203 265
5 166
36 297
51 68
240 286
31 69
42 298
6 172
68 142
47 265
85 143
1 8
109 149
204 248
2 49
42 132
173 258
13 71
36 74
32 251
13 129
16 93
153 173
214 291
160 165
120 218
29 264
128 244
131 149
73 291
82 289
55 227
203 289
17 242
204 269
111 129
20 212
249 292
80 175
139 245
242 297
147 181
161 207
29 38
57 227
64 203
142 245
132 187
99 174
69 91
56 294
108 128
11 138
108 178
38 203
68 180
43 82
73 194
43 224
97 262
15 123
151 272
111 231
140 285
64 93
96 143
167 184
65 97
18 85
115 214
9 243
12 175
94 284
159 206
106 198
125 285
71 257
268 287
84 300
59 234
226 233
91 247
85 288
154 253
65 131
196 259
67 253
119 261
3 35
99 242
222 272
184 288
197 203
190 250
127 166
73 187
145 180
95 227
79 125
45 263
243 273
281 299
132 297
68 215
12 23
44 291
44 139
28 188
114 124
197 207
8 272
123 210
14 67
162 212
6 107
189 264
59 104
67 108
147 199
64 73
57 190
65 183
2 260
163 219
158 207
27 288
135 284
17 91
156 292
104 147
209 299
123 252
10 217
102 162
7 214
183 269
236 296
32 43
23 300
100 270
103 171
22 51
174 198
44 68
3 14
75 102
13 278
72 235
87 108
44 154
116 168
73 255
162 220
138 271
127 196
180 300
6 92
169 225
215 290
138 294
122 180
57 258
145 296
34 68
89 219
39 142
55 69
88 148
189 238
88 283
39 254
140 237
237 256
120 213
6 19
133 272
5 253
239 290
59 204
102 269
3 43
140 212
45 246
59 87
157 174
24 115
170 200
119 176
69 282
56 260
162 203
155 235
218 268
26 265
28 127
144 263
74 198
157 220
192 207
7 220
113 211
67 126
75 276
84 183
1 4
35 108
136 255
9 60
103 140
103 245
96 225
172 232
9 113
148 163
8 123
124 168
228 295
62 252
85 267
146 265
126 268
74 118
57 68
26 118
20 257
43 109
151 182
65 286
29 300
24 245
132 181
230 298
13 48
229 277
255 279
34 189
95 202
141 232
110 277
284 288
4 195
70 138
16 297
81 215
236 270
57 259
49 187
61 79
261 263
248 261
22 64
17 28
35 283
1 194
167 297
159 227
257 274
66 284
114 121
181 218
142 174
3 165
238 248
14 220
26 148
234 296
76 89
34 238
60 281
130 264
155 195
180 229
108 143
48 159
70 242
38 71
2 19
135 164
201 280
8 185
125 230
119 244
24 44
8 55
171 251
91 95
221 245
20 145
163 175
30 62
144 239
20 153
119 135
151 175
84 283
83 166
118 139
182 258
102 159
60 97
31 141
137 284
8 224
24 117
55 259
254 277
77 214
39 197
192 291
53 199
241 283
158 242
261 272
1 59
101 288
192 247
19 81
11 170
142 212
23 74
193 274
38 228
100 117
27 137
60 99
129 186
208 272
63 195
36 61
60 271
147 282
121 220
64 166
165 267
72 97
19 70
187 260
16 49
24 140
46 222
173 261
114 288
6 291
10 118
59 176
157 247
229 240
55 155
86 123
45 113
117 234
80 235
30 204
71 218
84 240
10 109
252 272
57 260
122 256
117 212
30 107
184 215
254 290
87 178
25 41
41 164
50 202
43 160
227 276
105 170
133 139
218 255
182 250
19 56
95 163
49 294
19 84
54 282
68 193
53 270
200 291
90 222
142 279
50 94
65 184
25 243
51 210
209 282
29 231
76 82
214 241
40 53
24 255
53 74
18 212
85 123
254 269
13 141
98 127
134 293
99 253
144 226
201 229
74 128
33 211
84 230
187 259
7 65
144 277
73 152
116 174
193 209
71 232
29 85
11 107
25 207
245 274
169 271
16 160
16 232
44 163
197 264
204 224
88 222
52 157
220 298
61 206
64 228
116 166
105 271
117 170
209 210
78 159
92 271
56 270
14 240
180 294
215 273
76 284
13 17
263 277
215 279
10 89
168 282
41 112
17 259
48 50
185 256
68 244
65 160
2 82
77 267
206 236
277 286
156 265
27 224
159 216
55 92
135 177
139 197
16 259
4 293
136 167
66 280
204 233
117 125
111 232
74 241
35 280
212 299
120 204
11 132
32 116
66 215
22 72
22 43
5 98
234 291
120 171
16 185
105 131
110 141
81 128
25 193
244 262
149 224
173 290
126 154
40 162
130 287
35 289
124 274
68 169
8 271
46 123
26 64
69 206
148 282
36 112
130 193
15 163
34 95
22 201
19 77
293 296
184 228
26 32
30 177
19 44
60 159
169 252
95 233
66 223
96 269
3 142
137 259
21 151
2 42
33 295
137 264
68 134
57 222
139 205
208 258
139 193
134 252
51 148
19 95
195 242
14 253
10 218
9 154
158 160
47 190
194 207
72 171
43 194
137 170
22 172
206 218
198 227
225 296
9 180
138 242
208 247
4 32
87 251
179 229
81 85
9 85
130 170
65 176
70 97
16 189
98 215
45 59
172 204
102 177
42 275
3 243
181 223
148 188
52 232
180 279
90 185
246 282
27 168
37 248
7 41
64 241
98 155
262 299
113 263
62 64
163 236
56 136
64 180
39 106
128 288
50 100
223 260
43 297
40 289
42 214
3 174
113 265
67 68
25 44
207 236
45 214
79 86
155 226
55 116
25 272
42 104
64 119
65 171
54 103
89 206
101 103
16 280
147 186
127 247
190 227
97 126
135 157
6 123
115 277
158 232
15 290
50 171
181 265
271 284
89 294
26 151
210 279
138 205
90 274
135 232
89 205
33 242
209 227
33 255
46 247
105 110
55 264
35 235
40 194
184 280
67 95
79 295
129 256
62 287
104 294
24 247
152 244
180 296
37 146
67 71
41 300
32 287
95 225
57 182
142 165
27 56
8 34
120 227
66 206
55 218
55 123
231 288
42 256
10 226
78 215
201 208
158 164
19 100
13 257
129 229
38 279
237 249
97 293
41 151
234 253
5 135
21 203
95 213
257 297
27 205
108 206
17 54
159 284
123 198
138 217
117 241
72 174
71 251
203 296
29 200
83 183
97 120
36 122
271 276
147 264
72 257
90 127
182 189
191 242
118 220
125 149
175 284
30 126
168 289
66 70
220 250
253 265
91 106
39 209
61 134
41 65
32 34
87 104
58 114
108 202
145 255
119 250
4 225
41 146
170 269
13 95
69 92
7 31
26 141
92 166
54 256
64 71
98 266
67 189
74 91
44 239
84 85
125 203
124 263
210 211
3 199
173 286
8 201
189 198
122 138
154 294
53 276
6 111
53 206
116 130
30 103
4 198
30 293
225 239
41 85
83 114
212 254
84 254
14 185
162 291
166 203
101 223
43 46
14 274
142 191
2 95
227 235
27 269
38 62
98 278
209 230
126 246
7 216
166 243
146 234
46 269
116 284
160 212
185 286
10 86
76 245
43 179
29 275
248 270
160 166
36 41
245 247
59 91
172 192
101 237
50 122
255 297
16 199
116 254
176 267
259 276
188 195
64 105
246 249
173 288
5 285
133 277
50 274
92 285
156 284
11 163
205 265
128 267
106 122
82 294
134 294
84 216
94 169
106 269
106 191
37 123
127 144
47 157
67 130
165 259
31 119
20 42
102 234
115 253
252 295
37 237
272 276
9 263
228 271
150 155
124 157
182 210
196 239
20 98
219 253
43 88
14 174
123 255
32 137
48 268
13 128
28 204
172 213
61 216
218 253
2 196
174 293
119 237
242 274
129 268
229 245
11 274
127 243
108 163
68 151
113 115
64 142
8 210
191 246
41 186
34 53
77 177
2 297
49 211
175 232
5 140
25 173
134 205
37 161
245 282
28 70
171 268
119 208
140 184
88 255
67 142
162 296
31 182
70 252
38 117
141 218
249 275
64 88
132 299
162 221
267 285
110 261
72 101
159 207
286 297
173 280
172 272
268 297
172 194
223 242
79 205
7 192
55 186
105 174
8 285
107 290
76 104
12 48
185 285
83 289
162 268
172 199
73 145
3 247
82 247
178 237
29 232
3 191
97 236
106 195
37 188
131 222
60 238
59 296
200 231
139 207
47 90
61 69
22 173
13 182
198 248
36 209
19 242
87 288
16 283
107 288
34 247
30 202
72 154
219 272
50 253
82 150
72 213
4 171
19 118
42 282
14 27
33 250
173 240
46 218
172 207
238 262
71 158
96 129
11 72
57 146
72 139
64 200
85 260
38 115
232 263
159 218
38 164
51 82
215 234
226 292
225 269
46 193
27 227
162 274
81 270
141 248
104 209
156 227
81 94
131 223
110 124
51 176
116 224
215 300
14 255
118 281
171 207
43 192
30 214
157 163
158 230
16 150
180 201
44 184
29 93
49 104
18 128
64 183
36 89
42 196
240 271
163 201
158 268
87 234
177 253
84 156
101 249
52 285
24 219
227 230
177 221
155 297
33 62
14 45
67 205
93 243
110 230
11 173
49 117
89 225
147 150
8 84
19 24
56 111
60 168
176 197
41 170
56 157
58 230
156 238
153 227
129 300
122 150
27 112
226 253
178 249
23 98
134 204
25 248
207 295
56 83
90 238
203 219
229 261
114 213
49 143
89 156
28 71
192 257
197 212
8 207
220 233
118 206
202 222
109 167
266 290
39 272
232 251
159 181
20 96
22 185
44 297
221 228
129 233
9 29
39 104
70 275
23 49
51 225
115 271
174 263
18 150
183 281
6 205
189 242
104 267
223 229
131 146
187 251
175 178
196 237
200 211
73 116
144 225
4 239
121 181
196 283
29 241
241 268
25 95
157 225
103 209
78 272
41 219
123 260
33 95
15 97
13 152
84 196
169 229
22 124
46 118
22 49
148 238
6 151
82 126
141 211
163 254
23 47
216 226
93 208
31 76
26 189
19 295
91 279
44 131
156 226
41 78
54 269
143 282
160 171
131 262
168 269
91 200
138 228
284 292
37 279
141 285
92 117
67 275
135 265
75 231
82 189
55 222
216 274
30 60
182 186
28 137
133 247
214 299
62 234
109 211
258 285
178 187
30 36
33 64
235 261
88 274
94 198
146 251
71 200
242 276
197 256
25 136
117 163
153 284
45 188
48 147
99 274
40 138
156 268
156 160
93 220
154 283
235 244
90 189
151 185
147 237
240 250
206 241
57 115
249 253
234 263
35 190
59 175
133 148
30 259
126 145
28 112
106 294
185 224
102 260
278 290
144 240
26 200
134 273
59 187
156 182
107 121
165 224
106 118
61 183
39 137
126 152
92 179
18 78
131 245
36 133
35 241
85 181
209 248
27 154
253 289
87 238
228 264
208 285
236 242
82 125
132 248
136 157
204 298
59 90
13 42
70 110
77 247
7 99
12 282
158 187
161 240
233 297
14 132
155 239
139 203
58 120
13 268
49 92
106 186
185 200
29 33
247 264
50 111
29 204
45 150
176 193
112 246
145 220
1 280
59 171
108 300
132 160
69 297
55 294
9 152
80 102
18 127
286 299
113 203
2 118
64 178
263 271
178 233
151 239
88 159
187 209
33 149
222 289
163 194
214 267
110 196
141 297
69 275
101 181
73 119
125 154
197 295
185 296
225 283
114 224
91 117
92 231
80 132
87 111
83 266
46 137
13 195
250 266
151 266
49 53
145 171
180 266
110 232
176 293
121 205
48 294
228 272
101 169
99 171
138 259
160 248
3 195
85 202
10 298
95 223
103 251
124 146
42 147
19 207
58 280
264 267
32 92
157 278
11 24
3 41
194 281
4 52
161 271
46 115
164 281
60 98
44 54
125 275
31 260
24 217
117 254
17 46
75 179
27 250
34 220
129 282
144 255
45 245
213 271
206 246
104 161
218 234
19 30
252 274
56 295
75 167
253 295
105 277
59 237
56 265
63 216
5 88
119 132
35 167
55 296
139 299
3 15
178 241
31 206
36 241
96 117
97 183
13 223
12 250
58 163
142 161
14 203
6 103
164 185
49 65
46 289
13 274
186 236
90 235
31 147
157 180
118 181
83 250
122 281
31 269
138 250
114 130
225 232
28 146
20 262
152 211
18 220
83 145
164 292
20 228
101 240
1 121
64 95
150 264
136 186
66 255
37 155
94 108
48 183
108 212
96 177
12 89
126 184
55 241
235 270
60 106
124 238
48 115
28 34
43 152
127 230
229 281
128 178
93 245
151 221
153 244
96 227
143 278
176 181
191 277
16 68
183 286
21 207
147 169
227 252
182 205
169 265
94 199
22 24
61 258
47 257
46 241
118 282
67 181
33 141
7 209
264 299
12 266
20 60
55 211
268 277
85 95
193 285
93 211
44 90
23 87
95 158
69 253
13 79
147 249
40 208
158 270
2 93
264 279
11 60
207 238
161 253
151 238
131 292
46 62
119 137
14 29
46 225
157 262
66 258
6 272
180 196
32 83
172 256
60 197
46 99
18 138
86 168
107 144
32 280
19 258
30 189
165 282
107 201
118 209
137 222
259 291
19 89
253 279
116 119
39 277
281 290
60 87
50 163
185 298
219 273
189 300
152 177
65 240
46 224
47 296
22 145
26 40
144 254
142 296
84 299
79 279
17 294
108 144
17 37
124 148
97 206
10 165
221 254
39 94
91 294
15 98
5 37
127 190
22 129
93 160
20 251
97 128
32 235
96 236
90 262
41 45
104 151
132 278
21 44
34 251
179 228
102 186
54 62
39 206
154 171
51 277
18 103
65 151
236 252
6 113
19 107
36 202
69 252
273 281
73 259
85 270
54 81
26 126
202 235
114 172
212 291
161 254
220 240
132 286
149 283
60 165
188 196
95 106
24 73
16 74
47 85
139 233
63 160
98 224
201 276
251 289
94 114
18 194
122 189
38 122
53 182
116 211
103 184
94 174
145 247
13 85
32 217
175 251
25 266
72 236
155 267
171 193
83 188
153 268
240 276
58 88
162 239
84 105
76 151
148 168
149 233
46 192
46 273
146 273
236 294
242 248
2 256
26 35
61 208
90 253
98 181
36 200
163 220
97 292
206 284
137 145
32 40
185 231
165 294
152 216
122 282
36 190
52 181
143 270
18 164
140 260
100 167
13 32
36 53
35 136
103 155
85 174
139 218
119 228
23 71
94 187
7 254
151 222
50 249
97 147
3 93
38 84
32 101
157 290
60 294
108 236
93 218
122 161
65 218
10 207
19 204
35 288
105 231
237 259
88 251
225 260
167 253
96 267
52 61
116 127
29 251
59 193
84 138
136 169
86 250
110 127
37 150
140 247
120 197
101 107
147 288
275 295
259 263
19 196
16 31
77 185
40 164
80 141
18 251
38 40
67 236
132 300
145 157
88 116
75 228
56 97
115 225
171 179
25 229
56 171
172 277
210 272
6 60
95 278
86 120
108 189
221 233
64 156
79 102
196 269
18 130
25 261
16 263
80 210
49 195
89 188
89 183
142 220
211 253
74 160
257 295
13 215
133 214
157 177
207 213
7 124
17 246
129 277
41 212
219 229
155 288
13 38
104 196
43 271
33 90
63 84
153 273
60 278
79 188
36 49
51 182
114 291
100 210
72 259
117 175
16 84
105 228
79 268
147 238
222 249
96 135
118 298
5 269
64 103
5 70
56 159
51 235
114 153
115 169
178 220
64 232
87 272
196 271
14 292
40 111
89 132
32 230
131 206
50 120
13 248
72 131
127 188
160 298
125 158
114 168
273 299
92 224
102 205
91 285
230 238
68 219
174 292
30 184
76 179
20 287
201 295
86 271
56 164
201 220
134 139
69 296
35 105
112 132
12 232
16 145
290 298
20 147
240 274
65 165
157 295
83 104
94 138
14 199
75 202
151 276
80 245
191 295
137 216
106 135
104 111
161 277
156 161
202 272
19 125
40 65
206 245
188 256
29 291
113 165
16 235
71 274
182 209
206 251
106 249
5 177
146 159
198 281
131 154
264 284
47 77
143 183
61 262
243 276
272 291
109 297
192 282
36 199
106 149
153 262
182 252
10 144
121 163
68 118
242 254
61 126
69 149
96 157
252 273
93 292
73 265
108 166
170 256
64 149
12 69
115 155
51 268
186 197
145 156
177 279
197 244
53 130
86 169
75 280
165 271
5 134
25 120
177 296
166 194
158 260
44 63
242 273
34 241
236 240
169 283
82 287
223 297
166 186
207 271
25 105
37 227
65 130
103 233
15 255
169 250
93 107
159 194
16 256
7 242
246 277
99 217
19 21
109 113
198 201
24 291
126 155
149 189
112 155
12 255
186 243
121 178
79 249
46 86
75 195
55 89
25 278
6 13
77 225
39 198
184 292
6 289
43 184
149 171
167 259
42 236
73 285
118 244
17 175
157 223
35 246
125 276
133 250
189 224
75 147
63 274
12 103
72 268
248 264
236 265
49 235
7 218
115 233
46 196
136 164
65 129
159 279
99 109
107 278
84 290
127 272
44 262
90 109
26 154
35 93
22 237
95 136
114 209
63 197
38 219
1 245
173 216
176 298
50 210
35 227
99 197
121 217
83 127
11 188
226 257
97 177
42 68
148 288
84 220
68 249
121 140
92 116
88 104
3 135
74 135
7 39
61 108
123 299
112 130
183 256
182 256
59 151
74 110
196 223
202 284
146 263
132 234
60 240
190 198
116 150
50 182
142 219
169 201
297 299
20 295
59 119
141 291
190 206
54 146
105 279
177 205
70 174
13 151
160 265
16 99
193 213
65 117
172 182
193 215
73 195
138 256
221 283
89 218
286 290
230 263
40 176
33 182
18 295
9 52
1 222
212 280
163 228
28 79
28 92
256 282
171 182
9 40
49 223
79 244
55 159
156 229
5 154
146 163
53 123
34 134
17 64
145 282
49 263
144 247
74 263
51 222
3 138
174 294
56 141
290 291
148 237
270 294
76 161
207 242
119 229
68 148
75 86
217 235
18 83
53 146
80 184
80 212
44 186
62 190
12 98
121 266
20 36
160 194
26 138
226 275
98 159
225 257
205 216
40 186
16 156
241 245
42 299
84 209
75 277
67 107
29 134
100 215
102 108
13 271
87 285
88 221
110 216
94 145
164 235
100 154
31 160
27 88
47 220
286 295
33 155
64 106
263 279
81 195
61 119
3 261
158 222
72 251
27 284
76 174
232 235
24 54
75 214
226 248
128 245
204 296
15 55
71 259
161 204
179 214
148 190
62 230
224 279
192 227
4 38
67 96
100 111
15 246
23 119
25 127
53 116
225 259
11 144
99 235
74 162
95 183
103 167
91 271
214 254
77 284
102 238
36 206
5 190
18 286
179 211
44 222
158 297
71 181
255 286
40 45
137 190
242 247
56 225
233 277
194 247
58 135
171 218
118 242
12 159
156 205
193 298
4 102
50 178
169 293
12 213
41 236
62 169
7 203
83 90
94 123
185 294
60 264
149 276
9 248
6 80
185 215
99 207
47 171
62 258
149 288
60 293
225 286
49 105
105 145
189 212
20 176
157 268
122 262
188 208
78 269
221 239
28 244
81 163
59 275
204 207
176 266
40 133
136 279
81 250
23 70
58 219
112 142
89 239
204 268
289 292
55 169
11 182
137 233
97 220
25 198
82 288
27 273
276 293
139 224
24 220
82 94
98 119
2 171
146 277
93 134
258 291
105 261
73 84
24 149
18 52
195 253
151 201
10 192
182 204
9 111
90 240
64 219
153 275
39 282
41 59
61 75
81 124
23 254
41 210
15 292
104 249
166 190
291 296
135 222
43 250
255 259
90 295
78 207
125 231
69 288
135 241
56 170
85 170
112 139
34 195
95 162
84 154
164 259
78 135
13 255
116 216
10 251
103 106
272 277
183 233
278 299
106 145
13 62
141 180
1 90
90 161
15 195
112 153
57 183
237 292
190 271
119 123
19 85
109 168
205 244
175 248
109 249
138 253
155 193
82 109
112 237
81 255
233 299
26 175
74 299
92 181
138 266
145 248
166 278
197 277
87 131
110 181
213 258
146 249
79 95
7 96
48 217
198 243
113 170
126 230
44 85
36 295
172 188
259 285
103 202
200 283
135 195
187 282
90 234
278 293
24 293
43 259
152 159
217 253
145 274
152 188
230 260
236 267
210 284
69 120
85 285
121 232
100 116
36 143
123 160
138 226
107 230
64 194
264 289
138 158
287 288
161 208
63 120
181 206
233 247
23 117
23 291
70 171
261 298
16 182
131 165
67 252
64 115
273 289
97 251
83 214
9 295
208 261
162 257
125 278
82 135
92 196
31 298
99 282
12 96
217 258
23 113
267 279
21 51
155 158
243 263
185 226
241 275
137 217
76 199
110 157
79 290
77 191
90 190
50 262
91 162
111 293
19 170
83 288
10 279
240 246
182 263
235 282
257 292
52 190
31 272
155 280
207 211
87 120
101 124
186 273
280 287
24 159
107 266
103 258
59 205
137 140
79 297
46 153
79 261
231 258
152 172
103 179
188 241
133 195
103 118
70 104
136 160
49 252
129 253
71 222
32 277
94 104
65 127
148 230
19 164
64 143
82 299
37 263
161 177
44 127
88 130
47 245
2 299
250 252
199 208
128 155
113 220
79 280
82 87
86 136
93 261
80 170
41 141
140 297
168 229
95 283
46 107
159 290
40 57
282 295
201 214
120 235
195 273
247 298
105 266
1 26
122 209
137 285
25 209
89 282
87 203
68 272
54 89
98 164
60 265
82 257
124 288
63 227
147 168
126 286
107 273
64 179
141 145
147 273
132 196
75 181
134 290
29 56
30 218
135 236
202 216
47 211
69 98
28 232
216 240
203 284
10 148
37 56
108 122
165 283
9 109
204 243
38 70
13 168
88 142
31 96
138 196
186 251
41 106
230 272
60 175
145 250
94 173
19 26
133 159
41 227
135 182
114 269
67 166
62 222
28 162
71 233
66 214
51 246
86 208
43 87
165 214
33 98
25 156
174 299
77 120
118 292
72 95
231 264
132 188
27 37
171 175
98 186
4 97
82 118
33 281
44 150
193 262
48 209
177 188
179 299
56 127
117 123
6 48
182 260
98 152
109 288
112 137
7 160
34 207
6 15
218 239
30 262
8 145
58 143
13 76
238 261
83 102
45 296
10 215
29 146
28 260
42 260
146 268
62 185
60 226
42 229
115 270
153 179
43 47
61 123
178 228
84 192
151 194
59 211
186 283
7 26
122 191
1 295
165 288
29 144
1 139
88 96
129 156
27 264
46 172
69 180
82 274
60 134
135 273
18 289
85 89
36 189
189 201
47 166
84 252
36 95
190 258
188 211
141 174
73 137
150 159
110 134
20 252
11 117
82 182
16 140
16 136
20 296
28 266
73 229
29 267
166 253
203 266
68 143
190 285
7 12
116 268
229 233
102 220
137 139
219 231
155 268
74 264
74 148
48 78
188 212
72 298
159 221
191 269
30 249
125 286
7 140
28 61
140 288
39 83
85 102
120 231
33 201
112 233
276 294
47 169
181 228
106 225
249 287
168 194
98 116
63 115
96 294
113 182
50 224
201 299
105 263
144 194
65 269
64 131
14 270
123 258
13 206
12 184
185 227
208 262
116 194
104 217
161 212
77 288
67 80
41 98
55 90
237 282
76 155
52 66
46 294
19 39
39 279
169 176
31 242
275 296
43 217
181 225
136 214
176 182
74 292
20 235
24 209
201 257
177 194
179 209
172 289
65 224
17 262
182 270
67 218
27 36
277 282
4 230
264 296
95 161
111 171
172 249
47 162
71 217
136 140
205 217
18 30
184 239
69 212
84 218
22 130
143 218
146 178
40 121
38 193
154 268
33 140
18 57
87 215
115 198
6 257
43 198
83 238
13 149
7 38
196 255
7 134
22 23
184 207
141 264
48 165
42 75
124 285
23 84
205 280
255 269
143 174
123 277
237 265
40 166
55 250
128 154
187 240
75 204
1 189
106 164
161 293
82 297
13 68
120 150
76 125
238 283
118 225
10 34
70 232
6 70
206 231
79 82
63 83
110 165
70 96
146 198
76 128
169 257
185 276
178 240
25 164
34 48
6 173
18 285
167 237
83 261
195 209
82 137
103 175
118 296
181 263
14 276
165 278
129 292
142 183
192 246
102 250
86 293
72 261
113 150
8 172
100 288
37 119
7 296
210 231
138 155
128 179
209 290
248 294
223 278
112 261
133 270
24 201
102 267
50 212
127 295
226 262
97 152
255 275
136 220
66 266
33 81
283 288
64 125
118 218
36 162
123 154
91 114
224 277
81 132
71 176
60 255
207 246
255 281
226 263
6 166
3 280
117 191
21 298
63 211
200 222
4 88
57 150
34 194
20 102
51 140
174 180
156 187
55 94
92 218
92 220
123 271
171 258
229 270
114 133
208 220
119 121
142 260
40 178
215 249
195 214
34 208
9 153
122 232
26 290
122 175
43 56
40 224
156 189
187 268
48 132
29 290
10 30
158 271
199 289
221 253
145 217
161 209
152 191
235 293
261 286
211 245
59 164
65 118
2 273
193 234
101 297
31 46
9 167
43 140
195 289
167 242
81 168
55 267
33 235
121 262
79 135
22 27
175 203
32 47
24 237
29 108
43 251
127 228
247 277
82 145
121 253
86 226
224 275
66 136
14 279
123 278
156 288
49 52
56 210
152 222
66 127
173 277
1 53
10 181
42 80
73 258
184 242
53 58
100 125
30 198
124 234
24 144
92 287
74 289
254 266
42 108
59 226
85 204
60 204
33 205
86 100
18 174
97 179
32 187
77 138
25 276
62 63
125 220
88 111
210 265
54 233
13 53
210 273
46 88
35 159
230 281
167 204
208 236
196 286
151 253
10 288
154 281
175 200
6 29
32 296
177 257
221 299
151 257
32 257
211 293
41 286
65 96
148 275
62 244
94 221
5 180
15 53
107 117
222 265
204 251
193 250
18 218
4 42
99 105
56 275
83 133
175 194
229 269
137 144
150 211
112 135
4 54
93 106
70 178
214 231
122 198
68 281
5 222
34 130
96 272
225 272
36 117
140 166
66 112
219 221
189 280
78 200
7 246
250 294
116 219
7 284
29 166
60 239
57 126
91 165
114 248
71 239
73 250
242 243
126 269
41 167
4 172
210 299
90 176
224 248
26 162
9 97
67 149
184 216
105 287
12 281
261 278
255 256
4 50
113 288
195 241
45 74
208 245
111 148
106 298
74 229
33 117
177 254
147 148
33 66
36 81
94 236
221 262
165 265
37 207
244 285
167 251
110 139
69 112
78 298
115 177
12 240
48 65
62 207
71 163
122 288
116 144
207 275
104 234
195 238
111 214
33 221
284 293
255 283
52 223
93 144
26 208
24 89
172 284
128 255
241 266
145 201
54 284
49 184
108 269
180 285
93 175
128 142
27 43
251 278
20 43
63 190
29 225
93 192
55 112
132 269
44 211
100 139
215 246
117 219
129 255
82 271
69 272
120 122
26 268
189 245
10 293
59 298
63 125
5 272
109 154
66 83
19 238
11 225
73 89
57 277
91 180
166 282
33 228
113 299
278 288
133 276
160 197
33 74
100 141
58 204
29 169
216 287
209 217
21 248
154 202
47 65
42 152
61 280
53 61
79 113
108 110
181 235
145 254
38 146
56 160
23 231
8 58
62 106
8 202
175 177
209 258
232 238
201 294
172 208
4 196
118 212
135 213
167 210
158 280
10 297
71 120
67 260
66 230
7 190
215 284
121 234
27 182
161 280
168 288
257 286
282 290
250 269
13 178
13 267
108 280
56 108
49 199
77 183
183 249
57 267
95 187
10 102
76 262
96 107
130 202
137 231
87 276
172 178
7 24
70 233
20 234
28 50
30 98
121 210
26 269
22 166
27 131
143 234
66 231
180 214
3 25
83 207
66 79
107 154
134 170
64 185
120 300
214 236
150 238
33 46
35 243
175 242
46 47
60 128
53 209
84 159
176 203
18 142
185 259
197 260
53 250
4 248
158 276
113 149
110 279
114 211
83 137
266 296
22 182
147 206
2 76
69 127
106 190
39 283
8 69
46 103
216 236
213 293
146 293
15 253
71 293
99 155
92 177
55 95
50 211
65 142
168 249
43 91
268 275
94 245
104 178
13 84
154 286
184 192
25 271
32 37
34 271
92 115
218 271
116 181
44 156
49 60
169 255
133 177
27 196
94 164
156 281
234 242
269 273
218 227
73 247
157 204
58 200
164 293
170 268
218 267
85 190
101 211
57 142
41 42
32 66
89 190
151 279
89 112
103 158
111 237
179 253
70 128
246 287
198 225
167 298
192 226
56 198
183 188
206 249
59 105
1 191
107 214
190 233
116 261
125 225
56 66
286 289
51 180
139 294
182 261
8 215
15 247
94 160
4 281
203 241
37 46
63 276
54 189
59 109
55 205
61 162
47 142
184 257
109 254
3 72
195 237
63 136
21 278
73 146
89 299
109 110
123 164
223 279
94 275
203 259
1 62
24 30
107 194
116 118
128 295
262 277
38 65
51 81
189 193
16 248
14 148
31 279
183 273
195 299
34 289
35 166
108 294
18 209
22 26
23 201
105 122
199 268
261 267
18 104
61 105
212 233
35 206
113 243
32 139
16 64
105 163
79 248
145 259
3 232
165 166
17 125
2 265
75 217
94 239
211 300
11 230
169 197
268 290
80 298
122 166
25 233
82 133
127 232
123 205
100 259
219 263
105 210
74 227
136 189
18 290
146 223
10 249
168 183
161 238
158 258
23 196
53 165
28 104
214 242
222 239
142 224
55 59
11 116
94 162
120 188
241 244
29 282
72 297
52 70
240 288
27 197
196 201
121 245
170 187
143 148
169 260
40 290
36 247
137 157
52 168
239 275
7 162
89 91
34 182
70 238
203 215
34 108
29 165
95 255
137 289
260 292
131 135
115 206
10 152
143 246
20 105
145 207
82 250
50 246
139 216
86 173
133 285
26 83
154 205
79 255
111 263
7 108
28 228
105 106
133 196
90 174
16 176
123 146
22 149
271 291
87 122
150 179
119 267
82 114
282 283
176 229
63 199
35 255
80 214
95 199
4 30
250 299
135 210
65 134
33 106
44 166
71 211
87 226
23 32
68 228
46 223
144 215
2 84
53 54
21 133
5 41
46 231
39 192
68 227
97 275
239 258
19 126
105 201
169 296
49 240
17 88
4 286
211 230
168 230
97 231
146 147
137 164
74 81
41 60
258 287
40 119
38 74
263 281
183 237
41 114
154 255
35 145
244 299
33 220
264 278
9 206
59 111
45 146
5 163
92 277
138 173
124 141
207 250
83 165
128 282
71 171
23 200
53 106
123 125
90 164
49 168
138 167
125 281
59 97
41 61
59 203
135 234
32 103
197 198
35 222
29 212
218 256
20 185
146 291
83 228
38 149
193 248
71 78
218 284
37 274
151 259
80 91
78 129
117 205
98 288
215 233
90 265
91 217
212 256
118 279
85 209
22 118
115 210
210 287
226 232
7 166
186 289
165 218
138 230
1 145
18 198
241 294
94 137
50 104
93 241
70 105
156 280
141 299
164 204
27 84
111 264
87 239
171 203
200 237
10 136
18 70
67 229
40 55
85 276
67 246
23 160
236 248
61 66
114 171
163 181
166 181
120 225
211 291
222 252
29 286
19 230
126 298
186 262
50 285
170 227
20 241
88 180
32 231
156 194
54 112
88 150
133 199
163 211
26 258
171 278
18 77
40 103
45 174
234 258
241 262
207 279
57 220
68 223
47 277
24 194
40 108
223 293
146 184
239 295
53 109
107 300
191 284
175 221
50 193
57 290
94 115
77 255
33 61
178 229
99 222
115 201
194 223
101 194
71 193
19 51
61 63
247 268
19 198
132 250
149 295
251 267
9 220
145 242
256 295
12 21
15 51
140 153
133 160
249 264
36 160
253 259
154 261
108 193
251 257
25 205
230 235
15 282
126 176
199 243
68 285
56 154
110 161
64 92
206 281
43 61
134 217
70 177
113 276
90 107
228 268
26 114
163 299
23 122
3 88
113 248
9 181
59 131
82 95
11 102
69 128
75 300
216 297
268 280
18 124
40 128
183 243
137 172
63 138
263 266
4 183
35 150
96 252
13 55
102 165
182 234
142 281
74 142
273 294
183 232
146 190
90 110
15 181
111 175
154 251
17 177
77 279
65 294
274 283
140 155
90 244
292 296
270 278
252 278
261 280
87 252
133 299
56 79
203 282
133 209
55 107
93 162
184 249
80 121
76 258
110 151
20 239
174 225
31 211
45 65
67 202
106 270
196 262
66 99
52 94
85 248
42 73
188 214
18 122
214 268
224 252
85 278
43 203
177 226
185 195
108 282
102 237
169 264
97 225
145 168
97 184
75 254
83 121
87 266
13 190
6 267
271 294
137 195
82 197
63 207
45 209
44 51
73 196
176 270
38 159
62 143
201 235
141 169
5 266
131 246
134 140
174 255
40 220
227 255
139 237
218 293
19 65
21 205
238 298
58 272
95 172
149 261
289 298
40 247
155 159
168 188
168 276
25 116
78 225
218 273
20 200
68 173
228 292
62 237
52 152
257 289
131 184
88 195
66 254
33 258
218 250
41 242
104 145
228 298
51 208
11 18
8 240
127 246
216 232
95 210
1 290
13 117
165 191
62 196
87 113
223 249
12 70
178 188
150 275
6 200
168 228
105 140
80 107
72 121
19 255
88 99
8 220
48 161
162 280
20 178
46 165
139 300
158 298
143 215
119 251
171 187
120 195
106 231
37 268
152 165
131 249
15 151
8 237
178 232
61 84
226 240
248 252
13 30
62 178
1 48
41 185
11 43
235 284
227 236
33 273
43 154
168 246
213 251
85 188
181 251
117 247
111 200
155 269
95 201
6 292
100 201
23 299
130 273
82 255
75 124
19 76
24 97
64 111
63 240
217 231
160 203
46 49
31 213
85 196
98 268
33 269
17 299
161 214
24 161
132 173
111 146
39 43
63 191
174 193
141 221
12 228
18 100
19 146
176 192
10 39
49 64
77 97
143 152
101 177
160 279
47 269
200 294
25 118
41 273
278 291
122 128
248 254
160 276
140 286
103 191
22 37
245 272
44 197
46 77
42 219
19 127
188 223
194 229
94 185
196 272
26 101
21 25
242 285
86 109
77 123
21 259
48 193
205 263
114 256
34 164
38 92
272 293
113 126
21 170
40 233
182 264
153 248
119 217
34 216
40 182
121 204
178 203
175 209
249 284
175 282
52 93
100 284
224 265
120 147
116 196
173 211
39 41
155 236
36 235
54 298
193 277
176 217
214 219
63 198
96 282
119 291
46 281
5 179
88 200
28 97
14 231
66 145
188 265
194 254
37 252
269 275
1 172
183 211
54 176
56 255
87 284
174 277
16 254
165 286
10 245
91 177
44 92
39 195
4 114
14 189
115 173
246 252
122 257
39 167
186 194
168 170
33 233
6 134
54 159
100 124
176 221
114 295
12 181
99 264
1 107
104 254
165 285
78 286
199 285
40 285
13 183
243 294
50 238
83 269
28 233
125 219
34 82
158 281
76 244
123 280
157 288
42 139
82 108
163 206
81 188
196 290
199 245
6 258
181 275
163 262
119 257
51 156
161 259
210 269
23 145
13 237
163 207
151 294
155 253
97 116
66 123
104 136
67 231
103 266
115 275
143 266
120 241
216 255
284 286
195 216
52 161
93 98
54 100
191 245
204 266
91 119
81 122
52 297
111 282
209 215
193 218
262 264
144 256
26 29
77 293
107 244
137 168
99 218
239 268
102 230
173 242
216 229
71 105
98 168
107 270
14 236
83 177
87 112
107 299
44 129
116 178
60 237
47 129
32 226
49 243
123 284
13 127
21 173
192 222
231 248
8 100
41 71
199 205
190 204
188 221
34 204
17 92
67 251
163 264
73 138
1 126
17 106
91 137
52 143
197 245
116 128
136 196
94 259
66 289
64 153
42 63
62 171
126 192
23 264
270 273
263 288
101 126
27 276
133 203
67 89
198 289
267 283
28 87
100 158
138 229
88 246
34 133
8 75
132 212
79 285
103 271
47 184
39 77
183 244
125 280
175 277
81 293
122 177
117 126
199 200
13 40
114 198
12 169
146 300
4 110
128 231
278 295
179 190
125 263
8 106
241 273
154 211
38 166
30 152
133 286
122 283
111 211
77 165
1 97
99 201
87 254
83 116
99 261
99 199
16 295
163 280
40 144
257 275
123 232
242 258
129 281
166 239
14 263
52 196
17 60
91 242
9 125
39 210
116 170
38 221
187 195
252 285
105 235
18 53
132 194
83 195
45 79
4 173
66 152
56 163
83 94
32 293
180 191
36 69
23 205
62 175
9 66
103 105
210 246
23 61
21 195
144 253
18 213
146 258
124 138
149 190
141 171
130 213
130 280
101 271
103 153
94 223
85 120
155 262
126 151
134 282
74 257
183 225
114 289
33 256
219 240
179 293
8 222
49 86
139 238
30 265
200 265
31 245
145 152
118 232
18 135
24 276
5 174
4 257
44 77
18 264
121 258
123 193
74 130
114 238
69 147
95 281
70 279
50 288
107 243
6 136
20 276
128 277
58 250
114 199
170 238
196 298
28 134
77 174
28 221
208 212
43 221
62 202
92 211
161 233
114 175
239 272
166 272
13 291
59 227
26 104
38 176
96 100
29 262
52 218
170 214
5 91
76 178
144 278
99 182
72 138
50 261
25 76
16 218
101 154
82 300
200 259
110 197
208 222
139 189
33 180
31 65
206 255
199 236
8 248
135 256
43 254
6 153
139 281
97 232
91 157
74 161
85 268
192 266
14 159
39 91
7 119
65 262
178 286
203 246
124 144
105 299
142 187
8 49
39 238
11 194
72 110
142 201
4 79
83 284
189 263
124 196
68 154
35 265
128 226
53 117
162 167
59 219
125 134
188 289
48 275
136 172
117 177
164 254
170 210
84 246
115 252
29 74
178 300
191 248
115 127
63 290
175 225
66 205
5 257
146 245
124 266
6 181
67 217
204 260
99 240
63 271
11 73
167 173
83 143
50 60
20 72
119 134
21 169
99 236
101 260
279 296
245 270
122 231
61 300
193 245
81 261
159 161
49 290
4 274
3 172
98 238
111 141
208 267
110 135
295 298
100 162
206 272
106 275
208 264
153 221
134 194
63 111
77 84
60 172
5 149
109 216
10 150
70 91
65 211
101 197
124 214
50 214
129 170
176 259
35 263
14 89
29 194
21 34
249 257
71 249
59 185
197 285
83 96
239 276
58 207
62 125
64 271
83 186
143 205
37 178
99 178
35 143
104 212
12 151
129 297
48 82
136 150
177 189
65 267
268 288
32 213
71 286
79 214
44 180
10 268
30 256
128 268
28 100
111 239
87 101
44 71
30 147
58 198
19 245
20 162
254 280
98 183
90 276
79 260
165 223
105 195
107 180
55 229
247 281
243 272
67 227
222 291
23 88
111 256
76 157
210 229
280 295
172 235
98 223
42 250
14 262
43 127
111 196
85 149
204 229
111 165
62 227
27 97
40 52
124 139
43 146
170 220
1 202
150 165
93 242
60 291
21 32
68 200
144 218
68 203
69 176
271 287
24 32
39 264
276 289
142 162
145 226
148 273
178 239
185 233
123 194
130 133
5 109
10 130
7 82
51 285
42 175
44 138
121 213
145 270
62 65
297 298
55 275
206 264
160 242
89 151
264 293
139 244
58 191
51 221
35 224
198 231
231 250
156 168
142 294
19 197
32 216
77 212
54 199
38 179
87 267
136 225
57 120
64 262
149 211
139 242
141 275
187 222
98 249
2 97
82 183
44 224
78 243
136 257
181 185
47 266
94 219
71 74
147 208
32 60
97 188
86 112
109 225
34 209
169 191
2 112
144 190
100 106
272 289
28 267
38 260
11 283
90 202
114 164
173 185
115 142
166 238
21 276
198 285
136 221
288 296
272 283
116 252
124 283
27 268
89 233
111 258
22 238
161 195
48 203
9 134
44 140
8 214
216 239
125 160
176 223
182 274
113 155
41 75
92 288
90 191
46 131
24 51
13 202
86 177
155 169
12 84
135 233
38 272
32 41
135 176
37 243
83 172
23 268
26 174
195 203
84 140
92 208
143 262
18 291
34 184
137 210
42 131
5 133
211 237
43 265
19 66
255 261
97 146
198 300
44 153
107 125
210 288
34 285
70 251
169 173
65 192
46 55
79 126
140 173
39 262
62 75
152 282
63 241
127 139
95 144
156 158
172 295
105 264
60 279
105 257
205 268
70 94
115 182
55 174
77 152
209 214
135 263
167 263
92 108
69 211
59 188
75 97
9 35
69 139
91 269
199 213
113 233
180 187
78 128
19 151
12 54
19 156
100 241
76 197
24 79
56 296
31 68
14 16
133 184
98 112
138 197
10 188
42 237
39 121
185 199
80 153
27 194
135 251
181 292
76 150
45 254
75 186
235 247
43 196
12 190
181 216
74 275
15 179
157 245
157 216
203 212
206 266
23 198
81 295
100 227
5 95
12 99
190 244
58 260
181 233
2 201
154 248
236 300
83 249
20 104
41 263
145 266
207 241
68 232
25 154
38 168
56 76
77 242
135 204
3 180
45 97
77 244
206 262
2 176
241 256
116 199
103 127
116 271
28 268
114 149
103 172
130 228
57 66
7 78
229 292
48 113
250 258
133 289
1 34
21 120
123 289
115 117
43 237
70 159
279 292
90 204
32 264
44 123
31 229
109 160
68 182
39 200
279 280
13 287
6 104
79 213
37 171
120 269
39 285
166 287
40 180
12 253
85 162
55 277
98 295
8 82
31 89
156 178
68 159
12 226
140 230
214 260
3 58
157 159
115 291
91 291
44 111
13 93
10 59
3 47
42 103
63 67
191 224
171 273
120 275
164 266
46 178
28 42
210 254
6 283
13 133
42 83
109 153
232 236
131 170
195 275
31 40
168 222
201 251
193 208
69 81
198 210
256 263
86 204
213 285
236 295
7 257
157 198
38 49
44 79
89 200
3 215
113 167
154 256
108 204
104 280
99 120
177 217
102 263
69 200
104 179
37 43
73 251
213 253
230 271
41 148
26 72
1 86
106 215
5 89
3 89
37 153
16 101
142 266
96 197
215 286
160 274
17 214
178 196
159 268
102 296
86 230
152 270
64 90
92 162
43 65
94 211
85 195
184 189
99 208
132 140
141 278
281 289
137 151
101 230
263 290
141 196
254 297
42 284
47 202
102 118
170 253
84 97
12 141
84 273
3 185
115 279
122 233
69 279
144 151
228 252
198 204
182 242
83 293
147 218
245 285
202 244
132 214
52 267
41 189
82 176
26 150
102 275
46 109
31 240
2 17
38 75
42 170
80 282
54 153
75 226
124 219
206 289
100 185
236 244
71 185
93 259
19 35
104 219
39 187
67 194
70 220
97 133
93 180
77 149
184 241
3 13
108 241
217 249
126 240
83 271
26 186
288 297
160 218
86 275
132 222
54 200
80 117
138 290
95 176
164 179
212 282
222 251
139 214
121 207
141 176
94 141
152 220
24 99
114 293
70 142
26 77
25 166
191 222
35 182
22 109
114 241
41 163
129 182
136 217
121 215
150 207
144 219
40 292
1 246
99 127
167 195
138 195
92 228
55 272
130 257
111 172
30 65
40 183
93 229
60 193
62 194
136 283
200 214
111 173
276 286
150 174
77 186
94 140
118 193
129 138
61 239
146 261
84 126
33 118
168 297
47 179
174 177
177 275
64 236
78 261
33 45
40 161
30 52
74 267
25 201
16 117
26 33
5 274
18 126
36 289
157 276
19 240
35 232
19 155
59 88
255 278
57 117
218 269
14 120
72 232
184 248
86 274
46 249
152 174
218 231
193 195
182 215
127 285
133 219
168 244
31 295
123 135
84 147
15 99
218 233
99 110
11 55
26 178
100 132
113 292
22 66
145 211
150 267
195 284
231 287
83 264
176 188
11 31
78 143
4 70
205 254
5 31
83 135
77 259
203 204
169 222
82 161
15 83
155 272
33 288
139 147
58 101
118 271
236 264
235 288
106 148
61 192
43 104
33 300
12 209
3 27
56 135
87 125
104 281
108 119
105 194
269 300
31 168
24 131
68 217
46 64
61 281
190 286
142 188
9 46
24 160
9 203
230 247
2 278
8 263
117 185
172 209
201 209
42 259
15 149
234 299
52 65
163 289
175 224
127 281
126 215
95 275
242 266
48 189
81 211
7 245
261 294
272 273
43 130
153 235
267 272
122 297
89 231
126 143
48 55
60 64
106 131
120 203
134 267
9 186
3 226
130 139
66 81
4 160
105 217
86 300
137 155
162 229
112 144
221 268
58 111
55 62
88 188
51 263
115 267
2 6
81 98
146 278
151 273
186 269
208 277
28 39
18 47
46 54
197 289
75 199
22 221
14 64
49 242
91 268
10 18
140 159
27 61
51 269
94 134
29 202
21 286
71 82
123 222
227 284
203 263
132 210
17 174
152 167
10 107
7 270
224 260
65 276
94 98
125 298
7 155
43 286
36 96
2 116
10 117
123 272
257 294
125 214
37 167
225 230
65 197
63 178
20 112
155 249
6 12
170 226
110 150
37 115
107 197
75 146
287 290
18 245
150 284
64 277
113 260
49 130
17 117
259 289
284 294
253 291
47 241
70 107
280 281
42 195
14 184
164 196
97 107
231 255
65 202
8 121
101 110
101 281
43 125
92 137
205 262
121 155
49 155
190 262
42 182
164 172
97 143
105 129
155 214
28 102
81 88
73 243
191 251
44 86
1 252
24 82
23 209
278 284
168 254
145 186
84 244
58 107
15 264
45 297
206 263
109 146
214 238
61 109
63 140
48 95
69 182
66 187
147 151
61 212
92 207
74 127
15 226
88 262
235 253
241 289
191 281
5 86
24 262
19 36
197 208
72 118
39 48
56 227
115 138
8 110
10 291
209 278
95 116
27 231
114 253
138 151
115 221
7 272
117 286
29 120
78 231
152 203
232 288
98 148
61 223
107 297
111 138
115 137
56 194
202 300
66 149
117 264
31 203
161 223
183 279
48 199
97 137
134 287
109 151
6 129
148 216
89 229
85 228
35 274
129 173
40 237
5 219
59 266
116 192
41 74
11 37
213 224
79 278
3 239
205 276
39 105
65 100
69 238
66 179
34 139
31 153
166 191
14 249
7 206
132 239
79 175
43 288
69 292
74 191
253 294
233 296
39 145
9 204
130 167
157 189
57 59
224 230
228 255
63 239
163 232
96 99
9 119
103 219
225 234
226 244
12 50
61 268
16 187
22 148
7 29
15 81
164 194
138 284
115 160
61 156
133 190
149 194
66 257
20 198
138 260
52 229
282 288
36 237
27 292
120 242
129 242
102 190
61 185
36 239
41 99
188 222
88 185
261 265
228 281
150 197
10 174
135 158
84 255
167 174
212 237
99 248
117 169
146 294
38 241
94 125
123 131
223 272
65 293
110 125
51 270
118 125
68 247
65 188
62 236
43 166
156 244
34 120
148 253
65 98
131 198
10 287
201 259
57 269
191 296
111 208
61 104
2 155
25 103
54 194
39 295
73 198
140 294
246 271
5 119
129 289
90 206
2 293
120 148
159 213
202 276
90 92
72 191
48 92
161 260
3 24
176 276
46 261
79 274
10 21
151 173
22 28
120 248
128 293
222 276
29 48
80 215
136 274
57 246
189 293
111 203
3 219
163 238
15 44
246 269
271 272
211 254
77 155
115 227
60 61
53 247
146 162
84 235
140 209
202 265
126 140
69 218
160 261
16 132
32 249
16 112
290 293
91 240
50 180
148 283
190 195
93 182
74 220
61 107
28 56
207 210
211 250
175 281
35 87
32 33
73 184
96 163
127 293
53 135
144 146
6 169
170 173
235 296
134 218
162 196
95 262
153 197
67 98
220 258
138 236
62 123
36 192
204 242
167 299
14 91
84 208
201 287
32 135
81 134
133 251
210 248
182 206
25 185
40 218
35 128
48 148
36 233
109 239
107 188
148 201
27 74
213 275
19 135
77 209
127 210
31 293
201 240
47 63
54 249
44 195
237 253
32 80
233 267
22 234
246 264
228 229
25 178
29 83
5 287
66 124
4 140
115 167
8 189
100 260
198 267
178 260
72 123
76 251
72 102
47 167
207 224
11 267
71 140
212 217
112 280
114 193
39 120
40 46
21 30
196 228
31 81
28 63
74 205
211 225
108 186
127 273
211 285
202 286
133 281
51 63
73 228
11 162
20 125
153 185
161 176
4 11
13 82
112 147
53 280
22 176
65 132
67 291
50 231
58 67
9 294
48 143
7 199
47 239
71 91
226 235
142 168
128 276
11 273
20 21
52 163
188 236
13 209
40 187
195 295
131 233
124 186
96 128
202 206
212 223
111 274
32 297
143 285
102 173
140 174
36 171
94 213
31 221
211 246
186 244
8 52
102 200
41 140
41 111
81 210
183 293
148 224
37 94
42 199
16 237
179 247
154 262
140 255
97 257
20 48
45 281
26 122
179 188
111 260
3 46
90 227
186 275
77 148
123 130
14 207
102 207
108 281
156 273
32 171
217 274
27 71
34 128
98 199
120 127
67 106
165 245
198 253
16 47
3 99
36 139
34 217
113 226
29 203
67 82
73 278
181 200
53 129
20 73
152 250
204 282
28 236
270 286
126 265
49 253
51 119
224 274
51 245
44 62
116 243
9 10
73 136
110 281
203 206
79 206
95 115
120 174
110 286
12 198
26 137
20 63
11 30
32 192
27 244
28 94
11 17
114 258
16 198
185 197
85 275
17 61
159 291
43 290
267 290
200 288
196 218
189 194
74 177
139 261
240 282
101 151
132 149
80 220
30 47
78 210
213 278
77 205
20 236
73 239
61 228
247 282
77 106
19 98
13 148
63 74
1 170
49 55
190 240
104 154
12 290
189 267
26 147
23 110
65 133
39 95
142 295
80 156
120 192
180 216
111 154
37 173
106 232
154 162
142 230
40 118
78 216
78 239
33 216
174 282
54 114
131 231
287 297
84 189
156 177
144 191
15 39
8 168
161 166
10 124
96 206
14 178
3 85
94 291
150 268
112 121
49 167
13 87
107 139
65 116
4 5
86 241
101 259
159 234
68 178
218 260
58 127
148 183
139 296
126 257
165 211
159 198
10 91
67 151
197 281
120 206
152 213
162 250
209 283
162 262
1 288
222 255
66 167
126 198
21 190
34 201
149 177
95 189
9 63
21 88
254 271
118 204
212 279
23 114
44 202
196 256
51 271
96 241
31 78
109 257
34 191
43 143
51 136
76 137
35 291
207 282
85 221
74 273
98 221
165 291
36 62
34 125
51 114
64 265
24 93
198 232
105 168
49 131
106 240
12 154
4 89
77 282
223 261
135 161
117 262
137 214
46 61
181 288
138 145
141 281
104 253
212 242
114 260
59 232
4 48
177 179
15 215
80 95
130 164
96 214
116 300
24 90
95 296
114 267
71 114
207 222
168 261
107 280
83 235
241 291
32 245
188 234
152 180
58 166
5 16
44 194
244 268
61 140
129 237
156 282
143 207
231 244
166 192
34 102
60 299
227 270
182 207
74 182
193 281
15 35
65 261
21 211
202 239
24 257
184 186
107 116
75 298
65 216
80 135
208 242
110 259
109 250
1 98
59 115
92 136
16 206
98 182
71 254
191 239
23 26
14 26
26 187
226 242
152 224
179 262
51 274
105 190
61 135
116 146
22 169
41 50
69 198
202 212
65 248
59 295
142 268
1 241
218 266
159 258
140 291
6 237
34 143
148 182
202 231
171 236
154 216
197 234
187 293
68 137
166 250
134 268
251 261
42 189
22 92
11 300
156 214
92 258
28 196
113 151
69 188
209 286
94 153
152 206
171 250
1 276
192 217
225 266
55 228
180 278
200 258
7 212
155 277
15 178
93 258
37 266
47 131
65 259
6 168
141 156
54 295
32 100
111 243
9 24
144 187
137 295
43 132
27 177
162 237
138 156
29 178
160 187
97 205
69 247
57 232
122 222
89 95
44 214
231 260
8 133
126 235
230 244
23 170
180 230
180 246
230 276
55 139
186 229
279 298
41 251
241 282
55 134
43 233
202 292
166 300
161 262
100 237
49 221
249 259
124 163
66 143
82 230
118 236
93 235
126 214
22 48
4 78
59 72
5 195
44 274
266 282
84 119
213 242
151 177
126 210
218 249
222 261
87 287
99 237
85 292
165 287
26 109
80 169
36 45
133 152
27 230
191 208
168 200
64 247
33 83
221 240
11 131
47 292
78 247
216 300
6 77
69 78
63 281
86 127
248 289
139 264
135 183
137 176
234 282
11 242
24 34
143 298
62 267
113 145
45 269
35 66
87 127
43 141
41 125
99 295
218 298
206 257
160 292
8 20
128 235
53 184
80 265
80 268
189 284
118 192
260 283
219 269
187 198
124 128
50 144
86 257
56 202
210 295
140 182
156 262
26 252
66 129
110 218
41 134
22 232
210 217
32 64
103 298
21 71
92 233
143 273
10 52
165 297
49 175
77 167
22 25
5 168
88 288
215 250
110 227
28 210
187 248
40 229
106 153
76 189
171 239
151 171
19 181
121 136
101 168
69 95
40 77
110 138
17 176
40 279
164 208
29 110
205 258
23 265
190 276
7 136
16 298
212 297
43 51
40 215
6 141
21 125
90 136
45 99
30 195
68 170
130 281
133 208
118 188
10 193
29 117
40 59
233 273
106 277
136 175
247 252
200 215
62 219
32 76
68 158
23 94
8 86
30 160
7 247
20 148
28 169
56 143
182 286
159 217
104 245
21 126
127 249
31 137
194 260
231 259
132 191
69 249
52 91
43 189
115 203
21 107
43 151
86 95
92 236
128 247
7 80
71 73
8 205
12 131
98 282
240 298
50 125
144 156
199 249
79 273
133 257
8 118
37 130
157 293
128 220
38 104
121 135
203 277
71 207
79 170
81 114
94 209
144 199
111 159
4 121
109 186
81 275
145 146
68 248
73 215
30 42
27 242
172 263
162 235
37 289
9 285
29 119
213 284
174 200
86 97
66 270
71 281
107 232
79 218
112 180
20 146
202 245
186 282
75 256
3 16
236 266
265 286
132 275
100 271
63 299
47 119
83 226
131 171
188 263
186 259
69 82
61 247
139 208
29 220
36 214
73 113
22 123
78 123
31 73
136 174
281 286
22 261
25 92
8 111
72 205
82 272
152 240
103 122
74 286
68 107
78 161
140 205
3 143
70 234
262 268
230 249
199 286
15 182
213 239
135 237
182 294
54 186
134 219
184 293
126 175
62 265
76 94
192 236
64 128
117 270
21 111
57 95
22 116
163 176
153 187
58 76
141 237
57 85
163 263
83 178
110 115
62 248
18 248
88 192
19 251
23 139
159 220
92 113
189 204
36 298
9 298
64 161
209 233
2 244
129 176
96 243
26 69
167 172
239 241
118 210
142 180
98 154
190 230
214 276
228 273
1 22
66 292
25 161
74 194
149 287
4 87
226 288
97 170
123 181
250 277
64 209
13 213
102 144
74 107
202 248
59 190
159 240
178 185
246 254
143 158
68 128
40 142
52 159
110 140
107 126
45 275
119 152
109 208
89 199
63 69
206 229
33 257
15 140
215 227
3 101
171 280
60 225
163 287
180 228
119 166
40 272
89 256
29 92
6 69
118 256
156 216
93 142
69 167
21 55
50 118
18 219
188 292
10 38
225 284
2 223
204 264
76 166
138 267
20 151
55 214
30 75
45 147
77 109
149 184
187 217
218 236
206 226
131 183
41 130
185 295
107 256
198 298
22 229
64 230
4 55
29 263
133 194
212 273
25 46
166 232
140 203
148 209
121 142
221 226
106 220
30 250
245 252
20 54
135 245
93 178
77 143
134 286
24 250
153 223
2 274
50 98
25 246
193 219
111 113
140 225
135 220
94 260
12 168
222 270
111 299
189 190
27 221
72 195
150 239
14 107
97 149
206 258
16 163
111 180
236 238
224 300
180 270
194 285
9 86
141 229
28 69
8 42
7 299
95 113
192 235
270 290
237 268
109 298
143 240
106 205
55 246
118 246
76 175
38 73
243 281
102 241
125 169
77 227
58 234
12 211
70 208
200 281
77 173
72 294
219 249
29 71
19 41
20 101
81 221
111 257
158 283
226 261
166 177
44 296
43 96
5 125
120 168
94 190
124 171
136 284
57 192
149 279
247 262
218 257
103 152
71 129
188 286
163 297
171 194
112 124
46 169
1 262
199 297
78 165
150 175
34 150
59 124
41 264
69 97
96 237
76 188
245 246
48 194
64 176
7 18
106 230
186 214
133 223
90 242
38 222
110 166
171 212
70 176
67 292
23 77
73 104
52 186
50 242
133 265
11 184
73 283
27 270
21 242
223 286
67 295
49 262
279 297
32 274
13 46
158 234
212 268
192 210
55 271
137 199
116 236
136 187
183 296
10 132
116 287
24 61
188 284
128 259
90 105
91 227
121 201
52 172
70 213
60 171
115 287
16 35
70 100
91 113
21 264
94 111
73 236
16 36
48 280
110 162
127 211
73 141
53 208
22 40
218 286
96 195
163 296
19 228
56 228
155 273
122 287
4 12
67 257
167 261
157 294
120 141
142 262
81 252
207 245
38 114
283 289
223 246
8 92
19 141
285 294
202 249
92 158
141 197
162 251
80 289
7 76
74 97
103 133
139 213
110 158
274 300
55 274
17 32
78 133
196 215
140 272
55 113
202 217
191 243
124 173
55 85
99 258
5 27
111 123
76 292
29 214
42 171
132 147
57 167
99 216
196 233
179 235
199 278
125 131
142 252
55 87
50 235
35 200
121 248
146 211
69 152
115 190
60 78
175 273
75 94
213 261
70 168
128 170
189 222
115 172
117 266
17 102
104 172
162 288
54 274
140 213
12 136
189 256
12 122
35 59
168 211
160 273
50 190
8 108
192 256
45 192
5 20
139 144
112 157
11 286
28 211
177 264
74 277
106 272
170 209
262 296
50 160
66 77
193 198
30 54
43 243
5 105
17 233
159 255
114 152
67 145
151 297
227 275
233 282
208 279
182 289
105 234
13 227
46 297
132 202
81 180
189 220
39 134
32 170
22 282
49 61
102 217
229 300
47 225
286 291
36 173
86 198
4 209
4 267
119 178
154 241
7 73
100 224
220 277
83 117
132 264
92 129
197 209
102 107
85 142
83 151
54 203
2 209
84 200
90 141
33 274
32 265
159 186
8 223
55 170
30 210
65 193
32 278
18 131
101 276
12 52
66 190
113 194
137 166
94 217
95 237
15 78
42 271
30 95
117 252
155 198
110 283
9 18
67 249
28 155
226 229
122 148
227 282
117 159
143 195
40 238
154 236
20 270
46 80
5 54
205 299
209 291
26 225
13 292
8 15
44 273
139 223
15 128
196 296
117 222
75 189
199 296
184 282
14 163
141 259
14 142
7 298
108 174
139 285
184 225
270 295
12 292
79 277
8 113
27 135
85 284
34 78
188 213
114 294
186 293
42 248
13 101
73 125
68 73
142 147
26 139
161 193
143 227
29 123
70 102
65 164
35 106
100 197
114 179
77 147
218 294
45 90
23 294
61 269
102 141
43 165
89 179
60 188
114 284
76 272
92 234
85 163
196 203
71 93
5 178
3 21
15 281
193 282
77 254
38 170
126 136
100 289
15 165
231 279
58 171
134 225
12 34
98 174
42 228
75 176
195 256
258 270
129 270
156 245
120 220
247 270
175 259
267 277
143 223
229 231
31 54
149 280
104 135
153 254
159 280
7 141
268 293
186 230
102 115
97 154
47 89
38 85
51 130
32 194
109 117
51 161
113 264
23 123
196 230
46 191
28 218
85 191
177 251
115 168
3 102
76 298
278 294
201 207
10 241
11 284
75 90
54 64
266 292
207 214
168 214
167 286
33 150
104 146
45 72
104 270
116 281
180 295
100 171
41 104
100 195
9 53
180 255
78 285
12 29
3 91
256 281
72 267
32 141
130 260
169 273
17 251
107 167
144 229
55 75
38 81
123 216
75 178
60 114
53 70
91 147
167 231
116 206
42 252
98 118
96 296
89 124
43 94
33 165
53 240
11 282
175 295
33 42
156 222
26 191
187 254
74 218
130 291
198 294
248 257
5 148
195 207
82 175
86 246
142 205
142 196
190 210
35 264
126 206
156 263
128 236
64 122
3 173
118 201
98 187
80 82
65 174
12 268
32 67
184 289
69 300
146 182
48 225
125 295
113 143
95 226
76 212
147 214
201 273
214 269
209 270
3 225
65 159
167 262
172 230
173 210
51 121
133 260
42 50
168 220
89 293
93 119
154 276
193 253
74 203
242 255
54 107
27 241
164 175
73 188
92 126
31 227
8 87
209 274
19 163
61 72
136 219
149 296
55 97
69 234
108 154
65 255
3 250
163 230
44 88
60 169
71 191
183 299
124 233
101 262
155 233
58 124
71 244
6 286
294 300
57 270
28 53
162 222
98 294
12 51
83 131
43 263
75 201
19 129
33 179
75 166
92 250
180 209
158 182
85 220
39 219
193 231
167 220
26 92
47 209
9 77
21 272
56 177
21 84
60 133
178 193
89 272
145 289
89 120
32 185
27 110
65 179
122 192
274 292
10 235
251 300
205 232
102 114
81 274
212 276
244 276
45 243
121 171
107 239
247 293
174 194
41 209
181 202
34 246
152 289
185 229
88 117
142 164
142 203
73 240
31 150
244 272
280 282
20 58
151 174
140 211
10 155
57 138
136 224
150 226
19 244
217 257
149 289
281 298
51 118
116 293
143 286
26 229
40 42
104 220
170 273
25 53
210 241
114 140
145 155
175 212
4 81
5 123
274 296
22 67
124 190
203 211
28 213
185 237
104 276
36 88
86 126
33 226
9 264
116 203
143 208
47 143
152 199
194 209
91 151
289 293
124 292
211 223
115 242
124 211
105 254
145 177
32 253
114 135
20 110
174 203
60 89
190 295
143 201
190 199
37 92
127 224
81 206
72 208
111 234
2 89
115 247
93 111
108 126
260 265
139 248
227 269
197 241
44 48
89 210
167 247
18 26
154 271
200 223
38 288
38 80
222 257
224 292
232 277
186 291
243 261
66 185
155 206
25 45
74 158
119 151
55 160
124 136
85 114
42 128
164 248
128 133
80 94
106 168
22 208
99 220
46 59
105 267
39 71
167 241
117 209
52 69
5 247
88 199
48 137
83 222
17 225
21 118
148 194
12 284
171 211
4 253
101 246
124 282
73 151
241 276
3 113
29 152
81 120
166 235
161 265
167 252
16 83
144 204
112 166
28 250
53 298
102 236
289 290
117 196
90 135
232 287
60 166
5 112
158 167
70 288
126 164
20 163
82 147
126 274
210 282
15 221
91 188
190 270
202 254
12 199
39 207
266 267
93 194
13 229
82 99
207 251
156 293
28 68
138 278
27 83
58 160
71 138
113 251
265 295
141 213
248 263
46 286
171 238
61 287
13 28
102 168
22 186
218 245
58 61
215 262
157 192
64 278
98 252
183 295
92 298
7 128
77 297
93 161
33 207
115 191
23 72
20 160
12 142
51 89
8 132
88 261
42 153
175 255
124 253
77 161
231 245
64 109
174 272
16 179
217 271
192 281
110 163
18 137
27 255
132 279
55 96
79 221
147 209
120 129
28 154
175 263
157 266
10 276
186 196
22 68
75 213
150 296
101 148
77 298
137 267
158 244
50 103
198 229
222 283
105 150
230 240
60 207
121 208
79 176
113 280
43 231
61 85
78 260
15 69
202 218
81 146
221 238
25 257
137 256
176 199
67 132
12 18
20 131
143 247
207 299
71 121
76 275
146 289
18 33
34 256
1 291
208 253
138 232
31 286
17 281
2 242
255 277
87 145
212 220
83 184
57 69
108 149
126 282
18 262
242 250
9 138
160 195
6 131
48 237
74 84
259 298
4 205
76 80
131 283
75 163
30 132
40 120
10 27
6 232
194 250
200 273
164 195
61 159
20 274
252 287
91 239
24 104
48 130
16 48
240 249
22 290
57 161
215 274
185 260
35 292
106 274
68 242
210 247
96 281
102 120
184 222
144 291
174 258
67 232
94 264
52 55
150 192
79 210
254 298
82 273
70 126
14 172
269 299
19 48
167 176
65 254
74 85
30 50
172 257
65 107
70 293
248 291
83 213
218 278
149 227
28 49
136 205
89 140
113 169
38 93
2 287
54 125
210 268
129 273
129 285
162 231
76 114
109 294
163 168
104 218
107 130
75 274
213 216
26 152
261 276
8 219
38 136
137 223
251 255
134 254
120 277
187 238
69 204
9 69
34 156
102 195
87 283
35 46
42 125
116 240
136 249
5 124
42 177
76 130
126 238
37 179
193 199
33 200
88 206
41 49
128 253
5 34
176 234
6 117
17 148
90 108
92 183
73 209
141 152
91 125
182 282
12 207
139 284
83 265
103 240
181 209
175 244
153 294
64 196
44 167
161 211
152 300
155 205
139 210
49 85
136 200
36 284
12 128
93 159
26 140
17 224
120 250
277 284
19 99
89 178
44 261
173 292
13 197
40 71
62 292
83 297
127 156
7 112
13 63
151 188
112 115
34 73
25 63
119 226
180 248
171 263
49 214
63 262
105 238
11 259
57 238
126 167
23 297
3 78
251 288
90 158
125 264
221 288
105 253
53 101
74 223
121 130
208 269
116 151
131 214
10 84
45 239
74 217
179 204
7 205
84 86
63 263
187 288
121 254
236 251
124 300
47 80
56 197
27 121
81 189
113 176
133 178
126 203
82 117
200 293
126 277
82 256
34 132
190 252
149 150
19 136
159 210
181 196
72 239
84 292
40 205
49 237
18 176
209 221
222 277
44 81
163 252
22 258
8 191
115 157
27 136
165 234
135 136
37 48
72 74
256 261
221 256
164 211
206 267
19 175
76 121
101 232
43 73
55 194
48 192
36 128
75 104
66 248
147 255
56 266
20 229
173 203
60 84
192 292
36 184
25 110
79 286
140 143
62 195
95 138
145 288
5 128
58 161
43 300
5 259
194 255
167 203
27 171
8 221
114 255
125 184
232 283
106 200
194 240
20 135
90 146
129 238
102 188
172 231
12 16
11 89
251 274
1 105
67 269
58 185
141 231
9 91
181 222
23 95
13 15
37 225
14 17
80 178
70 198
173 241
70 155
26 170
140 151
113 189
176 205
104 265
7 229
9 162
207 274
114 268
126 275
128 294
15 166
7 238
127 131
11 265
42 201
149 196
227 296
144 266
183 203
120 137
172 242
287 294
199 225
152 179
138 248
57 188
16 51
81 126
7 30
63 252
91 229
56 181
223 231
157 182
2 205
189 259
237 297
69 258
120 144
9 49
53 192
65 161
93 127
91 267
285 293
217 282
4 63
102 145
63 147
76 159
249 291
37 185
217 265
33 110
93 257
103 225
23 279
274 289
218 261
140 256
154 170
88 123
111 217
2 263
26 146
24 280
205 292
186 212
129 160
60 218
60 69
17 111
9 65
77 93
96 253
97 201
27 116
125 269
120 244
41 145
153 183
175 245
147 177
70 146
54 292
28 95
110 299
1 233
146 287
273 293
165 292
52 101
151 196
1 61
95 191
26 271
15 202
99 104
107 216
204 271
199 209
249 278
165 219
16 281
115 209
8 54
23 181
210 291
92 238
67 159
68 300
38 116
49 119
169 217
234 272
29 157
137 271
70 224
92 202
77 91
45 213
233 268
98 281
290 292
110 172
5 277
142 288
199 216
58 70
45 179
211 242
13 73
29 250
59 129
47 70
159 238
18 168
50 176
204 287
73 99
102 247
136 165
32 300
67 174
31 105
170 258
26 39
39 218
50 281
135 260
170 206
209 211
116 253
72 78
133 269
28 43
115 232
94 234
115 223
185 261
184 204
53 264
138 241
56 134
10 162
149 286
88 100
123 275
36 135
26 34
76 138
17 179
82 234
198 222
173 184
34 193
63 78
107 200
52 286
9 88
52 214
103 256
58 117
79 107
46 275
72 93
6 239
32 73
115 183
194 296
15 220
62 256
167 268
28 75
144 172
14 214
2 217
130 186
58 297
52 278
209 266
235 238
234 268
128 298
122 229
41 173
133 161
27 111
150 294
248 267
75 172
53 202
30 267
257 300
174 252
157 238
66 207
33 241
38 153
75 98
234 267
39 60
262 294
65 120
202 221
123 235
198 277
112 220
122 207
78 177
89 275
142 236
98 217
172 247
235 241
127 180
75 234
227 267
106 127
97 217
52 275
221 286
117 275
262 289
21 279
65 232
136 137
104 284
185 287
103 124
16 285
54 93
149 200
41 188
102 289
106 199
130 190
190 246
25 236
232 244
49 90
25 202
139 269
159 245
5 131
78 197
120 279
36 203
85 218
130 271
223 283
23 154
227 280
9 277
148 192
220 226
24 243
49 171
11 78
251 287
154 295
157 206
259 279
35 187
62 183
67 163
99 173
45 250
67 136
47 128
1 57
96 223
27 267
224 261
8 158
52 119
74 214
197 250
10 299
267 276
8 261
170 288
32 63
135 214
164 294
145 238
129 280
46 253
80 243
85 197
15 170
261 295
110 217
50 244
104 223
30 161
235 255
186 235
8 184
73 248
3 170
98 196
7 36
34 40
41 110
30 44
96 159
33 39
68 144
115 226
47 240
19 150
161 219
52 73
45 215
53 176
55 61
91 179
4 220
52 224
143 296
94 117
88 215
132 193
11 226
30 291
88 107
126 144
123 287
81 90
78 186
77 266
76 196
138 162
187 297
52 209
63 293
127 256
53 259
20 138
38 257
40 278
185 252
168 243
95 228
66 208
269 284
186 296
233 272
37 147
191 244
128 186
157 203
40 157
81 162
209 240
228 285
128 258
26 164
9 100
81 84
115 179
40 134
13 65
5 167
9 232
51 295
88 296
44 250
123 211
61 127
130 230
126 244
30 280
7 91
127 271
14 162
69 131
76 173
237 260
45 117
145 212
195 282
87 103
62 87
111 156
132 265
33 128
76 126
173 228
144 145
65 208
28 205
51 202
81 112
2 169
14 175
173 198
113 279
39 228
112 243
32 214
2 117
25 241
240 299
129 274
2 43
212 213
11 178
181 232
57 273
168 281
52 236
19 199
50 147
251 291
136 188
36 94
111 149
24 249
30 163
110 222
49 209
204 249
18 101
33 237
39 230
93 272
162 295
82 284
61 181
171 209
127 182
14 66
99 230
269 272
73 165
166 180
121 229
167 225
45 300
137 188
40 64
9 205
160 226
148 229
58 226
247 250
112 179
23 183
24 110
27 217
260 282
106 203
2 96
35 140
4 259
48 107
26 168
39 280
229 250
5 183
211 289
108 278
131 266
173 227
22 276
118 196
79 189
18 141
166 213
216 267
192 232
208 232
131 175
30 258
22 281
175 240
98 166
132 268
95 165
171 259
185 234
35 198
36 177
39 263
137 154
109 121
229 264
27 184
88 196
47 284
66 75
245 297
54 78
21 194
99 254
6 201
54 299
172 298
30 238
198 274
45 103
57 276
102 292
130 276
87 275
38 82
3 107
197 242
72 120
84 231
140 219
167 181
86 166
117 225
91 223
172 211
7 185
65 125
17 203
181 299
80 168
109 140
189 298
65 206
14 286
25 60
115 211
63 112
33 284
65 182
5 284
196 206
8 192
39 255
61 128
69 177
271 299
64 210
232 239
77 121
37 106
81 153
26 296
13 266
79 283
159 170
198 224
84 281
85 291
47 291
92 194
44 256
133 136
171 274
150 201
112 236
250 280
116 265
15 101
93 137
67 150
59 136
70 199
214 240
239 273
28 55
44 289
265 285
84 288
149 221
20 130
59 256
143 146
40 291
60 121
162 258
237 263
9 25
215 253
29 299
85 189
78 185
2 231
11 223
168 205
192 194
65 85
178 253
13 176
115 260
42 208
145 234
151 166
37 104
66 281
43 122
113 188
90 269
39 162
76 109
161 183
150 186
46 66
147 262
36 103
84 226
184 219
90 278
5 44
163 170
278 283
188 192
23 277
20 277
142 199
217 255
1 178
53 136
26 210
31 253
141 149
88 229
168 240
164 219
243 259
85 269
201 211
24 162
16 115
12 187
13 207
235 279
5 10
188 262
11 164
154 208
121 139
48 127
3 125
94 247
84 162
83 197
4 155
46 204
4 115
79 186
160 247
95 101
267 268
259 261
53 169
111 121
15 158
47 146
86 154
97 124
252 286
181 261
95 287
138 295
43 155
277 298
216 251
96 215
44 146
142 229
211 236
20 106
6 53
188 274
48 91
114 252
129 152
27 80
243 289
26 119
66 234
59 159
196 268
29 112
68 275
86 186
158 240
54 58
71 265
37 276
162 286
123 264
160 220
199 241
5 21
46 278
107 155
23 100
183 251
110 210
12 217
237 270
19 273
21 113
56 297
178 230
28 141
4 168
64 85
78 214
263 283
95 104
57 172
192 264
210 212
52 95
18 280
122 173
129 145
112 214
120 157
94 277
271 296
86 299
109 179
219 225
95 139
64 83
55 284
40 217
237 281
216 265
32 243
98 264
98 137
1 299
40 73
23 204
9 151
27 67
40 110
160 167
38 270
9 280
55 179
251 271
134 226
80 237
199 287
181 208
196 261
71 165
70 204
185 202
92 230
8 243
49 94
28 282
43 81
123 297
98 141
48 257
192 299
76 234
82 91
183 191
121 134
91 128
147 279
111 182
25 78
99 143
3 286
103 243
192 242
235 257
8 12
129 168
191 215
61 238
53 102
9 268
10 176
43 176
31 127
226 231
96 264
34 196
16 278
78 80
50 64
152 262
172 262
8 45
91 282
122 147
38 150
42 192
157 298
86 124
90 157
23 79
58 183
108 239
224 297
160 207
24 266
194 195
235 252
34 261
42 160
34 124
155 180
25 52
143 163
129 254
266 291
8 124
56 75
80 223
166 276
69 155
27 252
100 285
5 300
81 291
140 273
3 116
23 213
197 220
122 210
217 243
53 183
72 212
39 81
215 295
18 35
162 169
34 51
22 99
21 292
91 184
95 206
81 192
258 274
160 286
32 218
42 159
179 286
61 284
45 66
153 245
216 250
179 269
190 254
5 79
82 168
138 203
79 232
24 287
275 278
21 64
12 82
58 125
24 129
24 134
240 290
9 184
55 268
137 180
259 299
194 275
44 161
184 205
159 236
207 229
117 153
58 175
167 271
121 283
98 233
73 227
31 184
103 116
134 229
40 88
61 213
50 227
74 89
141 284
96 201
15 236
191 235
159 174
108 253
47 198
137 280
222 254
72 76
166 236
88 162
54 230
76 106
89 152
110 145
18 211
20 291
1 218
74 196
43 115
163 292
53 255
25 165
87 296
34 36
100 182
89 172
194 265
165 253
137 153
137 246
2 91
137 275
47 262
23 228
39 180
50 161
228 245
1 72
101 185
124 150
7 265
138 168
180 238
51 214
100 272
57 224
33 285
18 112
84 286
140 148
129 175
27 52
53 244
4 128
189 297
222 226
112 210
118 176
252 289
220 272
40 87
65 268
28 217
230 295
176 228
84 130
247 254
90 134
126 188
95 133
35 180
45 64
61 275
132 192
136 176
178 222
95 269
91 167
165 194
76 193
120 132
191 218
97 166
52 264
145 269
7 121
183 236
170 274
115 265
69 124
103 159
143 166
148 242
170 219
84 165
39 55
42 218
206 210
59 112
161 284
94 154
76 181
124 260
69 178
6 186
65 253
124 178
3 149
54 224
13 49
47 121
66 293
116 134
44 268
52 125
47 208
21 219
132 240
90 118
169 249
19 234
129 278
189 195
65 213
21 193
111 255
90 260
270 288
21 95
24 183
77 129
53 76
111 266
73 292
209 216
81 193
61 242
205 219
66 287
3 283
113 196
34 284
141 164
65 83
76 294
9 228
140 214
198 272
16 118
209 279
150 210
205 220
37 267
89 160
55 110
42 82
187 227
188 261
21 281
95 235
156 256
164 261
4 256
104 122
63 85
193 214
19 139
64 121
26 221
42 188
91 213
123 162
131 251
247 291
272 287
169 292
37 75
39 130
2 160
135 185
151 243
11 256
66 166
147 293
6 147
16 103
295 297
2 154
27 107
109 231
68 185
51 264
67 216
121 202
191 232
109 180
114 192
246 275
26 113
30 92
8 25
155 165
116 223
132 276
112 295
161 221
94 262
136 272
47 111
38 157
108 120
114 117
167 230
85 237
188 247
6 183
51 279
223 244
104 238
94 243
15 187
168 181
163 286
19 148
111 268
29 260
123 197
1 96
28 105
132 235
95 290
17 152
135 258
59 260
106 189
68 114
198 217
254 259
49 156
94 297
85 101
262 280
36 57
109 162
192 277
54 244
111 201
222 235
277 296
114 174
63 146
43 62
2 203
146 173
19 276
46 177
119 297
125 165
65 74
87 90
66 189
63 149
205 234
84 176
90 165
264 295
120 177
122 194
63 237
8 200
156 157
14 170
137 205
68 239
147 295
155 231
123 169
45 76
30 182
13 181
115 195
237 291
87 187
6 210
1 209
233 289
78 87
154 198
95 164
38 266
13 21
2 57
96 289
87 109
11 104
25 211
33 206
81 300
17 44
29 73
30 122
209 289
21 256
89 240
48 171
259 277
159 267
160 234
90 226
144 206
57 82
282 297
30 297
276 290
153 286
110 226
8 167
164 257
47 148
10 203
145 241
3 7
9 201
164 252
42 265
41 261
60 263
233 246
11 85
80 136
47 102
79 299
39 82
82 245
54 142
170 218
134 171
178 190
264 280
55 195
42 276
17 247
25 190
227 228
3 211
111 134
61 201
39 179
1 137
4 269
73 223
84 134
21 76
81 174
258 279
97 283
34 283
52 176
75 117
190 282
101 264
11 238
39 246
140 246
181 193
85 201
193 227
5 29
18 125
52 167
18 114
238 278
170 300
8 234
199 251
141 271
119 294
31 171
136 211
48 181
133 236
20 34
154 217
97 213
258 292
182 199
30 186
103 146
165 237
58 83
175 198
269 276
62 273
34 49
12 160
54 137
33 96
101 263
137 142
111 170
90 205
15 52
123 128
36 66
73 162
117 188
178 192
22 39
47 71
39 50
49 246
146 201
192 260
104 288
97 270
4 199
83 132
11 142
51 142
98 242
131 232
177 276
27 204
139 211
47 259
33 181
76 192
32 271
84 171
17 96
215 245
143 147
255 274
159 261
84 136
100 180
139 215
8 262
39 176
162 199
124 244
41 195
108 203
122 196
175 236
125 223
6 161
103 144
93 104
51 124
230 231
21 153
166 285
2 230
41 296
75 113
15 298
6 190
161 225
187 283
99 215
80 291
53 290
75 262
9 145
187 212
148 291
185 263
87 219
101 184
20 59
111 265
86 175
71 229
47 181
11 227
174 243
81 271
238 255
218 291
86 222
97 162
17 153
63 221
43 114
127 227
84 284
57 215
221 241
23 134
136 243
107 149
254 293
4 241
36 123
30 295
118 268
16 135
5 162
219 294
37 170
217 218
68 222
38 275
18 50
60 209
93 184
20 169
197 202
35 281
80 234
184 251
40 114
174 249
122 289
255 272
1 187
32 193
113 222
9 79
192 211
5 145
70 192
68 229
112 202
11 229
6 38
45 217
156 260
187 261
102 231
11 40
51 122
84 104
13 74
72 290
59 78
99 128
7 34
42 109
85 225
25 210
104 257
39 184
30 192
114 262
84 88
2 90
82 132
63 121
280 291
189 203
221 281
36 280
256 259
38 259
137 148
53 80
3 5
48 119
109 248
147 277
53 145
131 296
79 110
73 201
49 250
74 262
110 296
6 74
74 187
80 209
70 299
28 125
2 206
28 300
105 109
257 273
71 242
81 207
4 86
80 200
47 185
122 218
227 238
103 113
83 139
1 85
224 250
27 260
205 253
113 138
18 60
15 177
51 185
45 168
117 220
18 249
135 292
18 68
56 93
221 284
97 109
10 157
124 194
187 226
78 111
217 294
75 197
283 286
68 204
216 266
204 263
153 218
64 152
16 25
123 174
82 115
9 64
5 299
36 249
58 140
238 241
147 174
111 269
61 132
37 133
64 110
239 292
55 91
83 199
66 227
142 151
137 200
44 112
89 291
198 295
5 172
161 165
12 245
114 236
194 228
63 257
118 214
191 227
22 93
225 299
60 234
20 62
24 86
112 258
53 217
152 254
125 284
18 121
74 244
8 71
4 125
27 275
114 123
140 276
7 172
187 253
27 28
137 187
20 152
11 192
122 132
137 281
77 237
58 248
161 175
103 173
114 136
154 227
58 286
47 51
230 265
54 264
109 235
54 158
32 233
46 81
101 196
79 128
200 226
156 201
172 254
141 166
102 150
33 253
230 287
205 215
131 161
107 137
99 133
145 161
223 267
125 181
159 193
82 213
192 285
62 289
116 294
48 235
110 258
6 118
177 288
124 235
11 67
290 300
84 161
108 243
119 269
209 294
91 222
68 172
30 211
78 190
21 213
99 273
60 137
222 236
161 258
152 271
134 208
150 277
62 126
2 183
35 85
203 208
22 119
52 191
42 76
124 126
17 232
46 110
203 216
60 65
97 282
103 249
10 239
125 148
92 184
83 179
186 267
158 282
24 204
19 178
39 166
207 215
108 142
7 97
124 174
66 131
71 209
148 212
81 223
16 107
159 173
85 141
104 269
5 240
222 285
151 290
35 165
120 273
15 74
141 192
234 256
121 293
231 232
222 296
125 240
43 135
154 237
82 163
35 55
7 69
105 112
242 261
6 203
257 298
17 87
125 255
86 278
3 237
188 218
121 290
59 137
202 271
86 137
138 293
154 285
51 213
44 61
63 201
37 240
166 267
215 292
17 128
53 245
5 234
186 215
12 221
191 263
163 282
64 136
264 276
5 35
261 297
229 230
62 286
24 185
59 285
68 236
89 207
130 153
135 196
71 231
74 233
136 280
91 99
159 182
63 122
63 275
122 159
123 144
74 111
86 197
45 202
133 292
117 122
29 82
125 195
13 66
118 289
168 270
97 140
46 194
59 174
41 143
12 113
21 235
190 238
142 276
11 295
108 263
103 123
89 153
77 289
113 131
195 290
142 254
67 139
258 297
210 251
19 116
175 215
261 283
82 267
38 130
60 77
32 94
95 171
53 233
82 121
147 239
67 92
77 101
42 258
62 290
137 147
27 78
57 186
51 237
62 144
21 179
127 160
4 49
176 250
94 192
154 279
239 262
60 127
180 221
85 219
12 41
12 212
228 290
28 176
41 250
178 217
147 156
220 232
208 271
35 98
6 120
173 284
72 258
162 217
90 213
20 208
159 187
108 272
68 81
110 297
29 278
71 156
182 208
78 219
160 162
16 38
28 226
8 282
19 20
46 53
149 263
78 218
18 208
18 259
274 285
20 121
169 193
100 212
40 206
259 286
177 259
68 141
100 254
6 222
54 61
176 235
54 237
1 20
193 246
32 180
96 109
236 262
126 180
157 277
76 254
7 148
18 134
156 212
66 76
165 189
110 183
39 204
77 251
185 267
93 254
90 217
57 97
146 279
122 285
164 166
204 257
88 292
138 141
82 102
39 287
276 298
2 140
145 231
47 230
138 277
28 281
99 221
173 278
25 40
35 199
17 124
196 285
179 183
113 184
49 249
4 294
113 158
77 144
22 158
39 269
191 225
157 229
42 86
84 239
64 108
154 172
45 88
100 228
249 285
3 69
137 251
185 279
45 68
104 131
29 60
208 265
1 158
15 63
132 213
93 293
111 186
11 160
112 189
183 217
17 202
235 285
125 267
187 219
182 291
122 135
136 254
173 199
78 113
15 233
10 141
106 267
60 156
165 260
17 144
178 246
14 271
35 76
99 252
6 135
71 108
238 247
35 142
41 262
79 106
104 225
124 204
38 121
99 106
209 254
142 182
106 137
94 253
40 123
63 261
54 225
150 180
76 207
167 288
18 40
5 173
292 295
41 289
80 278
183 194
14 131
28 173
30 125
122 214
129 184
128 175
30 167
83 290
2 21
147 173
5 164
107 286
31 138
6 251
166 299
13 242
104 192
41 208
108 191
145 268
220 288
72 115
165 208
53 207
127 197
3 82
76 242
25 260
69 93
196 210
248 284
211 277
76 267
232 275
7 85
23 245
187 276
36 227
49 297
234 281
26 281
3 4
217 239
39 53
193 236
89 277
175 286
41 257
41 88
56 220
64 222
129 151
4 138
76 165
107 156
113 125
133 266
124 231
89 167
43 80
25 283
82 264
124 295
240 284
107 242
109 126
175 197
139 174
224 271
247 256
40 124
149 241
100 149
266 272
42 67
241 267
68 161
139 226
60 210
150 249
66 201
63 187
130 150
21 116
141 155
72 296
32 222
56 189
25 153
205 271
237 299
8 159
69 122
3 62
20 161
160 219
75 252
67 285
5 102
260 300
110 257
25 228
64 267
5 255
94 165
118 179
107 209
72 234
234 241
223 250
50 83
54 60
4 35
37 246
82 194
265 271
234 237
56 215
146 221
247 257
166 223
107 295
165 209
106 219
14 47
101 136
134 184
15 224
34 146
213 234
49 251
149 300
229 254
62 228
236 261
78 157
189 258
4 143
233 241
178 225
131 225
65 266
13 221
37 230
209 255
96 119
123 189
183 199
223 273
46 245
34 234
225 285
71 86
131 293
162 194
35 144
43 153
191 266
12 243
145 219
56 216
40 188
67 128
59 166
53 242
126 247
54 140
149 153
28 124
13 244
66 82
94 110
140 198
22 41
49 97
109 156
94 285
155 164
19 152
199 294
182 246
24 137
31 92
29 273
24 120
27 289
49 59
15 261
70 173
176 256
131 236
148 278
191 278
59 216
28 290
130 194
174 175
80 83
91 245
27 257
205 272
71 291
192 237
188 200
119 177
2 255
190 243
135 194
255 296
64 172
100 236
247 275
115 216
3 156
27 49
127 297
140 298
126 165
127 213
55 232
122 296
210 257
23 112
27 141
157 207
72 289
64 298
258 282
11 36
3 289
30 123
263 272
2 257
177 252
21 198
108 292
174 250
108 170
36 207
128 163
75 143
33 138
128 185
232 295
149 274
94 290
82 240
47 210
1 77
102 140
123 171
78 291
236 285
108 290
169 207
2 219
232 237
208 288
236 239
158 225
132 257
176 232
134 167
133 181
52 113
160 196
236 250
133 175
175 238
3 127
8 48
143 210
225 287
216 262
78 289
43 248
241 263
54 293
106 181
74 154
41 113
199 228
180 250
168 197
81 152
114 151
162 189
23 173
6 85
67 220
146 274
90 173
198 245
81 294
160 169
224 232
216 223
16 165
37 160
269 274
55 100
140 224
6 229
156 252
293 298
82 154
63 272
80 277
24 67
202 211
62 271
56 62
115 266
108 238
66 279
58 173
192 296
125 273
83 146
45 123
76 115
27 125
30 237
116 242
112 143
195 266
26 108
87 220
133 296
35 122
222 294
1 118
25 131
100 231
172 202
89 121
251 283
89 158
259 272
134 145
83 163
25 65
47 206
6 61
200 256
72 190
162 290
177 271
113 141
278 286
136 153
40 129
52 134
199 219
114 202
95 224
100 143
11 221
119 299
64 86
164 237
94 152
121 235
7 277
37 118
2 73
15 66
43 101
169 235
206 223
108 117
85 271
146 282
52 102
50 137
167 232
161 236
99 167
195 248
133 207
122 181
7 9
120 282
255 270
45 57
14 140
137 209
80 123
26 176
27 103
50 154
51 52
58 92
83 109
17 297
69 186
140 172
133 228
77 189
174 215
292 297
263 276
31 236
65 263
141 266
66 204
141 234
32 182
98 122
125 296
74 212
34 282
39 119
28 235
31 181
54 251
228 275
204 274
89 123
57 240
116 171
73 143
112 253
53 133
15 192
3 263
12 176
162 209
103 206
150 168
35 211
112 256
12 205
32 129
41 272
67 121
32 143
226 238
17 263
141 184
40 250
88 137
127 132
260 270
82 103
33 282
16 288
58 215
4 117
114 173
7 17
15 209
50 165
42 90
122 134
192 225
93 117
66 295
266 269
137 162
179 249
112 170
26 159
139 176
121 297
62 251
53 193
214 270
25 132
249 261
234 243
133 241
128 180
115 261
104 183
86 192
87 136
25 100
130 218
41 92
23 127
138 212
210 238
64 215
59 291
35 233
90 114
155 242
14 94
118 180
46 125
132 246
42 217
51 129
30 102
13 172
34 99
238 271
88 267
87 105
54 242
191 264
123 224
218 219
67 210
127 140
140 207
210 219
127 130
163 231
110 212
110 111
190 264
16 293
175 268
241 249
10 154
18 252
42 79
38 60
210 266
61 118
22 291
16 184
200 269
257 276
7 256
130 243
46 201
31 124
57 137
238 288
10 115
142 267
22 137
13 294
1 181
103 278
58 130
108 118
260 284
15 240
77 217
184 199
59 67
213 281
21 124
29 40
108 226
1 151
283 290
94 103
124 293
25 50
231 300
229 279
52 105
44 267
168 273
183 289
103 237
144 258
144 283
25 152
1 274
41 109
115 230
88 105
100 170
42 156
121 158
10 289
3 252
209 242
2 9
61 250
32 96
107 147
76 300
139 275
82 155
110 221
5 45
10 242
137 279
30 80
130 147
125 168
74 112
228 282
88 272
27 123
93 135
30 228
17 229
77 116
137 252
153 224
37 187
139 191
225 297
151 274
35 217
112 161
59 127
39 99
239 246
49 162
7 258
29 128
189 285
253 266
23 36
92 122
52 238
190 212
99 255
190 241
41 280
197 294
55 197
2 60
56 284
151 186
2 156
40 85
62 109
42 243
240 242
32 130
102 153
51 251
96 171
159 237
92 120
40 177
104 290
183 226
96 204
14 196
47 173
87 271
46 100
11 244
5 208
193 297
54 150
65 284
35 214
126 287
7 227
198 254
258 295
37 208
78 95
28 54
91 258
102 187
3 235
68 271
63 280
129 258
190 281
22 194
90 186
113 195
71 272
96 287
147 188
3 264
185 238
205 273
87 223
101 258
124 223
269 295
243 277
143 181
47 67
237 273
134 255
216 241
222 242
5 200
50 142
174 217
124 181
53 249
52 259
3 52
41 89
9 59
45 80
42 239
111 216
12 235
88 210
54 141
79 252
185 191
28 288
117 135
15 100
215 270
148 281
102 111
229 253
35 204
36 232
69 276
36 111
252 294
198 297
78 202
39 289
38 225
28 291
174 246
15 109
10 292
98 216
152 218
35 296
226 281
46 75
72 81
123 203
72 96
110 276
158 287
83 278
2 119
31 132
226 256
111 183
45 272
98 151
58 270
236 253
35 62
159 209
261 268
48 274
170 267
208 218
221 232
186 265
42 57
225 293
262 278
250 278
87 232
163 199
29 289
116 187
32 173
155 261
206 221
61 157
107 265
68 187
54 135
223 288
46 240
155 190
57 130
129 295
106 287
185 246
232 286
181 197
122 228
75 244
233 288
196 293
168 257
12 71
94 299
100 258
186 216
14 152
267 278
83 175
154 238
36 277
142 172
77 286
141 173
60 186
247 292
47 149
9 276
139 257
253 255
120 153
164 296
75 153
175 195
180 245
49 146
38 240
118 290
24 229
37 139
209 222
244 279
109 114
62 67
250 290
58 134
203 225
248 285
199 230
88 214
1 251
188 198
126 141
45 277
160 235
223 240
148 191
33 162
88 176
51 230
182 217
150 231
163 186
151 277
42 53
25 96
179 197
200 241
75 216
13 90
31 80
44 103
59 199
36 150
103 125
145 284
186 268
9 241
134 251
139 225
146 297
36 236
255 271
8 83
30 34
112 268
15 75
151 251
170 172
61 293
146 181
44 136
224 267
170 246
117 201
42 297
44 145
142 167
56 122
104 268
8 104
31 85
125 247
81 200
242 281
263 264
110 249
4 109
11 231
138 206
207 221
6 248
160 190
53 288
58 206
65 137
71 246
87 146
26 67
57 226
22 32
53 87
276 280
257 293
6 58
17 256
32 201
176 201
119 158
39 223
99 200
5 263
50 185
110 242
98 125
36 115
1 42
30 294
266 300
177 195
180 218
168 195
20 164
136 197
45 140
75 127
22 94
19 297
24 226
16 32
206 291
34 47
183 242
50 72
142 144
143 292
80 87
242 282
135 160
1 14
51 164
6 246
139 145
105 226
125 257
43 257
224 278
11 105
160 186
204 295
150 285
5 141
285 287
163 288
14 192
132 172
144 159
7 232
96 205
9 175
284 297
74 114
102 285
88 186
136 213
57 285
175 289
84 129
203 247
42 126
122 144
79 124
106 226
143 155
50 189
111 139
93 131
88 213
17 55
44 187
180 292
65 79
29 188
79 211
138 258
13 208
114 230
170 243
109 212
178 234
30 221
73 200
206 280
122 146
9 130
149 239
251 279
107 142
216 285
48 81
41 215
77 113
89 90
107 255
56 101
105 256
185 274
172 225
72 199
27 175
11 174
61 225
52 227
37 256
244 288
185 247
193 233
102 149
240 258
151 268
61 237
124 256
106 151
174 262
169 227
164 253
160 164
178 299
56 246
90 282
150 195
29 42
29 288
22 38
51 181
42 215
230 245
28 131
181 249
221 231
105 241
139 196
139 236
267 281
132 189
10 212
30 113
92 249
98 214
186 237
19 249
40 232
149 293
63 182
194 280
92 275
109 277
35 118
135 225
133 252
55 141
136 291
213 295
110 132
141 298
33 170
18 79
219 224
186 280
75 101
63 152
28 201
78 83
67 162
23 76
117 168
41 79
30 179
116 142
28 193
19 122
121 194
38 247
49 194
225 273
31 67
93 94
12 40
148 170
124 291
83 215
70 267
37 281
175 201
155 223
32 286
38 202
24 122
80 239
202 296
5 279
51 266
62 216
151 244
51 166
6 189
264 266
35 277
25 64
41 129
120 271
119 189
47 263
2 168
191 230
47 109
77 187
73 167
43 131
68 129
220 282
104 200
1 16
185 300
111 220
69 159
119 223
4 39
84 137
98 227
17 29
96 280
45 183
277 297
101 254
170 215
169 203
85 253
77 122
263 292
162 242
23 144
42 288
14 78
93 166
55 288
8 252
66 250
175 233
91 233
168 277
195 283
19 97
96 166
11 204
140 236
135 172
135 215
170 266
36 165
241 248
137 150
117 282
44 57
82 107
172 201
235 298
106 117
114 146
242 252
69 290
235 239
27 53
118 158
67 195
194 274
228 279
121 168
99 119
152 292
25 130
4 135
101 176
10 50
178 209
19 266
91 189
126 202
144 170
270 277
100 202
26 112
85 155
9 221
56 195
6 43
42 136
128 135
47 94
170 299
127 164
267 296
72 194
6 83
2 83
228 280
28 283
64 239
55 293
25 143
15 147
183 297
137 248
37 224
58 80
133 162
61 203
120 185
123 249
147 222
24 154
96 110
42 203
17 273
42 191
28 103
188 240
115 280
2 159
73 76
28 208
107 276
46 122
208 239
22 60
21 261
43 64
82 269
190 203
77 85
172 278
41 138
176 236
148 178
13 16
91 122
13 106
111 128
193 249
239 296
77 181
158 218
183 278
155 293
99 212
32 239
13 39
193 257
127 150
97 244
54 250
48 68
58 251
73 109
3 118
169 287
127 241
83 281
95 105
136 145
32 211
80 206
10 23
109 247
136 293
14 275
14 87
4 200
215 285
82 134
27 46
246 274
125 161
42 110
35 131
108 184
258 288
103 280
60 220
194 257
98 205
179 223
247 290
264 294
72 193
69 285
44 141
91 116
81 194
75 128
108 176
11 94
13 238
14 173
175 204
155 259
141 269
77 240
33 234
4 201
170 174
11 291
185 203
16 65
68 124
232 290
178 289
57 128
9 48
105 137
83 161
13 211
77 115
101 186
128 290
86 108
169 297
60 259
46 147
231 241
34 141
78 107
167 214
279 294
142 234
104 243
17 201
73 252
249 263
18 91
87 229
203 221
169 278
155 188
39 189
13 147
164 229
15 60
54 201
205 224
108 230
17 90
4 82
50 293
81 265
131 156
180 213
107 229
103 131
9 247
85 103
82 203
31 159
47 290
95 286
55 286
130 156
18 39
14 62
6 59
160 281
48 216
50 70
210 276
98 258
178 295
3 229
62 179
131 212
9 92
195 208
31 148
22 105
140 299
218 264
14 128
105 243
233 264
136 228
109 209
219 237
59 168
249 281
164 239
74 172
54 232
84 195
239 252
1 159
141 182
135 202
150 254
23 137
238 284
128 254
74 94
42 234
13 45
139 230
203 205
3 76
185 264
22 78
22 268
50 79
10 190
103 221
154 247
120 211
10 205
206 224
69 71
31 91
26 133
33 275
86 162
69 261
219 226
93 191
30 41
199 298
181 204
34 205
83 93
218 247
102 125
45 257
157 254
69 242
114 125
94 281
176 186
120 228
156 219
17 226
38 67
11 108
78 136
152 291
200 297
172 266
57 103
197 258
185 289
110 173
210 242
73 237
31 200
162 225
61 295
22 253
91 166
107 181
156 259
268 282
229 241
19 265
107 179
192 240
21 104
126 204
16 55
15 92
71 134
55 99
106 253
85 264
42 74
115 208
89 176
59 123
34 188
167 284
115 145
146 264
96 285
152 171
115 256
25 82
163 243
29 296
99 153
4 187
86 240
2 212
167 264
61 68
1 190
11 140
116 291
23 73
55 126
128 188
11 29
46 173
85 238
34 52
219 267
172 255
62 296
170 270
220 264
128 197
54 245
50 69
113 270
106 132
231 295
185 194
179 185
33 166
29 163
142 152
154 269
113 250
134 186
233 245
168 251
102 171
131 243
43 284
11 35
204 277
127 153
16 54
29 271
65 178
26 255
146 154
153 214
112 129
109 115
101 153
59 297
149 168
40 184
20 74
210 216
4 20
124 172
189 191
108 228
108 296
46 166
60 192
127 189
4 178
109 133
49 67
62 218
176 207
78 126
2 22
9 229
68 139
63 238
7 126
53 297
36 201
11 254
5 52
83 209
34 243
85 131
136 292
22 230
13 60
159 168
74 250
35 156
164 212
57 176
141 167
101 172
79 292
119 256
26 55
60 206
44 70
146 148
18 46
1 171
154 174
176 254
106 134
94 175
100 229
55 58
23 39
65 102
9 96
160 193
22 192
98 188
230 234
6 288
83 111
73 157
8 177
117 194
19 166
34 57
70 147
126 253
32 228
220 230
56 193
170 190
15 45
200 213
5 291
111 147
149 216
53 139
206 247
32 81
18 27
14 109
23 31
71 208
239 294
80 85
79 197
144 272
119 233
178 252
154 168
108 145
45 51
34 145
34 86
251 280
55 67
60 67
104 173
140 201
213 226
158 196
119 298
27 218
119 247
78 145
143 281
178 297
154 223
5 66
78 240
47 244
51 73
28 47
46 264
12 100
97 122
31 231
77 218
97 239
168 224
114 141
100 253
28 37
19 185
5 192
25 99
159 164
46 98
58 278
188 257
168 258
97 294
187 257
72 181
160 277
14 22
74 176
61 93
164 268
200 249
131 265
21 217
294 299
177 256
37 62
183 234
185 239
168 267
250 256
236 298
125 204
245 280
9 274
12 27
77 235
277 281
251 256
256 288
15 200
89 252
58 254
168 208
19 280
196 217
3 221
118 141
107 132
246 280
63 107
38 69
88 89
20 44
25 212
167 188
143 199
100 218
201 286
16 53
159 249
72 163
6 249
228 239
116 298
134 176
258 264
121 177
17 18
32 50
82 149
35 256
13 94
29 98
206 215
51 116
17 274
40 294
239 284
179 298
4 177
12 92
52 79
25 36
217 224
126 134
69 259
95 177
58 269
107 269
100 183
112 221
52 252
27 251
106 257
105 283
93 108
16 159
121 239
140 220
30 263
45 153
128 213
214 244
101 255
38 97
186 287
66 299
38 86
130 234
19 115
201 247
108 277
86 110
63 233
17 165
110 272
95 288
52 53
219 234
14 145
13 150
13 113
189 234
108 225
19 184
130 138
94 163
93 185
46 242
105 182
60 191
87 233
30 154
226 287
1 135
220 222
119 245
115 140
90 228
22 65
262 269
140 257
81 220
19 226
37 205
152 195
69 269
171 266
179 222
104 275
118 169
106 201
45 295
196 232
25 181
78 295
65 69
162 193
209 272
132 232
39 160
192 262
34 70
135 227
14 164
38 119
65 256
92 186
250 300
62 101
11 206
10 185
122 130
244 295
152 208
123 220
20 289
95 118
31 157
86 102
241 270
97 233
17 295
145 275
145 245
156 192
152 242
34 266
172 177
120 288
96 290
189 216
134 296
22 29
137 283
61 96
47 136
64 223
5 94
151 248
9 34
16 131
100 207
55 270
80 146
109 263
76 147
87 153
153 246
94 176
23 207
94 171
72 116
279 283
32 84
24 233
15 122
19 82
117 216
119 122
89 146
126 278
88 226
161 186
36 37
50 134
224 256
101 104
8 102
215 222
39 177
267 275
9 262
11 77
172 184
169 256
20 204
4 270
37 100
193 241
21 139
32 260
70 262
193 279
172 252
94 124
48 279
48 277
89 279
101 218
187 230
15 134
15 116
62 186
25 87
164 182
121 277
142 190
129 219
144 188
12 259
187 249
121 169
18 48
127 191
13 189
194 276
70 258
58 145
129 164
137 257
2 157
23 99
264 270
271 274
21 251
98 255
98 111
138 249
12 36
12 274
42 293
87 235
107 133
13 159
5 28
20 280
150 274
90 223
116 141
21 85
97 207
67 184
5 92
9 75
22 155
25 69
143 176
36 281
33 199
90 273
28 31
143 291
81 292
54 281
217 227
115 239
147 228
96 111
118 229
47 81
43 71
189 214
13 180
7 22
103 203
100 198
45 274
38 212
107 281
76 218
227 249
14 90
93 268
101 244
70 75
178 186
14 237
53 159
229 262
134 142
70 217
92 246
133 291
165 167
13 57
76 236
44 208
184 195
19 216
16 46
199 231
173 253
113 218
113 198
17 230
181 255
177 260
43 182
103 300
40 97
98 145
23 109
150 252
106 217
8 247
34 55
90 245
34 142
17 267
17 84
163 212
114 239
54 209
182 227
37 180
59 82
2 123
21 216
166 185
114 196
85 208
283 291
23 69
72 103
219 281
178 294
54 197
66 268
43 53
209 236
237 285
108 255
129 201
11 272
1 211
216 273
51 275
34 91
61 263
105 183
19 233
118 137
93 290
226 260
109 125
42 133
99 276
151 181
8 74
55 254
143 263
250 272
11 112
182 203
175 285
21 172
20 298
3 273
73 221
39 298
234 300
230 285
115 285
146 185
152 290
4 99
30 45
73 153
44 155
163 173
217 219
2 222
49 281
82 268
87 152
16 71
78 226
1 17
62 298
1 266
97 158
2 261
9 44
119 285
102 219
75 131
91 280
18 106
183 266
182 222
18 271
171 265
204 265
65 146
71 116
66 253
132 272
8 142
159 254
154 194
117 229
127 206
164 288
261 284
96 116
161 171
237 289
165 261
136 265
113 285
54 271
205 246
160 209
191 233
79 134
13 265
172 280
144 164
229 283
199 211
10 208
67 104
69 76
267 270
121 128
12 188
66 251
90 239
84 112
34 178
93 205
33 53
140 233
23 138
238 294
13 196
89 106
126 288
16 202
47 168
159 184
87 210
75 229
31 300
86 91
36 180
211 266
108 141
154 175
251 295
79 269
18 281
154 200
20 113
38 45
110 240
62 136
29 298
127 235
141 268
18 84
276 300
142 250
74 106
210 278
218 226
29 96
102 198
135 201
56 218
17 197
180 217
114 286
54 279
164 189
39 146
63 243
37 291
66 264
6 170
13 47
40 74
27 263
106 194
91 298
12 273
50 84
86 258
226 247
80 164
144 195
108 260
40 281
47 116
31 178
15 164
194 263
56 200
37 233
39 202
132 228
274 286
92 124
73 94
32 261
102 134
237 266
109 184
91 208
220 262
136 298
197 201
7 255
226 265
128 250
37 277
83 237
40 174
72 126
46 175
278 297
149 178
77 168
241 260
4 126
90 195
56 86
63 141
126 207
161 203
71 111
1 212
97 288
94 183
98 290
35 119
52 193
79 237
90 271
201 222
121 280
9 197
185 251
137 207
55 109
212 225
115 136
201 255
3 278
161 261
107 253
82 120
101 143
14 143
101 296
145 279
20 231
99 243
24 188
181 276
38 268
136 241
109 129
180 197
114 129
160 259
57 93
43 49
203 238
111 272
49 50
75 281
100 189
97 291
169 230
240 280
154 158
232 257
77 208
1 130
37 58
31 53
28 263
91 169
198 268
134 216
186 220
28 255
36 169
156 223
9 110
116 283
2 247
76 105
143 188
185 290
183 200
17 236
136 215
72 225
123 283
235 243
17 228
16 190
132 233
92 182
203 250
79 185
113 255
26 205
259 280
109 163
238 290
234 238
63 98
129 198
225 227
221 264
11 86
116 121
41 155
152 187
246 273
19 183
16 171
236 276
30 296
132 175
273 287
53 72
20 268
192 280
29 105
93 114
48 75
52 103
52 106
165 296
54 70
46 210
2 267
109 195
129 240
84 264
61 141
214 245
141 161
176 208
61 234
161 283
123 298
157 213
49 277
243 264
40 254
65 71
238 252
125 297
35 149
88 252
18 203
109 123
26 241
49 269
87 137
172 219
178 250
174 239
107 226
161 173
267 280
189 230
30 158
99 176
202 220
7 271
124 250
212 228
33 223
18 113
143 220
245 264
141 277
80 246
186 209
10 87
3 300
131 264
15 93
123 294
100 138
30 74
22 239
33 151
30 32
158 266
6 27
67 157
130 155
60 107
4 130
5 17
126 137
17 189
271 300
2 145
59 282
96 138
127 296
221 270
68 90
64 171
48 54
125 207
14 80
22 75
65 191
36 71
57 250
57 78
132 148
159 177
171 249
93 164
12 101
12 25
156 195
181 183
20 85
199 223
54 57
15 279
50 188
40 195
155 220
69 239
97 159
74 222
44 162
103 117
273 275
99 126
61 243
73 130
111 271
25 86
46 129
145 202
99 111
2 7
175 253
24 156
21 223
216 294
148 200
20 177
184 223
31 277
31 246
153 207
89 238
34 151
153 194
156 191
165 216
181 267
112 226
74 79
177 215
195 263
32 224
63 170
8 279
73 199
5 107
22 251
272 298
170 241
79 154
83 168
49 227
47 54
53 68
109 111
79 245
35 153
68 225
158 209
232 252
168 292
250 261
31 283
83 233
66 267
58 156
249 265
107 153
77 83
213 262
151 197
225 241
78 141
54 99
172 222
152 274
216 288
106 114
182 228
225 229
40 298
51 153
30 197
43 247
245 258
143 280
182 292
131 269
93 269
115 293
248 265
96 108
289 296
119 295
36 238
28 246
234 269
252 290
110 245
79 123
138 210
67 131
13 193
62 174
122 212
43 120
70 276
23 136
262 287
15 173
201 252
5 121
127 149
3 98
69 104
35 124
212 229
226 245
239 270
85 117
49 200
31 212
170 177
26 44
55 121
17 220
100 251
159 273
168 290
171 234
25 268
21 35
11 247
121 176
17 271
104 292
138 281
63 167
126 172
37 89
169 242
37 284
178 264
126 285
61 296
26 53
111 116
4 6
67 161
64 148
23 262
14 206
31 275
31 174
91 143
66 194
10 63
146 288
191 198
13 220
137 235
88 141
28 170
236 237
1 186
218 232
27 172
33 158
39 288
73 135
172 173
220 283
119 184
183 288
69 193
41 46
74 300
68 152
128 203
112 228
8 204
58 90
265 268
61 204
168 287
64 94
190 226
135 166
167 269
65 148
49 121
124 272
153 188
107 135
74 282
11 126
1 120
68 267
70 260
42 281
53 267
65 73
197 274
157 237
31 122
73 81
72 166
182 192
102 156
99 250
45 206
92 247
146 151
18 191
114 119
60 223
8 68
150 291
37 260
116 186
54 263
42 78
95 208
64 137
6 154
151 156
18 69
150 259
75 156
99 134
70 229
74 175
178 210
1 78
117 296
40 275
37 299
97 287
61 222
208 238
51 262
163 248
73 232
138 261
43 216
121 291
154 176
63 270
103 114
62 113
82 84
146 286
80 236
232 280
8 129
189 299
48 58
22 223
169 280
83 87
20 67
247 251
50 271
48 261
38 41
163 268
121 216
37 272
142 247
152 161
221 287
119 300
231 270
76 122
39 67
84 117
199 282
147 213
42 246
178 280
187 211
58 292
46 58
93 141
228 276
50 150
42 268
193 247
95 234
89 267
158 243
46 234
166 280
252 262
127 225
36 229
18 88
114 155
266 271
68 168
115 219
48 231
78 98
144 264
59 106
60 85
114 143
143 253
169 277
172 238
195 278
38 91
35 104
148 157
83 217
152 233
51 212
10 123
145 178
49 215
64 99
150 282
168 187
142 210
260 285
57 152
170 254
25 216
96 251
166 294
20 244
25 142
190 292
11 150
141 201
6 145
105 258
267 299
234 275
228 278
65 234
7 19
44 73
57 107
82 218
182 198
262 274
162 233
168 189
16 59
108 116
161 255
41 176
39 183
160 173
95 152
138 166
214 280
46 282
17 79
43 89
120 151
44 219
106 289
22 33
70 132
200 202
40 96
50 162
23 255
133 300
76 81
155 187
23 261
10 189
194 283
49 111
53 238
45 232
20 243
96 162
36 191
42 263
161 184
65 298
189 282
35 41
199 202
152 168
36 151
116 147
11 34
34 50
48 244
122 220
36 105
60 66
162 215
129 265
10 11
153 206
153 250
11 276
13 137
246 284
36 127
119 252
220 244
110 136
63 135
54 221
149 212
233 248
66 125
84 91
18 139
50 241
14 216
72 90
67 281
59 272
97 99
192 275
125 277
14 146
95 268
226 299
136 173
38 95
101 269
61 180
125 194
34 225
133 144
128 218
115 238
253 257
15 72
25 177
90 219
23 52
24 165
185 248
52 80
119 130
55 212
147 268
228 251
24 169
30 121
26 247
258 298
226 272
182 202
123 288
196 251
189 210
230 253
39 225
176 248
201 204
16 126
53 149
61 285
168 202
112 165
193 294
152 267
16 133
40 282
74 92
33 213
45 50
82 241
147 235
81 129
120 263
12 264
111 199
50 267
4 131
18 95
97 230
2 163
203 248
79 222
58 113
27 58
83 223
166 249
139 166
33 177
15 155
92 156
10 24
13 199
208 210
104 193
211 256
172 297
38 244
80 233
42 262
64 140
12 102
156 234
31 266
215 240
252 254
271 278
17 147
179 218
205 231
1 122
111 120
190 296
227 266
61 249
146 188
122 141
9 233
142 286
68 146
25 57
2 131
137 204
196 208
144 298
186 252
220 255
243 271
66 213
99 219
37 39
16 124
114 156
219 293
123 126
134 299
94 119
145 162
25 55
158 210
28 265
65 77
3 231
218 244
102 151
68 282
100 221
169 253
264 277
30 207
71 285
130 285
111 286
66 130
54 191
122 151
240 275
85 93
17 298
124 131
252 288
37 182
88 161
16 169
81 86
87 132
93 122
154 260
97 204
135 186
37 176
49 135
42 98
57 154
45 196
192 249
12 220
88 120
65 229
273 290
132 271
48 228
139 200
52 213
287 291
59 130
87 160
109 170
80 186
28 187
1 273
107 240
22 128
17 89
73 159
115 243
8 137
44 113
42 64
49 100
141 267
58 247
16 154
89 208
129 137
151 295
73 226
14 129
53 279
17 142
34 104
173 192
36 261
110 243
111 246
36 149
49 181
30 101
133 169
154 220
134 248
79 142
69 88
10 94
128 285
51 79
90 142
53 186
122 190
119 266
33 133
38 52
73 211
111 153
26 257
84 106
116 129
78 188
159 264
12 47
24 240
16 282
30 292
138 264
95 229
35 112
82 113
127 277
133 188
39 249
133 158
13 175
1 214
155 232
101 251
233 257
74 228
9 173
108 248
65 154
58 103
83 120
149 201
186 246
217 252
249 274
15 129
178 195
46 144
189 228
87 149
89 136
26 90
156 264
109 260
135 244
121 298
33 43
94 298
28 90
182 285
144 179
133 218
67 277
47 92
13 245
38 188
117 288
50 141
6 281
16 79
62 112
93 145
116 248
182 284
117 244
8 150
43 97
17 51
111 112
14 198
207 285
107 249
40 264
6 90
232 262
183 220
26 300
105 213
129 228
83 98
38 195
3 281
15 143
91 299
138 235
72 108
7 230
47 243
81 108
58 133
104 107
188 295
142 169
213 247
3 201
120 156
104 162
55 124
126 222
25 231
125 271
4 71
112 125
138 174
131 178
46 180
163 216
78 118
138 211
110 292
221 292
18 229
228 259
246 276
185 187
210 264
107 215
76 217
196 295
73 160
173 229
2 53
109 131
97 98
2 180
63 180
47 95
101 109
222 224
83 299
97 193
15 238
4 298
30 38
74 225
195 246
249 252
47 295
84 87
137 250
188 272
131 274
70 166
151 230
41 117
12 216
146 239
177 244
115 248
100 205
33 91
40 169
266 298
74 242
70 215
120 243
106 252
32 58
7 283
125 150
27 146
22 256
68 120
54 181
36 259
187 241
33 227
28 223
9 224
26 153
23 89
203 251
157 291
107 141
222 300
48 232
98 293
69 86
33 144
127 276
76 107
55 279
164 220
225 248
84 233
58 257
63 249
106 171
63 265
35 36
135 197
241 242
119 219
67 167
136 234
112 191
122 278
121 164
83 296
13 98
181 203
57 99
129 141
57 165
92 248
77 285
206 209
88 153
21 28
254 267
84 152
59 214
258 280
7 67
192 216
46 50
265 277
101 256
225 242
172 268
10 45
119 213
38 217
265 274
95 130
38 178
18 267
105 284
29 258
151 246
120 186
2 185
35 202
46 256
183 276
4 246
181 221
239 259
194 284
127 294
32 290
156 240
150 243
127 223
2 280
23 250
160 246
122 184
87 128
23 199
121 218
48 262
204 208
46 262
193 202
145 297
4 36
126 239
27 282
265 292
130 215
62 115
252 296
108 208
122 149
26 204
143 299
34 43
268 269
42 60
56 288
259 300
232 285
218 300
154 244
207 269
12 20
155 157
114 279
57 133
57 145
105 247
113 245
75 289
144 230
79 161
162 238
210 224
3 94
103 161
28 247
143 238
105 289
203 283
40 70
159 169
32 236
24 227
192 230
62 117
82 167
121 224
165 181
194 210
251 260
17 260
34 116
17 76
120 131
40 101
238 300
214 289
54 289
86 111
124 249
111 189
121 206
179 292
235 258
68 112
121 295
11 127
266 283
34 155
148 296
63 155
168 219
223 234
110 155
260 277
194 237
47 297
106 256
16 80
37 88
53 56
69 257
107 234
51 259
4 179
113 267
42 100
26 291
76 141
5 267
109 268
29 158
204 247
222 269
175 247
41 43
9 38
143 182
217 285
9 213
61 257
5 211
138 234
91 126
140 248
50 272
30 43
62 243
212 289
26 206
7 20
13 233
92 195
248 273
35 126
9 101
264 292
88 160
101 267
34 231
36 166
24 284
87 237
86 282
33 246
141 186
23 258
77 195
65 167
137 152
64 224
1 162
45 101
215 283
192 197
26 75
27 192
50 56
220 293
148 158
52 210
230 250
169 282
77 119
223 226
32 238
10 68
59 143
8 148
229 249
180 227
134 215
249 293
183 248
62 122
18 92
223 287
136 288
231 252
13 200
46 248
91 218
102 163
53 254
64 79
33 289
16 215
128 205
29 266
56 235
64 168
36 282
81 95
118 239
102 280
105 259
25 42
85 273
210 274
86 268
100 131
172 245
88 129
220 289
29 122
183 254
27 162
234 279
103 208
74 245
27 155
153 216
109 120
127 129
21 249
93 157
110 246
103 109
58 154
50 247
87 241
147 270
81 102
96 189
58 122
127 167
36 262
241 293
168 232
26 169
188 290
111 190
177 291
86 239
155 176
180 252
114 287
269 285
236 241
231 290
127 205
79 291
29 187
65 162
3 32
92 157
285 295
122 153
76 112
244 294
200 267
1 6
10 178
78 115
243 278
99 103
26 213
70 72
145 165
19 292
96 266
57 271
56 180
39 224
21 129
232 254
231 237
9 82
27 42
189 296
78 181
148 164
57 124
60 254
30 201
95 193
17 86
127 274
15 194
100 142
31 123
15 47
170 296
129 158
80 152
42 69
12 164
80 174
116 231
25 119
255 285
13 258
144 168
118 235
91 234
67 129
81 167
121 189
29 255
85 166
143 171
33 75
42 163
248 272
208 214
181 296
154 159
38 151
29 126
192 272
43 85
177 210
200 221
176 295
13 184
103 294
125 196
239 298
19 59
101 272
40 181
151 164
274 287
46 243
24 299
6 62
121 212
20 32
155 207
178 231
18 299
36 92
49 77
50 204
20 77
53 150
16 66
7 49
94 129
251 270
41 174
56 211
150 237
68 234
144 217
212 245
213 297
14 136
225 276
187 191
109 189
51 244
236 277
277 285
134 136
145 200
184 254
85 151
175 223
86 225
7 280
254 273
45 84
115 125
93 280
133 198
8 257
110 176
120 161
185 221
50 119
34 252
13 225
206 275
5 103
124 166
17 209
72 183
79 146
27 299
88 280
19 270
60 164
74 189
86 174
105 219
96 196
76 222
30 187
224 227
148 236
12 285
104 224
57 286
124 284
10 177
66 158
21 22
65 128
14 20
173 220
36 294
94 133
126 205
147 291
184 299
4 167
192 298
149 207
201 260
60 272
215 265
69 156
38 39
28 243
49 238
148 232
213 222
81 198
57 65
216 252
61 82
150 170
16 90
221 265
88 216
10 61
20 284
61 152
72 197
154 161
93 260
27 68
5 113
64 173
246 293
54 129
6 224
9 68
219 278
157 253
44 134
35 254
26 135
108 222
37 210
57 279
192 263
7 236
59 77
31 44
68 283
61 207
258 289
143 289
49 279
67 114
111 194
128 233
22 252
98 211
58 158
76 180
48 174
138 207
110 244
25 284
21 224
162 277
64 270
234 261
90 132
178 267
142 265
222 245
154 193
61 199
119 255
59 258
45 177
212 241
23 287
212 287
59 132
91 115
21 72
161 164
131 132
149 252
223 266
122 292
28 108
280 300
29 97
191 259
17 287
2 23
20 57
10 160
49 79
42 142
51 80
45 259
157 219
248 275
192 220
1 155
41 256
132 195
11 98
45 143
103 235
48 219
27 211
56 63
65 281
93 294
58 227
4 285
34 292
239 263
197 291
154 242
38 253
96 141
66 203
55 287
98 184
159 225
183 235
201 254
113 174
9 158
175 272
103 200
229 243
227 251
90 220
25 263
125 143
255 300
182 296
48 52
112 169
119 139
65 95
64 175
102 113
61 254
154 290
111 122
138 191
193 266
34 111
42 238
26 158
154 184
27 120
90 258
139 183
36 76
41 299
60 73
13 77
207 268
230 282
77 236
11 197
16 186
226 294
154 197
26 89
110 233
5 262
110 264
158 205
38 248
92 93
256 266
77 257
3 140
12 299
277 294
40 105
26 219
16 116
59 262
229 267
14 151
144 189
206 228
149 275
267 274
28 96
42 154
14 211
120 251
88 115
56 232
21 197
89 108
33 254
3 48
59 225
176 213
30 117
21 239
247 266
54 155
185 288
185 278
169 183
173 270
64 221
69 89
69 132
24 175
254 285
111 115
184 255
132 156
130 299
234 285
21 43
176 255
129 293
160 289
3 137
42 51
100 257
30 183
2 248
68 109
188 233
199 203
193 224
52 179
2 249
108 185
85 158
61 291
148 205
260 291
43 185
48 191
76 124
29 55
169 174
55 73
121 195
170 237
60 135
13 160
13 143
45 93
47 96
31 128
167 199
124 226
241 297
35 164
164 173
48 106
13 230
2 48
99 192
211 297
79 94
106 126
221 222
25 203
270 293
115 204
4 72
138 163
32 232
71 184
109 134
103 194
134 227
55 182
219 254
122 202
131 299
74 260
134 181
87 143
3 190
4 47
272 296
17 99
151 214
30 39
23 60
113 212
124 189
56 183
84 212
183 223
162 163
64 285
104 125
51 265
61 78
28 30
56 162
34 157
55 115
45 138
43 117
150 262
53 268
8 269
62 270
51 234
68 238
11 84
11 76
63 79
99 203
91 262
26 127
181 238
62 127
56 208
38 90
100 213
73 127
161 278
51 278
89 201
6 31
54 259
173 177
73 158
87 150
266 280
73 88
96 208
40 265
146 240
103 261
127 264
231 262
81 144
123 184
48 102
119 188
109 122
24 133
96 244
10 272
66 297
76 221
27 92
111 193
79 177
21 297
122 300
64 82
72 278
41 204
103 260
273 283
158 174
6 271
201 281
88 92
21 130
142 290
90 137
238 281
130 286
72 192
181 191
144 174
58 279
109 237
134 237
8 218
42 85
35 230
76 149
24 139
192 218
39 220
95 251
40 200
135 275
77 269
76 98
62 217
7 89
64 97
145 243
121 132
188 217
160 182
238 268
142 193
45 52
200 207
74 144
68 226
77 292
231 293
61 267
85 171
130 296
9 273
122 276
18 183
255 262
180 286
51 215
24 46
57 247
103 289
277 295
125 136
18 236
101 106
212 226
35 299
233 253
148 181
124 298
19 237
5 270
23 64
195 221
43 50
51 59
86 265
115 121
106 206
1 9
73 288
51 165
29 76
10 138
51 56
80 151
200 250
70 254
18 38
235 248
8 266
121 124
97 250
134 230
137 282
258 277
271 286
184 229
28 254
38 54
37 85
114 259
36 70
2 32
66 191
181 271
203 255
114 186
137 174
50 275
136 212
217 280
155 186
2 200
13 136
136 262
4 150
275 292
211 263
37 53
53 278
95 253
142 179
46 56
30 73
1 149
162 228
155 248
11 246
117 251
66 178
153 156
113 148
148 227
55 172
184 270
114 190
80 124
111 290
177 238
265 272
89 284
152 200
106 177
74 122
207 237
131 211
110 253
118 121
104 202
42 137
88 225
174 213
57 170
58 94
20 45
105 156
72 135
45 200
103 276
135 223
74 296
92 150
122 227
105 162
217 297
119 259
227 237
170 189
69 136
232 276
20 171
277 291
91 198
10 128
30 145
118 173
16 81
125 256
6 150
27 40
83 219
44 241
198 284
225 275
77 159
39 155
51 177
89 154
34 255
80 149
13 108
121 271
15 160
197 236
171 222
198 235
13 80
42 185
82 207
80 157
116 276
26 194
63 224
24 148
113 216
10 16
183 207
67 125
6 225
77 117
84 118
247 300
82 262
20 31
147 153
235 260
104 120
268 289
83 148
170 242
49 203
49 169
166 266
110 152
87 114
58 79
61 91
51 200
65 231
149 249
61 260
75 169
85 150
237 298
289 295
185 186
4 236
132 162
133 242
177 183
125 130
68 123
64 284
135 296
135 276
55 111
114 231
152 230
95 151
186 221
95 157
105 248
150 161
156 225
25 226
163 195
93 198
144 163
80 228
58 119
75 151
143 190
144 300
169 206
122 217
189 197
76 289
152 238
235 287
24 223
93 146
249 286
207 259
35 115
105 124
74 253
97 182
23 143
84 163
95 260
9 55
114 203
107 184
12 244
117 279
120 223
149 229
82 93
65 290
85 272
84 205
32 45
45 268
99 227
36 152
103 163
237 239
81 137
112 218
143 236
109 267
65 223
3 274
89 149
93 233
64 113
97 135
108 140
195 196
68 265
162 177
34 149
5 101
15 186
50 74
22 71
254 264
123 142
108 199
5 19
263 282
155 201
136 277
142 156
61 71
52 251
61 147
30 269
176 272
231 292
41 149
19 52
161 263
110 178
28 122
132 155
85 113
16 39
171 213
44 287
86 133
36 50
18 296
11 151
147 281
97 241
73 263
178 226
222 244
211 292
3 110
4 211
28 209
6 56
104 169
30 84
38 210
104 227
173 289
109 181
47 195
72 83
45 207
180 236
63 214
122 131
200 229
116 217
166 247
9 191
17 127
77 248
16 213
17 282
91 206
129 261
218 290
177 265
9 137
186 288
46 195
151 275
40 126
27 39
151 247
66 170
38 230
137 253
106 152
51 173
175 293
149 284
154 221
44 290
68 85
184 298
31 162
195 262
19 40
69 248
52 300
8 154
4 152
77 241
64 67
13 52
34 170
271 295
33 134
37 45
227 234
28 158
147 201
116 133
52 262
158 292
75 239
76 216
6 174
163 294
138 243
6 180
64 279
117 218
81 222
31 233
117 278
61 116
92 203
14 210
146 161
135 144
263 294
252 282
52 208
65 93
113 295
188 202
149 199
45 135
74 93
51 229
18 109
141 260
53 257
189 273
46 102
41 293
105 108
163 290
141 203
144 175
93 120
2 204
194 222
53 98
35 113
52 215
86 118
51 64
118 119
176 290
13 135
102 240
188 189
71 106
47 123
119 277
2 120
43 103
81 186
104 272
174 269
2 161
98 163
106 146
22 57
21 91
40 241
7 228
76 168
49 295
127 202
185 272
49 296
81 101
62 100
85 290
105 114
187 262
83 255
65 104
27 101
86 201
138 165
104 168
278 300
231 274
131 173
20 78
48 133
6 144
69 293
95 168
150 272
87 192
41 213
103 223
9 189
41 222
75 148
37 287
34 212
172 175
110 211
262 298
169 212
2 5
88 144
172 180
64 250
39 117
194 196
201 292
91 182
14 15
88 289
49 81
129 214
222 275
26 202
196 279
63 181
193 261
56 98
74 254
2 3
273 292
80 180
69 84
143 212
185 193
124 158
29 67
53 252
226 297
62 66
27 259
108 158
68 230
82 140
109 245
171 176
206 230
182 196
98 228
102 117
22 31
32 248
46 57
49 218
86 283
75 238
201 289
50 82
261 277
117 186
66 111
212 238
114 223
167 191
120 169
51 219
69 134
111 206
123 179
184 290
69 163
10 243
4 22
169 179
136 162
45 229
48 85
184 256
39 107
69 270
150 167
129 174
115 273
76 220
43 245
151 205
65 203
110 137
2 241
38 96
79 254
236 257
193 264
59 102
125 259
17 149
98 103
200 253
101 245
91 250
92 227
107 211
171 298
193 201
16 249
140 180
128 273
88 171
14 53
27 156
100 261
28 142
125 226
35 147
192 261
173 196
72 130
89 220
121 237
64 144
195 228
241 246
57 90
120 136
169 262
198 259
16 77
89 295
158 246
57 204
4 19
70 115
126 166
29 283
99 183
25 147
212 219
91 265
23 172
93 252
101 120
4 23
113 175
151 232
10 246
63 66
249 289
152 178
115 139
201 232
99 132
47 133
215 261
84 108
248 266
214 263
125 171
128 264
76 247
56 147
173 221
178 194
108 224
32 157
187 246
130 236
253 258
82 212
211 268
152 202
51 144
50 192
140 158
180 281
26 183
113 236
145 253
12 156
63 156
68 88
75 184
155 182
191 206
32 88
145 196
221 291
122 168
66 134
59 269
63 232
48 103
68 125
111 252
126 294
72 177
64 174
215 291
11 176
127 218
259 297
52 233
30 196
145 184
88 128
123 218
37 80
48 122
93 101
50 223
140 245
6 215
122 253
45 77
131 271
55 278
93 271
219 287
79 101
38 66
8 39
117 237
39 281
203 297
6 108
10 283
158 213
4 268
65 194
188 279
47 88
2 110
44 49
213 280
12 121
101 213
75 111
51 186
2 238
194 286
224 294
127 162
77 125
177 266
117 176
118 266
112 188
9 95
180 288
20 120
160 250
74 77
188 288
140 270
265 281
136 281
71 110
184 268
74 183
45 46
20 79
183 255
150 191
38 87
100 266
47 87
242 270
217 270
198 230
189 208
73 128
78 246
31 35
85 108
107 168
70 122
173 219
233 278
154 274
70 210
275 291
51 281
157 209
165 228
123 190
23 180
99 267
266 277
119 211
68 91
266 293
41 233
45 151
206 211
145 300
265 291
107 174
163 245
125 215
18 187
4 148
18 200
136 177
2 146
203 258
259 267
34 294
210 260
117 150
97 261
89 130
46 84
54 217
123 172
35 77
55 72
75 150
194 246
85 222
110 146
165 204
73 253
27 157
166 196
73 163
12 296
169 286
51 131
81 201
213 237
90 116
77 112
4 218
58 267
109 214
4 262
24 49
229 238
1 113
1 108
274 279
15 268
116 149
161 264
184 234
225 231
200 248
68 166
68 82
19 232
162 266
246 253
15 112
267 271
27 210
70 201
92 109
83 240
38 44
78 208
166 170
146 266
5 246
261 299
53 131
127 216
198 269
32 104
225 267
67 147
263 287
102 194
174 207
154 165
21 98
139 188
164 262
50 112
217 264
162 206
146 197
2 252
91 284
9 36
72 243
119 165
115 268
108 164
22 120
114 126
85 216
74 132
201 231
54 77
181 187
121 282
14 182
62 188
71 122
259 290
106 228
80 290
200 227
37 73
15 285
39 164
167 221
151 168
139 169
13 34
98 189
151 183
151 153
202 295
101 293
13 67
170 171
15 29
58 136
6 76
242 283
128 266
226 264
114 194
52 117
68 122
17 208
102 223
103 129
148 176
104 263
163 271
44 269
107 122
250 298
51 201
68 270
60 248
68 75
16 170
53 134
282 294
30 191
70 240
43 191
145 193
46 142
151 170
181 199
24 47
107 114
10 43
206 283
36 59
140 282
130 237
40 130
157 235
1 175
80 299
99 285
53 154
35 262
24 107
175 258
68 220
94 107
251 282
164 231
137 269
177 204
8 151
171 219
23 223
208 290
107 176
31 87
15 57
72 117
99 165
146 194
87 256
257 272
200 219
108 279
30 89
6 127
1 199
52 107
187 208
168 193
104 256
126 190
125 164
41 237
242 299
1 127
176 180
152 228
48 61
21 273
121 166
30 229
67 183
157 285
108 152
84 257
39 47
88 297
50 109
80 189
25 135
36 220
3 196
14 298
62 224
181 283
46 290
214 253
59 288
149 197
130 293
107 140
111 295
142 195
20 69
282 284
216 279
172 300
19 275
26 131
204 222
80 92
89 209
85 147
32 109
73 115
101 108
133 212
52 228
17 288
185 268
19 189
8 72
206 239
9 217
128 172
111 181
64 199
170 194
102 262
89 215
54 147
137 298
159 208
73 266
30 243
51 189
39 252
32 202
55 177
54 226
106 109
34 297
119 193
129 247
51 76
26 262
1 82
81 135
181 260
56 209
252 280
102 127
85 210
146 216
35 266
246 296
71 253
107 279
42 161
156 170
223 294
164 255
75 109
206 290
49 82
116 157
26 71
99 180
110 262
158 289
23 25
139 240
240 245
52 266
196 234
79 178
112 185
29 215
179 241
29 72
20 238
86 207
36 113
217 284
170 249
173 175
167 245
118 243
184 247
239 299
27 266
39 196
69 144
120 293
203 276
99 142
8 294
60 173
167 267
1 286
104 216
99 211
127 268
29 155
145 239
14 92
74 208
62 114
58 228
86 256
225 258
35 158
156 296
99 188
149 230
131 238
42 167
27 281
9 199
90 150
89 110
112 123
6 233
142 207
3 119
85 243
10 146
78 100
93 187
208 287
81 169
199 259
108 167
48 114
91 256
60 244
69 70
98 244
124 206
23 51
99 172
25 66
5 146
6 46
161 242
121 175
111 207
97 247
87 297
22 157
97 160
105 155
89 269
164 260
50 187
60 150
125 133
91 129
185 204
56 286
66 256
58 126
78 229
38 232
42 157
119 289
8 13
131 284
93 256
204 261
234 264
41 206
36 254
70 157
77 210
22 62
164 213
154 183
221 259
56 121
31 116
31 296
3 8
87 162
29 191
204 297
270 280
164 216
151 190
13 126
181 226
287 299
96 249
68 240
27 129
44 60
111 177
42 226
43 296
232 298
10 60
60 242
125 126
62 204
111 241
13 240
178 191
94 206
15 90
192 213
72 137
203 253
2 170
266 278
83 138
68 280
32 150
94 287
136 222
71 295
119 147
9 16
70 245
4 85
124 208
118 265
187 266
243 267
74 279
3 153
32 61
167 291
24 174
209 251
29 39
17 192
12 222
126 171
5 226
59 141
31 52
84 215
116 189
201 225
90 140
57 156
95 273
183 292
37 259
125 218
169 243
99 146
15 41
257 258
221 277
22 143
34 268
179 260
7 177
3 271
194 267
8 143
109 273
53 111
11 183
72 210
98 259
18 99
91 237
13 123
5 65
220 271
18 275
50 217
50 296
11 74
135 179
25 275
63 185
90 221
38 223
254 300
6 94
201 216
43 98
133 146
122 290
198 199
87 217
15 183
227 297
193 286
60 148
42 146
43 170
71 90
72 252
187 270
126 263
118 185
154 203
143 261
198 237
174 189
156 266
29 81
183 224
260 269
195 259
40 204
2 64
105 207
146 225
36 100
55 255
24 81
106 291
113 197
126 159
111 168
205 264
188 275
81 269
162 204
142 143
132 143
172 282
122 271
42 205
49 226
203 210
46 73
14 294
94 278
105 151
122 208
106 155
41 160
217 261
177 270
57 171
56 179
59 252
102 227
178 293
94 172
86 237
253 297
18 161
88 136
228 235
30 85
24 258
93 216
188 242
64 243
112 131
87 245
72 270
6 40
52 63
12 91
74 134
110 256
119 225
98 115
36 104
162 292
72 156
108 220
8 178
104 221
177 284
118 258
79 174
157 283
19 144
186 297
7 63
25 297
174 199
128 166
162 287
56 212
82 170
129 290
195 270
24 142
157 228
84 98
89 170
6 300
70 200
290 299
189 274
225 292
92 261
106 204
75 84
115 202
35 178
185 297
156 171
159 215
49 273
82 280
68 208
17 283
224 255
176 233
20 150
94 216
55 142
242 246
213 248
5 231
135 139
69 123
35 197
161 286
130 241
127 181
67 84
5 249
140 193
53 82
209 277
123 241
10 232
49 95
142 285
15 214
67 190
263 289
155 286
23 115
123 212
109 241
200 287
101 142
3 244
74 295
233 291
147 191
85 180
3 10
143 187
65 101
158 202
207 297
223 254
192 289
12 192
31 238
193 280
161 163
29 245
35 216
62 205
169 246
14 281
130 256
8 85
31 41
32 289
18 192
28 159
78 139
115 298
82 277
107 159
210 298
63 229
56 150
89 138
47 183
18 197
26 163
187 192
15 213
134 278
105 278
121 137
8 175
268 300
58 187
50 63
25 253
4 272
76 120
96 218
235 249
214 218
72 207
167 183
52 184
72 253
5 38
63 202
13 300
169 220
47 236
50 107
9 258
46 157
149 271
174 234
258 261
59 145
87 231
151 271
97 130
23 284
33 102
116 139
220 276
148 263
60 230
212 247
25 49
51 170
209 257
145 237
225 233
15 117
26 209
234 245
168 264
96 263
143 241
16 153
28 296
16 96
40 132
177 277
10 202
227 263
208 252
18 240
8 276
134 166
1 264
15 102
11 145
241 257
31 278
55 138
7 266
73 82
75 236
156 180
113 183
17 253
126 264
169 182
218 279
159 241
57 201
63 296
163 295
27 127
13 285
183 268
183 271
64 84
8 230
80 89
288 293
212 281
58 214
2 115
103 164
152 280
57 197
249 270
70 112
265 267
238 295
146 295
160 263
119 203
263 278
13 109
103 250
125 265
81 115
137 156
66 212
234 286
208 223
95 205
30 239
12 38
60 170
127 282
118 168
35 252
9 196
81 183
21 79
146 156
81 204
207 257
69 286
58 208
148 207
109 202
69 191
83 258
186 290
80 229
85 94
13 204
241 299
170 285
96 136
7 88
16 296
12 55
83 88
64 81
104 233
55 88
6 160
58 218
91 215
264 283
247 273
33 100
125 210
195 212
27 140
32 113
73 79
64 229
78 170
169 266
87 124
84 207
18 199
255 288
18 297
222 250
235 246
74 126
107 207
201 242
257 296
63 255
158 175
130 142
231 238
197 226
17 137
38 61
130 199
47 58
11 222
55 244
285 289
209 243
86 216
46 199
31 109
61 148
60 83
62 283
158 227
177 230
53 253
170 212
80 176
62 129
86 130
220 287
92 98
13 54
167 281
190 251
10 97
45 108
30 61
55 216
156 184
296 298
211 240
100 243
154 284
104 283
63 164
68 224
128 144
169 290
71 72
77 162
60 118
172 283
197 287
61 158
246 250
95 280
153 231
102 123
67 198
48 125
62 245
234 239
114 292
1 3
207 292
124 132
150 215
144 173
133 187
130 262
132 166
210 237
99 170
148 299
72 269
11 220
139 241
138 254
68 104
82 233
99 260
5 32
216 220
230 267
43 187
60 298
182 200
67 235
46 163
54 133
25 224
193 259
215 272
69 171
7 146
22 42
10 36
50 295
78 79
1 76
46 132
138 276
38 294
71 223
144 287
149 236
253 280
52 126
163 198
217 236
5 93
109 144
22 200
18 217
67 170
174 195
158 223
120 280
32 237
120 193
71 97
10 31
32 196
2 68
43 228
40 261
69 87
159 214
73 147
91 251
11 299
57 155
171 275
46 212
23 239
30 208
112 209
93 250
96 173
139 279
11 53
25 217
55 245
24 132
103 275
242 275
71 115
53 55
186 271
48 71
42 134
119 232
117 204
23 266
185 266
37 244
29 147
3 134
202 251
140 242
221 290
57 281
165 239
215 228
186 256
44 221
190 280
26 279
38 200
105 133
98 191
62 264
48 155
26 276
92 164
47 237
5 175
11 258
55 231
63 282
100 269
201 274
79 144
191 273
114 208
62 278
107 264
118 191
113 146
19 45
149 244
214 221
161 256
133 298
78 211
84 297
114 237
44 102
136 294
235 280
63 88
135 266
11 119
59 140
234 292
250 259
8 288
135 269
72 143
99 232
95 186
39 52
47 249
109 223
128 136
72 175
186 234
14 154
10 216
245 277
13 281
222 253
143 232
22
1 2
1 3
1 4
4 5
2 6
5 7
2 8
6 9
8 10
9 11
11 12
2 13
6 14
8 15
4 16
12 17
15 18
3 19
3 20
18 21
4 22
22
1 2
2 3
2 4
4 5
5 6
6 7
7 8
2 9
5 10
9 11
3 12
8 13
9 14
6 15
5 16
1 17
9 18
18 19
9 20
6 21
16 22
22
1 2
2 3
3 4
4 5
5 6
2 7
5 8
8 9
9 10
8 11
5 12
10 13
1 14
8 15
12 16
4 17
13 18
12 19
8 20
9 21
6 22
22
1 2
1 3
2 4
4 5
2 6
1 7
7 8
7 9
5 10
10 11
5 12
12 13
5 14
4 15
4 16
6 17
2 18
2 19
5 20
15 21
20 22
22
1 2
1 3
3 4
2 5
4 6
6 7
1 8
1 9
6 10
5 11
3 12
7 13
5 14
8 15
4 16
2 17
6 18
7 19
6 20
17 21
16 22
22
1 2
2 3
1 4
3 5
5 6
5 7
6 8
5 9
7 10
10 11
5 12
8 13
3 14
11 15
5 16
10 17
7 18
4 19
3 20
12 21
2 22
22
1 2
1 3
2 4
4 5
3 6
4 7
3 8
8 9
4 10
7 11
10 12
4 13
5 14
5 15
7 16
12 17
13 18
8 19
19 20
17 21
1 22
22
1 2
1 3
1 4
2 5
4 6
1 7
6 8
5 9
3 10
7 11
3 12
7 13
12 14
1 15
3 16
13 17
14 18
8 19
5 20
8 21
3 22
22
1 2
2 3
2 4
4 5
1 6
6 7
7 8
6 9
3 10
8 11
4 12
4 13
12 14
6 15
7 16
3 17
3 18
14 19
3 20
10 21
18 22
22
1 2
2 3
2 4
4 5
4 6
4 7
7 8
2 9
2 10
10 11
2 12
4 13
9 14
6 15
13 16
6 17
16 18
10 19
5 20
1 21
21 22
22
1 2
1 3
2 4
2 5
4 6
4 7
4 8
5 9
3 10
1 11
4 12
12 13
1 14
11 15
13 16
4 17
16 18
2 19
4 20
7 21
2 22
22
1 2
1 3
2 4
2 5
4 6
2 7
7 8
2 9
6 10
9 11
2 12
1 13
11 14
9 15
12 16
7 17
2 18
13 19
16 20
17 21
10 22
22
1 2
1 3
1 4
3 5
4 6
6 7
3 8
7 9
6 10
5 11
10 12
4 13
6 14
13 15
7 16
11 17
2 18
17 19
12 20
5 21
4 22
22
1 2
1 3
2 4
3 5
3 6
6 7
4 8
3 9
7 10
10 11
1 12
10 13
4 14
13 15
1 16
5 17
8 18
16 19
12 20
8 21
8 22
22
1 2
1 3
3 4
3 5
3 6
2 7
6 8
1 9
2 10
3 11
10 12
10 13
2 14
13 15
10 16
8 17
17 18
3 19
5 20
7 21
19 22
22
1 2
2 3
2 4
4 5
1 6
1 7
1 8
2 9
2 10
8 11
4 12
1 13
11 14
10 15
4 16
2 17
5 18
8 19
4 20
1 21
1 22
22
1 2
2 3
1 4
3 5
2 6
3 7
5 8
5 9
3 10
4 11
4 12
4 13
9 14
10 15
6 16
9 17
9 18
18 19
10 20
8 21
17 22
22
1 2
1 3
2 4
4 5
5 6
1 7
3 8
4 9
6 10
4 11
6 12
4 13
1 14
2 15
10 16
9 17
12 18
5 19
18 20
16 21
6 22
22
1 2
1 3
1 4
4 5
3 6
4 7
7 8
1 9
3 10
6 11
2 12
10 13
3 14
10 15
11 16
4 17
9 18
14 19
2 20
18 21
19 22
22
1 2
2 3
2 4
4 5
3 6
5 7
3 8
7 9
3 10
3 11
11 12
11 13
2 14
6 15
5 16
3 17
15 18
4 19
9 20
3 21
3 22
22
1 2
2 3
3 4
4 5
1 6
1 7
4 8
8 9
4 10
3 11
2 12
5 13
3 14
13 15
15 16
12 17
6 18
16 19
13 20
8 21
19 22
22
1 2
1 3
2 4
3 5
1 6
1 7
1 8
4 9
2 10
5 11
10 12
7 13
12 14
5 15
6 16
5 17
8 18
3 19
2 20
15 21
1 22
22
1 2
1 3
3 4
2 5
5 6
5 7
6 8
8 9
2 10
7 11
11 12
3 13
4 14
3 15
6 16
10 17
17 18
5 19
18 20
18 21
9 22
22
1 2
1 3
1 4
1 5
1 6
1 7
1 8
3 9
9 10
10 11
5 12
10 13
5 14
12 15
6 16
3 17
7 18
8 19
15 20
13 21
8 22
22
1 2
1 3
2 4
1 5
2 6
6 7
5 8
1 9
5 10
3 11
1 12
4 13
5 14
1 15
13 16
2 17
9 18
2 19
10 20
2 21
10 22
22
1 2
1 3
2 4
1 5
1 6
2 7
5 8
1 9
4 10
8 11
11 12
7 13
7 14
12 15
6 16
16 17
16 18
9 19
13 20
11 21
5 22
22
1 2
2 3
3 4
3 5
3 6
6 7
5 8
7 9
9 10
2 11
2 12
7 13
3 14
6 15
11 16
11 17
6 18
13 19
18 20
15 21
14 22
22
1 2
2 3
3 4
3 5
1 6
4 7
3 8
4 9
9 10
4 11
9 12
1 13
4 14
11 15
7 16
14 17
6 18
9 19
16 20
20 21
16 22
22
1 2
2 3
3 4
2 5
4 6
2 7
6 8
1 9
4 10
5 11
11 12
1 13
11 14
2 15
1 16
5 17
2 18
7 19
14 20
19 21
7 22
22
1 2
2 3
2 4
4 5
2 6
6 7
4 8
8 9
4 10
1 11
1 12
5 13
12 14
9 15
3 16
11 17
11 18
12 19
19 20
14 21
5 22
22
1 2
1 3
2 4
4 5
4 6
6 7
6 8
3 9
5 10
8 11
9 12
10 13
6 14
12 15
5 16
2 17
3 18
5 19
2 20
5 21
21 22
22
1 2
1 3
1 4
1 5
2 6
6 7
1 8
3 9
6 10
10 11
11 12
8 13
9 14
9 15
15 16
15 17
10 18
2 19
13 20
15 21
19 22
22
1 2
1 3
3 4
2 5
1 6
3 7
2 8
2 9
9 10
4 11
6 12
11 13
6 14
5 15
3 16
11 17
8 18
9 19
8 20
15 21
4 22
22
1 2
1 3
3 4
2 5
2 6
5 7
1 8
4 9
2 10
5 11
11 12
5 13
12 14
8 15
1 16
13 17
13 18
11 19
1 20
5 21
17 22
22
1 2
1 3
3 4
2 5
2 6
5 7
1 8
2 9
9 10
1 11
9 12
6 13
11 14
3 15
2 16
12 17
3 18
4 19
12 20
20 21
19 22
22
1 2
2 3
3 4
1 5
4 6
5 7
7 8
5 9
7 10
1 11
4 12
6 13
5 14
6 15
13 16
4 17
12 18
7 19
6 20
9 21
10 22
22
1 2
1 3
2 4
2 5
4 6
1 7
6 8
7 9
8 10
9 11
7 12
9 13
4 14
14 15
5 16
4 17
13 18
13 19
9 20
19 21
5 22
22
1 2
2 3
2 4
3 5
3 6
3 7
6 8
2 9
9 10
1 11
2 12
9 13
12 14
13 15
8 16
3 17
6 18
13 19
17 20
10 21
3 22
22
1 2
1 3
1 4
1 5
1 6
6 7
3 8
6 9
9 10
5 11
8 12
7 13
11 14
7 15
12 16
11 17
11 18
4 19
14 20
11 21
20 22
22
1 2
1 3
2 4
2 5
3 6
2 7
2 8
8 9
4 10
8 11
3 12
9 13
5 14
3 15
1 16
9 17
5 18
8 19
5 20
19 21
12 22
22
1 2
1 3
3 4
1 5
1 6
3 7
1 8
4 9
2 10
7 11
10 12
11 13
6 14
2 15
2 16
6 17
8 18
4 19
8 20
3 21
4 22
22
1 2
2 3
3 4
4 5
4 6
2 7
4 8
5 9
2 10
7 11
10 12
8 13
3 14
6 15
4 16
10 17
16 18
3 19
16 20
15 21
21 22
22
1 2
1 3
2 4
1 5
1 6
5 7
2 8
4 9
8 10
2 11
7 12
3 13
10 14
6 15
7 16
2 17
16 18
5 19
2 20
5 21
16 22
22
1 2
1 3
3 4
3 5
2 6
1 7
6 8
4 9
4 10
2 11
11 12
5 13
9 14
6 15
1 16
15 17
2 18
9 19
18 20
2 21
19 22
22
1 2
1 3
2 4
2 5
2 6
5 7
6 8
7 9
2 10
7 11
4 12
12 13
8 14
1 15
3 16
14 17
7 18
3 19
11 20
7 21
10 22
22
1 2
2 3
3 4
1 5
4 6
1 7
7 8
6 9
5 10
1 11
8 12
12 13
9 14
1 15
14 16
6 17
6 18
1 19
18 20
3 21
8 22
22
1 2
1 3
2 4
3 5
2 6
3 7
5 8
1 9
9 10
3 11
5 12
9 13
7 14
5 15
10 16
9 17
3 18
14 19
5 20
9 21
20 22
22
1 2
1 3
1 4
1 5
1 6
2 7
5 8
5 9
1 10
5 11
5 12
1 13
3 14
14 15
6 16
6 17
12 18
3 19
10 20
1 21
12 22
22
1 2
1 3
1 4
2 5
5 6
1 7
5 8
6 9
7 10
9 11
4 12
1 13
7 14
8 15
15 16
8 17
15 18
4 19
18 20
6 21
20 22
22
1 2
2 3
3 4
1 5
4 6
2 7
3 8
1 9
6 10
4 11
8 12
5 13
7 14
14 15
9 16
2 17
7 18
3 19
17 20
7 21
6 22
22
1 2
2 3
3 4
3 5
5 6
6 7
1 8
6 9
8 10
7 11
10 12
12 13
6 14
5 15
15 16
9 17
5 18
13 19
14 20
15 21
9 22
22
1 2
2 3
2 4
1 5
3 6
3 7
4 8
5 9
2 10
9 11
11 12
9 13
9 14
12 15
6 16
14 17
2 18
7 19
12 20
20 21
18 22
22
1 2
1 3
1 4
3 5
5 6
3 7
3 8
3 9
1 10
2 11
11 12
1 13
2 14
4 15
9 16
3 17
8 18
12 19
7 20
11 21
12 22
22
1 2
2 3
2 4
1 5
5 6
2 7
3 8
1 9
5 10
4 11
1 12
10 13
7 14
5 15
5 16
14 17
8 18
2 19
2 20
20 21
6 22
22
1 2
1 3
1 4
2 5
3 6
2 7
3 8
8 9
7 10
8 11
8 12
9 13
12 14
4 15
15 16
16 17
14 18
15 19
8 20
13 21
20 22
22
1 2
2 3
3 4
1 5
2 6
2 7
5 8
8 9
1 10
4 11
8 12
3 13
6 14
4 15
1 16
3 17
4 18
14 19
12 20
12 21
2 22
22
1 2
2 3
3 4
1 5
1 6
3 7
2 8
7 9
9 10
2 11
11 12
8 13
6 14
1 15
2 16
13 17
12 18
4 19
3 20
16 21
6 22
22
1 2
1 3
1 4
4 5
1 6
5 7
2 8
4 9
9 10
5 11
6 12
8 13
8 14
2 15
8 16
11 17
17 18
10 19
9 20
14 21
13 22
22
1 2
2 3
3 4
2 5
2 6
1 7
7 8
1 9
7 10
4 11
5 12
3 13
10 14
8 15
7 16
9 17
5 18
4 19
13 20
20 21
13 22
22
1 2
2 3
1 4
3 5
4 6
3 7
3 8
7 9
8 10
4 11
4 12
4 13
9 14
14 15
4 16
2 17
4 18
5 19
9 20
6 21
16 22
22
1 2
1 3
1 4
2 5
5 6
5 7
5 8
5 9
4 10
4 11
5 12
5 13
10 14
14 15
2 16
10 17
15 18
8 19
15 20
13 21
8 22
22
1 2
1 3
3 4
2 5
4 6
4 7
7 8
1 9
9 10
6 11
1 12
9 13
13 14
6 15
9 16
9 17
14 18
18 19
13 20
11 21
2 22
22
1 2
1 3
2 4
4 5
5 6
3 7
3 8
6 9
2 10
9 11
8 12
12 13
8 14
11 15
2 16
7 17
8 18
7 19
4 20
12 21
19 22
22
1 2
1 3
1 4
1 5
4 6
2 7
4 8
8 9
7 10
10 11
11 12
3 13
2 14
14 15
4 16
4 17
10 18
15 19
5 20
18 21
17 22
22
1 2
2 3
1 4
3 5
5 6
3 7
4 8
6 9
7 10
4 11
11 12
3 13
6 14
6 15
9 16
11 17
12 18
10 19
1 20
8 21
2 22
22
1 2
2 3
3 4
3 5
4 6
1 7
3 8
2 9
1 10
10 11
9 12
7 13
10 14
7 15
11 16
1 17
9 18
13 19
9 20
8 21
16 22
22
1 2
1 3
3 4
3 5
4 6
5 7
5 8
2 9
2 10
8 11
3 12
8 13
4 14
13 15
12 16
13 17
8 18
8 19
5 20
17 21
7 22
22
1 2
1 3
2 4
3 5
4 6
1 7
7 8
6 9
8 10
6 11
7 12
12 13
4 14
2 15
8 16
3 17
10 18
7 19
7 20
8 21
8 22
22
1 2
1 3
2 4
3 5
4 6
2 7
3 8
1 9
9 10
8 11
4 12
6 13
4 14
11 15
11 16
5 17
15 18
9 19
7 20
9 21
8 22
22
1 2
1 3
2 4
2 5
3 6
4 7
3 8
2 9
7 10
4 11
8 12
11 13
13 14
8 15
9 16
2 17
9 18
9 19
1 20
12 21
11 22
22
1 2
2 3
1 4
4 5
1 6
3 7
4 8
7 9
1 10
6 11
4 12
2 13
1 14
10 15
1 16
1 17
15 18
12 19
19 20
14 21
14 22
22
1 2
1 3
1 4
2 5
4 6
1 7
3 8
2 9
4 10
4 11
10 12
10 13
4 14
2 15
3 16
10 17
14 18
10 19
19 20
3 21
19 22
22
1 2
2 3
2 4
1 5
1 6
3 7
5 8
3 9
3 10
1 11
7 12
9 13
12 14
13 15
5 16
12 17
10 18
3 19
4 20
1 21
8 22
22
1 2
1 3
2 4
2 5
1 6
4 7
5 8
7 9
7 10
1 11
4 12
7 13
3 14
4 15
13 16
15 17
6 18
6 19
8 20
7 21
12 22
22
1 2
1 3
1 4
3 5
3 6
5 7
2 8
3 9
2 10
2 11
5 12
7 13
4 14
3 15
12 16
11 17
15 18
17 19
8 20
18 21
1 22
22
1 2
1 3
3 4
1 5
2 6
3 7
1 8
5 9
4 10
7 11
4 12
7 13
12 14
1 15
4 16
7 17
5 18
6 19
12 20
7 21
20 22
22
1 2
2 3
2 4
2 5
2 6
4 7
1 8
4 9
7 10
3 11
6 12
7 13
8 14
6 15
5 16
6 17
14 18
11 19
15 20
16 21
4 22
22
1 2
2 3
2 4
4 5
1 6
6 7
3 8
2 9
9 10
1 11
7 12
8 13
4 14
14 15
2 16
7 17
16 18
7 19
14 20
4 21
19 22
22
1 2
1 3
2 4
3 5
3 6
1 7
4 8
5 9
8 10
3 11
2 12
8 13
10 14
10 15
1 16
4 17
12 18
15 19
3 20
12 21
11 22
22
1 2
2 3
3 4
3 5
5 6
5 7
6 8
7 9
3 10
2 11
11 12
11 13
9 14
5 15
15 16
7 17
15 18
12 19
17 20
16 21
12 22
22
1 2
2 3
3 4
3 5
1 6
5 7
3 8
7 9
9 10
7 11
5 12
9 13
6 14
2 15
14 16
15 17
11 18
11 19
13 20
17 21
19 22
22
1 2
1 3
1 4
1 5
4 6
3 7
1 8
5 9
8 10
7 11
5 12
7 13
7 14
13 15
8 16
7 17
17 18
12 19
4 20
9 21
14 22
22
1 2
2 3
3 4
2 5
1 6
2 7
4 8
2 9
4 10
10 11
3 12
10 13
11 14
8 15
3 16
13 17
13 18
6 19
18 20
1 21
20 22
22
1 2
1 3
2 4
3 5
2 6
4 7
7 8
2 9
2 10
2 11
5 12
10 13
1 14
12 15
14 16
7 17
3 18
16 19
4 20
8 21
21 22
22
1 2
2 3
1 4
3 5
3 6
4 7
4 8
1 9
2 10
1 11
9 12
6 13
5 14
5 15
9 16
4 17
5 18
8 19
10 20
18 21
20 22
22
1 2
1 3
3 4
1 5
2 6
5 7
7 8
4 9
8 10
3 11
8 12
7 13
7 14
13 15
8 16
15 17
17 18
8 19
15 20
20 21
1 22
22
1 2
2 3
1 4
1 5
3 6
2 7
1 8
7 9
9 10
6 11
10 12
8 13
10 14
4 15
15 16
9 17
8 18
6 19
19 20
6 21
4 22
22
1 2
1 3
3 4
1 5
5 6
3 7
7 8
6 9
8 10
6 11
6 12
1 13
5 14
5 15
6 16
10 17
2 18
1 19
19 20
18 21
10 22
22
1 2
1 3
1 4
1 5
5 6
4 7
5 8
5 9
9 10
5 11
11 12
5 13
10 14
3 15
1 16
2 17
17 18
8 19
2 20
6 21
15 22
22
1 2
2 3
3 4
2 5
2 6
4 7
1 8
4 9
4 10
10 11
5 12
11 13
2 14
4 15
14 16
3 17
17 18
8 19
19 20
7 21
10 22
22
1 2
2 3
2 4
3 5
4 6
1 7
2 8
8 9
6 10
3 11
4 12
3 13
7 14
6 15
15 16
14 17
1 18
16 19
4 20
8 21
9 22
22
1 2
2 3
3 4
2 5
2 6
4 7
7 8
5 9
7 10
1 11
9 12
10 13
5 14
9 15
6 16
5 17
15 18
14 19
14 20
2 21
5 22
22
1 2
1 3
1 4
2 5
1 6
6 7
1 8
7 9
8 10
7 11
4 12
1 13
11 14
11 15
13 16
11 17
3 18
16 19
11 20
16 21
17 22
22
1 2
1 3
2 4
3 5
4 6
2 7
7 8
4 9
9 10
10 11
7 12
10 13
13 14
9 15
11 16
5 17
13 18
15 19
3 20
11 21
4 22
22
1 2
1 3
1 4
3 5
4 6
2 7
3 8
8 9
2 10
4 11
11 12
9 13
4 14
10 15
5 16
9 17
2 18
11 19
3 20
13 21
9 22
22
1 2
2 3
3 4
3 5
5 6
6 7
6 8
7 9
3 10
3 11
3 12
12 13
2 14
10 15
12 16
1 17
17 18
15 19
13 20
12 21
18 22
22
1 2
1 3
3 4
3 5
4 6
6 7
5 8
6 9
4 10
6 11
11 12
10 13
4 14
8 15
14 16
16 17
6 18
4 19
19 20
11 21
9 22
22
1 2
2 3
1 4
3 5
2 6
6 7
2 8
6 9
2 10
3 11
7 12
12 13
3 14
10 15
5 16
12 17
15 18
2 19
19 20
19 21
16 22
22
1 2
2 3
2 4
1 5
2 6
6 7
1 8
7 9
1 10
2 11
7 12
5 13
12 14
12 15
7 16
10 17
3 18
3 19
10 20
11 21
12 22
22
1 2
1 3
3 4
1 5
3 6
1 7
3 8
4 9
5 10
4 11
2 12
11 13
8 14
2 15
2 16
10 17
3 18
7 19
13 20
16 21
19 22
22
1 2
1 3
2 4
3 5
2 6
4 7
1 8
3 9
6 10
8 11
5 12
7 13
12 14
5 15
13 16
9 17
17 18
2 19
18 20
8 21
3 22
22
1 2
2 3
2 4
1 5
4 6
1 7
2 8
6 9
3 10
6 11
8 12
8 13
10 14
2 15
10 16
10 17
12 18
18 19
1 20
8 21
15 22
22
1 2
2 3
3 4
1 5
1 6
4 7
7 8
4 9
6 10
4 11
1 12
9 13
4 14
12 15
2 16
7 17
12 18
2 19
14 20
3 21
6 22
22
1 2
2 3
3 4
1 5
4 6
4 7
6 8
7 9
6 10
3 11
10 12
9 13
5 14
2 15
14 16
5 17
2 18
7 19
4 20
16 21
4 22
22
1 2
2 3
3 4
2 5
3 6
2 7
5 8
2 9
2 10
7 11
11 12
7 13
1 14
7 15
9 16
7 17
10 18
9 19
11 20
18 21
1 22
22
1 2
2 3
2 4
2 5
5 6
4 7
6 8
7 9
5 10
7 11
11 12
11 13
8 14
11 15
13 16
9 17
12 18
10 19
1 20
8 21
1 22
22
1 2
2 3
3 4
3 5
3 6
5 7
7 8
4 9
9 10
9 11
8 12
7 13
5 14
9 15
9 16
8 17
1 18
9 19
7 20
16 21
6 22
22
1 2
1 3
1 4
1 5
3 6
6 7
6 8
3 9
9 10
5 11
1 12
1 13
11 14
8 15
7 16
2 17
6 18
18 19
1 20
14 21
21 22
22
1 2
2 3
1 4
4 5
5 6
1 7
1 8
5 9
8 10
3 11
10 12
9 13
9 14
6 15
9 16
16 17
7 18
17 19
5 20
14 21
12 22
22
1 2
1 3
2 4
4 5
1 6
4 7
3 8
7 9
5 10
1 11
11 12
9 13
12 14
1 15
6 16
7 17
14 18
12 19
5 20
12 21
12 22
22
1 2
1 3
3 4
1 5
1 6
5 7
5 8
2 9
6 10
3 11
3 12
8 13
2 14
14 15
15 16
3 17
2 18
1 19
14 20
1 21
11 22
22
1 2
2 3
2 4
2 5
3 6
4 7
4 8
6 9
5 10
5 11
3 12
6 13
13 14
5 15
9 16
6 17
8 18
4 19
16 20
11 21
6 22
22
1 2
2 3
1 4
2 5
1 6
2 7
5 8
2 9
6 10
2 11
4 12
11 13
12 14
5 15
14 16
5 17
4 18
2 19
14 20
2 21
17 22
22
1 2
1 3
1 4
3 5
4 6
6 7
6 8
6 9
6 10
6 11
5 12
5 13
8 14
2 15
10 16
12 17
2 18
12 19
6 20
4 21
16 22
22
1 2
1 3
2 4
2 5
3 6
6 7
2 8
4 9
2 10
1 11
10 12
1 13
4 14
10 15
3 16
7 17
1 18
1 19
1 20
9 21
14 22
22
1 2
1 3
2 4
2 5
4 6
1 7
5 8
8 9
9 10
6 11
4 12
12 13
11 14
11 15
13 16
6 17
4 18
6 19
10 20
3 21
10 22
22
1 2
1 3
3 4
3 5
4 6
6 7
2 8
4 9
2 10
6 11
1 12
3 13
1 14
5 15
12 16
11 17
1 18
13 19
12 20
3 21
8 22
22
1 2
2 3
1 4
4 5
1 6
6 7
5 8
5 9
7 10
9 11
11 12
1 13
7 14
6 15
1 16
5 17
4 18
18 19
4 20
8 21
9 22
22
1 2
1 3
1 4
1 5
5 6
6 7
1 8
7 9
6 10
2 11
11 12
5 13
12 14
7 15
14 16
2 17
1 18
10 19
4 20
3 21
7 22
22
1 2
1 3
1 4
4 5
3 6
2 7
7 8
3 9
4 10
1 11
4 12
3 13
10 14
5 15
14 16
4 17
15 18
15 19
4 20
7 21
14 22
22
1 2
2 3
3 4
3 5
1 6
1 7
4 8
7 9
9 10
4 11
3 12
8 13
5 14
10 15
11 16
8 17
4 18
11 19
3 20
6 21
2 22
22
1 2
2 3
3 4
2 5
1 6
2 7
3 8
7 9
8 10
3 11
1 12
2 13
7 14
4 15
3 16
12 17
16 18
8 19
13 20
12 21
1 22
22
1 2
1 3
1 4
2 5
4 6
3 7
6 8
5 9
8 10
1 11
6 12
3 13
12 14
10 15
8 16
5 17
1 18
1 19
16 20
6 21
12 22
22
1 2
1 3
1 4
3 5
2 6
5 7
2 8
6 9
1 10
3 11
9 12
10 13
12 14
2 15
10 16
8 17
8 18
10 19
1 20
9 21
19 22
22
1 2
1 3
3 4
4 5
5 6
3 7
2 8
2 9
2 10
3 11
11 12
9 13
10 14
10 15
8 16
16 17
3 18
14 19
17 20
4 21
1 22
22
1 2
1 3
1 4
1 5
3 6
5 7
6 8
4 9
8 10
4 11
2 12
1 13
2 14
3 15
6 16
10 17
4 18
11 19
6 20
7 21
15 22
22
1 2
2 3
2 4
2 5
1 6
5 7
3 8
2 9
1 10
4 11
3 12
9 13
8 14
10 15
11 16
13 17
15 18
4 19
16 20
2 21
5 22
22
1 2
1 3
3 4
4 5
2 6
2 7
3 8
2 9
8 10
9 11
2 12
7 13
8 14
3 15
6 16
2 17
5 18
13 19
6 20
12 21
4 22
22
1 2
2 3
2 4
2 5
1 6
2 7
3 8
7 9
9 10
4 11
10 12
7 13
10 14
7 15
15 16
13 17
14 18
6 19
13 20
18 21
15 22
22
1 2
2 3
2 4
2 5
3 6
1 7
4 8
1 9
5 10
7 11
5 12
8 13
5 14
5 15
7 16
1 17
16 18
8 19
1 20
6 21
3 22
22
1 2
1 3
2 4
3 5
1 6
6 7
3 8
3 9
2 10
8 11
4 12
5 13
1 14
3 15
7 16
2 17
10 18
13 19
10 20
4 21
17 22
22
1 2
1 3
2 4
2 5
1 6
2 7
7 8
6 9
5 10
1 11
10 12
4 13
4 14
9 15
12 16
16 17
2 18
4 19
15 20
15 21
4 22
22
1 2
2 3
2 4
3 5
4 6
5 7
3 8
5 9
8 10
7 11
7 12
8 13
13 14
9 15
6 16
11 17
8 18
6 19
10 20
9 21
18 22
22
1 2
1 3
3 4
1 5
4 6
3 7
7 8
7 9
4 10
10 11
11 12
4 13
8 14
6 15
6 16
9 17
5 18
18 19
5 20
1 21
17 22
22
1 2
2 3
2 4
4 5
4 6
2 7
4 8
5 9
3 10
10 11
6 12
10 13
8 14
13 15
2 16
6 17
8 18
8 19
1 20
10 21
21 22
22
1 2
1 3
3 4
1 5
1 6
6 7
5 8
6 9
6 10
7 11
10 12
12 13
8 14
9 15
3 16
13 17
9 18
5 19
10 20
11 21
4 22
22
1 2
1 3
2 4
4 5
2 6
3 7
2 8
7 9
8 10
10 11
6 12
10 13
2 14
5 15
4 16
14 17
10 18
2 19
8 20
5 21
15 22
22
1 2
1 3
2 4
4 5
3 6
6 7
2 8
5 9
9 10
4 11
7 12
10 13
9 14
5 15
12 16
1 17
13 18
11 19
13 20
9 21
1 22
22
1 2
1 3
1 4
1 5
4 6
6 7
3 8
4 9
4 10
3 11
6 12
7 13
10 14
14 15
10 16
13 17
17 18
6 19
11 20
4 21
8 22
22
1 2
1 3
3 4
2 5
3 6
5 7
7 8
5 9
5 10
10 11
9 12
8 13
8 14
12 15
12 16
12 17
15 18
4 19
14 20
11 21
16 22
22
1 2
1 3
3 4
4 5
4 6
6 7
6 8
2 9
3 10
9 11
9 12
3 13
9 14
14 15
9 16
10 17
11 18
7 19
8 20
18 21
10 22
22
1 2
2 3
1 4
1 5
3 6
5 7
7 8
7 9
5 10
9 11
2 12
8 13
8 14
14 15
10 16
2 17
13 18
15 19
14 20
7 21
1 22
22
1 2
1 3
3 4
4 5
3 6
3 7
4 8
5 9
9 10
9 11
7 12
3 13
5 14
2 15
9 16
15 17
17 18
6 19
7 20
16 21
1 22
22
1 2
2 3
3 4
3 5
3 6
2 7
4 8
5 9
5 10
2 11
9 12
8 13
12 14
12 15
1 16
2 17
6 18
10 19
7 20
8 21
13 22
22
1 2
1 3
3 4
4 5
5 6
6 7
7 8
8 9
8 10
5 11
5 12
5 13
1 14
11 15
10 16
2 17
5 18
12 19
18 20
20 21
5 22
22
1 2
1 3
1 4
1 5
2 6
3 7
4 8
5 9
4 10
3 11
3 12
11 13
7 14
11 15
3 16
8 17
11 18
9 19
1 20
16 21
1 22
22
1 2
2 3
3 4
3 5
5 6
5 7
2 8
2 9
6 10
1 11
6 12
2 13
11 14
8 15
4 16
8 17
5 18
14 19
16 20
14 21
3 22
22
1 2
2 3
3 4
2 5
1 6
2 7
4 8
2 9
8 10
4 11
2 12
1 13
11 14
14 15
9 16
11 17
14 18
16 19
4 20
8 21
19 22
22
1 2
2 3
1 4
1 5
4 6
5 7
3 8
3 9
5 10
2 11
4 12
3 13
8 14
14 15
9 16
13 17
5 18
10 19
6 20
14 21
4 22
22
1 2
2 3
2 4
4 5
4 6
4 7
3 8
4 9
8 10
6 11
3 12
12 13
4 14
7 15
7 16
3 17
13 18
10 19
14 20
3 21
16 22
22
1 2
2 3
3 4
2 5
4 6
6 7
2 8
8 9
3 10
3 11
4 12
8 13
10 14
1 15
6 16
12 17
8 18
11 19
4 20
16 21
18 22
22
1 2
2 3
1 4
1 5
3 6
4 7
1 8
7 9
1 10
6 11
2 12
11 13
1 14
8 15
6 16
7 17
13 18
10 19
15 20
6 21
10 22
22
1 2
1 3
1 4
2 5
2 6
5 7
2 8
8 9
6 10
10 11
7 12
9 13
9 14
10 15
12 16
12 17
11 18
13 19
1 20
7 21
19 22
22
1 2
2 3
1 4
4 5
3 6
4 7
6 8
7 9
9 10
10 11
1 12
5 13
2 14
9 15
6 16
2 17
14 18
10 19
12 20
18 21
4 22
22
1 2
1 3
2 4
1 5
2 6
5 7
6 8
3 9
2 10
8 11
3 12
6 13
5 14
1 15
13 16
3 17
14 18
2 19
1 20
14 21
21 22
22
1 2
1 3
2 4
2 5
4 6
6 7
2 8
6 9
4 10
3 11
2 12
7 13
13 14
5 15
11 16
1 17
15 18
4 19
4 20
13 21
18 22
22
1 2
2 3
1 4
1 5
4 6
3 7
6 8
6 9
2 10
10 11
11 12
6 13
9 14
1 15
1 16
16 17
14 18
3 19
18 20
15 21
5 22
22
1 2
2 3
3 4
1 5
5 6
3 7
5 8
2 9
7 10
6 11
2 12
4 13
7 14
3 15
1 16
7 17
15 18
4 19
5 20
10 21
20 22
22
1 2
1 3
1 4
2 5
1 6
5 7
5 8
4 9
4 10
5 11
5 12
9 13
11 14
9 15
2 16
16 17
10 18
6 19
7 20
6 21
7 22
22
1 2
1 3
2 4
4 5
1 6
5 7
3 8
7 9
9 10
7 11
2 12
2 13
5 14
4 15
7 16
9 17
9 18
11 19
19 20
15 21
16 22
22
1 2
1 3
1 4
2 5
3 6
2 7
6 8
6 9
1 10
1 11
7 12
5 13
11 14
10 15
1 16
7 17
13 18
17 19
17 20
6 21
10 22
22
1 2
1 3
3 4
2 5
5 6
1 7
3 8
1 9
5 10
2 11
7 12
8 13
2 14
7 15
5 16
14 17
13 18
1 19
18 20
2 21
8 22
22
1 2
2 3
3 4
2 5
2 6
2 7
2 8
5 9
3 10
5 11
2 12
8 13
5 14
14 15
4 16
4 17
13 18
10 19
15 20
7 21
6 22
22
1 2
1 3
3 4
1 5
5 6
4 7
6 8
7 9
2 10
7 11
7 12
12 13
5 14
10 15
6 16
1 17
17 18
4 19
10 20
16 21
18 22
22
1 2
2 3
1 4
1 5
2 6
4 7
5 8
6 9
8 10
6 11
8 12
1 13
11 14
9 15
12 16
16 17
6 18
15 19
2 20
1 21
7 22
22
1 2
1 3
2 4
3 5
5 6
3 7
4 8
2 9
8 10
8 11
10 12
1 13
13 14
11 15
7 16
15 17
16 18
14 19
6 20
12 21
3 22
22
1 2
2 3
1 4
2 5
3 6
5 7
4 8
5 9
9 10
7 11
2 12
8 13
3 14
8 15
15 16
5 17
1 18
3 19
10 20
14 21
8 22
22
1 2
1 3
3 4
2 5
5 6
6 7
2 8
8 9
6 10
10 11
10 12
11 13
8 14
10 15
3 16
9 17
4 18
6 19
8 20
4 21
14 22
22
1 2
1 3
2 4
2 5
2 6
3 7
3 8
7 9
2 10
7 11
10 12
11 13
7 14
5 15
5 16
9 17
2 18
4 19
1 20
13 21
13 22
22
1 2
2 3
3 4
3 5
1 6
4 7
6 8
4 9
5 10
1 11
8 12
9 13
3 14
11 15
10 16
10 17
13 18
1 19
12 20
9 21
3 22
22
1 2
2 3
2 4
3 5
2 6
6 7
1 8
2 9
1 10
3 11
2 12
10 13
9 14
14 15
9 16
11 17
1 18
18 19
3 20
4 21
9 22
22
1 2
2 3
2 4
2 5
5 6
1 7
5 8
4 9
4 10
1 11
3 12
10 13
10 14
2 15
4 16
3 17
14 18
17 19
1 20
7 21
1 22
22
1 2
2 3
3 4
4 5
5 6
2 7
1 8
4 9
3 10
6 11
10 12
2 13
7 14
3 15
1 16
2 17
5 18
16 19
18 20
10 21
5 22
22
1 2
2 3
1 4
3 5
2 6
4 7
7 8
7 9
6 10
6 11
4 12
4 13
10 14
3 15
8 16
4 17
9 18
2 19
8 20
6 21
6 22
22
1 2
2 3
1 4
1 5
4 6
4 7
3 8
3 9
8 10
2 11
11 12
9 13
8 14
9 15
3 16
11 17
1 18
4 19
2 20
4 21
15 22
22
1 2
1 3
3 4
4 5
4 6
6 7
5 8
1 9
4 10
4 11
7 12
11 13
9 14
5 15
1 16
9 17
17 18
6 19
14 20
17 21
16 22
22
1 2
2 3
2 4
3 5
5 6
4 7
7 8
4 9
6 10
9 11
2 12
1 13
12 14
10 15
7 16
4 17
8 18
15 19
7 20
20 21
6 22
22
1 2
2 3
1 4
2 5
5 6
6 7
1 8
7 9
6 10
5 11
1 12
12 13
8 14
8 15
12 16
1 17
6 18
3 19
3 20
20 21
4 22
22
1 2
1 3
1 4
3 5
2 6
2 7
1 8
8 9
6 10
8 11
10 12
6 13
5 14
9 15
8 16
5 17
12 18
17 19
5 20
3 21
21 22
22
1 2
1 3
2 4
3 5
5 6
3 7
4 8
8 9
6 10
10 11
11 12
8 13
9 14
5 15
4 16
13 17
5 18
3 19
10 20
20 21
1 22
22
1 2
1 3
1 4
2 5
3 6
3 7
7 8
5 9
5 10
6 11
1 12
10 13
1 14
8 15
6 16
11 17
2 18
13 19
18 20
16 21
19 22
22
1 2
1 3
1 4
3 5
4 6
4 7
6 8
4 9
8 10
2 11
1 12
7 13
6 14
9 15
14 16
4 17
15 18
18 19
5 20
20 21
6 22
22
1 2
2 3
1 4
4 5
3 6
5 7
6 8
1 9
3 10
9 11
2 12
3 13
9 14
3 15
9 16
14 17
15 18
2 19
11 20
5 21
21 22
22
1 2
2 3
2 4
2 5
4 6
1 7
7 8
4 9
5 10
5 11
11 12
3 13
5 14
3 15
6 16
8 17
15 18
18 19
3 20
1 21
1 22
22
1 2
1 3
3 4
2 5
5 6
3 7
6 8
4 9
8 10
6 11
1 12
7 13
1 14
2 15
14 16
5 17
13 18
15 19
17 20
16 21
11 22
22
1 2
1 3
2 4
4 5
5 6
2 7
7 8
3 9
8 10
3 11
10 12
5 13
12 14
2 15
9 16
3 17
9 18
2 19
17 20
16 21
6 22
22
1 2
2 3
2 4
3 5
3 6
2 7
6 8
5 9
8 10
2 11
9 12
8 13
13 14
5 15
9 16
7 17
4 18
5 19
18 20
19 21
17 22
22
1 2
2 3
1 4
4 5
5 6
1 7
7 8
2 9
3 10
2 11
1 12
2 13
1 14
4 15
3 16
6 17
13 18
5 19
5 20
19 21
17 22
22
1 2
1 3
1 4
3 5
4 6
3 7
5 8
3 9
9 10
8 11
7 12
11 13
3 14
9 15
9 16
2 17
1 18
10 19
11 20
19 21
17 22
22
1 2
2 3
1 4
4 5
3 6
5 7
2 8
6 9
1 10
5 11
5 12
2 13
12 14
13 15
14 16
2 17
16 18
3 19
15 20
11 21
16 22
22
1 2
1 3
2 4
4 5
5 6
1 7
7 8
5 9
3 10
10 11
2 12
6 13
2 14
1 15
13 16
11 17
5 18
3 19
11 20
7 21
13 22
22
1 2
1 3
1 4
4 5
2 6
4 7
4 8
3 9
4 10
2 11
3 12
6 13
10 14
9 15
7 16
5 17
6 18
3 19
2 20
11 21
10 22
22
1 2
1 3
2 4
3 5
4 6
3 7
1 8
3 9
1 10
10 11
9 12
12 13
8 14
12 15
6 16
3 17
12 18
2 19
11 20
11 21
21 22
22
1 2
1 3
2 4
3 5
2 6
1 7
4 8
5 9
9 10
10 11
10 12
7 13
4 14
5 15
7 16
12 17
7 18
10 19
2 20
16 21
7 22
22
1 2
2 3
3 4
1 5
3 6
4 7
6 8
2 9
2 10
3 11
7 12
7 13
11 14
1 15
7 16
10 17
11 18
15 19
17 20
10 21
6 22
22
1 2
2 3
3 4
4 5
3 6
4 7
1 8
1 9
7 10
4 11
1 12
2 13
4 14
9 15
11 16
2 17
10 18
1 19
13 20
16 21
19 22
22
1 2
2 3
3 4
4 5
4 6
5 7
7 8
3 9
8 10
1 11
4 12
8 13
7 14
11 15
4 16
4 17
12 18
5 19
1 20
10 21
15 22
22
1 2
1 3
3 4
1 5
2 6
3 7
5 8
5 9
9 10
10 11
7 12
10 13
10 14
14 15
4 16
4 17
5 18
5 19
5 20
2 21
7 22
22
1 2
2 3
1 4
3 5
2 6
5 7
2 8
1 9
4 10
10 11
9 12
3 13
10 14
3 15
4 16
1 17
1 18
15 19
6 20
3 21
11 22
22
1 2
1 3
3 4
3 5
5 6
6 7
4 8
8 9
4 10
5 11
7 12
4 13
1 14
8 15
10 16
2 17
11 18
7 19
10 20
20 21
15 22
22
1 2
1 3
2 4
2 5
1 6
3 7
2 8
7 9
2 10
7 11
8 12
2 13
8 14
12 15
13 16
8 17
6 18
10 19
13 20
14 21
13 22
22
1 2
2 3
3 4
3 5
3 6
6 7
7 8
5 9
4 10
10 11
8 12
4 13
13 14
5 15
1 16
11 17
11 18
14 19
8 20
6 21
7 22
22
1 2
2 3
1 4
4 5
3 6
4 7
2 8
2 9
5 10
10 11
9 12
6 13
9 14
3 15
11 16
15 17
10 18
17 19
8 20
9 21
14 22
22
1 2
1 3
1 4
1 5
4 6
2 7
7 8
7 9
4 10
6 11
8 12
8 13
10 14
3 15
8 16
6 17
4 18
8 19
4 20
1 21
15 22
22
1 2
1 3
2 4
4 5
2 6
5 7
3 8
4 9
6 10
4 11
8 12
12 13
7 14
12 15
4 16
12 17
9 18
17 19
1 20
15 21
16 22
22
1 2
1 3
1 4
3 5
2 6
6 7
1 8
6 9
2 10
9 11
5 12
3 13
8 14
3 15
12 16
12 17
16 18
15 19
4 20
9 21
10 22
22
1 2
1 3
1 4
4 5
1 6
5 7
6 8
2 9
1 10
7 11
9 12
10 13
1 14
3 15
2 16
1 17
12 18
5 19
12 20
8 21
3 22
22
1 2
2 3
3 4
1 5
1 6
2 7
5 8
1 9
4 10
9 11
6 12
7 13
13 14
5 15
5 16
2 17
10 18
9 19
16 20
11 21
6 22
22
1 2
1 3
1 4
1 5
2 6
1 7
2 8
3 9
5 10
5 11
4 12
1 13
1 14
3 15
2 16
2 17
9 18
11 19
5 20
7 21
20 22
22
1 2
2 3
3 4
3 5
3 6
2 7
7 8
4 9
4 10
3 11
9 12
6 13
12 14
7 15
2 16
12 17
10 18
8 19
1 20
10 21
3 22
22
1 2
1 3
3 4
3 5
4 6
6 7
1 8
4 9
9 10
2 11
9 12
3 13
13 14
1 15
7 16
16 17
2 18
12 19
1 20
14 21
1 22
22
1 2
2 3
1 4
4 5
3 6
3 7
3 8
4 9
1 10
9 11
3 12
11 13
1 14
12 15
7 16
16 17
11 18
18 19
5 20
15 21
6 22
22
1 2
1 3
2 4
4 5
3 6
6 7
5 8
6 9
6 10
1 11
7 12
11 13
6 14
8 15
4 16
6 17
1 18
1 19
12 20
19 21
8 22
22
1 2
1 3
3 4
4 5
4 6
1 7
5 8
5 9
4 10
1 11
6 12
3 13
11 14
2 15
8 16
8 17
17 18
4 19
7 20
12 21
7 22
22
1 2
1 3
2 4
2 5
2 6
2 7
6 8
7 9
2 10
1 11
8 12
6 13
9 14
9 15
15 16
8 17
10 18
8 19
14 20
15 21
16 22
22
1 2
1 3
3 4
3 5
4 6
3 7
5 8
5 9
1 10
5 11
8 12
8 13
7 14
9 15
4 16
4 17
8 18
8 19
13 20
17 21
6 22
22
1 2
2 3
2 4
3 5
1 6
5 7
5 8
3 9
5 10
4 11
3 12
5 13
2 14
6 15
5 16
1 17
13 18
7 19
5 20
20 21
15 22
22
1 2
2 3
3 4
3 5
2 6
3 7
5 8
2 9
8 10
6 11
7 12
9 13
7 14
11 15
6 16
2 17
10 18
18 19
2 20
12 21
8 22
22
1 2
2 3
1 4
1 5
1 6
5 7
2 8
8 9
3 10
9 11
10 12
7 13
12 14
14 15
12 16
9 17
16 18
16 19
15 20
12 21
6 22
22
1 2
2 3
3 4
1 5
3 6
4 7
1 8
2 9
7 10
2 11
4 12
8 13
1 14
6 15
7 16
11 17
10 18
8 19
7 20
10 21
14 22
22
1 2
1 3
2 4
1 5
1 6
2 7
1 8
3 9
6 10
3 11
7 12
11 13
9 14
14 15
5 16
15 17
15 18
12 19
5 20
6 21
12 22
22
1 2
2 3
3 4
2 5
3 6
6 7
3 8
1 9
7 10
6 11
10 12
9 13
4 14
8 15
6 16
2 17
14 18
1 19
6 20
17 21
17 22
22
1 2
1 3
2 4
1 5
4 6
4 7
6 8
2 9
3 10
1 11
3 12
11 13
11 14
1 15
8 16
3 17
3 18
15 19
11 20
17 21
12 22
22
1 2
1 3
3 4
4 5
3 6
3 7
1 8
1 9
6 10
8 11
10 12
10 13
12 14
10 15
3 16
2 17
8 18
1 19
12 20
18 21
20 22
22
1 2
2 3
3 4
2 5
1 6
6 7
3 8
5 9
7 10
4 11
1 12
7 13
3 14
5 15
11 16
3 17
9 18
13 19
15 20
10 21
7 22
22
1 2
1 3
2 4
2 5
2 6
6 7
4 8
8 9
7 10
9 11
1 12
10 13
6 14
12 15
8 16
3 17
17 18
7 19
7 20
11 21
20 22
22
1 2
1 3
2 4
3 5
5 6
4 7
5 8
1 9
3 10
9 11
3 12
4 13
5 14
12 15
1 16
14 17
1 18
16 19
12 20
8 21
16 22
22
1 2
1 3
2 4
4 5
1 6
3 7
2 8
4 9
2 10
1 11
1 12
2 13
6 14
10 15
10 16
9 17
14 18
7 19
19 20
6 21
2 22
22
1 2
2 3
1 4
4 5
2 6
3 7
5 8
5 9
8 10
9 11
11 12
2 13
9 14
13 15
4 16
6 17
16 18
4 19
16 20
20 21
4 22
22
1 2
1 3
2 4
3 5
4 6
2 7
2 8
7 9
3 10
10 11
8 12
11 13
13 14
3 15
6 16
7 17
15 18
8 19
17 20
6 21
16 22
22
1 2
2 3
2 4
3 5
4 6
3 7
4 8
1 9
5 10
6 11
8 12
12 13
6 14
11 15
12 16
7 17
16 18
1 19
1 20
8 21
13 22
22
1 2
2 3
1 4
4 5
2 6
6 7
7 8
5 9
2 10
7 11
2 12
2 13
7 14
7 15
11 16
3 17
8 18
4 19
7 20
10 21
13 22
22
1 2
1 3
2 4
3 5
4 6
3 7
4 8
1 9
6 10
3 11
10 12
1 13
6 14
3 15
15 16
3 17
4 18
17 19
9 20
19 21
5 22
22
1 2
1 3
3 4
1 5
2 6
1 7
3 8
3 9
8 10
1 11
8 12
1 13
9 14
14 15
5 16
5 17
16 18
17 19
14 20
7 21
18 22
22
1 2
1 3
2 4
2 5
1 6
6 7
1 8
8 9
6 10
10 11
5 12
10 13
2 14
12 15
13 16
4 17
15 18
14 19
18 20
13 21
8 22
22
1 2
1 3
1 4
2 5
1 6
2 7
5 8
7 9
7 10
10 11
4 12
8 13
12 14
4 15
2 16
13 17
2 18
4 19
17 20
10 21
20 22
22
1 2
2 3
2 4
1 5
3 6
2 7
3 8
6 9
8 10
3 11
2 12
5 13
10 14
1 15
6 16
3 17
7 18
17 19
10 20
16 21
9 22
22
1 2
1 3
2 4
2 5
3 6
1 7
6 8
2 9
2 10
7 11
6 12
12 13
6 14
5 15
8 16
10 17
2 18
6 19
3 20
13 21
1 22
22
1 2
2 3
2 4
4 5
3 6
2 7
5 8
7 9
7 10
3 11
3 12
11 13
10 14
7 15
14 16
13 17
17 18
3 19
17 20
8 21
2 22
22
1 2
2 3
1 4
3 5
3 6
2 7
3 8
1 9
9 10
1 11
7 12
4 13
8 14
6 15
9 16
8 17
3 18
14 19
13 20
11 21
15 22
22
1 2
2 3
1 4
2 5
5 6
4 7
7 8
7 9
4 10
1 11
10 12
2 13
10 14
3 15
10 16
15 17
12 18
4 19
4 20
12 21
10 22
22
1 2
2 3
2 4
1 5
2 6
1 7
3 8
5 9
1 10
4 11
3 12
7 13
10 14
12 15
8 16
9 17
11 18
9 19
9 20
7 21
8 22
22
1 2
2 3
1 4
2 5
5 6
6 7
1 8
1 9
4 10
3 11
5 12
3 13
9 14
1 15
13 16
4 17
9 18
13 19
5 20
16 21
10 22
22
1 2
1 3
3 4
3 5
4 6
3 7
1 8
7 9
9 10
9 11
10 12
3 13
2 14
13 15
12 16
8 17
11 18
11 19
17 20
1 21
1 22
22
1 2
1 3
1 4
3 5
5 6
6 7
3 8
7 9
6 10
1 11
11 12
12 13
12 14
2 15
10 16
16 17
12 18
13 19
16 20
2 21
11 22
22
1 2
1 3
3 4
4 5
2 6
3 7
7 8
2 9
5 10
8 11
4 12
5 13
8 14
7 15
9 16
6 17
8 18
13 19
2 20
8 21
8 22
22
1 2
2 3
3 4
1 5
4 6
1 7
6 8
6 9
2 10
7 11
8 12
1 13
10 14
3 15
14 16
14 17
17 18
13 19
4 20
12 21
5 22
22
1 2
1 3
1 4
1 5
5 6
4 7
2 8
7 9
4 10
4 11
4 12
3 13
11 14
5 15
13 16
4 17
9 18
16 19
18 20
4 21
9 22
22
1 2
1 3
3 4
1 5
2 6
3 7
5 8
8 9
8 10
10 11
8 12
7 13
5 14
3 15
8 16
8 17
14 18
10 19
13 20
20 21
13 22
22
1 2
2 3
1 4
2 5
3 6
6 7
2 8
4 9
2 10
10 11
1 12
12 13
4 14
1 15
2 16
11 17
14 18
4 19
17 20
4 21
19 22
22
1 2
1 3
1 4
2 5
1 6
5 7
4 8
8 9
5 10
5 11
9 12
3 13
7 14
1 15
2 16
2 17
17 18
11 19
14 20
11 21
8 22
22
1 2
1 3
3 4
2 5
4 6
5 7
1 8
2 9
1 10
8 11
11 12
11 13
8 14
2 15
3 16
10 17
10 18
14 19
6 20
17 21
3 22
22
1 2
1 3
1 4
4 5
1 6
4 7
4 8
8 9
5 10
9 11
5 12
6 13
4 14
14 15
15 16
15 17
10 18
7 19
9 20
17 21
1 22
22
1 2
2 3
1 4
1 5
5 6
1 7
6 8
1 9
1 10
1 11
7 12
8 13
4 14
9 15
15 16
12 17
13 18
5 19
5 20
3 21
1 22
22
1 2
1 3
1 4
2 5
2 6
5 7
3 8
6 9
7 10
7 11
8 12
6 13
12 14
1 15
11 16
4 17
1 18
15 19
10 20
16 21
2 22
22
1 2
2 3
3 4
2 5
5 6
4 7
5 8
7 9
6 10
1 11
9 12
9 13
7 14
14 15
9 16
15 17
8 18
5 19
4 20
17 21
9 22
22
1 2
1 3
2 4
4 5
3 6
6 7
5 8
1 9
9 10
1 11
4 12
1 13
9 14
6 15
4 16
11 17
17 18
16 19
12 20
8 21
8 22
22
1 2
1 3
2 4
2 5
3 6
2 7
5 8
3 9
8 10
6 11
4 12
8 13
8 14
7 15
8 16
9 17
16 18
1 19
17 20
7 21
10 22
22
1 2
2 3
1 4
2 5
4 6
4 7
7 8
5 9
6 10
1 11
11 12
11 13
1 14
2 15
6 16
5 17
15 18
4 19
2 20
1 21
4 22
22
1 2
2 3
3 4
2 5
3 6
6 7
7 8
6 9
3 10
7 11
1 12
3 13
3 14
9 15
8 16
13 17
8 18
9 19
2 20
15 21
12 22
22
1 2
2 3
1 4
2 5
2 6
4 7
6 8
6 9
5 10
5 11
5 12
8 13
6 14
8 15
15 16
16 17
14 18
14 19
10 20
8 21
11 22
22
1 2
2 3
1 4
4 5
3 6
5 7
3 8
7 9
2 10
5 11
3 12
3 13
2 14
7 15
6 16
16 17
17 18
6 19
12 20
5 21
8 22
22
1 2
2 3
3 4
1 5
5 6
4 7
4 8
1 9
5 10
4 11
3 12
11 13
11 14
7 15
14 16
2 17
6 18
18 19
4 20
8 21
8 22
22
1 2
2 3
3 4
3 5
3 6
6 7
3 8
3 9
4 10
2 11
5 12
6 13
7 14
9 15
2 16
3 17
16 18
2 19
8 20
2 21
12 22
22
1 2
2 3
1 4
4 5
1 6
5 7
4 8
8 9
6 10
4 11
10 12
9 13
5 14
2 15
15 16
12 17
14 18
17 19
2 20
4 21
3 22
22
1 2
1 3
2 4
3 5
3 6
3 7
1 8
1 9
7 10
3 11
8 12
4 13
10 14
7 15
1 16
1 17
14 18
6 19
5 20
18 21
7 22
22
1 2
2 3
2 4
4 5
2 6
3 7
6 8
8 9
9 10
8 11
5 12
12 13
11 14
10 15
11 16
3 17
15 18
7 19
9 20
17 21
15 22
22
1 2
1 3
3 4
3 5
5 6
1 7
3 8
7 9
4 10
9 11
4 12
2 13
11 14
3 15
15 16
14 17
14 18
16 19
6 20
6 21
16 22
22
1 2
2 3
2 4
3 5
4 6
4 7
3 8
4 9
7 10
2 11
11 12
1 13
1 14
14 15
14 16
12 17
2 18
1 19
2 20
12 21
11 22
22
1 2
1 3
2 4
4 5
5 6
6 7
4 8
1 9
2 10
8 11
9 12
4 13
6 14
6 15
5 16
15 17
4 18
2 19
7 20
15 21
9 22
22
1 2
1 3
3 4
4 5
3 6
1 7
2 8
8 9
8 10
7 11
10 12
11 13
11 14
10 15
9 16
6 17
17 18
14 19
4 20
13 21
2 22
22
1 2
2 3
2 4
4 5
5 6
3 7
3 8
8 9
4 10
1 11
4 12
2 13
3 14
3 15
4 16
10 17
7 18
3 19
7 20
19 21
10 22
22
1 2
1 3
2 4
2 5
5 6
5 7
1 8
3 9
7 10
10 11
9 12
9 13
7 14
5 15
10 16
3 17
9 18
9 19
17 20
11 21
13 22
22
1 2
1 3
3 4
2 5
2 6
1 7
6 8
4 9
3 10
3 11
4 12
12 13
1 14
12 15
3 16
5 17
14 18
15 19
11 20
10 21
1 22
22
1 2
1 3
1 4
4 5
5 6
4 7
3 8
1 9
6 10
7 11
7 12
7 13
1 14
7 15
12 16
15 17
8 18
3 19
17 20
19 21
3 22
22
1 2
2 3
2 4
4 5
4 6
3 7
3 8
5 9
9 10
7 11
10 12
5 13
2 14
14 15
6 16
13 17
13 18
9 19
18 20
15 21
15 22
22
1 2
1 3
3 4
3 5
1 6
5 7
7 8
5 9
7 10
9 11
2 12
11 13
10 14
10 15
8 16
3 17
11 18
2 19
15 20
13 21
3 22
22
1 2
1 3
2 4
4 5
1 6
1 7
7 8
6 9
8 10
6 11
8 12
12 13
11 14
7 15
14 16
2 17
1 18
9 19
11 20
4 21
3 22
22
1 2
2 3
1 4
2 5
4 6
4 7
1 8
4 9
7 10
3 11
7 12
7 13
10 14
10 15
15 16
5 17
3 18
14 19
13 20
17 21
17 22
22
1 2
1 3
3 4
2 5
1 6
4 7
5 8
7 9
6 10
8 11
4 12
3 13
2 14
1 15
7 16
1 17
14 18
15 19
11 20
11 21
6 22
22
1 2
2 3
2 4
3 5
1 6
5 7
7 8
6 9
1 10
10 11
10 12
12 13
9 14
2 15
15 16
3 17
2 18
4 19
14 20
17 21
19 22
22
1 2
1 3
3 4
3 5
2 6
2 7
6 8
7 9
7 10
7 11
2 12
1 13
9 14
2 15
15 16
13 17
7 18
6 19
7 20
14 21
17 22
22
1 2
2 3
2 4
1 5
4 6
3 7
3 8
8 9
8 10
6 11
3 12
12 13
8 14
1 15
6 16
7 17
17 18
14 19
5 20
14 21
20 22
22
1 2
1 3
3 4
1 5
5 6
6 7
7 8
8 9
7 10
4 11
1 12
2 13
1 14
12 15
8 16
16 17
9 18
6 19
19 20
13 21
8 22
22
1 2
2 3
1 4
4 5
5 6
2 7
5 8
2 9
3 10
8 11
3 12
11 13
10 14
6 15
6 16
13 17
17 18
4 19
17 20
13 21
4 22
22
1 2
1 3
3 4
2 5
2 6
1 7
7 8
5 9
8 10
4 11
3 12
1 13
13 14
11 15
2 16
7 17
13 18
17 19
6 20
14 21
15 22
22
1 2
2 3
1 4
2 5
4 6
2 7
1 8
4 9
6 10
5 11
1 12
9 13
3 14
6 15
5 16
3 17
16 18
13 19
12 20
11 21
8 22
22
1 2
1 3
1 4
1 5
1 6
6 7
5 8
4 9
1 10
4 11
7 12
2 13
4 14
12 15
4 16
4 17
3 18
3 19
18 20
18 21
12 22
22
1 2
1 3
1 4
2 5
3 6
6 7
2 8
8 9
7 10
2 11
11 12
2 13
11 14
11 15
9 16
4 17
10 18
1 19
15 20
17 21
19 22
22
1 2
1 3
1 4
1 5
5 6
5 7
6 8
2 9
5 10
5 11
5 12
2 13
5 14
3 15
3 16
9 17
3 18
15 19
9 20
14 21
2 22
22
1 2
2 3
2 4
2 5
2 6
3 7
4 8
3 9
8 10
1 11
10 12
12 13
13 14
2 15
3 16
14 17
17 18
15 19
16 20
16 21
5 22
22
1 2
1 3
2 4
3 5
5 6
5 7
4 8
1 9
7 10
5 11
10 12
2 13
12 14
4 15
8 16
5 17
11 18
11 19
15 20
1 21
4 22
22
1 2
2 3
3 4
2 5
4 6
6 7
6 8
2 9
8 10
5 11
5 12
6 13
11 14
3 15
5 16
10 17
14 18
12 19
7 20
10 21
17 22
22
1 2
2 3
3 4
3 5
4 6
4 7
1 8
8 9
5 10
6 11
10 12
12 13
1 14
7 15
6 16
10 17
4 18
10 19
9 20
14 21
15 22
22
1 2
2 3
3 4
2 5
3 6
3 7
2 8
2 9
3 10
10 11
10 12
4 13
13 14
7 15
2 16
16 17
8 18
17 19
18 20
6 21
4 22
22
1 2
2 3
1 4
3 5
3 6
2 7
7 8
4 9
9 10
2 11
1 12
11 13
11 14
9 15
6 16
5 17
16 18
6 19
17 20
9 21
2 22
22
1 2
2 3
2 4
3 5
1 6
4 7
7 8
8 9
6 10
4 11
7 12
7 13
13 14
3 15
3 16
1 17
10 18
2 19
13 20
6 21
1 22
22
1 2
2 3
1 4
3 5
5 6
5 7
5 8
8 9
4 10
4 11
3 12
2 13
9 14
5 15
10 16
14 17
8 18
9 19
5 20
9 21
6 22
22
1 2
2 3
1 4
1 5
1 6
5 7
7 8
3 9
3 10
9 11
5 12
11 13
12 14
1 15
15 16
12 17
11 18
1 19
6 20
12 21
4 22
22
1 2
1 3
2 4
2 5
4 6
1 7
2 8
5 9
5 10
8 11
2 12
3 13
9 14
2 15
7 16
7 17
15 18
1 19
2 20
7 21
15 22
22
1 2
2 3
2 4
1 5
3 6
2 7
7 8
5 9
5 10
1 11
2 12
6 13
13 14
13 15
15 16
8 17
13 18
6 19
1 20
8 21
7 22
22
1 2
2 3
2 4
4 5
5 6
1 7
5 8
4 9
7 10
6 11
5 12
7 13
8 14
8 15
11 16
1 17
5 18
4 19
7 20
18 21
19 22
22
1 2
2 3
1 4
3 5
5 6
4 7
3 8
1 9
8 10
7 11
7 12
9 13
12 14
14 15
2 16
6 17
14 18
12 19
13 20
15 21
1 22
22
1 2
2 3
3 4
2 5
3 6
4 7
3 8
3 9
9 10
2 11
3 12
1 13
6 14
11 15
5 16
8 17
4 18
16 19
10 20
16 21
10 22
22
1 2
2 3
1 4
4 5
1 6
5 7
1 8
2 9
5 10
5 11
5 12
9 13
2 14
4 15
5 16
14 17
10 18
18 19
11 20
10 21
12 22
22
1 2
1 3
3 4
4 5
2 6
1 7
5 8
3 9
1 10
6 11
5 12
9 13
9 14
11 15
14 16
5 17
11 18
5 19
11 20
3 21
4 22
22
1 2
2 3
3 4
1 5
2 6
3 7
7 8
2 9
5 10
4 11
7 12
8 13
12 14
5 15
6 16
7 17
9 18
1 19
6 20
20 21
9 22
22
1 2
1 3
3 4
3 5
5 6
1 7
2 8
8 9
3 10
9 11
11 12
6 13
12 14
2 15
9 16
7 17
3 18
12 19
9 20
5 21
21 22
22
1 2
2 3
2 4
4 5
3 6
2 7
5 8
3 9
5 10
2 11
5 12
7 13
4 14
2 15
15 16
5 17
8 18
15 19
3 20
17 21
9 22
22
1 2
2 3
2 4
3 5
3 6
5 7
6 8
4 9
9 10
5 11
3 12
4 13
8 14
6 15
15 16
9 17
3 18
14 19
17 20
4 21
2 22
22
1 2
1 3
2 4
2 5
2 6
1 7
5 8
5 9
1 10
5 11
10 12
12 13
9 14
10 15
15 16
5 17
10 18
17 19
6 20
6 21
16 22
22
1 2
2 3
3 4
1 5
3 6
4 7
3 8
4 9
4 10
7 11
5 12
1 13
3 14
3 15
6 16
5 17
1 18
3 19
8 20
2 21
7 22
22
1 2
1 3
1 4
2 5
4 6
3 7
3 8
8 9
4 10
9 11
2 12
1 13
13 14
2 15
1 16
11 17
17 18
11 19
7 20
2 21
9 22
22
1 2
1 3
1 4
3 5
4 6
1 7
7 8
6 9
1 10
3 11
3 12
3 13
1 14
13 15
11 16
10 17
10 18
5 19
16 20
6 21
12 22
22
1 2
2 3
3 4
3 5
5 6
4 7
6 8
5 9
1 10
9 11
7 12
3 13
1 14
5 15
10 16
9 17
16 18
11 19
4 20
2 21
20 22
22
1 2
1 3
2 4
4 5
2 6
3 7
6 8
2 9
5 10
6 11
7 12
8 13
4 14
2 15
2 16
5 17
17 18
9 19
3 20
17 21
4 22
22
1 2
2 3
1 4
4 5
2 6
3 7
6 8
1 9
9 10
7 11
8 12
11 13
9 14
11 15
8 16
10 17
2 18
1 19
3 20
9 21
20 22
22
1 2
1 3
2 4
1 5
3 6
3 7
2 8
3 9
8 10
3 11
9 12
3 13
3 14
8 15
14 16
8 17
6 18
12 19
16 20
16 21
8 22
22
1 2
2 3
2 4
3 5
5 6
5 7
1 8
7 9
8 10
1 11
10 12
3 13
6 14
7 15
11 16
5 17
1 18
3 19
3 20
8 21
1 22
22
1 2
1 3
3 4
2 5
1 6
3 7
3 8
8 9
3 10
4 11
6 12
5 13
2 14
8 15
14 16
7 17
10 18
13 19
17 20
9 21
13 22
22
1 2
1 3
3 4
4 5
4 6
3 7
4 8
3 9
3 10
10 11
1 12
9 13
10 14
10 15
13 16
12 17
1 18
9 19
11 20
6 21
16 22
22
1 2
2 3
2 4
3 5
4 6
4 7
7 8
6 9
7 10
5 11
11 12
12 13
10 14
9 15
3 16
16 17
17 18
3 19
19 20
16 21
6 22
22
1 2
1 3
3 4
2 5
2 6
4 7
4 8
1 9
9 10
4 11
4 12
10 13
3 14
9 15
5 16
15 17
14 18
12 19
19 20
8 21
21 22
22
1 2
2 3
2 4
4 5
4 6
4 7
7 8
7 9
6 10
5 11
8 12
7 13
2 14
14 15
6 16
16 17
1 18
4 19
17 20
1 21
19 22
22
1 2
2 3
3 4
2 5
4 6
1 7
7 8
1 9
7 10
5 11
8 12
8 13
6 14
9 15
10 16
2 17
8 18
17 19
15 20
20 21
5 22
22
1 2
1 3
2 4
4 5
2 6
1 7
7 8
5 9
8 10
9 11
7 12
11 13
12 14
14 15
13 16
10 17
12 18
9 19
1 20
19 21
5 22
22
1 2
2 3
1 4
1 5
5 6
2 7
1 8
8 9
7 10
1 11
3 12
9 13
11 14
9 15
15 16
7 17
8 18
18 19
13 20
19 21
1 22
22
1 2
2 3
2 4
3 5
1 6
5 7
6 8
6 9
2 10
10 11
11 12
1 13
6 14
3 15
6 16
9 17
15 18
15 19
17 20
12 21
1 22
22
1 2
1 3
3 4
3 5
1 6
1 7
4 8
5 9
3 10
10 11
9 12
5 13
13 14
10 15
11 16
14 17
3 18
6 19
8 20
16 21
18 22
22
1 2
1 3
2 4
3 5
4 6
2 7
7 8
1 9
2 10
5 11
1 12
1 13
3 14
5 15
3 16
13 17
17 18
15 19
16 20
13 21
2 22
22
1 2
1 3
2 4
2 5
3 6
4 7
5 8
2 9
2 10
6 11
10 12
11 13
11 14
9 15
6 16
12 17
3 18
11 19
13 20
17 21
4 22
22
1 2
2 3
2 4
4 5
1 6
3 7
7 8
7 9
5 10
4 11
3 12
7 13
3 14
3 15
9 16
1 17
11 18
7 19
5 20
10 21
18 22
22
1 2
2 3
2 4
4 5
3 6
5 7
5 8
4 9
3 10
8 11
4 12
11 13
2 14
4 15
13 16
15 17
13 18
9 19
11 20
3 21
14 22
22
1 2
2 3
2 4
1 5
2 6
4 7
5 8
6 9
5 10
3 11
3 12
7 13
5 14
11 15
5 16
16 17
16 18
17 19
14 20
13 21
20 22
22
1 2
1 3
3 4
3 5
5 6
4 7
7 8
3 9
3 10
6 11
4 12
8 13
9 14
3 15
1 16
7 17
11 18
14 19
13 20
13 21
17 22
22
1 2
2 3
1 4
2 5
5 6
5 7
7 8
7 9
6 10
7 11
5 12
7 13
6 14
14 15
2 16
16 17
5 18
1 19
9 20
12 21
10 22
22
1 2
2 3
3 4
3 5
2 6
6 7
2 8
8 9
2 10
7 11
7 12
5 13
2 14
5 15
11 16
11 17
17 18
13 19
7 20
6 21
18 22
22
1 2
1 3
1 4
2 5
1 6
4 7
5 8
3 9
5 10
2 11
6 12
3 13
13 14
4 15
15 16
6 17
14 18
14 19
5 20
5 21
14 22
22
1 2
2 3
1 4
2 5
2 6
1 7
4 8
1 9
7 10
9 11
7 12
4 13
6 14
10 15
10 16
14 17
5 18
11 19
12 20
6 21
7 22
22
1 2
1 3
1 4
1 5
1 6
4 7
7 8
1 9
2 10
3 11
11 12
9 13
4 14
2 15
4 16
2 17
15 18
7 19
18 20
19 21
21 22
22
1 2
2 3
1 4
4 5
5 6
6 7
3 8
4 9
8 10
2 11
11 12
7 13
9 14
9 15
14 16
9 17
4 18
11 19
17 20
19 21
5 22
22
1 2
1 3
1 4
1 5
2 6
1 7
4 8
3 9
3 10
7 11
10 12
6 13
8 14
3 15
4 16
5 17
5 18
10 19
13 20
20 21
21 22
22
1 2
1 3
2 4
2 5
4 6
6 7
4 8
5 9
7 10
6 11
3 12
6 13
8 14
8 15
11 16
6 17
3 18
1 19
13 20
18 21
9 22
22
1 2
1 3
1 4
2 5
1 6
4 7
6 8
2 9
1 10
7 11
6 12
8 13
5 14
13 15
5 16
9 17
13 18
13 19
3 20
19 21
16 22
22
1 2
1 3
3 4
2 5
3 6
5 7
2 8
6 9
9 10
6 11
2 12
9 13
5 14
13 15
7 16
2 17
13 18
5 19
8 20
14 21
16 22
22
1 2
2 3
1 4
4 5
5 6
2 7
4 8
8 9
2 10
10 11
3 12
9 13
8 14
10 15
5 16
5 17
8 18
11 19
12 20
20 21
21 22
22
1 2
2 3
1 4
2 5
3 6
2 7
7 8
3 9
1 10
7 11
10 12
12 13
13 14
6 15
3 16
5 17
12 18
6 19
1 20
2 21
14 22
22
1 2
1 3
1 4
4 5
5 6
1 7
4 8
5 9
5 10
3 11
10 12
10 13
2 14
11 15
9 16
15 17
16 18
7 19
16 20
8 21
4 22
22
1 2
2 3
1 4
4 5
4 6
6 7
4 8
2 9
8 10
2 11
8 12
4 13
2 14
11 15
12 16
7 17
14 18
18 19
15 20
12 21
5 22
22
1 2
2 3
1 4
1 5
2 6
5 7
2 8
6 9
4 10
7 11
10 12
5 13
2 14
12 15
14 16
9 17
11 18
13 19
8 20
17 21
20 22
22
1 2
1 3
3 4
1 5
2 6
5 7
5 8
8 9
4 10
7 11
6 12
10 13
5 14
11 15
3 16
12 17
6 18
13 19
9 20
15 21
20 22
22
1 2
1 3
1 4
2 5
2 6
3 7
6 8
4 9
2 10
6 11
8 12
5 13
2 14
14 15
9 16
11 17
12 18
12 19
2 20
6 21
21 22
22
1 2
2 3
1 4
1 5
4 6
1 7
5 8
4 9
9 10
8 11
5 12
9 13
4 14
1 15
2 16
1 17
17 18
14 19
5 20
15 21
21 22
22
1 2
2 3
1 4
2 5
1 6
6 7
5 8
7 9
8 10
4 11
1 12
12 13
11 14
7 15
1 16
7 17
10 18
13 19
3 20
1 21
5 22
22
1 2
2 3
3 4
2 5
2 6
6 7
1 8
2 9
7 10
8 11
4 12
11 13
12 14
14 15
15 16
16 17
4 18
3 19
7 20
4 21
19 22
22
1 2
1 3
2 4
2 5
3 6
2 7
4 8
1 9
3 10
7 11
4 12
11 13
4 14
9 15
5 16
14 17
10 18
9 19
17 20
20 21
19 22
22
1 2
1 3
3 4
3 5
5 6
1 7
3 8
4 9
1 10
9 11
2 12
7 13
1 14
7 15
6 16
3 17
6 18
18 19
16 20
6 21
2 22
22
1 2
2 3
3 4
4 5
4 6
3 7
3 8
6 9
8 10
10 11
10 12
12 13
3 14
13 15
7 16
13 17
14 18
6 19
3 20
1 21
1 22
22
1 2
1 3
1 4
1 5
1 6
2 7
3 8
7 9
1 10
10 11
1 12
4 13
5 14
2 15
8 16
15 17
9 18
13 19
11 20
19 21
18 22
22
1 2
1 3
2 4
4 5
2 6
1 7
3 8
5 9
6 10
2 11
8 12
2 13
2 14
12 15
12 16
3 17
4 18
2 19
6 20
10 21
11 22
22
1 2
1 3
2 4
2 5
1 6
5 7
1 8
7 9
2 10
3 11
9 12
8 13
9 14
10 15
6 16
5 17
5 18
4 19
11 20
1 21
15 22
22
1 2
1 3
3 4
3 5
4 6
2 7
2 8
2 9
6 10
10 11
1 12
9 13
13 14
13 15
6 16
11 17
14 18
8 19
3 20
20 21
8 22
22
1 2
1 3
2 4
3 5
5 6
1 7
1 8
8 9
4 10
4 11
11 12
7 13
4 14
3 15
9 16
4 17
1 18
2 19
8 20
19 21
11 22
22
1 2
1 3
1 4
4 5
3 6
4 7
5 8
3 9
9 10
2 11
3 12
8 13
4 14
11 15
1 16
6 17
2 18
3 19
3 20
5 21
16 22
22
1 2
2 3
3 4
3 5
1 6
3 7
6 8
3 9
4 10
6 11
6 12
8 13
4 14
8 15
8 16
5 17
17 18
8 19
5 20
6 21
6 22
22
1 2
2 3
2 4
3 5
3 6
3 7
6 8
3 9
5 10
6 11
2 12
9 13
4 14
2 15
14 16
16 17
17 18
18 19
17 20
14 21
1 22
22
1 2
2 3
3 4
2 5
3 6
2 7
2 8
5 9
6 10
4 11
3 12
2 13
3 14
5 15
13 16
1 17
16 18
4 19
4 20
11 21
6 22
22
1 2
2 3
1 4
3 5
4 6
1 7
7 8
7 9
1 10
8 11
10 12
6 13
2 14
8 15
1 16
14 17
4 18
11 19
8 20
5 21
3 22
22
1 2
1 3
2 4
2 5
5 6
6 7
3 8
2 9
4 10
10 11
7 12
2 13
11 14
1 15
8 16
8 17
13 18
15 19
3 20
14 21
15 22
22
1 2
1 3
1 4
4 5
5 6
1 7
4 8
2 9
3 10
3 11
3 12
5 13
1 14
12 15
8 16
2 17
17 18
15 19
17 20
17 21
14 22
22
1 2
1 3
2 4
1 5
1 6
2 7
5 8
6 9
5 10
9 11
5 12
11 13
4 14
11 15
2 16
7 17
8 18
9 19
13 20
10 21
10 22
22
1 2
2 3
3 4
3 5
1 6
2 7
2 8
6 9
1 10
7 11
10 12
9 13
7 14
1 15
11 16
7 17
4 18
11 19
14 20
16 21
17 22
22
1 2
2 3
2 4
1 5
5 6
4 7
4 8
8 9
7 10
4 11
3 12
5 13
9 14
9 15
2 16
2 17
3 18
10 19
12 20
18 21
9 22
22
1 2
2 3
3 4
4 5
4 6
2 7
3 8
6 9
4 10
5 11
11 12
11 13
7 14
11 15
5 16
12 17
14 18
12 19
7 20
10 21
9 22
22
1 2
2 3
1 4
2 5
4 6
6 7
3 8
8 9
7 10
2 11
2 12
10 13
12 14
12 15
6 16
8 17
6 18
5 19
9 20
18 21
4 22
22
1 2
2 3
1 4
1 5
3 6
6 7
5 8
1 9
1 10
10 11
3 12
2 13
9 14
3 15
2 16
13 17
11 18
2 19
16 20
8 21
16 22
22
1 2
2 3
3 4
3 5
3 6
2 7
7 8
2 9
1 10
5 11
9 12
11 13
4 14
1 15
7 16
6 17
12 18
6 19
11 20
19 21
12 22
22
1 2
2 3
1 4
4 5
2 6
4 7
1 8
5 9
4 10
6 11
7 12
12 13
1 14
1 15
11 16
4 17
16 18
5 19
13 20
18 21
2 22
22
1 2
2 3
3 4
4 5
5 6
2 7
7 8
8 9
4 10
9 11
11 12
6 13
2 14
8 15
6 16
10 17
2 18
7 19
4 20
8 21
16 22
22
1 2
2 3
2 4
1 5
3 6
2 7
7 8
6 9
1 10
1 11
11 12
8 13
1 14
12 15
4 16
8 17
3 18
2 19
19 20
14 21
17 22
22
1 2
2 3
2 4
4 5
2 6
4 7
4 8
2 9
9 10
4 11
3 12
1 13
11 14
13 15
1 16
7 17
5 18
15 19
6 20
19 21
18 22
22
1 2
2 3
1 4
3 5
2 6
3 7
1 8
5 9
9 10
1 11
9 12
1 13
7 14
5 15
4 16
1 17
8 18
4 19
11 20
9 21
1 22
22
1 2
1 3
3 4
2 5
2 6
5 7
2 8
6 9
7 10
4 11
4 12
4 13
9 14
4 15
11 16
5 17
3 18
16 19
3 20
11 21
8 22
22
1 2
2 3
2 4
4 5
1 6
1 7
1 8
7 9
4 10
8 11
3 12
8 13
4 14
8 15
14 16
13 17
14 18
10 19
5 20
3 21
16 22
22
1 2
2 3
3 4
4 5
3 6
6 7
3 8
2 9
1 10
6 11
2 12
8 13
1 14
7 15
12 16
16 17
15 18
17 19
11 20
1 21
4 22
22
1 2
2 3
1 4
4 5
2 6
3 7
1 8
8 9
6 10
9 11
1 12
1 13
11 14
5 15
12 16
15 17
10 18
14 19
12 20
15 21
2 22
22
1 2
1 3
3 4
3 5
5 6
5 7
4 8
8 9
9 10
3 11
6 12
4 13
12 14
7 15
2 16
10 17
9 18
17 19
7 20
3 21
6 22
22
1 2
2 3
2 4
4 5
2 6
3 7
1 8
3 9
5 10
6 11
11 12
9 13
9 14
12 15
2 16
14 17
14 18
1 19
18 20
8 21
10 22
22
1 2
1 3
1 4
1 5
5 6
2 7
4 8
1 9
1 10
10 11
3 12
5 13
8 14
13 15
14 16
12 17
14 18
8 19
18 20
7 21
5 22
22
1 2
1 3
2 4
4 5
1 6
6 7
3 8
6 9
8 10
9 11
8 12
9 13
9 14
11 15
1 16
15 17
4 18
15 19
12 20
9 21
20 22
22
1 2
2 3
1 4
2 5
3 6
2 7
3 8
6 9
6 10
4 11
8 12
2 13
4 14
6 15
2 16
8 17
1 18
8 19
18 20
20 21
17 22
22
1 2
1 3
2 4
3 5
3 6
6 7
7 8
5 9
9 10
9 11
2 12
7 13
10 14
7 15
15 16
14 17
12 18
18 19
10 20
19 21
6 22
22
1 2
2 3
1 4
3 5
2 6
2 7
2 8
5 9
3 10
8 11
6 12
6 13
7 14
9 15
11 16
4 17
15 18
15 19
13 20
6 21
5 22
22
1 2
2 3
2 4
2 5
1 6
3 7
7 8
8 9
9 10
6 11
1 12
2 13
12 14
1 15
5 16
11 17
5 18
15 19
6 20
16 21
12 22
22
1 2
1 3
2 4
4 5
5 6
5 7
7 8
6 9
2 10
7 11
1 12
11 13
13 14
14 15
13 16
5 17
13 18
18 19
8 20
18 21
13 22
22
1 2
2 3
1 4
4 5
2 6
6 7
4 8
5 9
4 10
3 11
5 12
7 13
8 14
13 15
10 16
7 17
17 18
14 19
10 20
19 21
20 22
22
1 2
2 3
2 4
2 5
1 6
5 7
6 8
2 9
3 10
5 11
4 12
11 13
6 14
13 15
2 16
12 17
15 18
17 19
6 20
11 21
2 22
22
1 2
2 3
1 4
2 5
3 6
5 7
4 8
1 9
5 10
7 11
1 12
1 13
13 14
5 15
11 16
10 17
2 18
8 19
17 20
3 21
21 22
22
1 2
2 3
1 4
4 5
5 6
6 7
6 8
1 9
6 10
3 11
11 12
6 13
1 14
4 15
2 16
15 17
7 18
3 19
7 20
20 21
18 22
22
1 2
1 3
1 4
1 5
4 6
5 7
3 8
7 9
5 10
8 11
5 12
4 13
11 14
1 15
7 16
11 17
13 18
5 19
6 20
16 21
16 22
22
1 2
1 3
3 4
1 5
3 6
1 7
4 8
2 9
7 10
9 11
1 12
4 13
11 14
14 15
8 16
6 17
10 18
12 19
14 20
19 21
21 22
22
1 2
2 3
3 4
2 5
5 6
6 7
2 8
5 9
8 10
8 11
6 12
11 13
11 14
2 15
14 16
14 17
6 18
1 19
10 20
5 21
11 22
22
1 2
2 3
2 4
3 5
4 6
1 7
6 8
6 9
1 10
6 11
9 12
7 13
9 14
8 15
14 16
9 17
7 18
8 19
11 20
19 21
12 22
22
1 2
2 3
3 4
1 5
3 6
2 7
4 8
5 9
4 10
1 11
9 12
8 13
1 14
1 15
7 16
14 17
16 18
11 19
19 20
4 21
18 22
22
1 2
1 3
2 4
1 5
5 6
4 7
4 8
1 9
6 10
3 11
4 12
2 13
4 14
9 15
9 16
10 17
1 18
2 19
5 20
4 21
7 22
22
1 2
1 3
1 4
2 5
5 6
3 7
5 8
4 9
5 10
9 11
3 12
5 13
1 14
1 15
14 16
2 17
16 18
4 19
4 20
17 21
8 22
22
1 2
1 3
3 4
3 5
3 6
1 7
4 8
5 9
5 10
9 11
4 12
10 13
9 14
2 15
7 16
6 17
12 18
2 19
1 20
7 21
7 22
22
1 2
1 3
2 4
4 5
5 6
1 7
1 8
2 9
3 10
10 11
6 12
6 13
1 14
14 15
13 16
8 17
1 18
14 19
19 20
11 21
10 22
22
1 2
1 3
2 4
2 5
3 6
2 7
3 8
1 9
9 10
10 11
4 12
10 13
2 14
14 15
2 16
11 17
1 18
16 19
19 20
12 21
3 22
22
1 2
2 3
1 4
4 5
2 6
3 7
2 8
6 9
2 10
3 11
11 12
4 13
2 14
10 15
15 16
2 17
8 18
4 19
16 20
16 21
15 22
22
1 2
2 3
2 4
2 5
2 6
6 7
3 8
7 9
8 10
7 11
2 12
9 13
3 14
3 15
9 16
4 17
15 18
16 19
10 20
13 21
12 22
22
1 2
1 3
1 4
4 5
3 6
2 7
3 8
6 9
3 10
2 11
5 12
6 13
6 14
14 15
13 16
13 17
5 18
3 19
17 20
17 21
12 22
22
1 2
1 3
3 4
2 5
2 6
1 7
6 8
6 9
6 10
2 11
3 12
10 13
8 14
1 15
12 16
1 17
15 18
6 19
9 20
5 21
14 22
22
1 2
1 3
1 4
1 5
1 6
6 7
1 8
4 9
9 10
2 11
4 12
2 13
6 14
7 15
3 16
5 17
6 18
11 19
18 20
2 21
12 22
22
1 2
2 3
2 4
1 5
5 6
4 7
1 8
7 9
1 10
8 11
8 12
10 13
12 14
2 15
14 16
13 17
8 18
15 19
6 20
20 21
15 22
22
1 2
1 3
3 4
1 5
2 6
3 7
3 8
7 9
1 10
10 11
8 12
8 13
2 14
8 15
15 16
8 17
17 18
18 19
2 20
9 21
13 22
22
1 2
1 3
3 4
3 5
2 6
3 7
1 8
1 9
5 10
9 11
6 12
12 13
1 14
2 15
6 16
9 17
5 18
5 19
12 20
8 21
20 22
22
1 2
1 3
1 4
2 5
2 6
6 7
3 8
4 9
5 10
10 11
11 12
8 13
6 14
2 15
12 16
6 17
16 18
17 19
19 20
17 21
4 22
22
1 2
1 3
3 4
1 5
2 6
3 7
7 8
7 9
9 10
1 11
9 12
12 13
7 14
8 15
14 16
7 17
8 18
8 19
11 20
20 21
6 22
22
1 2
2 3
1 4
2 5
4 6
4 7
3 8
7 9
2 10
8 11
9 12
9 13
12 14
6 15
5 16
15 17
16 18
10 19
1 20
14 21
5 22
22
1 2
2 3
2 4
1 5
4 6
1 7
2 8
3 9
4 10
4 11
7 12
3 13
2 14
8 15
10 16
7 17
2 18
2 19
14 20
14 21
12 22
22
1 2
1 3
1 4
4 5
2 6
1 7
4 8
5 9
2 10
2 11
9 12
8 13
5 14
2 15
6 16
10 17
17 18
12 19
11 20
3 21
13 22
22
1 2
2 3
2 4
1 5
3 6
2 7
4 8
5 9
7 10
6 11
1 12
12 13
2 14
14 15
5 16
7 17
9 18
4 19
1 20
10 21
15 22
22
1 2
1 3
2 4
1 5
4 6
5 7
3 8
5 9
7 10
9 11
6 12
11 13
3 14
14 15
7 16
9 17
10 18
6 19
6 20
16 21
3 22
22
1 2
2 3
2 4
1 5
1 6
2 7
1 8
7 9
9 10
10 11
1 12
3 13
10 14
10 15
3 16
11 17
5 18
15 19
8 20
1 21
19 22
22
1 2
2 3
2 4
1 5
4 6
1 7
7 8
8 9
8 10
5 11
4 12
8 13
9 14
1 15
8 16
14 17
6 18
18 19
16 20
13 21
16 22
22
1 2
2 3
1 4
3 5
1 6
4 7
4 8
8 9
2 10
1 11
11 12
2 13
3 14
6 15
14 16
4 17
10 18
1 19
15 20
8 21
19 22
22
1 2
1 3
2 4
1 5
3 6
3 7
2 8
7 9
5 10
7 11
6 12
8 13
9 14
6 15
7 16
11 17
11 18
9 19
6 20
19 21
11 22
22
1 2
1 3
2 4
1 5
2 6
2 7
7 8
4 9
7 10
9 11
9 12
1 13
5 14
7 15
15 16
4 17
12 18
14 19
13 20
5 21
16 22
22
1 2
1 3
3 4
3 5
1 6
1 7
1 8
3 9
3 10
2 11
4 12
12 13
3 14
11 15
13 16
9 17
16 18
2 19
6 20
7 21
13 22
22
1 2
2 3
1 4
3 5
4 6
5 7
3 8
3 9
8 10
3 11
9 12
7 13
3 14
6 15
12 16
10 17
3 18
3 19
15 20
6 21
1 22
22
1 2
1 3
1 4
4 5
1 6
2 7
4 8
4 9
9 10
8 11
7 12
10 13
1 14
14 15
2 16
4 17
17 18
6 19
4 20
15 21
17 22
22
1 2
2 3
1 4
1 5
5 6
4 7
7 8
7 9
3 10
6 11
3 12
12 13
5 14
11 15
2 16
6 17
6 18
17 19
8 20
19 21
10 22
22
1 2
1 3
2 4
3 5
5 6
6 7
7 8
4 9
6 10
4 11
9 12
4 13
9 14
3 15
15 16
7 17
4 18
2 19
6 20
20 21
2 22
22
1 2
1 3
3 4
4 5
4 6
6 7
2 8
7 9
5 10
10 11
6 12
10 13
11 14
1 15
11 16
6 17
1 18
14 19
6 20
13 21
18 22
22
1 2
1 3
2 4
2 5
2 6
4 7
5 8
3 9
1 10
7 11
11 12
5 13
4 14
4 15
8 16
11 17
5 18
18 19
15 20
18 21
18 22
22
1 2
2 3
2 4
1 5
5 6
6 7
7 8
1 9
7 10
1 11
1 12
11 13
5 14
11 15
6 16
13 17
8 18
2 19
16 20
7 21
7 22
22
1 2
2 3
2 4
4 5
4 6
6 7
7 8
8 9
3 10
9 11
10 12
7 13
13 14
2 15
1 16
9 17
7 18
9 19
10 20
5 21
21 22
22
1 2
1 3
2 4
2 5
3 6
3 7
7 8
4 9
6 10
7 11
6 12
4 13
4 14
14 15
13 16
2 17
12 18
4 19
17 20
9 21
4 22
22
1 2
2 3
1 4
2 5
3 6
3 7
6 8
2 9
6 10
4 11
5 12
12 13
8 14
11 15
12 16
5 17
12 18
3 19
14 20
1 21
5 22
22
1 2
1 3
2 4
4 5
3 6
2 7
4 8
3 9
8 10
2 11
3 12
10 13
2 14
6 15
1 16
1 17
4 18
2 19
3 20
2 21
9 22
22
1 2
1 3
2 4
3 5
3 6
3 7
1 8
8 9
7 10
3 11
6 12
7 13
4 14
12 15
10 16
13 17
5 18
11 19
8 20
14 21
4 22
22
1 2
2 3
2 4
4 5
1 6
3 7
5 8
4 9
4 10
9 11
8 12
10 13
11 14
11 15
15 16
14 17
5 18
4 19
15 20
17 21
18 22
22
1 2
1 3
2 4
1 5
1 6
3 7
7 8
2 9
7 10
9 11
6 12
1 13
9 14
6 15
4 16
10 17
17 18
4 19
11 20
4 21
1 22
22
1 2
1 3
2 4
4 5
4 6
6 7
7 8
1 9
5 10
2 11
1 12
8 13
7 14
3 15
15 16
9 17
10 18
7 19
10 20
13 21
5 22
22
1 2
2 3
2 4
1 5
1 6
5 7
3 8
8 9
6 10
1 11
9 12
10 13
8 14
13 15
4 16
9 17
6 18
5 19
4 20
13 21
3 22
22
1 2
2 3
2 4
3 5
1 6
6 7
3 8
7 9
5 10
5 11
5 12
2 13
1 14
1 15
6 16
1 17
16 18
6 19
9 20
19 21
21 22
22
1 2
2 3
2 4
1 5
2 6
1 7
3 8
8 9
1 10
9 11
11 12
11 13
1 14
3 15
11 16
6 17
11 18
1 19
17 20
14 21
20 22
22
1 2
1 3
2 4
2 5
4 6
5 7
1 8
2 9
1 10
8 11
4 12
2 13
7 14
12 15
2 16
12 17
13 18
16 19
10 20
3 21
17 22
22
1 2
1 3
1 4
4 5
5 6
2 7
4 8
2 9
3 10
5 11
9 12
8 13
3 14
2 15
6 16
10 17
4 18
11 19
2 20
10 21
5 22
22
1 2
2 3
1 4
3 5
1 6
3 7
2 8
2 9
7 10
2 11
4 12
10 13
8 14
11 15
9 16
11 17
5 18
11 19
13 20
19 21
14 22
22
1 2
1 3
2 4
4 5
5 6
1 7
5 8
5 9
9 10
1 11
4 12
1 13
2 14
5 15
2 16
1 17
8 18
9 19
14 20
9 21
3 22
22
1 2
1 3
3 4
4 5
3 6
5 7
4 8
8 9
5 10
8 11
4 12
7 13
13 14
11 15
1 16
12 17
4 18
5 19
18 20
9 21
15 22
22
1 2
1 3
3 4
4 5
5 6
2 7
3 8
8 9
7 10
7 11
10 12
2 13
7 14
11 15
14 16
12 17
11 18
16 19
14 20
9 21
1 22
22
1 2
2 3
3 4
2 5
4 6
3 7
6 8
7 9
7 10
3 11
10 12
11 13
1 14
10 15
4 16
5 17
15 18
15 19
12 20
16 21
21 22
22
1 2
1 3
3 4
2 5
5 6
4 7
3 8
1 9
6 10
10 11
11 12
10 13
1 14
3 15
6 16
13 17
7 18
7 19
3 20
14 21
7 22
22
1 2
1 3
1 4
4 5
3 6
1 7
1 8
1 9
7 10
7 11
3 12
9 13
6 14
11 15
15 16
8 17
6 18
2 19
19 20
4 21
2 22
22
1 2
2 3
3 4
4 5
1 6
3 7
4 8
2 9
2 10
8 11
6 12
9 13
3 14
14 15
9 16
8 17
4 18
14 19
8 20
17 21
2 22
22
1 2
2 3
2 4
1 5
3 6
2 7
6 8
5 9
8 10
4 11
2 12
12 13
6 14
14 15
9 16
9 17
14 18
11 19
1 20
6 21
1 22
22
1 2
1 3
2 4
3 5
3 6
6 7
5 8
4 9
8 10
3 11
2 12
2 13
12 14
2 15
2 16
9 17
3 18
18 19
1 20
1 21
1 22
22
1 2
1 3
3 4
3 5
2 6
5 7
5 8
7 9
3 10
1 11
7 12
12 13
8 14
4 15
4 16
9 17
17 18
16 19
8 20
3 21
19 22
22
1 2
1 3
3 4
2 5
4 6
5 7
3 8
2 9
8 10
2 11
6 12
5 13
3 14
8 15
6 16
4 17
9 18
15 19
6 20
13 21
16 22
22
1 2
2 3
3 4
3 5
1 6
4 7
2 8
1 9
5 10
8 11
6 12
9 13
11 14
3 15
11 16
9 17
2 18
4 19
3 20
17 21
13 22
22
1 2
1 3
1 4
3 5
5 6
3 7
3 8
2 9
4 10
7 11
5 12
11 13
9 14
3 15
6 16
5 17
9 18
4 19
9 20
11 21
4 22
22
1 2
1 3
2 4
3 5
4 6
4 7
7 8
5 9
7 10
1 11
5 12
3 13
8 14
4 15
15 16
7 17
13 18
4 19
2 20
10 21
2 22
22
1 2
2 3
2 4
2 5
4 6
1 7
1 8
3 9
7 10
1 11
4 12
8 13
2 14
14 15
1 16
5 17
2 18
2 19
2 20
19 21
12 22
22
1 2
1 3
1 4
4 5
1 6
4 7
2 8
7 9
6 10
9 11
11 12
2 13
1 14
3 15
1 16
13 17
14 18
16 19
5 20
7 21
19 22
22
1 2
2 3
2 4
3 5
5 6
1 7
2 8
3 9
1 10
5 11
8 12
1 13
5 14
3 15
14 16
16 17
6 18
14 19
4 20
15 21
2 22
22
1 2
2 3
1 4
4 5
5 6
5 7
4 8
5 9
5 10
3 11
3 12
1 13
2 14
11 15
11 16
13 17
14 18
10 19
10 20
18 21
19 22
22
1 2
1 3
1 4
2 5
3 6
4 7
5 8
6 9
1 10
8 11
7 12
6 13
13 14
7 15
5 16
2 17
8 18
1 19
13 20
15 21
17 22
22
1 2
1 3
3 4
2 5
5 6
4 7
2 8
1 9
7 10
2 11
7 12
3 13
2 14
3 15
14 16
10 17
14 18
4 19
3 20
1 21
20 22
22
1 2
1 3
2 4
4 5
3 6
4 7
4 8
7 9
3 10
9 11
9 12
2 13
12 14
5 15
7 16
13 17
12 18
12 19
15 20
6 21
17 22
22
1 2
2 3
1 4
4 5
3 6
5 7
5 8
6 9
5 10
2 11
3 12
5 13
12 14
2 15
9 16
7 17
2 18
3 19
3 20
7 21
20 22
22
1 2
1 3
1 4
2 5
4 6
1 7
2 8
1 9
4 10
7 11
1 12
2 13
7 14
13 15
2 16
4 17
9 18
8 19
11 20
3 21
17 22
22
1 2
1 3
2 4
1 5
4 6
3 7
2 8
2 9
7 10
4 11
1 12
1 13
12 14
7 15
6 16
7 17
14 18
14 19
6 20
11 21
11 22
22
1 2
1 3
3 4
1 5
1 6
4 7
7 8
7 9
6 10
8 11
2 12
8 13
4 14
14 15
15 16
1 17
12 18
1 19
11 20
8 21
11 22
22
1 2
1 3
2 4
2 5
5 6
5 7
1 8
6 9
2 10
5 11
8 12
7 13
9 14
2 15
10 16
3 17
13 18
1 19
3 20
14 21
15 22
22
1 2
1 3
2 4
1 5
3 6
2 7
6 8
2 9
4 10
7 11
9 12
6 13
5 14
4 15
6 16
9 17
14 18
9 19
16 20
5 21
16 22
22
1 2
1 3
1 4
3 5
1 6
1 7
1 8
3 9
5 10
2 11
10 12
4 13
6 14
1 15
5 16
12 17
11 18
8 19
10 20
9 21
4 22
22
1 2
1 3
3 4
3 5
4 6
1 7
5 8
3 9
4 10
7 11
11 12
8 13
2 14
4 15
14 16
2 17
13 18
16 19
14 20
20 21
19 22
22
1 2
1 3
1 4
3 5
3 6
4 7
1 8
8 9
2 10
9 11
7 12
7 13
1 14
12 15
6 16
9 17
10 18
8 19
8 20
7 21
17 22
22
1 2
1 3
3 4
3 5
4 6
1 7
3 8
7 9
9 10
9 11
4 12
3 13
12 14
2 15
9 16
14 17
1 18
11 19
19 20
18 21
3 22
22
1 2
1 3
1 4
1 5
5 6
4 7
1 8
6 9
8 10
10 11
1 12
7 13
11 14
3 15
13 16
8 17
10 18
8 19
6 20
17 21
4 22
22
1 2
1 3
2 4
3 5
5 6
6 7
3 8
2 9
5 10
3 11
6 12
12 13
1 14
12 15
11 16
2 17
11 18
9 19
4 20
4 21
5 22
22
1 2
1 3
3 4
3 5
4 6
5 7
3 8
6 9
3 10
9 11
1 12
8 13
10 14
10 15
8 16
2 17
15 18
10 19
8 20
6 21
15 22
22
1 2
2 3
1 4
3 5
4 6
4 7
3 8
6 9
2 10
6 11
8 12
8 13
11 14
13 15
10 16
4 17
14 18
10 19
8 20
3 21
14 22
22
1 2
1 3
3 4
4 5
5 6
5 7
6 8
7 9
3 10
3 11
3 12
1 13
6 14
4 15
10 16
16 17
3 18
14 19
10 20
15 21
18 22
22
1 2
1 3
3 4
3 5
4 6
3 7
6 8
7 9
4 10
6 11
7 12
12 13
7 14
2 15
2 16
15 17
12 18
11 19
7 20
8 21
7 22
22
1 2
2 3
1 4
3 5
4 6
6 7
2 8
2 9
4 10
7 11
10 12
2 13
4 14
9 15
11 16
10 17
12 18
4 19
1 20
13 21
8 22
22
1 2
2 3
3 4
1 5
4 6
2 7
6 8
5 9
1 10
8 11
6 12
4 13
6 14
3 15
1 16
10 17
5 18
18 19
1 20
5 21
6 22
22
1 2
2 3
2 4
4 5
3 6
2 7
1 8
6 9
4 10
3 11
8 12
3 13
13 14
13 15
14 16
2 17
11 18
4 19
8 20
14 21
12 22
22
1 2
1 3
3 4
3 5
3 6
4 7
4 8
3 9
1 10
3 11
10 12
10 13
1 14
1 15
9 16
8 17
13 18
14 19
14 20
19 21
16 22
22
1 2
1 3
1 4
2 5
5 6
2 7
4 8
1 9
5 10
2 11
1 12
3 13
1 14
8 15
8 16
12 17
15 18
14 19
8 20
1 21
16 22
22
1 2
2 3
3 4
3 5
4 6
3 7
7 8
1 9
9 10
5 11
4 12
5 13
5 14
3 15
12 16
5 17
11 18
9 19
9 20
4 21
4 22
22
1 2
1 3
1 4
1 5
1 6
1 7
1 8
6 9
3 10
3 11
3 12
9 13
4 14
6 15
1 16
15 17
11 18
9 19
10 20
9 21
19 22
22
1 2
2 3
3 4
1 5
4 6
6 7
1 8
4 9
1 10
7 11
11 12
1 13
7 14
5 15
8 16
12 17
9 18
7 19
18 20
5 21
17 22
22
1 2
1 3
1 4
2 5
4 6
5 7
6 8
8 9
8 10
1 11
8 12
4 13
1 14
12 15
13 16
8 17
9 18
8 19
11 20
3 21
20 22
22
1 2
2 3
2 4
3 5
2 6
6 7
2 8
5 9
8 10
3 11
11 12
4 13
4 14
1 15
10 16
5 17
4 18
12 19
14 20
2 21
8 22
22
1 2
1 3
2 4
1 5
3 6
4 7
1 8
8 9
8 10
9 11
9 12
11 13
13 14
8 15
12 16
8 17
17 18
17 19
15 20
16 21
14 22
22
1 2
2 3
3 4
4 5
5 6
1 7
7 8
6 9
6 10
3 11
11 12
4 13
10 14
10 15
15 16
9 17
10 18
18 19
18 20
10 21
1 22
