500 22361 500
300 500
301 500
302 500
303 500
304 500
305 500
306 500
307 500
308 500
309 500
310 500
311 500
312 500
313 500
314 500
315 500
316 500
317 500
318 500
319 500
320 500
321 500
322 500
323 500
324 500
325 500
326 500
327 500
328 500
329 500
330 500
331 500
332 500
333 500
334 500
335 500
336 500
337 500
338 500
339 500
340 500
341 500
342 500
343 500
344 500
345 500
346 500
347 500
348 500
349 500
350 500
351 500
352 500
353 500
354 500
355 500
356 500
357 500
358 500
359 500
360 500
361 500
362 500
363 500
364 500
365 500
366 500
367 500
368 500
369 500
370 500
371 500
372 500
373 500
374 500
375 500
376 500
377 500
378 500
379 500
380 500
381 500
382 500
383 500
384 500
385 500
386 500
387 500
388 500
389 500
390 500
391 500
392 500
393 500
394 500
395 500
396 500
397 500
398 500
399 500
400 500
401 500
402 500
403 500
404 500
405 500
406 500
407 500
408 500
409 500
410 500
411 500
412 500
413 500
414 500
415 500
416 500
417 500
418 500
419 500
420 500
421 500
422 500
423 500
424 500
425 500
426 500
427 500
428 500
429 500
430 500
431 500
432 500
433 500
434 500
435 500
436 500
437 500
438 500
439 500
440 500
441 500
442 500
443 500
444 500
445 500
446 500
447 500
448 500
449 500
450 500
451 500
452 500
453 500
454 500
455 500
456 500
457 500
458 500
459 500
460 500
461 500
462 500
463 500
464 500
465 500
466 500
467 500
468 500
469 500
470 500
471 500
472 500
473 500
474 500
475 500
476 500
477 500
478 500
479 500
480 500
481 500
482 500
483 500
484 500
485 500
486 500
487 500
488 500
489 500
490 500
491 500
492 500
493 500
494 500
495 500
496 500
497 500
498 500
499 500
59 209
13 100
32 131
191 295
44 47
33 280
26 271
65 244
36 199
97 174
102 235
194 275
12 277
181 273
44 161
156 193
51 251
161 175
135 241
203 254
8 46
273 286
125 133
43 68
80 86
18 149
26 112
31 105
33 140
5 197
237 293
61 168
58 188
35 181
182 257
82 226
89 249
25 131
79 287
283 297
266 295
199 285
121 196
52 291
121 279
67 173
36 243
38 87
76 297
52 254
224 233
149 274
22 104
52 86
26 103
43 52
95 112
170 238
36 48
56 259
129 287
140 293
70 254
54 268
272 280
28 242
131 196
58 241
174 192
51 123
85 99
31 193
75 285
116 180
80 100
93 109
111 181
96 300
158 205
51 224
120 254
184 238
268 288
78 275
73 153
63 112
4 15
154 240
36 210
38 208
32 277
39 199
84 277
41 161
23 54
28 233
66 292
222 267
136 271
136 140
10 260
29 163
184 287
18 235
87 209
175 283
18 211
24 280
169 258
8 173
231 261
35 160
79 196
29 60
212 213
227 280
13 81
126 256
124 208
149 298
192 255
55 231
157 229
233 252
10 259
175 245
4 181
44 88
38 39
20 32
151 197
91 142
39 68
44 198
200 279
1 88
90 149
125 130
31 248
44 183
111 131
100 180
137 259
123 281
9 140
37 113
32 298
175 246
86 111
4 298
33 128
54 227
191 216
143 275
8 57
66 189
184 268
58 256
157 163
169 238
173 274
68 148
39 252
145 200
54 259
177 298
183 205
82 262
190 289
48 183
33 104
147 255
13 97
250 290
127 295
3 158
109 161
65 297
3 16
128 256
73 78
45 192
74 273
150 203
116 293
51 170
120 176
96 149
89 228
180 249
49 200
1 49
127 143
231 272
243 244
173 228
107 295
54 143
142 291
40 292
123 141
8 10
49 227
65 85
126 167
241 281
122 180
144 227
74 191
94 245
154 273
78 108
160 192
59 154
153 293
12 143
155 188
54 175
215 300
2 200
17 261
138 220
104 128
159 200
192 230
70 181
98 194
70 298
137 191
14 154
9 32
25 216
99 258
190 290
114 254
108 194
268 270
153 283
74 144
92 215
11 78
234 285
158 283
112 157
96 249
68 136
84 161
178 265
62 198
25 241
70 101
9 137
15 50
154 199
4 46
98 237
104 152
139 197
49 65
228 285
33 264
20 212
171 181
151 189
9 165
52 244
23 72
77 212
136 138
97 272
178 276
166 199
69 299
5 153
81 237
208 288
38 113
36 82
62 157
60 185
219 224
19 159
115 172
174 279
9 51
49 123
37 163
259 277
183 240
93 216
61 291
218 272
6 167
122 285
252 272
115 256
172 193
19 82
125 128
28 147
53 78
193 294
52 175
10 61
87 119
196 258
58 152
113 259
29 167
181 287
219 229
188 215
168 230
118 243
1 93
17 232
88 250
117 168
170 177
93 130
87 299
31 78
81 168
23 116
36 272
153 262
117 182
45 245
88 206
69 134
2 6
128 187
173 255
232 244
96 151
67 157
78 271
134 176
1 111
94 243
70 221
104 276
36 47
97 191
150 215
50 64
114 207
64 205
130 286
183 248
150 231
129 289
73 247
31 184
184 276
205 279
112 281
84 143
174 226
67 105
60 250
4 37
22 200
161 216
195 202
91 274
71 113
24 63
37 46
125 160
109 138
204 213
74 283
20 84
172 270
46 261
39 226
94 205
70 145
152 286
8 165
14 140
62 112
157 159
130 246
188 241
114 188
17 175
82 144
139 257
185 280
226 243
86 232
101 247
194 248
56 74
58 266
184 210
147 210
84 186
24 109
148 296
70 215
72 246
146 248
20 123
148 186
198 252
150 190
84 251
125 150
62 197
234 253
170 175
166 189
201 221
88 154
169 248
11 260
22 69
46 136
100 291
113 143
3 154
55 129
216 299
157 187
128 271
241 274
27 85
74 243
79 115
51 129
82 198
122 269
8 51
30 249
124 157
92 221
17 25
46 114
83 161
54 87
183 246
10 255
35 239
74 262
86 283
72 190
161 277
205 215
6 68
11 36
19 191
137 156
75 188
218 231
177 252
17 79
192 227
116 228
9 213
19 294
6 280
28 69
156 252
181 216
44 153
12 163
105 132
42 264
139 143
73 97
82 161
157 205
46 159
49 61
262 285
45 142
26 295
62 247
13 105
4 215
172 286
123 259
49 152
43 135
178 250
37 204
163 196
43 156
28 76
28 255
271 290
87 221
159 249
120 137
244 295
147 181
126 226
56 169
205 260
169 171
173 240
134 257
4 162
110 253
31 249
135 159
118 223
14 247
164 200
145 293
155 289
64 273
31 279
86 181
85 114
74 276
103 145
203 269
31 156
93 252
46 87
48 215
257 289
39 184
221 273
144 282
41 183
104 129
21 135
169 256
8 103
180 265
23 273
220 277
97 279
111 188
62 82
230 244
234 247
196 283
48 50
195 269
151 202
1 11
124 283
204 211
62 136
29 264
248 252
69 84
70 244
181 257
231 256
158 212
177 236
8 253
24 236
103 201
129 262
48 172
65 289
5 12
206 264
5 178
42 299
132 300
114 171
194 200
116 170
30 35
170 234
3 40
11 18
51 229
154 253
92 170
191 194
65 172
110 300
49 235
184 245
11 222
89 195
161 249
167 176
99 240
205 221
253 273
14 227
240 257
56 262
161 172
30 232
47 235
96 148
21 239
37 205
93 193
135 208
28 155
111 189
40 262
1 195
44 172
221 267
13 173
60 288
91 222
49 114
137 150
89 204
117 174
153 284
34 156
4 63
14 54
148 171
268 299
31 117
212 232
20 43
35 271
217 274
179 190
22 118
9 139
118 235
264 292
23 213
102 244
186 240
151 152
229 281
75 173
133 287
71 112
40 162
138 279
148 298
114 130
50 67
159 223
139 300
137 233
89 250
5 63
278 298
143 269
94 145
72 196
62 219
66 110
115 300
30 167
191 222
1 67
168 200
228 273
90 190
46 236
143 264
59 173
19 147
109 163
96 263
54 265
11 281
196 226
112 191
84 185
125 250
174 241
109 119
178 192
219 300
101 108
116 169
187 285
134 208
223 271
132 176
164 248
42 259
41 259
53 69
141 147
74 249
42 126
3 212
110 241
62 202
160 211
192 236
12 73
83 275
93 203
118 123
80 143
174 179
72 245
226 258
240 289
72 167
231 267
107 298
140 179
277 284
10 222
56 244
42 95
107 172
45 152
92 256
72 74
1 294
21 106
178 207
13 102
34 151
234 246
20 108
7 198
121 244
50 96
41 138
263 300
188 266
141 221
139 265
67 130
152 190
22 63
55 269
122 281
71 102
13 281
90 284
97 168
75 107
81 209
126 239
10 130
69 137
43 166
23 269
23 45
68 110
111 281
33 83
14 279
134 270
207 284
127 197
5 190
207 218
5 43
225 285
27 103
184 248
212 227
109 127
35 86
16 166
64 68
91 212
96 270
68 107
52 286
105 152
58 208
140 156
91 264
71 175
136 178
31 112
88 195
285 292
145 279
143 232
111 287
160 228
135 212
196 262
36 103
45 170
6 21
129 136
198 288
181 263
121 190
94 199
232 269
90 138
30 194
96 264
37 137
110 273
40 237
26 82
129 296
68 139
135 277
87 228
175 207
147 300
169 276
43 300
26 175
165 179
204 298
48 190
37 223
52 113
7 36
204 244
247 290
109 291
100 107
176 245
18 49
39 154
1 29
250 288
11 178
237 262
204 286
31 131
196 272
4 192
248 289
94 124
24 242
132 238
144 187
79 272
187 239
109 164
119 153
11 239
87 160
79 116
219 271
3 59
192 205
170 272
276 298
71 156
139 238
276 288
14 184
111 213
24 215
2 54
271 299
2 147
133 160
45 209
63 129
11 294
165 259
29 112
58 91
26 227
113 205
109 123
57 182
56 139
137 163
49 84
77 179
61 142
223 264
245 257
3 179
129 190
39 227
2 24
17 285
253 295
134 252
27 263
141 262
22 280
111 232
65 142
162 213
77 216
151 275
73 111
20 63
218 299
267 298
12 289
132 164
69 227
289 299
37 41
42 145
131 294
147 151
45 97
147 239
157 200
120 283
165 212
119 124
179 253
209 239
215 222
43 199
183 291
127 211
24 77
33 40
2 95
142 280
146 290
38 155
98 133
99 201
192 231
56 128
91 141
64 66
223 236
30 58
78 269
86 209
73 121
129 213
81 153
229 237
45 106
184 187
226 271
106 280
44 175
148 225
135 263
47 258
10 122
166 245
194 242
209 263
194 279
13 96
6 221
36 183
186 214
50 128
16 102
79 259
16 194
29 181
108 120
91 299
41 143
22 28
158 247
192 286
231 245
177 295
25 294
21 169
192 282
11 284
47 199
210 292
63 93
60 285
47 53
166 300
55 124
92 129
203 218
169 269
20 206
95 216
101 224
118 241
52 66
13 204
247 288
148 234
153 229
31 115
39 121
87 101
121 175
192 211
59 95
94 95
15 188
58 141
11 117
55 265
145 238
215 248
19 184
35 111
119 145
56 71
158 229
47 130
100 171
74 133
30 165
175 183
256 274
192 270
119 252
16 100
167 254
51 117
108 217
101 251
143 190
35 49
222 290
57 145
150 177
51 197
59 292
177 287
138 254
97 293
216 245
205 222
79 286
106 169
51 128
137 145
22 213
75 113
74 294
39 56
144 174
18 123
92 247
7 161
37 105
173 259
215 275
148 289
108 208
87 130
211 237
139 224
81 210
164 254
25 197
9 260
42 130
143 229
165 173
268 286
200 268
227 244
29 55
6 248
9 298
134 277
35 207
117 124
182 264
208 289
19 290
17 257
198 215
90 232
154 236
51 266
108 289
6 181
8 183
110 279
255 275
93 157
11 107
95 238
185 292
190 206
35 89
54 108
30 105
42 241
25 218
44 136
76 217
58 143
88 163
28 173
55 146
72 131
181 260
17 248
188 226
51 177
47 208
51 284
14 118
142 147
28 292
246 269
58 295
16 242
14 167
119 208
136 266
12 67
129 193
137 256
197 217
8 34
69 117
13 145
112 181
4 50
218 300
77 165
91 249
5 65
139 219
88 164
164 176
112 126
121 139
14 166
11 251
237 265
213 283
177 255
72 107
120 211
76 232
59 289
109 190
132 214
31 49
69 153
162 204
6 233
59 66
119 206
79 233
96 135
37 252
61 239
161 164
149 171
39 80
144 173
134 268
255 290
206 220
200 296
84 258
66 102
7 262
195 244
24 246
121 236
62 216
58 227
175 238
108 142
166 227
125 178
187 211
49 266
1 228
42 100
98 300
151 261
184 212
27 218
52 270
41 232
115 294
34 259
46 238
119 131
130 201
17 19
192 226
52 257
15 130
118 208
131 216
126 270
27 246
77 109
89 209
75 212
55 76
152 207
158 264
80 160
246 249
71 284
197 236
244 267
59 90
130 174
121 229
77 297
61 179
57 147
43 125
48 79
148 199
2 212
85 175
58 123
93 290
37 95
173 246
231 237
126 141
4 38
4 214
18 203
57 178
14 150
181 272
222 278
57 105
29 285
85 166
81 266
220 240
208 259
210 284
234 270
69 271
29 196
179 207
2 39
10 62
131 201
57 269
58 279
127 162
101 233
6 271
85 292
56 238
207 216
57 279
34 82
62 252
73 269
72 269
108 163
131 157
192 288
263 275
51 111
92 111
166 273
173 238
10 229
53 200
94 105
37 91
202 250
96 172
191 272
86 263
171 235
4 102
210 267
97 273
175 231
261 287
86 165
92 163
137 205
153 286
24 97
24 150
220 238
242 256
224 260
55 259
35 134
195 289
238 268
39 276
25 223
91 215
36 69
102 225
9 62
78 89
13 246
21 177
67 299
191 223
86 202
175 196
106 248
24 62
35 291
72 114
69 130
151 221
105 229
38 207
54 253
140 220
156 226
4 248
26 107
10 251
169 209
203 212
39 97
75 159
97 136
198 204
131 192
42 161
176 229
117 198
125 139
94 204
290 298
41 191
172 178
28 299
116 212
167 190
211 236
16 198
72 159
234 281
8 50
5 262
11 51
49 278
17 228
180 281
11 40
26 120
13 29
75 234
30 200
138 259
83 250
200 273
133 266
143 228
51 168
60 238
86 117
141 156
2 279
167 204
25 67
55 102
29 241
39 212
46 255
138 257
189 275
82 114
157 244
4 280
42 217
210 271
139 285
156 188
49 147
121 132
2 68
33 230
203 232
130 256
15 150
298 300
34 181
59 82
90 130
74 154
227 256
133 198
193 239
116 253
102 297
84 95
46 224
137 273
118 257
278 290
76 194
52 140
267 281
149 276
261 266
7 200
134 162
11 140
24 168
11 237
216 217
48 217
159 214
94 247
54 286
212 266
44 152
185 252
14 259
212 246
109 204
185 249
101 150
102 246
186 231
89 173
63 179
136 281
204 217
157 254
113 279
63 269
153 168
128 213
65 265
116 273
95 106
9 200
3 156
129 266
98 148
8 100
201 210
204 275
208 210
5 9
127 207
99 205
145 168
86 105
276 283
136 234
119 158
7 240
110 213
63 190
29 206
45 221
106 237
141 199
89 286
27 55
107 149
270 278
137 282
111 113
61 246
7 284
27 182
188 204
160 287
83 181
117 146
27 168
207 295
176 264
248 269
254 287
179 278
127 130
110 137
127 187
62 162
91 107
140 186
151 193
77 147
36 274
63 196
243 245
14 264
53 195
28 128
31 244
40 156
218 276
107 270
38 279
135 198
255 273
7 118
144 269
105 155
90 245
166 182
83 200
102 268
104 157
158 284
63 260
159 198
124 236
147 273
211 300
62 148
159 212
1 209
27 210
8 65
2 116
91 134
189 200
128 266
4 261
105 282
28 47
21 206
94 104
17 294
256 300
41 130
193 227
20 188
79 98
47 105
44 103
48 65
98 114
193 249
84 104
125 289
94 96
59 230
14 50
160 262
9 239
153 200
135 228
71 232
11 42
98 217
100 129
73 237
44 237
203 260
137 257
187 216
241 273
73 160
55 109
239 240
144 172
261 268
109 217
177 282
30 197
64 272
131 135
264 284
250 284
203 298
159 177
137 169
169 251
54 144
10 15
76 203
244 247
17 264
144 260
58 225
62 232
12 190
112 205
91 97
113 198
152 279
182 241
6 218
104 169
143 152
229 262
73 294
75 84
52 70
20 217
9 252
42 282
14 187
58 134
130 283
60 299
48 105
9 17
61 176
179 251
14 234
207 265
62 149
13 156
59 144
236 284
71 161
93 232
80 275
252 255
1 205
150 218
28 265
5 19
50 68
153 245
7 289
188 221
68 113
191 198
221 222
99 127
106 289
221 247
193 293
216 292
104 272
51 101
19 32
97 167
248 300
158 162
186 200
161 208
253 256
91 121
58 261
178 210
62 286
4 211
41 270
79 156
80 88
8 188
196 216
19 24
113 240
148 258
165 203
88 184
106 221
81 248
21 112
18 85
38 42
29 125
64 88
39 87
77 276
17 106
252 300
14 178
78 109
214 216
248 260
22 204
227 243
194 281
236 295
156 211
52 141
252 262
42 257
201 285
67 226
43 235
44 192
55 264
133 290
136 231
140 214
35 36
165 168
69 237
9 289
264 282
15 184
56 147
66 208
167 210
54 164
33 245
2 75
185 274
47 292
121 203
16 288
195 232
117 137
23 243
57 195
40 119
56 158
53 166
120 280
40 95
188 284
101 214
127 167
34 52
18 27
51 135
40 74
221 235
58 185
60 179
182 234
91 115
109 111
93 261
129 229
24 90
33 250
5 64
165 197
93 293
242 243
160 185
127 249
27 170
81 134
215 253
37 276
69 235
61 199
93 162
109 224
27 199
6 47
264 283
27 50
165 293
30 135
18 141
27 299
57 231
26 280
230 289
132 206
165 297
94 218
206 243
87 99
12 23
147 182
49 127
86 129
2 153
1 273
102 145
175 219
136 203
152 211
11 154
29 32
103 271
9 240
222 229
49 214
150 288
50 248
213 274
73 156
218 236
18 95
5 94
87 269
60 272
67 210
76 256
8 125
41 243
68 93
162 260
26 254
13 229
69 292
163 223
255 283
3 200
104 270
73 120
116 245
8 235
172 285
210 272
141 289
173 218
84 106
226 246
148 291
10 289
207 262
195 241
17 70
144 265
1 234
207 258
115 237
257 259
264 300
88 235
260 299
255 280
6 77
34 225
28 168
30 87
158 290
278 282
88 207
101 183
46 216
46 65
131 183
195 263
105 207
164 287
257 271
2 211
102 158
17 172
50 187
71 74
38 269
115 208
37 90
89 180
77 156
223 272
202 285
169 252
54 234
155 213
80 89
166 193
78 185
169 178
111 300
144 257
109 194
33 157
61 262
153 208
36 72
102 276
52 181
176 247
121 194
19 189
22 279
1 139
100 184
1 108
167 253
203 261
32 86
4 138
171 231
12 253
32 257
18 254
239 282
164 288
97 200
37 216
75 92
200 231
278 284
36 278
156 225
180 242
71 211
54 200
258 293
168 178
164 213
267 277
131 140
105 183
90 296
14 225
185 232
22 162
114 212
47 123
176 281
250 280
138 177
187 230
85 223
137 262
31 183
56 99
137 162
75 223
25 60
162 233
46 293
121 158
195 243
84 195
3 251
38 51
30 49
76 160
39 240
122 256
256 287
123 195
103 267
81 299
91 277
37 89
9 225
118 174
45 110
110 297
224 246
153 225
131 214
233 295
79 234
141 248
104 212
75 287
43 293
151 240
251 294
203 248
56 234
135 150
68 287
272 293
177 237
147 148
161 288
195 277
127 170
203 225
74 148
35 242
67 216
19 256
103 171
194 201
77 135
8 36
8 234
69 91
205 238
136 143
94 109
71 121
84 235
118 181
198 233
42 193
194 293
76 214
30 163
138 209
37 73
58 230
128 225
39 194
40 161
52 292
56 97
129 217
120 264
71 179
53 164
51 153
195 199
178 283
20 241
19 264
149 150
111 297
252 283
21 70
75 134
88 186
37 76
177 268
164 210
255 269
83 143
27 43
169 242
189 274
138 290
18 102
126 191
66 197
52 201
22 102
235 274
49 103
214 217
143 249
268 300
242 248
123 152
144 146
123 284
48 92
167 264
71 261
2 134
95 151
229 293
37 150
108 224
52 135
103 264
47 286
167 271
170 253
138 253
61 300
128 286
89 133
265 299
31 149
14 117
4 201
184 206
107 299
93 226
4 48
91 183
93 235
37 290
103 243
162 254
96 181
3 245
18 35
106 203
191 230
189 210
54 219
37 74
66 229
118 215
2 13
154 297
99 232
112 202
186 277
100 125
164 239
39 162
21 93
5 146
25 49
5 164
21 102
100 134
215 293
48 254
42 151
48 213
92 93
7 49
139 160
53 97
243 282
117 276
15 185
7 258
67 149
156 195
25 68
238 282
53 188
75 261
223 250
177 251
96 116
35 288
14 282
214 298
36 136
114 233
87 197
135 146
40 163
16 157
161 278
87 181
178 183
142 157
106 137
25 221
9 241
122 289
126 243
177 267
221 231
51 98
142 251
28 228
20 81
142 201
38 300
275 284
225 283
55 117
34 273
65 285
54 97
23 91
38 67
45 214
97 203
50 253
103 266
9 123
33 84
88 108
23 60
12 155
160 229
56 214
205 289
86 237
46 202
123 129
83 166
139 205
18 44
106 219
234 278
204 225
110 280
77 234
72 151
192 291
130 213
135 267
173 186
117 284
27 261
45 204
150 153
59 160
62 254
131 239
70 82
68 241
57 187
159 265
6 276
53 185
153 159
150 205
58 252
84 246
125 170
197 270
196 203
86 107
85 137
93 300
280 298
120 245
222 280
82 265
195 271
84 234
37 38
131 137
100 196
108 145
51 174
9 242
171 299
242 292
140 142
102 116
122 300
68 97
136 287
105 269
129 218
205 271
33 209
20 135
13 183
8 249
69 93
154 219
10 114
129 252
126 190
260 290
44 291
61 261
86 178
43 169
42 166
238 288
18 267
33 282
73 271
31 264
111 178
97 221
58 165
16 63
70 157
157 195
116 230
66 117
23 231
129 293
254 260
105 178
159 180
242 271
182 253
48 184
52 278
64 245
30 36
166 282
66 298
130 223
32 151
121 127
46 67
134 154
62 277
224 291
153 223
150 246
16 41
30 185
127 195
11 82
78 192
127 181
37 172
14 172
49 284
216 262
161 200
39 159
164 246
51 215
55 77
185 190
14 176
173 251
45 203
12 131
267 291
210 243
150 179
57 61
98 175
122 265
143 295
111 257
50 126
146 259
89 95
28 297
125 225
173 176
182 259
48 163
255 256
88 166
24 135
176 220
24 175
93 176
45 105
114 198
70 236
113 268
48 223
126 204
191 249
215 284
91 161
29 262
216 296
48 288
58 74
161 255
54 179
47 245
45 244
93 247
62 271
57 245
67 104
48 130
260 285
22 211
98 187
92 297
8 251
81 183
89 230
202 286
22 72
85 260
143 236
50 90
234 260
114 261
90 154
51 271
60 170
183 294
195 298
46 288
120 274
137 279
29 208
18 125
51 165
36 126
129 292
75 278
135 266
72 144
200 287
120 289
48 211
91 187
231 264
28 284
98 206
151 206
10 93
68 101
31 106
88 169
147 281
57 202
42 224
173 270
60 113
86 88
35 270
88 284
18 197
245 271
127 191
46 182
11 280
17 60
139 169
81 107
46 192
34 134
30 215
46 164
23 271
31 92
66 199
95 286
131 248
105 119
189 298
297 299
55 72
50 265
24 220
103 285
73 243
89 175
17 149
77 265
98 212
74 271
43 232
193 218
41 272
40 103
104 114
135 250
89 283
54 76
209 257
153 224
53 136
53 278
122 250
60 165
77 131
51 250
200 260
153 231
27 177
10 109
41 67
43 47
246 294
151 231
25 103
124 155
37 242
176 284
11 288
44 155
60 160
132 279
84 163
46 207
73 244
87 126
226 287
28 193
94 144
173 276
94 239
173 237
233 246
41 284
31 91
38 114
180 253
189 249
38 225
26 237
58 89
44 69
141 300
134 250
185 191
136 294
141 191
268 276
94 220
10 256
154 227
6 15
109 165
222 284
51 230
29 81
246 252
38 241
94 191
29 183
10 141
221 234
38 296
279 294
11 275
58 151
58 288
9 135
111 243
42 59
43 132
30 250
210 216
34 169
24 199
204 223
108 285
50 206
130 297
106 118
60 213
53 249
50 242
43 297
85 262
32 110
198 206
259 262
34 269
32 283
109 234
36 245
9 118
141 234
106 229
21 174
61 131
48 218
224 294
7 52
8 209
73 177
66 237
19 28
16 75
190 239
166 241
80 221
234 300
39 59
6 32
41 219
46 242
79 262
79 237
136 182
91 171
291 295
122 198
19 255
93 180
255 292
51 256
99 130
169 200
61 256
11 213
140 255
133 265
222 228
59 167
195 211
193 287
68 284
80 259
118 289
26 191
111 200
174 250
243 298
135 153
49 294
88 297
79 97
264 288
99 104
128 254
20 92
31 79
85 122
40 300
121 267
175 240
5 229
44 91
76 221
180 269
171 190
172 287
18 99
153 244
72 100
121 185
166 198
96 246
10 96
133 224
111 238
101 229
206 258
18 113
187 281
125 181
45 56
28 80
60 98
26 41
157 217
101 110
141 180
36 55
85 231
140 152
135 260
242 297
2 51
243 268
225 241
34 103
281 291
16 217
30 170
67 250
122 240
45 258
126 199
65 259
235 287
124 196
37 198
27 150
39 166
100 225
118 195
194 287
70 223
42 189
75 101
15 271
125 134
78 285
153 197
216 249
202 283
34 291
242 268
35 190
48 210
55 78
108 229
148 243
100 212
136 180
167 229
51 219
36 211
96 165
81 95
98 137
110 226
57 280
47 270
97 99
27 209
75 180
124 246
190 279
9 282
186 275
70 239
122 128
2 276
9 208
36 125
201 272
27 300
70 196
63 99
63 81
96 234
61 78
7 158
23 289
198 298
158 235
186 253
72 204
150 198
56 283
55 230
18 124
112 194
37 133
62 110
199 255
213 280
64 183
63 195
4 155
56 213
48 243
90 300
108 238
153 205
154 177
192 232
40 265
71 177
63 211
25 272
98 296
56 134
10 101
18 193
97 147
189 211
218 252
126 241
77 221
123 168
125 146
37 80
34 207
8 268
172 224
216 235
134 234
52 122
171 296
77 176
220 300
93 236
94 268
191 265
107 108
27 49
144 298
14 64
124 282
25 220
106 300
26 183
65 221
200 204
219 238
156 158
109 294
115 158
46 272
3 111
56 142
17 68
85 100
157 290
216 227
2 225
172 179
213 220
6 50
78 247
70 209
224 290
97 209
150 194
175 263
35 144
190 207
65 178
46 248
167 281
18 234
250 297
41 289
97 145
206 233
134 157
81 139
106 292
6 256
41 177
46 129
140 298
126 273
26 111
261 262
184 297
72 220
225 271
49 289
118 276
177 265
99 270
21 124
76 183
45 265
57 218
34 163
75 256
127 199
105 130
189 192
6 184
32 78
64 208
167 238
225 296
40 277
43 291
126 272
128 233
100 263
37 231
71 176
120 279
105 129
19 164
171 216
137 226
8 18
108 159
162 296
217 295
115 248
261 293
101 274
93 259
5 100
164 195
130 151
266 284
24 192
248 259
56 243
36 145
165 226
69 179
99 146
37 228
151 177
46 117
155 292
32 160
201 231
63 155
8 214
53 207
159 261
151 257
30 158
230 280
247 295
44 53
138 214
8 258
147 286
166 290
12 59
45 131
129 130
15 107
120 235
222 225
104 125
94 294
35 192
2 187
171 271
181 279
94 267
236 290
2 257
4 293
41 169
70 134
2 43
130 270
129 278
161 287
67 217
230 262
170 243
48 157
76 199
30 152
115 293
209 210
21 247
75 238
72 211
48 49
275 294
167 243
91 255
110 125
172 181
4 137
5 201
204 222
40 115
16 264
133 271
78 278
33 144
95 250
75 182
40 127
59 162
17 202
25 61
42 271
59 122
46 257
57 163
112 294
164 194
39 115
104 121
113 179
100 146
26 202
30 269
193 210
19 161
105 151
69 218
74 97
134 288
169 261
174 214
54 221
236 297
38 220
35 202
206 223
127 285
16 193
98 129
27 281
205 280
214 240
73 136
125 271
118 298
8 187
144 283
141 197
54 69
134 241
50 207
144 224
101 103
249 283
14 84
3 244
107 263
165 193
58 169
94 165
147 268
7 62
70 99
45 62
53 65
24 138
230 298
50 131
59 227
13 104
180 212
88 204
172 195
82 285
69 243
113 124
11 58
40 86
59 300
185 294
197 280
172 256
156 227
33 76
139 241
67 256
19 231
72 230
91 221
109 220
180 267
173 289
228 241
53 121
34 79
65 77
82 191
94 118
82 300
174 267
186 238
299 300
26 283
51 239
134 226
67 96
102 159
120 233
239 263
13 285
36 87
82 256
168 232
15 132
125 281
73 208
194 197
54 274
115 133
141 253
235 280
166 224
42 57
90 254
42 190
117 183
73 209
23 189
149 242
220 249
245 247
157 242
180 268
78 212
60 139
69 100
87 127
210 240
172 220
95 177
18 134
82 143
112 248
76 90
29 131
17 69
18 259
249 290
55 258
34 189
106 196
129 238
16 107
124 218
138 276
88 153
278 281
51 103
141 155
143 247
20 266
95 235
135 152
9 21
59 274
223 230
85 218
63 126
28 73
49 163
36 184
66 290
235 295
254 280
122 223
78 120
6 295
98 167
6 199
212 283
12 239
34 251
42 242
145 246
241 296
164 256
45 272
54 72
137 157
167 170
160 173
114 222
107 173
265 292
65 184
225 237
20 192
108 162
265 282
47 141
4 160
147 260
3 20
5 79
97 230
65 241
81 296
278 292
100 165
16 292
131 199
3 294
53 89
6 161
55 120
27 141
207 288
153 182
18 157
189 296
128 240
115 187
29 291
143 291
206 245
86 195
123 190
220 242
205 231
15 190
74 236
258 286
179 214
34 231
140 248
196 215
105 157
38 139
73 232
233 243
138 151
131 267
121 288
96 179
62 259
18 281
99 159
82 116
19 244
97 114
186 189
4 133
22 57
179 218
49 162
62 119
166 240
92 144
194 213
157 226
199 257
93 213
169 176
151 220
4 41
62 100
177 234
78 183
103 127
174 195
79 121
128 283
14 99
27 236
93 221
24 181
59 64
107 143
170 292
12 117
170 265
63 281
247 291
169 189
65 228
24 29
193 229
12 37
140 223
74 93
199 264
25 82
20 205
99 143
188 243
161 211
46 221
29 207
43 87
42 56
46 252
2 235
85 215
21 141
21 96
116 239
10 53
47 119
11 37
185 194
57 92
110 255
35 75
128 170
101 131
23 198
2 242
115 295
148 198
82 254
189 238
149 166
55 289
48 199
19 245
181 203
11 45
129 227
120 159
191 268
167 177
24 196
7 10
30 41
58 268
203 280
94 234
154 197
179 209
2 179
24 122
28 298
167 255
144 199
32 53
68 163
160 251
63 253
87 142
110 181
5 84
44 200
4 55
27 228
91 116
75 178
137 172
120 265
14 273
44 207
135 235
4 290
2 99
186 193
224 269
16 115
245 262
66 171
4 153
286 295
201 228
110 150
54 75
136 215
109 168
32 83
200 262
58 103
50 190
70 194
109 137
82 156
85 225
67 120
5 238
60 269
205 254
29 224
128 223
27 133
37 182
114 235
111 192
253 294
99 128
56 212
58 178
23 136
163 285
58 286
151 166
7 113
15 163
48 176
259 275
174 191
61 184
182 297
130 235
125 149
163 237
91 270
23 244
21 233
165 250
160 241
81 278
149 284
161 199
151 264
86 298
74 102
75 265
59 210
135 288
84 99
107 203
36 129
28 161
32 258
59 290
9 131
22 259
142 205
145 159
46 165
34 180
90 178
156 174
12 205
4 222
156 214
31 122
86 98
67 289
29 239
12 134
63 128
215 234
75 215
199 241
153 257
212 263
8 231
78 189
78 88
68 116
111 128
21 173
26 292
186 223
120 266
156 185
53 265
161 299
280 290
83 252
176 186
170 269
208 219
111 299
24 167
25 94
50 254
145 248
96 174
84 90
99 170
7 214
111 172
129 210
47 113
22 244
210 225
47 179
55 184
31 59
220 265
128 300
108 210
159 245
113 204
35 141
13 47
2 223
33 117
75 112
52 116
11 103
34 125
144 216
23 221
195 287
11 153
181 283
223 240
156 291
40 133
157 225
117 118
64 280
61 298
82 128
38 153
22 189
85 87
72 212
79 123
66 82
5 132
132 240
13 21
149 225
71 297
266 286
49 109
26 220
44 284
26 167
162 275
110 152
12 78
124 192
10 38
95 150
112 156
221 297
10 112
245 287
27 266
25 55
36 151
121 165
220 228
213 217
175 178
235 300
259 296
16 99
31 296
127 194
31 159
97 116
194 282
119 282
7 218
156 172
16 70
74 179
31 215
177 261
47 153
19 270
58 199
122 148
94 173
55 257
4 13
29 40
186 237
122 129
207 271
169 211
27 295
49 209
148 196
149 164
125 253
128 150
46 178
53 251
58 219
42 74
54 251
9 138
60 136
9 122
73 74
231 278
160 253
176 237
266 287
138 216
15 38
149 269
24 203
86 116
122 282
62 63
19 166
105 248
124 280
34 127
197 279
49 253
26 43
122 142
146 177
4 260
79 183
43 254
124 270
295 297
214 254
90 204
181 255
116 188
48 170
135 206
211 213
25 81
94 196
38 75
134 207
78 125
163 265
112 136
88 103
63 193
11 267
147 238
235 282
101 173
226 249
30 155
166 280
137 210
30 130
65 66
41 245
131 232
10 178
6 152
26 286
159 201
104 235
4 28
205 242
21 79
36 49
10 17
13 90
150 191
193 202
186 243
139 201
93 207
160 288
97 255
70 109
43 139
103 279
156 272
181 259
3 118
184 296
47 215
10 264
42 72
47 189
4 124
105 174
63 113
85 149
125 201
168 272
7 152
5 52
29 34
40 160
22 177
111 228
121 129
70 295
30 251
144 165
106 217
130 289
62 242
235 270
59 246
3 280
67 82
113 249
96 204
17 80
5 20
197 293
55 90
245 278
144 162
52 73
95 111
150 182
17 176
149 256
200 220
98 256
22 37
17 127
7 55
22 97
127 237
141 161
197 204
214 247
59 243
232 240
111 248
183 300
111 184
51 130
47 298
6 285
59 136
64 282
60 275
132 182
131 144
36 70
100 104
182 205
176 251
10 263
41 48
161 196
98 102
128 194
121 252
176 227
7 209
87 138
18 286
138 278
122 239
122 249
49 280
18 161
144 296
179 199
44 90
111 278
89 281
12 281
47 79
14 212
74 89
153 247
213 294
39 44
123 126
25 36
72 186
120 148
38 259
58 96
76 284
151 204
11 118
156 190
218 246
184 246
26 216
151 167
219 296
236 276
96 164
44 267
152 182
211 265
27 166
15 128
151 225
51 179
128 198
193 204
247 268
78 160
276 290
111 270
41 76
7 191
14 44
64 168
44 129
48 189
170 246
71 180
76 130
75 294
118 138
51 150
149 239
172 226
82 153
59 177
139 271
200 235
16 81
188 288
15 88
73 193
171 278
3 198
119 289
149 280
104 141
121 191
260 273
42 228
45 275
142 270
40 293
68 278
163 212
10 225
99 147
44 166
117 228
78 229
54 216
36 155
82 207
202 299
5 274
50 160
180 246
233 266
72 195
28 111
98 258
21 23
119 299
79 165
20 270
6 241
52 77
40 231
39 142
130 220
151 203
49 222
255 294
16 38
48 98
173 224
3 203
156 286
31 97
38 210
200 232
95 198
24 267
206 207
89 200
86 245
37 139
99 162
260 295
154 292
116 232
35 283
241 267
53 257
53 169
153 213
68 119
117 164
157 265
131 229
123 272
62 255
84 289
118 157
29 275
49 52
243 271
52 186
74 108
75 245
95 199
34 140
81 103
23 95
10 46
135 233
16 282
48 280
147 188
110 164
35 233
17 136
79 141
99 115
26 80
251 255
247 298
70 76
109 199
22 225
228 233
4 26
192 222
51 182
29 91
146 243
26 135
184 188
84 116
242 274
194 227
158 243
249 287
160 294
50 183
53 184
179 248
68 232
30 59
6 217
13 187
50 101
27 208
50 168
190 233
40 176
170 195
82 115
137 243
255 288
117 242
62 114
78 209
199 245
283 293
83 158
81 110
48 75
26 285
28 187
37 169
33 243
212 269
103 123
159 175
145 178
158 272
242 282
133 147
19 120
110 212
190 235
179 215
135 259
111 148
75 165
137 298
128 217
135 280
94 278
218 291
150 181
43 292
125 288
145 299
110 224
132 217
14 300
160 233
88 101
66 77
97 127
18 276
34 219
19 33
159 174
213 295
171 193
159 267
42 253
56 57
205 226
120 147
231 287
228 262
201 233
1 223
17 96
41 122
40 276
189 208
147 247
157 260
117 196
136 275
35 228
94 230
73 86
281 292
8 299
252 287
22 238
63 203
118 190
146 186
165 234
7 176
186 250
71 73
17 87
86 149
85 273
44 266
79 166
138 159
16 143
150 216
116 136
105 251
92 292
170 271
39 249
54 88
54 56
172 192
7 268
68 262
69 172
189 295
88 191
102 143
98 128
21 267
46 193
111 150
82 106
217 218
109 293
107 262
175 279
85 264
214 229
68 213
76 140
34 284
153 282
18 223
201 225
114 157
23 159
53 175
131 282
19 72
53 135
278 297
5 92
20 103
188 294
36 187
272 276
68 74
17 243
171 232
43 282
155 296
113 213
103 118
224 254
139 147
177 239
85 138
31 88
22 81
12 47
22 108
175 217
256 264
189 199
27 135
152 209
62 200
148 176
173 290
13 206
1 83
185 261
105 187
35 246
11 221
181 292
63 175
235 244
62 83
82 141
41 61
147 287
148 204
118 228
12 68
29 147
192 276
138 176
123 164
129 152
135 147
147 193
210 276
234 248
96 237
46 69
157 245
184 196
130 187
285 290
142 160
5 61
294 296
23 191
95 131
33 97
58 294
186 241
186 218
19 171
200 209
38 94
160 188
213 260
49 263
141 231
120 141
30 210
86 132
5 156
106 285
97 120
201 213
46 152
12 153
221 254
61 106
42 71
84 180
118 133
148 153
94 249
78 86
41 215
187 278
15 178
116 280
134 224
198 220
43 273
214 258
19 92
3 246
275 291
16 133
158 270
246 257
50 95
56 258
17 132
69 81
26 159
68 249
9 257
168 236
104 232
40 142
202 270
257 287
67 211
167 272
10 140
63 228
60 261
17 126
28 67
30 254
30 195
58 213
76 231
16 123
46 279
27 255
175 232
110 122
182 199
43 119
61 191
186 224
94 152
117 272
32 139
151 236
211 280
114 263
54 114
179 223
14 51
65 218
59 191
11 139
237 274
107 144
50 55
216 278
14 48
171 219
49 257
146 180
33 174
15 71
128 204
55 164
51 115
180 275
142 152
93 242
250 254
137 265
92 243
18 50
253 284
223 248
91 136
49 245
122 141
84 97
64 265
82 152
14 74
85 126
194 232
198 254
51 158
12 95
74 229
49 182
83 251
171 238
153 190
3 86
4 149
227 284
29 200
195 197
76 181
41 277
32 63
133 268
34 80
76 195
270 288
102 150
44 197
36 205
28 229
83 281
16 278
228 232
119 217
57 274
116 254
32 75
191 292
172 228
173 203
234 262
143 185
65 173
101 169
101 222
115 173
67 188
71 82
36 50
9 72
192 267
206 241
25 112
244 276
91 236
188 199
83 141
146 170
106 120
63 85
153 188
99 160
277 289
35 282
211 258
78 169
95 157
204 209
25 282
105 195
122 200
136 187
180 228
86 228
54 171
14 163
162 169
21 140
251 291
101 231
26 149
13 209
176 278
91 92
232 284
158 217
21 232
216 221
46 185
20 114
111 167
265 290
202 291
16 136
40 212
218 234
43 267
42 268
181 300
75 201
240 298
177 259
32 66
39 119
200 228
117 250
34 170
17 45
8 32
87 271
166 190
46 229
37 294
231 288
168 290
80 204
18 190
135 222
104 154
163 193
1 269
129 158
131 272
98 166
21 228
153 176
263 290
5 287
193 246
6 190
66 293
67 100
170 270
167 284
63 204
52 262
16 245
97 197
199 215
116 242
17 183
5 17
102 130
51 210
50 94
119 200
237 252
200 210
263 289
152 196
85 134
15 49
33 168
99 276
129 153
259 267
226 282
83 131
39 282
190 299
47 175
135 264
128 281
223 300
199 209
124 195
208 231
72 166
99 112
55 206
62 292
132 158
121 168
85 94
55 125
33 126
114 285
14 238
48 220
113 158
100 192
13 251
76 124
8 210
5 239
21 113
164 181
87 207
192 247
37 184
19 62
116 268
127 182
71 122
32 79
164 269
141 208
4 287
11 21
78 266
155 196
92 98
256 266
52 138
11 179
62 155
9 229
117 254
152 153
265 287
82 190
152 197
59 92
15 18
39 221
78 210
38 142
9 61
14 96
75 270
222 239
123 149
44 184
36 225
58 98
55 181
14 35
16 259
30 220
77 232
115 234
99 203
113 142
54 177
37 62
161 292
86 140
38 46
86 260
66 176
160 267
142 277
96 200
76 139
279 290
6 205
185 278
48 272
105 142
154 217
19 193
290 293
36 196
61 177
3 127
18 194
42 177
261 263
166 255
164 214
181 297
160 189
42 201
71 152
71 172
12 121
162 171
158 198
153 201
10 138
162 251
70 172
12 181
192 208
47 92
236 266
18 159
13 99
142 168
20 191
97 216
115 196
230 297
94 274
126 215
12 291
212 300
219 235
210 260
217 254
40 218
171 234
172 191
78 113
87 218
135 271
70 117
190 269
213 277
138 238
26 68
125 242
20 228
251 286
49 177
11 66
31 175
184 299
40 122
61 68
132 297
26 34
60 192
194 218
141 196
23 137
21 235
189 203
167 259
104 131
27 153
45 232
48 281
53 290
136 276
164 271
244 271
185 236
181 252
47 176
31 41
91 109
76 242
67 88
97 152
67 80
176 217
91 182
52 75
68 238
240 267
135 239
216 255
10 190
90 249
41 114
44 231
124 224
196 212
123 135
86 286
49 96
110 165
123 132
67 152
12 101
73 259
123 267
32 38
33 199
178 252
203 235
147 164
18 257
166 177
85 212
19 194
121 125
79 172
21 274
117 297
14 149
45 78
19 277
52 263
92 210
68 88
18 183
124 237
158 163
145 245
209 278
81 219
168 260
246 285
3 254
57 212
69 220
23 42
2 198
10 198
11 245
78 137
8 163
202 280
102 249
62 172
230 253
73 187
56 198
54 299
155 300
206 254
1 70
197 295
7 250
67 110
186 234
31 213
60 211
92 126
31 181
36 56
76 128
149 259
58 119
47 95
188 269
123 214
149 220
69 120
53 114
118 281
70 87
22 153
173 231
69 113
192 224
56 220
14 196
40 230
19 246
131 246
120 288
81 281
78 146
126 182
109 208
80 85
193 245
57 166
107 233
191 238
178 198
99 196
12 109
212 276
23 105
226 274
243 257
1 214
13 33
10 188
25 51
4 229
73 268
237 266
24 180
40 154
36 40
69 161
236 289
42 173
161 227
70 114
107 216
91 283
195 267
118 132
26 71
147 261
124 235
14 65
119 218
113 211
96 157
25 48
150 220
190 291
163 189
120 184
4 238
3 53
62 295
31 42
18 247
156 289
245 290
15 112
201 205
112 159
167 217
84 206
154 221
208 262
4 186
38 48
190 251
13 171
152 243
52 194
54 95
157 206
190 225
26 85
103 283
122 188
205 208
67 169
27 31
66 164
21 276
42 66
33 36
91 147
169 206
31 67
177 274
172 201
11 24
117 133
155 165
130 131
53 230
262 264
219 291
17 101
137 248
265 276
117 267
139 194
23 85
212 262
56 145
32 134
16 119
215 250
179 187
62 111
123 191
4 112
109 177
32 88
62 163
35 39
8 232
3 104
133 197
8 176
144 181
29 252
225 270
263 292
14 127
7 64
22 191
213 267
177 245
169 210
103 144
158 220
228 281
191 202
62 193
84 281
67 164
25 141
17 67
102 284
258 294
105 154
263 266
35 296
181 281
60 147
52 142
131 206
58 292
146 225
33 179
6 258
39 92
54 247
173 189
160 257
209 233
13 28
43 113
23 44
67 76
84 146
113 141
131 279
171 236
72 199
149 217
112 192
99 266
177 179
129 157
35 217
18 79
129 145
249 259
215 287
102 281
25 185
120 223
51 164
64 199
65 145
53 101
137 149
56 157
20 51
24 60
92 268
87 120
5 72
56 279
59 76
7 175
159 278
84 278
122 137
57 127
134 149
73 252
81 174
55 64
233 236
118 266
19 280
216 293
31 83
181 280
145 254
173 202
39 182
114 183
185 198
112 135
219 287
158 204
7 210
100 286
11 53
33 156
137 293
117 296
15 155
151 226
80 118
95 254
202 279
126 294
75 98
200 263
276 278
107 194
65 165
7 86
133 174
72 75
117 280
181 182
106 170
57 206
61 272
29 195
114 223
131 141
119 284
83 196
14 175
49 258
251 253
47 142
102 184
166 192
107 241
73 217
212 294
9 151
145 153
26 117
11 266
49 172
13 201
211 235
43 214
120 244
117 220
95 186
99 182
155 244
66 159
17 41
205 248
80 191
51 90
45 72
175 203
39 236
82 195
29 277
123 182
50 112
3 282
54 186
97 214
176 226
82 298
116 300
113 200
151 252
177 224
244 257
53 281
114 201
244 292
174 222
146 264
9 82
65 147
7 129
82 178
108 278
59 226
27 262
171 208
120 260
2 281
108 173
16 55
259 289
48 266
13 117
115 162
170 230
27 67
30 289
3 102
1 270
230 233
167 224
7 181
119 259
161 163
106 282
154 233
239 254
48 198
48 52
137 250
105 133
33 170
16 212
22 267
56 68
27 45
244 245
11 165
227 270
70 245
81 275
172 180
30 226
2 63
101 118
165 190
4 59
9 100
121 277
182 236
70 137
42 176
29 215
128 147
198 250
22 215
207 239
203 250
191 218
17 174
26 233
87 233
48 242
121 253
163 260
82 214
129 258
45 279
168 215
97 292
197 201
83 291
40 171
34 155
233 271
16 210
19 55
154 284
5 291
58 290
232 274
17 105
34 182
45 145
95 139
111 125
39 217
183 288
213 270
74 130
10 274
89 262
41 292
36 156
145 219
284 300
241 266
4 267
56 84
152 283
26 50
13 177
116 272
52 268
4 175
18 147
236 274
158 213
14 229
289 295
162 170
88 295
67 86
198 261
25 77
124 222
84 293
19 113
53 233
145 244
127 138
121 176
26 99
113 175
122 244
9 163
102 298
4 148
3 170
169 298
128 294
160 203
77 205
35 229
72 119
197 234
227 299
79 155
96 105
30 57
216 266
11 216
143 206
27 272
227 264
167 244
21 258
16 138
40 90
40 94
119 279
220 241
145 235
214 245
12 272
72 126
214 294
12 100
100 174
96 229
90 115
130 227
187 249
17 160
124 217
28 33
183 195
111 275
88 212
258 273
90 177
58 206
17 201
18 122
67 151
7 126
49 173
74 235
121 140
77 126
69 148
45 122
20 27
53 173
43 193
80 170
150 224
37 211
163 209
48 155
88 262
39 179
189 254
54 210
21 277
234 235
56 232
132 256
209 248
66 219
213 224
84 239
89 163
34 268
79 277
35 177
138 233
180 237
189 239
21 225
79 222
201 215
31 273
79 245
225 234
87 164
148 170
19 129
145 294
11 121
25 299
1 176
6 175
104 278
136 295
197 246
192 215
150 202
20 76
97 262
241 275
100 239
32 47
140 219
19 211
239 268
103 222
20 111
255 299
123 270
17 74
92 191
69 173
158 197
146 154
51 180
191 266
174 276
35 263
137 187
66 88
241 245
204 205
18 55
127 272
10 265
10 277
111 166
27 120
149 249
214 290
86 174
126 181
116 225
54 180
234 280
44 143
62 185
13 68
55 159
78 95
138 258
101 216
136 288
102 125
4 277
250 276
2 286
31 81
10 134
130 224
34 197
157 171
109 149
255 287
82 171
5 26
115 252
38 242
280 295
108 133
124 229
14 49
92 95
85 266
123 225
82 221
36 57
79 90
37 225
142 162
5 112
163 298
26 239
163 262
74 268
31 235
31 172
172 221
151 207
22 99
14 75
68 99
58 92
137 181
195 254
38 143
131 271
3 175
14 232
210 250
32 48
136 175
133 225
36 93
200 258
73 238
7 292
2 26
185 208
63 257
79 228
149 288
85 280
264 269
158 207
128 224
20 233
46 123
142 233
29 265
149 264
94 241
142 218
129 208
35 162
76 79
212 221
97 222
103 250
26 270
60 106
138 268
62 291
156 165
177 272
92 261
113 120
14 105
28 170
44 114
115 161
99 220
83 167
125 182
9 198
8 87
84 269
215 231
57 248
206 265
85 185
183 226
16 49
34 241
113 162
109 285
89 102
118 255
211 242
46 92
24 232
116 166
17 153
135 182
38 176
163 248
23 93
155 298
64 158
73 210
15 266
265 286
108 262
94 179
155 192
61 105
178 242
34 274
86 242
138 208
73 275
112 291
118 204
75 210
79 120
37 60
141 229
146 206
247 282
78 226
185 222
71 283
50 235
195 268
121 272
56 276
104 273
223 265
64 253
116 281
71 201
20 97
104 227
271 297
89 255
17 206
158 250
129 132
193 288
104 122
132 212
174 253
123 244
67 265
33 279
35 214
102 252
118 254
57 189
107 242
66 255
187 237
77 238
147 267
199 247
59 213
150 157
135 195
17 99
124 170
168 211
22 133
223 274
17 255
19 138
174 270
162 166
284 285
234 239
25 237
149 191
72 187
50 70
165 266
23 222
42 52
16 206
84 85
53 219
242 290
23 155
30 98
53 240
23 164
73 200
35 218
27 259
28 254
30 85
12 85
140 160
33 154
100 272
10 172
121 299
3 226
102 171
53 77
75 130
103 284
32 193
158 174
26 47
246 268
2 255
140 272
9 35
20 238
152 206
32 292
121 223
88 115
100 181
59 169
127 225
164 211
35 213
176 265
134 235
25 278
156 234
113 291
108 195
15 260
60 197
80 271
119 214
11 257
19 75
140 258
7 197
107 221
109 201
149 202
139 298
55 290
234 272
36 193
101 248
20 91
255 298
281 285
222 252
265 281
239 274
65 148
66 129
72 264
133 203
114 256
148 172
75 272
68 90
140 189
247 267
189 224
101 142
90 276
137 151
101 283
84 181
4 206
220 259
134 249
154 250
49 171
16 218
219 273
79 160
51 211
29 72
55 247
71 168
206 217
37 176
153 227
160 290
21 196
28 134
132 186
126 172
30 202
4 121
7 146
61 197
131 241
197 210
53 256
15 191
68 133
138 224
78 248
16 235
133 141
18 187
14 90
27 80
56 113
48 120
25 35
82 186
150 206
184 190
13 67
167 195
163 187
173 229
105 166
173 193
205 213
260 265
94 225
87 185
12 102
67 142
41 91
50 111
168 286
121 226
4 80
58 224
132 213
259 271
139 223
163 266
126 158
27 56
117 189
109 166
4 139
103 150
66 236
160 289
30 128
18 270
48 93
56 263
129 290
140 292
249 292
258 300
107 177
67 90
45 92
51 116
26 38
1 80
153 206
12 293
54 152
80 252
25 204
43 189
170 218
187 234
22 263
54 207
204 219
26 296
62 231
138 149
69 232
129 297
163 276
221 258
47 188
91 143
284 290
40 152
21 100
209 241
19 234
38 174
100 152
110 261
42 298
6 119
62 187
104 287
123 210
34 276
64 285
19 206
230 235
8 9
130 184
114 289
72 179
8 22
260 263
46 106
12 246
3 168
5 183
70 112
112 133
142 164
242 299
95 96
94 194
22 98
83 232
247 263
92 156
178 255
172 229
193 297
127 283
10 291
30 189
181 266
149 257
178 273
30 121
98 118
47 281
126 189
162 266
108 116
34 203
119 210
62 127
198 299
21 292
72 239
110 247
20 181
116 247
127 277
16 290
179 286
23 84
90 216
126 208
223 239
122 146
90 135
256 271
62 169
23 240
120 271
14 170
6 92
268 279
181 208
99 187
134 216
6 13
116 194
228 277
154 195
30 53
80 166
84 158
189 289
110 208
190 193
215 273
187 293
49 204
167 242
189 191
15 241
90 194
111 160
152 278
226 269
18 238
3 15
155 255
33 181
93 96
242 287
177 193
54 57
22 132
137 247
108 245
31 36
38 189
42 219
12 62
32 114
90 198
149 251
13 282
88 215
57 64
132 253
62 239
28 92
187 241
110 192
65 268
52 97
181 218
53 155
61 207
205 266
127 133
103 259
152 259
72 185
253 274
163 231
108 174
22 293
216 230
128 202
140 290
168 239
36 261
158 277
242 283
279 298
8 126
82 272
11 273
78 201
125 129
82 279
163 191
95 255
111 222
76 292
86 213
174 239
120 145
217 278
192 196
144 238
204 292
95 227
52 124
102 217
205 206
78 124
109 228
74 119
92 232
53 131
202 290
131 202
30 68
137 267
64 69
31 157
37 123
121 293
148 287
37 129
21 268
234 267
16 121
138 170
4 213
178 237
15 197
119 237
200 202
149 243
20 64
8 196
137 292
2 293
28 138
158 257
82 175
176 207
181 219
42 204
132 257
224 279
207 281
4 285
22 146
58 113
10 196
15 292
105 296
205 219
86 273
32 177
45 175
29 56
147 230
87 132
147 190
166 187
150 195
86 259
51 56
134 274
158 192
49 189
13 207
207 220
32 113
39 54
12 156
67 258
134 192
216 233
136 167
211 255
38 53
137 182
69 270
77 278
20 251
97 245
108 167
186 235
129 232
18 199
165 215
177 244
15 183
156 247
176 203
171 289
172 173
249 295
189 297
19 227
230 296
34 141
17 98
70 103
60 210
115 135
38 71
135 220
78 136
251 277
67 233
44 269
6 249
95 162
211 243
202 259
37 102
128 277
38 237
73 241
189 221
91 118
70 230
82 92
190 300
30 67
215 261
42 93
35 128
200 253
144 276
46 166
89 114
93 270
173 230
201 284
108 143
103 151
99 272
55 113
97 247
107 212
110 172
82 215
32 250
1 290
206 267
110 266
82 219
155 245
290 299
7 136
199 270
30 229
258 260
58 133
62 142
63 286
256 278
119 255
3 146
126 227
185 223
102 128
289 291
121 295
160 163
93 283
188 259
193 268
232 300
122 155
12 51
31 62
71 282
16 238
57 288
88 120
178 228
16 184
188 213
37 177
137 240
66 115
56 107
5 194
34 210
256 269
201 227
32 254
12 174
146 236
86 262
229 289
211 292
44 208
33 183
155 176
67 276
171 195
25 146
131 132
196 239
92 282
171 254
41 80
144 255
52 293
12 203
21 186
230 263
64 65
125 184
57 198
204 256
268 277
12 168
158 256
86 169
219 228
13 124
197 227
87 235
6 85
120 232
108 148
23 102
18 205
261 284
138 249
106 231
285 294
90 95
25 59
109 117
133 213
157 231
107 247
41 64
146 158
132 261
146 195
204 242
28 220
198 267
136 290
36 227
54 153
138 217
61 233
220 254
92 209
2 294
6 132
87 178
98 161
115 181
234 266
73 150
105 144
194 205
205 239
113 243
9 256
133 296
23 147
96 257
169 188
229 277
116 226
25 58
17 28
2 36
34 195
199 269
63 241
116 177
131 266
100 269
84 162
35 277
41 271
76 105
61 297
140 231
214 283
89 277
24 191
23 242
96 281
57 111
21 171
57 59
79 94
81 184
10 40
1 127
187 280
16 228
46 98
58 182
26 32
136 211
145 225
115 117
205 249
141 148
19 124
199 300
22 35
63 110
23 186
167 182
188 228
23 174
54 185
167 251
162 180
28 70
62 104
2 295
141 291
39 100
79 180
12 16
53 74
66 232
114 215
66 163
21 265
63 279
11 145
38 104
171 261
22 23
2 252
54 240
182 203
150 292
55 114
190 229
3 298
47 263
34 217
145 268
49 108
198 296
149 285
260 292
4 294
18 196
128 238
7 65
47 180
84 87
226 257
10 249
16 177
69 214
72 124
6 130
44 45
65 99
4 94
37 168
52 61
37 94
246 295
140 212
155 185
96 267
180 210
40 206
219 298
138 282
122 260
84 141
146 299
39 58
128 235
56 125
165 295
151 181
150 226
20 139
244 250
249 281
94 282
215 225
36 116
181 247
219 280
58 106
136 158
38 49
53 167
29 67
17 204
44 112
180 273
89 215
119 238
66 283
229 266
6 8
55 186
106 160
80 154
221 223
122 242
105 258
96 114
13 151
106 288
99 107
182 222
76 251
69 118
57 154
113 267
10 295
186 246
33 253
134 202
59 234
174 251
61 198
289 296
127 279
113 189
16 178
215 276
33 225
45 268
124 172
119 172
161 215
78 263
113 138
51 79
112 255
66 132
144 218
103 213
12 171
23 208
189 233
24 254
123 142
31 194
103 211
41 110
137 235
39 275
164 236
15 89
176 256
17 210
69 76
193 276
212 281
103 179
53 110
57 273
178 196
43 157
178 222
211 282
26 166
49 201
49 145
2 272
33 149
51 185
69 266
30 193
246 284
97 291
210 287
24 187
33 45
34 279
97 173
97 179
213 243
159 296
85 227
144 206
57 207
47 197
25 264
42 270
157 193
181 217
164 171
278 300
168 244
46 168
226 296
66 75
154 160
14 69
38 246
174 252
268 296
26 241
249 291
142 165
118 140
16 188
87 187
1 15
205 293
228 291
223 288
14 121
134 179
123 208
138 230
37 117
15 226
173 195
28 263
74 280
44 223
215 255
221 248
164 215
171 260
100 199
140 291
117 193
1 169
19 274
152 244
195 251
40 250
255 289
164 184
43 140
160 259
44 133
104 184
172 231
32 217
50 194
192 258
27 57
84 253
150 214
66 195
80 158
46 274
6 212
65 249
104 244
19 78
47 185
167 213
262 283
232 290
100 172
43 285
160 265
3 34
226 276
75 267
75 249
56 178
263 281
104 220
93 204
75 242
35 77
15 53
40 170
61 132
30 52
144 299
1 81
106 271
236 273
189 231
168 222
89 296
119 204
83 248
11 132
105 202
77 168
123 178
90 201
72 79
223 269
45 188
238 259
87 196
121 281
107 206
47 86
3 194
148 200
163 192
104 168
180 238
1 225
172 292
148 180
80 276
48 162
55 108
25 178
110 191
101 285
9 190
35 157
109 233
174 186
159 299
93 298
74 256
66 240
107 275
114 252
213 269
234 255
238 299
168 288
115 261
4 297
30 261
56 86
118 294
4 199
10 226
23 88
221 277
67 198
203 276
16 125
124 193
3 221
26 290
19 242
12 201
138 256
98 170
188 234
7 274
119 144
83 214
161 207
164 272
16 57
51 64
96 216
177 191
108 266
49 101
174 238
154 251
17 131
55 249
59 278
153 166
16 51
11 60
84 152
19 93
171 180
10 165
96 276
16 73
141 207
237 257
137 178
81 157
125 185
68 131
98 235
116 288
28 133
129 161
38 40
52 231
111 253
176 185
119 173
58 179
43 241
91 288
110 281
50 159
6 96
66 277
182 270
12 292
77 283
54 225
70 241
100 282
166 228
163 229
3 105
39 49
146 284
196 254
99 199
49 252
12 274
20 161
23 192
81 252
40 80
115 233
6 127
251 278
205 274
2 199
13 165
12 195
166 202
21 131
190 248
196 200
36 86
142 245
218 293
29 279
52 203
65 151
12 159
33 138
15 230
57 110
48 125
117 224
32 150
28 272
58 64
108 117
29 77
215 277
70 167
71 126
129 291
221 227
241 297
32 273
4 246
128 272
169 294
158 201
126 291
30 95
55 277
146 159
78 287
124 207
46 155
96 189
11 32
102 206
38 273
29 82
61 163
9 58
78 116
22 66
12 276
188 256
83 101
84 198
65 231
35 140
150 151
1 215
101 182
167 285
20 224
40 184
162 258
191 300
105 118
74 173
20 230
183 245
263 277
140 277
76 299
59 60
88 192
51 159
65 135
88 244
169 243
7 63
27 248
127 284
147 271
7 140
102 165
142 223
25 115
105 233
13 154
257 297
54 228
48 249
70 274
71 251
143 235
33 186
8 199
226 300
59 229
131 288
112 218
193 277
15 148
186 276
1 276
201 263
1 89
38 146
215 244
13 220
42 92
49 272
125 156
67 218
22 79
201 229
132 156
5 49
41 55
57 298
92 262
55 251
22 116
110 239
21 193
33 263
7 177
112 285
28 274
168 279
112 143
208 287
54 112
103 234
93 167
96 196
120 174
149 184
103 157
125 157
36 214
74 203
34 73
106 178
152 277
200 271
126 222
62 275
124 239
99 219
187 219
80 236
64 127
130 194
98 210
108 265
61 62
42 223
5 215
155 273
87 214
61 288
87 257
195 234
13 215
174 231
54 295
16 255
4 122
136 139
171 241
8 218
185 268
87 128
137 277
11 94
159 281
140 213
32 218
119 150
134 239
207 297
61 284
20 274
31 200
106 159
19 174
70 171
69 176
111 130
140 195
56 91
160 212
95 160
6 267
31 101
73 172
209 231
142 143
29 259
90 212
97 105
46 72
116 284
40 178
8 19
5 151
10 269
196 214
18 110
3 48
169 232
178 187
44 262
136 296
61 76
161 231
142 212
38 137
126 268
48 71
83 269
53 259
87 143
151 191
67 179
63 77
51 141
33 49
32 227
143 277
65 94
50 291
196 199
58 247
201 226
221 262
215 264
60 178
112 203
178 266
77 254
172 177
12 280
40 243
30 32
45 100
64 200
97 252
146 249
2 150
191 261
70 128
52 229
207 244
83 299
58 94
14 129
115 229
10 290
137 167
185 291
155 210
95 156
44 230
255 261
88 223
9 132
51 104
162 257
44 216
170 289
57 66
80 215
186 257
15 169
141 298
201 297
5 271
217 270
29 176
127 297
32 168
36 64
143 216
41 193
258 267
101 221
106 252
60 173
14 220
172 237
60 76
70 183
87 206
86 231
45 127
117 234
16 233
120 166
48 66
116 157
57 161
88 280
238 291
78 187
243 286
54 140
12 53
93 164
150 228
65 229
26 297
215 271
139 290
132 237
161 268
60 182
147 272
9 263
60 234
31 231
116 158
146 276
122 224
60 262
16 154
100 280
79 118
214 242
81 88
116 197
28 145
27 249
26 161
82 97
129 134
90 251
87 292
25 133
136 268
146 150
191 283
97 277
45 226
246 264
233 260
137 237
122 288
32 137
225 291
186 252
120 297
20 245
90 218
42 269
166 259
87 285
155 200
35 223
31 223
186 264
41 168
151 281
122 174
54 220
78 268
68 76
187 193
57 253
238 250
128 212
27 54
22 38
6 284
38 261
75 162
63 192
244 249
86 94
168 277
27 237
151 185
105 121
34 201
227 229
19 84
196 244
101 261
183 252
56 184
105 238
59 156
8 122
186 273
217 243
241 284
181 220
210 241
13 70
41 262
172 295
141 227
51 139
189 290
216 261
250 267
25 268
71 109
228 245
46 90
61 187
31 230
125 166
103 274
124 252
135 253
146 268
82 234
149 234
62 229
157 282
104 251
21 52
79 139
252 266
22 105
122 268
146 201
106 223
86 192
7 76
32 288
17 147
180 202
77 192
1 55
46 296
191 280
126 128
11 125
16 90
166 197
228 274
169 283
82 253
145 277
9 130
102 209
100 128
59 178
271 285
51 53
111 146
219 258
92 176
145 209
185 250
9 71
232 270
272 290
244 299
71 289
171 249
189 247
3 257
262 287
3 261
79 194
70 238
146 217
144 246
167 283
106 227
37 143
70 276
137 291
12 202
1 154
13 53
274 279
91 235
20 171
98 286
16 298
4 103
27 63
42 278
9 199
19 222
101 219
63 87
42 208
184 291
115 281
99 230
38 209
199 289
95 100
68 103
37 273
116 162
50 141
122 195
43 44
23 73
206 250
126 130
113 154
69 101
149 226
53 293
112 233
87 179
23 59
185 257
197 261
7 277
56 122
131 193
29 243
134 231
74 85
156 183
61 110
83 151
60 112
66 272
252 281
39 219
250 294
10 241
35 38
26 45
7 237
242 278
3 272
58 137
150 223
29 159
62 70
66 191
59 123
163 273
24 237
21 213
84 175
129 234
67 214
89 159
95 171
45 262
91 176
104 224
132 144
4 143
3 108
137 154
97 298
9 26
103 184
4 141
49 129
85 101
67 235
114 167
58 271
262 276
139 161
52 246
135 176
214 253
63 173
293 298
65 274
88 144
207 282
92 235
250 295
233 259
244 294
6 231
110 211
66 206
44 120
16 155
23 125
113 295
47 112
95 272
78 273
70 240
17 92
154 178
25 281
215 288
236 279
156 296
68 245
35 193
3 273
131 286
115 286
23 283
86 99
184 213
83 224
120 300
117 165
146 210
55 226
135 167
32 229
249 258
82 99
114 275
123 127
161 176
68 71
156 237
111 155
24 286
81 259
90 92
87 166
173 266
11 102
41 45
35 149
60 87
240 299
143 222
13 231
193 203
118 185
36 43
22 143
35 76
142 161
217 241
32 72
105 241
111 269
46 121
15 120
10 253
158 288
123 196
257 267
10 267
108 196
8 215
116 223
76 276
44 228
83 165
67 285
122 185
255 286
152 163
202 209
51 120
75 121
165 235
97 199
191 206
139 159
12 60
206 248
71 269
45 266
17 114
116 173
175 276
124 177
68 112
161 250
263 295
25 285
88 150
23 30
62 168
130 298
8 138
155 183
47 262
109 175
76 113
151 163
64 128
218 233
56 70
125 241
113 252
226 247
100 235
13 16
49 133
221 232
115 277
4 258
125 261
31 259
196 263
38 197
76 209
16 40
27 155
13 227
20 248
277 279
79 269
52 252
61 231
42 206
138 248
43 61
140 166
14 168
220 239
5 46
6 266
98 201
40 257
138 178
223 262
216 267
36 215
11 252
5 263
4 191
40 285
94 228
71 240
96 294
244 279
29 106
103 294
40 267
165 253
186 288
134 182
175 201
214 285
101 127
68 96
135 169
165 237
59 237
142 228
182 189
133 214
58 71
86 267
264 280
239 270
118 292
44 85
51 196
136 184
67 277
211 273
200 246
82 294
154 293
10 13
23 141
241 268
139 203
24 84
91 126
6 65
53 246
258 279
75 283
160 207
35 221
147 209
123 247
33 257
101 170
69 209
51 75
56 78
188 283
90 97
45 148
221 228
26 75
194 262
180 234
276 282
111 216
106 277
59 273
119 177
5 102
7 127
81 243
138 223
204 234
141 169
104 204
40 298
60 138
45 296
4 67
27 37
63 236
95 174
33 60
49 122
190 286
25 42
72 242
108 134
222 292
141 217
195 248
173 257
188 225
25 284
74 122
90 236
120 238
66 131
108 197
195 207
104 108
56 133
14 186
86 295
156 179
154 285
154 255
130 219
127 202
22 175
188 261
206 213
146 260
19 150
155 160
122 152
132 260
170 202
224 245
78 282
142 222
30 268
227 262
106 236
74 170
90 217
52 242
62 267
85 269
44 275
159 262
128 167
46 212
51 69
203 239
95 117
17 39
240 241
16 98
28 257
15 75
53 212
181 205
278 288
10 208
208 277
162 284
111 133
125 151
50 148
116 298
283 298
47 149
74 200
217 263
112 287
207 293
53 245
13 86
19 180
166 263
103 158
237 271
65 143
87 259
9 222
45 278
241 286
185 284
5 28
17 262
60 258
48 186
45 99
49 202
21 29
77 124
171 174
188 244
227 235
108 259
95 189
113 226
148 184
192 280
48 295
85 162
223 293
215 238
228 300
70 163
150 207
151 294
223 255
158 259
41 112
61 113
120 139
81 132
212 242
29 186
138 288
11 297
9 220
27 149
43 205
96 132
95 129
53 102
112 193
237 298
55 145
161 234
184 284
153 298
55 185
59 219
2 4
140 285
81 131
67 138
154 246
38 255
20 31
183 275
133 195
120 162
176 214
20 202
2 233
158 188
147 202
13 185
72 249
49 239
82 231
38 218
62 91
99 225
148 235
14 63
94 219
257 298
56 64
24 99
5 160
10 223
137 252
226 295
95 232
202 269
79 188
159 207
102 258
13 37
58 270
95 247
128 255
21 115
131 238
124 214
164 278
189 216
24 86
245 298
84 125
183 213
3 19
22 141
56 65
40 290
56 254
11 183
101 282
104 196
39 144
178 277
51 71
50 124
226 244
119 122
12 294
26 98
42 154
38 238
62 296
7 125
46 278
133 229
16 69
127 186
171 245
63 67
47 220
1 244
145 214
197 292
92 273
113 163
52 228
101 270
156 204
160 247
82 95
120 160
183 257
31 146
121 291
33 56
261 291
21 89
200 217
5 260
18 198
127 228
57 215
7 288
135 165
203 273
4 262
117 169
164 238
8 207
174 203
67 286
55 57
156 221
114 217
170 240
40 270
81 196
197 296
56 138
56 194
112 226
66 262
92 244
59 155
169 286
150 276
223 278
254 284
144 166
13 65
85 274
99 113
188 242
1 280
9 20
133 152
177 182
278 287
217 245
121 220
149 275
25 26
160 282
190 216
142 257
38 81
76 189
23 172
236 272
235 245
62 189
16 25
78 132
141 160
159 273
199 250
52 171
125 232
80 211
71 97
125 187
43 64
158 271
214 255
11 63
203 264
88 255
152 251
222 272
78 106
79 205
71 288
142 259
236 257
63 130
229 296
113 248
11 59
89 240
33 80
11 163
58 155
1 251
93 269
234 275
39 63
82 274
161 191
25 63
160 252
140 299
208 225
38 65
19 271
16 17
16 280
79 89
209 299
210 222
185 251
28 115
53 165
150 221
112 129
117 290
4 178
66 220
76 184
7 213
60 236
242 276
18 84
15 92
26 116
204 264
87 180
234 286
149 199
169 287
24 142
169 175
151 209
129 192
28 99
49 290
77 82
10 36
213 252
32 237
72 259
180 287
212 259
155 262
142 247
9 231
229 239
110 262
46 269
49 117
225 267
273 274
133 251
239 256
277 297
42 102
88 133
29 172
130 264
17 177
28 212
54 281
29 124
97 124
154 157
53 268
159 268
124 256
14 298
186 263
97 296
165 299
52 216
16 104
168 185
1 289
4 110
126 197
119 199
56 135
36 168
135 139
26 274
19 252
214 219
224 261
147 249
105 208
131 138
47 196
70 160
18 186
82 180
27 164
118 290
98 196
134 246
173 245
112 250
85 103
187 198
107 266
34 261
229 278
29 95
66 140
53 261
115 287
40 211
10 189
13 38
130 251
11 269
113 194
196 247
203 228
26 190
186 212
17 218
107 136
56 204
33 175
116 234
217 232
49 105
112 292
60 88
75 189
249 265
29 138
61 258
134 206
1 120
243 256
90 169
169 293
155 157
202 267
88 221
30 290
194 271
26 52
9 284
54 291
69 231
128 203
197 294
151 217
120 125
162 179
70 123
80 257
78 251
55 89
69 236
268 274
11 114
1 128
13 164
101 263
31 222
17 211
44 260
120 258
199 258
224 289
81 118
27 101
148 185
75 88
31 140
32 43
36 194
39 45
128 144
234 298
170 187
217 242
80 113
244 262
240 290
81 277
106 266
181 258
205 251
141 167
125 296
10 205
54 192
53 231
177 198
111 252
171 188
250 289
63 290
72 273
31 77
142 297
104 237
66 109
262 293
176 255
177 262
100 220
142 290
201 255
209 267
33 238
291 292
120 200
118 259
166 278
57 246
59 102
64 279
74 299
30 175
56 199
47 233
158 224
88 190
270 296
98 178
147 155
152 215
38 109
145 160
10 87
169 259
73 223
58 167
31 265
242 250
113 274
202 241
54 100
25 92
7 194
273 278
175 222
198 248
124 189
14 268
69 71
185 286
20 36
136 222
149 178
130 268
163 261
85 106
248 294
168 213
237 268
55 207
91 219
5 21
106 238
35 71
152 219
97 290
52 133
11 296
196 276
130 156
124 234
3 76
251 296
41 281
161 280
189 294
6 107
132 190
205 268
97 155
167 180
120 150
275 283
78 91
58 218
28 266
81 267
177 277
75 82
22 217
150 232
146 262
133 247
115 282
114 197
162 192
157 197
21 122
129 174
110 157
156 261
72 270
46 201
69 95
57 290
183 231
67 223
191 260
107 210
191 273
253 290
82 261
72 216
36 84
126 240
47 264
166 293
67 72
168 219
78 147
37 296
83 264
86 266
6 226
74 88
77 242
116 233
225 240
91 196
19 64
249 299
97 267
107 268
112 188
137 161
133 293
104 149
24 48
33 112
3 85
21 190
105 134
149 295
65 176
150 250
43 165
44 261
137 138
6 224
213 229
4 142
233 247
36 171
201 287
258 283
83 89
37 87
18 145
137 212
245 267
89 108
97 280
120 255
95 277
194 230
169 245
51 183
21 59
74 254
2 298
15 83
239 281
19 261
9 205
74 105
2 71
222 295
29 221
36 117
57 132
20 198
46 241
21 184
88 230
36 297
1 271
73 231
90 250
190 292
94 275
122 138
116 122
30 141
100 153
47 203
74 189
187 210
113 260
161 282
187 222
27 114
62 175
5 272
94 157
42 256
19 79
12 209
28 165
124 148
25 224
89 253
99 152
49 277
188 268
17 133
109 247
93 234
44 185
70 127
80 286
67 153
100 161
23 144
212 253
53 143
64 72
91 203
78 264
130 173
29 39
93 282
54 137
126 153
158 226
129 214
240 293
30 172
99 114
198 225
171 286
73 205
66 181
111 234
126 131
57 168
19 132
44 122
15 278
203 236
39 255
117 217
123 279
33 278
139 166
119 194
108 242
222 279
281 286
28 84
197 202
11 47
134 233
66 81
26 66
98 185
20 47
94 101
165 240
117 212
67 133
179 212
118 188
196 207
47 66
62 164
15 42
183 280
62 278
167 236
166 208
19 102
169 279
145 250
212 288
27 286
136 190
23 138
106 211
165 199
188 192
52 284
148 259
176 294
16 72
21 99
148 212
98 122
145 211
224 225
156 182
122 275
201 234
236 252
84 196
220 268
118 239
43 183
78 290
14 216
122 191
265 289
180 247
46 174
47 289
208 256
98 259
8 123
202 236
104 269
193 285
36 141
263 286
144 251
38 141
175 188
202 278
179 238
120 213
15 244
35 280
108 232
9 166
88 174
213 288
8 294
14 112
213 287
45 93
77 172
60 279
33 240
157 280
194 257
236 271
17 233
110 298
43 46
99 252
116 123
90 256
117 159
285 286
89 115
173 215
86 220
95 214
128 260
86 271
2 60
76 134
259 282
37 152
21 123
78 144
184 194
209 234
5 184
181 227
259 298
129 256
19 108
72 223
54 77
232 294
197 254
29 150
145 171
73 151
9 111
199 233
31 251
128 190
106 232
137 176
114 153
106 212
276 299
117 271
6 299
143 254
60 96
264 277
158 209
14 219
4 174
78 260
7 256
75 147
77 279
256 259
4 14
4 97
161 217
125 245
13 136
41 123
76 192
22 252
160 187
94 269
44 111
126 274
80 232
38 117
114 230
69 158
204 208
198 217
88 110
39 81
94 122
97 225
3 80
12 257
136 142
18 136
167 297
9 209
76 272
70 72
264 281
22 29
75 128
127 158
131 261
145 175
187 262
83 290
51 67
242 265
129 168
36 179
119 166
251 267
48 89
27 200
113 264
80 272
1 18
9 55
31 51
4 36
105 110
140 194
53 83
98 156
73 270
88 289
39 101
24 213
161 205
168 245
13 248
1 39
172 251
245 280
168 197
62 190
151 245
88 185
2 154
10 237
147 237
121 268
249 284
3 25
27 292
146 232
71 230
52 85
181 191
94 114
89 135
49 242
127 185
236 275
19 61
67 98
33 108
241 293
100 255
45 150
44 50
107 176
74 126
28 51
112 149
67 186
87 281
9 38
50 282
130 212
200 274
12 256
33 102
69 164
10 135
24 234
64 290
267 295
15 124
75 253
52 128
91 208
27 79
89 188
80 240
138 165
9 40
30 149
38 250
140 232
78 107
141 185
161 258
46 156
163 242
109 142
140 165
71 252
62 281
117 287
139 167
37 63
11 127
43 158
121 178
132 133
27 187
50 261
152 174
222 244
230 236
182 280
160 230
50 175
135 154
62 250
107 250
11 86
217 231
84 296
5 14
198 270
91 254
3 229
20 272
143 195
215 230
25 279
97 269
34 294
81 121
73 266
135 168
186 192
49 151
127 154
106 146
136 176
74 284
96 254
66 244
33 176
185 224
236 244
79 216
124 290
89 282
110 242
46 51
63 251
45 118
70 246
99 117
72 258
119 295
81 285
46 203
1 145
145 270
89 148
94 125
40 88
147 231
3 62
171 297
150 230
244 255
136 199
94 180
197 213
31 247
13 122
75 153
95 294
148 211
134 297
4 200
37 108
9 278
85 257
221 257
133 270
142 244
55 138
76 244
70 213
113 298
137 203
206 242
21 189
195 246
66 105
40 159
80 284
34 118
33 189
171 205
224 270
164 182
45 295
15 110
133 144
1 34
123 131
152 208
21 98
206 236
159 191
185 287
86 229
57 184
28 237
63 96
128 129
63 262
59 242
85 238
81 143
112 144
90 142
157 293
178 274
101 113
208 250
1 141
4 193
12 234
94 182
126 193
1 129
117 298
88 270
164 253
157 233
63 235
225 235
128 237
36 96
76 143
187 259
230 247
104 300
56 88
66 98
178 270
193 274
194 231
4 210
12 30
32 62
126 142
213 255
5 174
85 161
210 254
198 257
25 188
170 197
135 180
64 220
136 170
77 93
16 85
162 212
95 128
159 229
123 160
132 159
156 202
106 152
146 266
164 205
75 197
72 168
98 245
130 175
32 238
55 99
84 120
65 205
42 115
6 95
23 38
25 64
10 51
215 224
32 242
208 290
185 210
205 288
57 211
125 191
18 98
229 251
65 152
248 262
20 232
41 107
169 274
13 255
106 107
99 248
157 186
104 200
173 249
105 281
95 152
139 170
60 94
179 225
79 210
126 253
160 176
130 285
27 68
148 226
177 248
95 122
36 247
12 54
112 183
150 164
163 207
97 268
79 260
211 285
96 210
59 181
180 259
64 295
159 192
146 209
14 228
105 232
165 236
161 198
238 293
80 281
102 151
30 108
54 215
182 228
141 265
112 237
18 278
78 234
191 253
85 190
104 213
11 290
86 130
69 187
130 180
16 103
179 271
256 257
13 224
26 232
192 293
61 212
1 26
1 190
17 29
221 238
3 299
61 208
173 282
223 283
7 80
152 183
116 207
130 216
36 62
247 258
76 219
236 237
258 270
77 166
27 269
90 103
60 219
64 166
100 294
174 259
165 272
139 214
120 224
51 278
215 236
20 166
131 146
124 184
151 173
20 106
3 47
166 218
95 226
44 59
176 230
167 203
78 94
23 111
211 279
104 164
292 293
31 225
62 290
129 140
113 294
209 255
43 72
219 253
76 87
257 263
42 139
58 244
23 270
36 53
44 142
69 127
92 239
137 297
232 241
165 277
27 139
76 255
82 230
193 215
11 226
76 112
55 205
174 216
76 248
293 295
70 130
100 247
48 142
158 260
126 213
279 282
17 198
4 247
203 209
61 173
36 58
37 127
166 230
80 120
20 129
1 76
163 232
21 253
11 253
120 158
174 182
41 89
17 267
54 65
202 223
72 129
260 276
21 67
138 245
289 298
146 280
28 105
17 62
165 270
183 235
87 195
47 72
67 290
181 215
249 263
37 49
34 157
166 226
32 60
261 270
59 260
190 208
145 164
10 300
83 155
78 102
164 241
98 241
96 144
248 276
101 246
61 128
7 59
65 253
136 220
150 155
186 294
186 271
23 163
150 256
62 137
37 47
13 48
288 296
125 145
284 287
35 64
92 277
114 224
83 258
241 265
228 283
151 195
202 204
251 262
6 251
151 228
116 145
57 102
53 300
18 140
20 119
108 190
12 183
193 195
130 279
38 85
135 283
173 244
28 153
12 104
17 129
60 156
76 138
138 182
78 253
87 200
139 168
101 132
173 181
24 41
89 279
254 267
201 238
178 260
148 163
40 150
37 194
61 171
15 135
132 232
122 267
46 95
175 216
88 135
40 299
116 206
19 130
38 102
20 265
199 216
2 243
10 99
254 255
127 192
8 143
6 162
191 199
128 261
48 294
95 249
23 106
14 47
132 134
273 291
90 235
203 215
106 143
60 209
35 153
15 161
262 297
5 133
97 248
28 223
91 114
243 279
246 266
177 279
107 195
69 72
136 189
27 260
21 296
258 281
118 121
23 252
114 244
46 253
11 184
145 155
246 277
54 98
222 254
81 245
13 168
46 75
81 272
181 213
105 276
117 197
21 149
188 236
66 76
6 80
235 284
127 134
167 294
95 220
36 180
135 213
95 222
105 287
249 297
59 203
46 120
128 134
35 130
73 75
26 229
39 79
27 71
124 205
58 192
45 96
63 299
94 195
39 193
71 154
67 260
4 58
156 217
55 244
121 219
62 71
192 210
248 296
76 279
150 257
115 288
229 235
11 244
22 176
74 83
122 283
5 208
156 281
60 75
115 232
152 171
40 109
28 186
141 268
160 219
39 295
1 193
53 192
2 234
152 161
116 174
135 210
66 97
190 285
65 201
163 270
7 188
122 229
241 272
178 227
106 190
17 48
16 141
74 158
22 126
92 276
211 249
208 279
135 187
11 289
76 168
6 117
99 161
11 215
54 236
97 218
134 240
93 264
49 180
59 204
77 139
99 168
2 73
246 247
1 167
92 286
64 71
14 271
12 243
75 296
177 197
5 135
177 286
188 300
183 250
237 273
73 273
30 187
152 204
49 211
182 288
69 196
13 258
170 296
127 252
99 298
59 141
48 143
8 172
38 290
35 222
95 274
123 255
57 176
178 294
62 270
11 109
185 199
98 222
82 134
12 65
28 123
46 191
108 252
44 170
126 165
84 228
73 87
106 191
80 181
6 201
76 147
96 282
76 77
22 144
7 21
142 197
26 132
5 139
5 257
133 170
103 146
54 166
112 206
264 265
235 246
221 252
4 170
101 287
116 209
14 231
95 212
95 163
35 255
155 156
208 296
164 196
21 40
24 100
139 245
27 110
8 272
28 171
52 283
55 66
110 180
78 150
241 276
129 165
33 123
53 62
43 253
54 60
149 296
37 188
54 203
17 107
69 160
24 121
53 254
49 102
266 291
124 264
60 282
181 194
98 189
47 221
227 272
35 241
135 246
71 247
233 248
130 138
141 228
41 72
114 273
22 266
123 155
252 292
166 171
49 287
5 280
14 236
195 198
143 225
61 243
187 250
18 127
91 168
95 123
31 204
177 289
13 253
81 93
74 156
4 114
110 166
86 294
17 275
23 236
18 39
7 18
157 198
53 220
145 295
57 244
268 275
19 81
202 249
211 261
189 205
229 270
196 227
112 125
64 217
51 102
152 222
72 228
90 161
2 148
98 158
43 240
177 202
34 67
271 300
259 294
256 272
63 234
240 245
15 139
173 239
10 197
104 186
106 189
46 58
80 109
224 284
269 275
93 133
211 256
110 285
86 211
182 216
220 272
30 267
61 159
133 243
169 204
91 271
138 300
126 156
252 296
203 241
163 283
10 268
85 275
14 33
38 276
192 218
5 288
205 253
18 72
151 216
91 173
157 218
61 121
168 265
202 262
83 243
20 68
44 162
166 236
10 164
204 297
12 105
27 121
140 282
33 259
114 279
105 277
199 205
148 202
4 282
243 264
23 272
117 125
78 177
229 263
185 272
29 297
38 229
55 213
217 273
148 217
247 262
40 83
146 212
140 257
193 267
134 296
148 223
139 244
60 150
123 273
187 288
17 186
128 293
24 51
119 222
193 198
175 224
126 295
61 72
175 208
92 152
163 164
27 279
108 125
91 150
80 299
29 43
155 227
229 297
60 224
32 42
39 165
82 206
31 219
52 188
231 274
95 184
168 192
148 232
228 264
1 191
159 209
24 289
18 61
116 152
85 110
136 188
98 176
76 106
144 225
4 208
134 188
31 164
137 153
277 298
269 286
110 232
95 261
91 278
243 296
74 290
182 191
116 126
162 248
10 166
141 286
245 254
157 216
205 296
138 294
35 84
80 148
9 185
55 73
40 278
215 235
178 286
59 255
183 238
98 251
97 229
107 110
253 260
84 214
75 288
43 78
43 249
54 61
58 148
4 288
98 270
100 109
167 261
21 293
140 211
4 176
49 246
53 148
85 91
67 279
154 163
33 216
48 80
61 152
70 80
107 219
77 204
70 149
11 177
14 80
24 186
106 116
91 151
100 126
65 278
208 238
63 178
2 125
61 92
155 235
51 283
135 225
159 186
21 81
81 138
121 227
16 211
157 164
8 161
47 55
152 280
81 171
68 298
5 54
217 253
23 262
81 156
24 238
257 269
67 95
131 179
43 272
188 287
15 60
84 122
63 149
169 226
202 233
2 119
103 163
89 245
125 173
19 210
156 241
9 267
166 266
126 170
70 252
56 176
204 273
86 175
56 222
50 87
68 226
184 226
112 278
259 281
86 104
224 283
51 167
7 101
84 174
4 177
110 237
121 199
7 119
41 213
216 220
197 299
63 243
135 204
73 229
245 276
74 121
109 183
8 193
50 79
68 210
213 248
3 167
86 180
72 286
65 295
135 221
25 194
52 53
86 158
71 72
93 151
78 284
40 296
74 128
26 110
31 141
142 264
89 116
51 151
223 224
85 248
63 198
39 183
31 125
109 182
255 266
241 288
15 129
55 196
50 281
152 287
127 142
7 231
200 283
161 265
84 136
112 147
149 203
43 245
92 150
171 215
54 80
88 286
129 144
21 116
90 106
9 193
88 121
119 209
136 145
198 243
51 218
68 154
147 299
13 149
22 164
202 203
170 256
73 299
37 114
181 200
26 70
236 277
28 71
110 286
55 95
198 210
33 135
13 193
15 29
59 117
35 108
96 238
235 296
100 110
64 137
67 166
126 203
2 284
50 231
60 116
151 266
62 160
33 288
233 274
192 225
11 182
234 257
25 100
102 188
212 289
9 248
152 297
185 219
48 137
207 225
188 292
12 254
47 214
63 72
10 22
187 271
7 283
175 251
9 97
166 222
226 268
152 160
28 218
11 286
147 223
39 233
91 122
71 84
142 258
27 241
174 298
13 119
227 261
102 204
114 159
10 12
130 195
157 261
79 253
9 44
138 244
116 211
47 288
175 218
5 91
216 256
63 73
5 177
96 155
111 210
175 291
2 41
140 164
172 240
59 153
16 137
170 280
23 166
182 248
54 67
4 22
173 293
97 133
15 204
65 81
47 116
13 140
61 97
94 201
7 267
202 240
38 288
134 201
144 293
16 145
29 247
20 243
86 241
106 172
151 229
58 190
192 229
211 253
64 216
72 88
200 281
30 112
180 298
10 293
27 59
217 244
63 249
62 272
183 297
232 260
130 266
16 192
250 291
56 163
59 161
119 278
15 81
194 210
15 268
155 238
87 270
141 285
26 105
41 171
11 62
287 291
16 39
11 57
207 242
150 260
203 217
11 159
41 153
51 60
192 265
63 106
125 297
140 215
23 24
139 186
19 139
7 244
169 266
93 273
68 283
19 200
55 178
64 298
50 103
143 164
19 85
70 94
109 125
37 186
109 178
101 296
233 299
146 282
174 268
45 283
93 263
89 112
149 175
148 190
50 221
124 293
46 297
177 233
213 232
108 136
17 86
6 30
109 243
210 224
5 36
105 249
68 193
115 142
231 286
98 278
43 227
185 221
178 241
69 159
197 225
162 277
134 228
83 102
137 284
22 32
145 297
106 179
275 290
71 87
130 265
111 158
98 199
55 147
20 170
162 176
166 194
5 205
110 148
72 254
212 286
53 72
60 266
138 199
190 234
42 134
1 62
43 92
114 133
17 235
247 297
78 254
184 232
92 106
28 64
24 211
40 71
45 162
123 248
89 289
49 95
90 288
74 259
59 62
72 205
125 196
45 169
18 289
53 255
138 169
39 110
97 181
109 264
66 136
16 163
63 147
184 247
75 282
17 76
150 212
8 287
75 155
223 227
13 142
275 287
51 175
60 85
217 275
65 224
61 189
23 281
229 246
75 116
179 222
41 93
224 232
42 225
133 253
161 285
169 229
38 121
14 285
180 230
67 268
63 275
108 198
114 128
103 300
100 241
152 213
3 256
83 245
228 247
74 289
104 221
32 248
96 284
59 225
44 101
84 240
48 138
76 122
36 269
58 93
44 234
10 215
200 245
83 278
145 255
89 207
79 202
118 173
145 259
43 50
56 58
232 278
138 270
85 208
148 238
107 171
8 33
64 195
129 274
201 282
69 92
75 194
229 284
181 251
18 232
189 250
4 40
42 61
185 235
26 217
81 293
64 81
50 257
51 112
176 209
5 255
66 251
22 242
23 114
18 105
168 248
167 276
51 288
239 275
183 283
162 207
178 233
195 258
98 220
67 232
29 255
92 294
71 147
256 260
6 40
87 94
170 203
216 257
42 107
199 259
87 239
119 271
161 214
59 215
211 224
27 156
125 189
8 208
94 98
148 285
57 194
29 220
107 230
184 198
6 134
213 278
45 128
178 269
99 100
76 98
66 279
136 237
164 243
163 255
61 237
10 44
78 138
109 232
175 191
196 234
144 286
41 217
116 128
153 181
15 115
172 281
6 269
92 211
47 216
96 131
53 115
177 256
100 141
282 294
13 287
128 267
43 191
15 239
155 276
93 277
80 128
101 207
12 132
218 290
65 138
19 109
48 114
19 177
143 237
130 164
251 288
163 277
131 291
130 282
100 251
34 267
21 120
97 244
188 265
32 221
35 110
63 268
219 286
143 282
127 280
134 247
87 252
72 207
5 240
49 106
44 196
89 291
55 86
132 150
105 131
92 178
212 280
126 283
55 232
290 297
109 184
47 268
109 113
270 279
162 270
94 200
171 263
164 217
109 211
15 275
40 232
14 278
8 130
177 254
183 296
56 221
39 52
33 202
21 227
243 272
57 255
26 35
39 293
49 130
57 135
49 107
157 223
121 292
24 45
264 296
52 247
186 202
105 113
47 59
38 68
87 250
218 224
56 255
38 56
39 160
198 221
70 214
55 223
58 132
218 255
20 26
94 297
217 257
172 282
12 233
134 173
200 299
120 201
41 227
74 266
113 214
34 263
5 159
132 249
18 296
10 179
145 282
38 239
138 277
8 228
250 286
140 227
58 265
185 293
67 144
54 86
10 217
57 142
69 131
1 298
188 296
170 288
12 38
108 299
124 182
6 237
5 98
115 260
41 142
4 245
107 124
22 51
25 111
86 113
150 295
139 230
71 245
102 139
73 206
116 149
6 48
117 299
127 255
133 276
32 179
15 158
143 284
49 196
231 263
209 264
195 291
220 278
8 147
70 216
27 78
11 279
138 180
7 81
49 118
75 115
22 190
2 282
56 236
155 228
91 253
227 265
12 146
225 266
88 254
4 289
23 291
95 134
266 283
131 262
24 115
215 263
82 138
44 285
81 119
5 207
78 99
151 277
67 73
146 265
38 112
140 289
8 219
22 160
66 188
13 43
161 259
46 99
181 231
242 267
126 160
130 191
13 32
138 181
162 246
72 154
47 97
282 288
126 280
110 245
149 165
157 236
35 276
145 289
159 298
6 263
146 213
132 242
24 66
23 99
2 227
201 236
54 190
143 212
77 264
62 261
167 298
182 212
97 186
44 94
28 203
4 68
103 212
16 122
224 274
127 149
22 86
79 283
89 260
5 224
2 76
82 240
15 118
60 90
203 244
109 246
259 292
164 231
19 181
264 290
255 274
196 274
107 282
3 177
174 281
94 244
53 66
218 266
50 102
164 170
26 118
123 197
151 289
119 249
224 266
73 135
45 186
221 264
72 266
50 181
159 225
62 212
24 193
124 269
27 204
14 115
15 203
241 247
71 208
157 289
290 296
23 96
290 292
92 169
49 176
65 128
48 88
31 84
158 236
29 154
22 245
107 234
19 56
10 170
12 221
46 59
37 179
69 184
115 292
123 205
47 247
34 113
86 284
42 246
102 118
235 290
254 263
252 294
24 216
60 270
176 240
173 256
77 292
37 293
138 229
188 286
161 212
23 245
277 294
122 162
152 238
163 294
175 259
7 83
21 54
217 234
43 178
50 205
162 197
34 264
119 260
125 234
210 291
21 155
81 89
24 228
148 237
4 256
6 60
60 251
45 141
155 181
124 139
168 294
208 251
62 183
7 47
185 189
169 192
32 87
153 204
14 77
263 293
78 128
30 45
194 297
57 214
87 123
216 284
19 233
208 298
162 193
49 207
131 268
47 254
166 271
124 257
69 102
92 114
29 266
184 249
1 300
49 99
87 155
6 133
136 277
60 187
2 228
124 174
146 267
87 173
162 223
78 93
123 282
105 294
178 297
271 289
81 145
7 235
43 286
23 34
109 221
21 241
5 101
105 111
123 171
136 213
192 263
163 165
133 284
182 254
5 109
224 262
65 294
65 124
121 155
121 148
17 112
64 162
12 150
200 215
48 61
90 159
63 245
6 55
14 181
118 277
2 248
12 162
4 252
185 269
198 295
7 9
180 261
216 225
33 111
136 230
131 186
16 32
44 247
27 274
107 246
188 279
28 45
121 142
155 277
16 95
129 235
7 43
144 292
90 186
75 290
29 214
74 274
84 236
68 117
1 21
144 208
59 165
22 142
58 226
147 265
41 236
4 51
136 244
62 256
51 227
233 240
21 72
57 257
154 261
45 177
27 51
73 297
130 239
143 242
83 292
135 158
108 110
83 107
83 185
23 179
254 266
207 232
65 109
22 187
169 262
14 104
33 198
130 199
222 230
80 183
153 258
110 299
123 290
107 229
208 232
18 86
91 205
255 271
66 286
186 220
237 269
118 171
4 71
73 188
155 223
38 135
51 221
91 117
121 133
220 253
115 230
47 271
19 248
18 128
130 165
89 103
195 265
192 266
44 191
84 237
6 250
115 296
197 253
44 64
46 194
107 155
126 263
176 208
108 212
52 241
5 83
142 256
30 111
81 146
34 270
26 113
130 228
56 115
59 107
254 300
17 220
90 148
40 254
75 295
24 118
143 144
230 290
114 246
83 212
202 248
92 237
29 276
149 292
97 278
26 56
254 289
117 152
207 243
105 201
70 211
97 171
19 216
211 259
7 117
88 274
92 220
278 283
250 287
168 226
111 249
56 151
216 264
29 295
20 252
31 89
253 265
51 249
170 174
100 116
42 191
151 286
42 279
11 292
210 263
259 293
159 257
45 49
291 296
58 264
56 132
173 199
195 283
96 107
157 276
122 135
31 154
274 277
108 172
6 52
117 235
74 135
25 147
43 70
70 250
64 95
112 176
109 133
122 290
84 241
59 87
116 133
114 154
19 43
110 179
55 274
54 235
9 161
93 155
167 208
3 235
171 246
4 169
213 223
176 215
28 110
191 293
263 285
15 151
130 160
12 144
108 152
43 101
12 279
51 110
138 161
32 233
12 283
90 272
23 139
194 260
113 171
112 265
22 34
55 162
28 157
21 63
52 159
14 56
60 289
127 250
93 101
89 149
235 285
148 249
41 279
38 233
22 206
17 180
55 170
58 110
95 209
36 254
12 71
1 229
36 77
250 272
180 293
143 179
18 138
159 292
35 117
104 256
203 278
215 292
41 53
267 285
100 297
175 206
85 184
81 288
114 286
35 57
96 290
60 104
221 280
20 288
42 293
80 237
188 194
10 152
261 276
20 196
81 292
24 261
69 213
77 81
1 178
210 258
183 215
139 269
170 221
80 102
11 136
232 293
63 74
29 69
101 250
16 67
121 170
91 154
227 266
15 85
45 85
13 111
137 175
98 130
168 181
136 185
109 283
108 288
26 221
149 214
15 277
57 221
148 269
64 267
151 182
1 61
46 49
99 283
31 292
75 275
9 183
89 99
86 128
23 199
43 187
225 248
276 289
56 89
47 290
158 175
86 187
9 96
71 215
18 78
20 176
150 248
17 121
78 250
143 246
79 221
109 132
197 198
87 115
206 209
26 248
203 271
68 86
63 120
189 198
1 84
193 255
187 273
55 139
80 282
248 264
68 293
57 126
77 130
273 279
3 140
2 101
148 242
117 130
31 237
97 125
35 285
165 265
97 265
145 199
189 225
32 295
13 239
10 175
163 278
66 71
80 178
24 299
108 270
179 229
7 259
32 222
56 287
21 198
155 206
102 127
62 109
60 175
2 260
210 223
215 239
137 264
90 173
266 288
139 229
176 246
133 177
226 233
5 225
246 248
1 30
138 280
88 162
166 297
133 227
79 227
44 220
211 298
147 279
220 276
37 170
61 241
185 195
22 166
116 214
227 257
105 219
52 298
8 160
208 293
266 270
33 285
102 221
112 298
153 250
2 69
139 199
6 110
81 178
93 284
51 52
11 181
50 283
114 259
64 193
164 275
69 287
16 195
61 188
119 179
77 219
21 199
96 108
202 224
248 279
29 57
6 279
23 256
161 222
220 255
74 267
207 253
125 222
76 188
114 150
224 265
122 222
13 74
152 167
41 119
71 189
112 210
163 290
122 230
35 50
121 225
37 224
239 255
184 191
46 294
146 166
54 204
85 289
247 285
93 285
101 168
4 237
27 206
7 44
49 119
66 124
30 227
173 264
108 183
210 233
115 226
37 56
48 77
59 275
226 245
245 289
136 286
62 74
258 297
185 253
165 218
13 64
175 269
133 279
190 214
247 248
12 220
84 176
175 248
60 123
198 218
256 268
145 256
13 260
255 296
225 252
29 293
190 191
144 204
36 176
139 233
257 262
28 240
216 237
3 11
62 298
25 231
147 278
89 270
63 165
211 214
1 171
34 167
142 294
152 173
153 285
1 254
226 290
42 140
137 300
77 206
120 262
245 272
183 229
204 243
193 236
13 116
97 204
235 262
125 278
6 12
135 299
144 157
84 131
126 127
30 206
110 198
48 108
73 122
50 76
79 267
184 252
68 121
104 118
56 227
40 93
119 286
82 150
172 174
241 261
83 285
70 270
135 230
273 296
128 195
95 229
45 168
52 193
142 185
36 291
40 233
22 159
2 108
37 222
5 48
63 134
182 286
121 135
65 103
175 295
33 79
38 213
163 199
27 136
41 249
89 168
210 264
112 154
202 275
14 226
180 233
205 284
69 165
38 274
15 291
125 293
195 250
156 293
189 243
116 294
82 232
147 154
179 298
152 242
164 294
88 229
189 248
85 117
119 253
60 203
34 244
224 238
18 40
187 251
186 248
116 243
89 107
204 291
77 244
9 172
8 91
65 123
1 297
199 267
60 149
139 248
16 60
193 289
6 165
96 159
187 270
190 240
44 60
235 286
29 209
199 212
69 73
4 250
153 184
66 202
284 294
204 238
179 228
33 152
78 199
268 289
152 293
86 122
155 211
77 289
111 224
18 130
143 223
89 217
155 163
144 258
61 186
225 286
21 85
150 217
37 288
60 162
168 217
2 181
98 134
270 284
92 205
88 268
64 70
28 103
134 163
73 104
37 300
36 200
93 128
47 201
17 64
65 72
21 53
89 199
117 214
61 204
44 214
109 160
143 293
98 248
39 248
112 266
219 245
47 94
3 178
72 165
199 273
68 179
80 208
13 259
12 250
95 147
21 205
61 257
177 203
19 39
140 198
203 257
6 179
29 290
42 136
75 132
83 239
125 193
188 278
208 247
80 176
42 164
57 270
112 217
111 261
52 280
11 141
71 162
10 180
6 7
245 294
16 117
245 282
94 147
104 296
20 182
4 88
12 261
46 299
56 136
59 74
235 294
105 267
217 251
7 233
136 236
102 155
106 268
53 122
104 267
147 195
196 270
30 160
21 24
63 116
81 122
95 164
1 35
14 205
183 242
72 87
4 161
161 185
44 150
30 97
23 193
117 145
131 143
87 298
33 200
162 241
30 174
75 127
104 143
36 273
119 275
37 219
184 233
218 285
55 262
69 87
45 66
94 164
11 56
123 260
266 298
69 75
50 280
2 110
33 244
121 184
88 118
15 225
21 36
2 280
134 140
178 216
37 249
122 158
120 269
219 294
86 164
88 285
92 159
140 242
14 142
169 174
118 156
96 221
82 295
5 298
37 71
15 66
68 73
63 131
39 89
144 280
65 92
101 300
64 129
239 271
12 247
26 195
74 165
113 227
36 237
151 260
110 187
2 118
118 200
5 286
55 168
139 180
33 212
60 277
237 263
25 149
205 278
228 231
103 292
272 298
88 247
50 97
24 98
78 131
10 231
34 275
142 240
71 164
15 289
91 138
99 261
182 183
180 206
66 299
169 280
14 70
23 115
169 234
53 172
251 258
8 270
106 154
16 42
3 276
133 155
202 232
120 161
92 274
204 277
82 203
6 185
203 246
1 164
251 280
8 89
121 161
35 235
100 213
64 286
225 281
133 294
47 88
75 142
173 192
108 228
112 134
41 111
43 85
120 225
49 179
10 125
97 131
82 196
146 283
32 155
75 192
40 297
18 36
147 274
127 169
51 216
88 148
27 106
210 270
75 216
104 139
179 192
38 156
168 281
41 163
160 268
38 181
205 269
96 256
74 180
96 180
176 258
199 280
114 278
58 63
202 265
140 216
74 92
29 237
19 41
61 115
87 263
14 276
67 225
110 221
24 139
58 285
106 156
144 148
87 144
44 132
198 276
143 253
79 198
69 263
181 189
109 261
119 250
30 235
193 208
78 211
84 199
27 44
187 223
58 124
40 130
41 75
149 250
43 63
202 246
121 215
113 116
9 258
94 250
53 271
6 124
57 79
96 230
193 232
188 190
132 226
127 286
59 159
2 42
56 160
45 130
38 59
144 253
60 260
161 262
125 251
178 253
20 180
245 274
135 243
246 280
97 211
184 265
85 178
124 247
37 239
24 110
190 295
95 201
218 235
1 240
113 278
105 227
28 256
195 288
151 258
210 274
98 281
202 211
79 178
221 275
50 86
54 157
107 201
66 142
86 95
20 211
36 79
28 264
149 179
38 106
133 221
236 247
8 99
111 196
245 273
16 30
94 148
78 103
204 258
58 174
138 239
18 253
13 114
161 244
33 130
30 140
38 216
31 137
227 275
54 70
57 185
63 152
109 225
194 211
24 266
169 272
37 166
54 59
33 221
74 167
93 107
124 156
226 294
78 170
27 123
125 246
35 119
115 212
76 135
13 249
13 157
70 124
10 121
75 280
183 185
87 169
125 257
43 75
152 180
18 228
118 165
184 290
254 298
32 287
8 39
35 146
177 178
95 234
161 229
50 292
120 128
6 170
158 185
40 248
42 285
23 275
68 260
95 253
223 232
51 194
7 93
138 192
154 169
174 229
56 103
19 136
182 229
210 266
174 293
83 213
142 221
168 275
9 28
87 154
3 10
143 161
270 271
2 121
45 53
99 282
229 269
65 155
197 268
36 182
215 272
18 28
15 36
38 111
41 140
113 209
27 244
122 159
99 295
211 251
25 66
77 213
65 100
145 236
23 154
153 266
211 272
98 207
166 178
20 28
112 228
175 264
112 182
164 282
84 249
154 173
116 297
123 130
87 109
30 81
174 206
249 269
116 141
10 187
218 253
67 230
92 217
106 166
127 184
126 144
25 140
82 166
148 248
126 185
139 251
231 241
187 263
45 223
97 223
136 229
167 178
170 192
133 295
175 230
50 77
84 112
13 197
123 217
206 255
104 209
35 51
5 278
33 66
104 194
61 222
48 191
70 202
96 113
137 227
38 292
159 236
114 281
187 266
132 198
28 260
12 118
98 238
33 248
84 220
54 81
4 123
267 268
273 293
216 297
145 267
268 272
25 145
37 79
82 258
178 203
54 119
14 198
106 213
143 176
204 283
146 190
156 294
199 224
91 273
171 279
129 154
86 90
207 246
101 242
246 267
152 228
226 262
169 282
63 280
17 88
143 158
177 294
102 180
31 232
193 230
72 112
87 241
66 68
51 121
36 137
77 120
44 131
94 252
118 231
132 166
153 268
51 228
178 296
117 170
40 175
22 88
191 241
6 41
34 145
127 246
73 180
12 119
84 247
41 90
90 191
147 277
42 174
167 214
43 195
193 292
104 226
269 298
180 296
202 254
224 229
10 74
238 258
10 246
73 281
97 140
141 170
275 295
11 291
239 298
112 131
17 33
157 262
102 183
16 116
105 247
143 266
179 242
179 282
92 269
98 243
26 143
7 187
92 145
5 32
144 153
138 164
150 243
154 245
19 196
160 171
12 106
36 221
19 128
13 42
79 131
38 188
70 200
43 287
173 278
151 241
33 52
51 253
164 208
68 132
80 249
51 122
24 46
156 276
61 219
48 113
47 275
44 205
29 204
161 261
84 148
283 292
175 182
142 215
103 132
15 113
83 289
168 175
52 274
99 274
217 222
47 99
207 231
134 253
78 213
18 116
9 117
28 215
49 225
86 112
35 272
50 174
78 220
167 235
177 281
5 175
210 290
59 86
110 199
35 99
124 130
188 206
91 289
2 38
105 224
69 79
121 237
69 135
127 153
15 137
121 218
147 280
84 91
89 91
3 240
79 128
184 294
96 222
73 250
135 245
7 183
101 146
140 153
64 99
153 158
29 235
145 162
226 239
77 222
70 162
29 189
202 247
67 150
67 243
203 291
231 266
233 272
142 250
59 79
196 237
27 231
74 99
72 293
41 42
28 68
37 281
114 131
60 135
141 292
29 44
125 169
2 224
7 31
200 213
33 206
48 99
23 76
28 281
22 134
172 299
256 262
149 287
8 274
267 284
28 162
143 149
10 82
66 282
100 150
170 171
1 163
16 112
240 269
14 224
245 295
147 162
40 151
218 220
48 221
147 269
73 183
185 237
1 157
81 206
12 103
62 253
28 55
101 117
136 284
86 270
41 268
75 77
9 31
9 169
190 228
112 262
121 205
131 243
157 279
39 42
35 204
122 206
55 121
76 127
154 205
2 256
217 256
159 284
66 231
96 162
160 274
1 17
194 267
104 150
207 286
98 135
3 39
268 295
171 203
245 293
115 200
115 192
186 290
75 135
18 204
77 293
161 272
89 162
85 295
27 47
78 252
117 139
98 289
91 190
9 207
34 90
59 85
151 218
24 292
156 213
76 165
140 267
251 276
184 263
60 131
19 142
196 236
123 169
34 78
179 213
67 121
218 228
114 229
88 261
69 144
41 134
19 221
66 288
45 201
45 147
112 151
99 288
23 135
109 222
13 203
115 251
20 90
63 138
89 239
118 150
56 211
51 235
67 222
58 87
63 167
51 293
37 52
68 297
230 269
194 296
106 279
206 230
99 278
269 280
28 210
104 158
58 99
224 271
235 288
153 249
37 253
17 244
82 125
157 253
137 288
206 300
115 290
46 62
77 84
71 203
43 129
77 200
26 208
55 135
262 270
250 292
36 300
25 110
107 132
123 276
54 174
89 271
61 157
51 87
43 260
20 250
87 183
192 242
5 6
30 43
32 206
199 246
14 108
46 147
17 23
35 262
137 196
128 274
92 130
141 214
44 174
245 260
111 182
262 279
179 280
153 171
124 126
85 124
95 215
8 116
229 268
81 201
129 236
81 231
1 45
76 200
72 232
7 248
256 282
45 133
43 150
124 183
106 274
143 153
129 231
207 224
14 130
90 196
56 239
18 262
182 296
25 300
100 177
174 213
139 146
256 270
3 258
199 276
22 112
228 268
163 180
124 255
121 166
35 80
160 237
27 69
28 174
27 251
12 86
127 128
21 107
53 163
33 180
17 32
255 291
168 170
57 93
16 234
72 95
53 178
19 204
262 280
59 252
82 129
32 290
175 242
199 244
39 129
22 256
193 253
71 290
1 256
107 166
98 147
180 299
231 252
236 242
93 108
98 253
161 165
75 221
74 118
90 167
171 294
101 190
58 242
53 270
163 179
80 172
26 172
165 231
111 179
127 239
11 242
167 196
55 300
2 83
51 147
93 126
192 233
66 257
103 204
142 268
78 297
16 59
59 293
100 190
73 196
125 136
34 150
90 166
40 227
68 181
216 234
74 145
275 286
149 170
19 182
214 230
36 109
69 244
165 219
39 43
39 190
178 226
109 162
71 234
79 292
21 262
25 198
157 188
7 276
207 256
126 206
41 278
244 287
20 70
251 290
6 49
151 291
208 266
27 268
211 227
7 112
96 137
60 130
149 297
88 290
16 109
135 197
114 219
107 192
98 172
16 256
132 296
140 261
118 226
100 288
113 232
58 237
57 118
32 278
23 113
87 92
119 287
126 277
19 46
232 299
150 201
43 250
28 289
26 168
96 127
139 206
105 123
87 290
55 188
185 279
258 274
14 152
258 264
24 75
176 259
226 284
192 240
85 216
192 275
38 170
45 222
70 251
246 300
154 254
135 143
114 225
25 191
74 153
8 205
52 177
184 295
42 280
131 182
19 122
50 296
243 278
88 239
163 200
106 109
99 233
146 221
75 110
161 226
70 207
130 192
39 186
204 245
64 206
115 167
106 197
221 285
61 205
208 249
140 300
21 183
155 180
198 275
101 225
213 238
18 150
88 210
191 287
120 221
211 295
248 270
32 189
196 204
201 276
4 118
4 56
160 180
61 90
34 245
289 293
13 278
108 223
151 299
118 198
27 130
168 228
89 284
1 274
51 243
67 213
181 290
151 154
53 61
110 215
175 272
79 146
65 272
95 252
151 246
17 94
154 224
2 85
45 159
65 114
216 247
213 233
57 291
271 293
56 183
151 215
192 195
123 213
173 263
153 226
102 117
222 265
126 229
129 260
127 270
31 133
217 261
38 182
236 249
59 214
157 298
18 67
71 117
55 118
167 186
5 251
61 66
25 54
29 245
246 275
66 173
32 138
48 95
101 237
22 111
148 273
82 193
47 74
176 183
71 142
114 160
38 50
25 196
142 206
234 279
116 201
69 89
187 196
69 199
80 127
238 261
94 235
18 252
140 172
230 250
119 135
96 136
80 103
251 272
123 184
257 266
189 201
14 246
12 111
69 254
201 212
51 149
36 91
64 142
5 269
110 235
104 155
56 90
34 254
23 226
135 193
198 251
93 174
56 61
134 220
84 238
102 167
170 224
63 294
104 236
113 237
207 250
186 205
133 186
126 159
234 296
44 273
7 170
26 90
219 223
1 208
75 104
31 293
109 216
62 201
23 63
91 146
35 136
70 228
49 243
35 41
134 282
97 109
195 239
129 223
28 216
18 164
69 167
118 191
179 202
190 264
136 179
4 79
123 176
11 46
184 231
135 262
99 180
91 169
195 225
117 253
7 169
214 273
36 105
45 197
116 259
161 182
42 101
16 236
30 300
12 177
88 161
32 180
94 226
89 128
3 293
20 141
232 265
184 250
110 156
158 273
52 125
134 258
92 284
21 83
84 248
42 148
27 229
99 103
83 139
108 286
84 133
41 290
43 117
35 244
9 53
7 66
16 269
220 288
239 287
127 159
38 103
75 193
94 116
43 171
78 143
42 108
151 171
95 138
73 233
21 156
142 253
52 93
169 263
122 259
45 250
85 93
47 283
73 148
208 226
115 270
39 191
65 245
71 94
110 111
73 212
219 236
151 298
22 218
296 297
41 238
81 149
68 290
3 138
24 189
159 270
52 150
284 289
37 297
31 87
279 288
169 253
61 145
219 272
33 276
197 278
62 158
113 186
57 249
85 163
25 236
36 162
183 209
123 125
187 277
76 205
48 126
68 299
171 264
218 226
31 253
41 94
14 249
112 141
8 281
49 210
80 260
76 141
40 191
30 47
40 104
83 188
47 238
56 277
33 255
119 272
62 140
175 187
107 191
164 299
99 142
17 251
24 144
45 120
222 261
7 120
103 197
33 214
90 119
100 219
76 92
44 97
246 293
166 215
186 289
273 298
246 263
119 130
122 168
38 52
6 255
98 274
269 276
66 114
26 178
92 285
131 151
32 269
60 82
46 124
54 269
106 250
265 271
88 253
117 194
82 276
61 148
62 223
54 294
159 242
180 219
159 247
94 198
214 295
172 265
45 172
121 266
1 33
173 294
23 92
5 70
47 118
15 274
109 159
29 66
92 214
100 275
204 214
82 278
31 295
35 95
27 293
54 181
55 267
22 49
51 206
209 262
25 31
175 249
18 277
100 182
8 266
135 142
82 96
89 119
5 296
186 242
200 203
52 139
175 199
125 164
25 135
64 78
69 83
31 98
88 279
19 121
177 190
104 151
4 230
51 212
191 204
158 167
124 152
94 214
18 56
11 85
77 97
100 130
161 174
91 132
187 229
15 193
107 185
128 297
114 268
105 291
116 147
174 230
135 268
29 244
56 85
187 255
25 186
139 297
112 246
143 186
278 285
18 210
143 214
23 290
70 262
68 149
48 100
237 276
34 297
38 228
34 128
200 269
79 110
26 186
143 294
10 183
71 139
96 134
9 152
115 151
163 175
46 116
115 195
87 134
81 106
63 242
51 204
79 140
2 216
206 237
49 55
94 217
19 260
66 94
66 214
63 177
2 131
217 290
64 110
87 229
115 255
120 253
15 273
271 284
104 179
65 120
126 220
39 158
7 114
108 271
156 191
98 107
128 278
279 295
175 266
185 216
74 84
33 101
83 106
179 198
71 246
23 227
63 68
85 265
31 218
273 277
82 204
58 173
33 103
112 167
132 225
184 207
77 220
162 292
63 288
48 104
3 253
41 288
115 203
96 275
130 176
142 155
203 295
132 181
163 286
75 209
35 135
35 199
109 218
91 199
12 216
187 290
141 194
278 295
27 91
141 205
53 107
84 118
172 242
137 139
43 67
80 242
142 198
38 130
132 295
53 247
5 245
206 272
42 135
34 162
73 242
173 225
101 249
41 158
282 289
202 261
5 181
132 196
78 225
73 288
30 92
10 144
107 283
66 289
45 238
72 268
157 273
36 164
113 297
77 211
202 284
85 258
141 210
98 252
120 149
120 237
99 297
81 90
105 163
5 289
211 238
108 114
164 242
9 237
190 273
18 25
123 298
201 259
65 186
51 62
105 250
67 207
111 221
199 298
131 194
4 226
48 232
47 87
52 190
11 190
77 190
108 180
31 196
21 30
57 76
148 264
147 213
163 279
243 248
85 256
60 180
83 218
209 266
167 181
68 92
146 235
4 188
33 272
17 169
194 284
8 52
159 287
130 259
159 277
34 130
131 166
224 242
118 282
70 267
160 224
92 168
234 288
245 277
68 176
107 174
52 265
4 217
180 257
264 273
121 241
42 160
36 198
176 283
165 291
16 253
61 252
66 260
63 292
94 175
229 279
148 295
204 284
213 239
183 222
25 215
46 50
208 233
62 300
172 204
68 153
52 149
10 298
116 139
101 126
183 190
148 159
11 20
38 134
264 287
227 288
81 148
12 245
195 293
150 253
6 292
70 296
111 154
9 266
2 173
166 284
19 276
128 222
32 124
75 263
205 233
94 111
203 299
118 245
130 207
81 155
178 191
110 120
47 138
163 293
141 276
24 164
2 288
97 156
216 288
105 240
25 296
262 294
10 153
212 256
4 89
71 287
51 295
128 201
177 180
48 97
95 207
66 263
114 204
41 63
99 242
82 227
38 179
134 183
236 263
7 98
56 294
75 160
189 255
63 69
106 270
25 80
69 257
3 224
273 297
20 187
174 272
111 220
244 265
16 111
11 212
163 226
95 136
36 190
5 282
93 123
33 46
13 225
153 192
159 232
146 152
184 186
60 186
284 288
99 259
116 167
159 271
19 291
3 68
2 270
96 120
26 235
43 122
235 251
65 256
64 191
31 220
75 129
142 299
233 282
39 209
250 293
115 137
85 135
84 283
162 236
208 284
92 110
62 98
23 31
47 137
156 270
172 207
13 107
139 162
193 275
78 121
98 132
19 296
28 241
74 245
27 40
171 268
8 290
119 148
148 263
72 235
126 192
42 119
32 35
71 206
68 277
63 200
18 158
57 84
7 128
29 157
36 218
158 177
66 248
66 99
216 238
78 85
72 262
16 26
142 158
200 221
32 101
276 297
8 203
22 55
84 271
106 181
117 221
117 126
96 297
75 257
116 183
45 252
159 194
73 161
93 246
20 160
128 163
87 88
21 203
9 179
15 250
200 233
15 182
233 297
38 41
202 292
25 117
73 83
3 121
58 191
68 177
57 77
52 243
91 244
104 193
18 209
31 166
110 238
59 157
171 270
67 273
252 284
141 297
208 269
65 258
12 136
159 275
240 283
233 276
61 195
5 123
126 168
110 272
75 122
105 196
135 136
70 234
83 190
146 197
88 273
162 172
139 140
54 117
14 139
186 291
201 256
91 175
22 250
88 155
201 254
13 137
69 175
190 260
9 54
105 257
74 86
28 49
208 278
60 77
248 291
31 180
72 81
174 211
38 58
33 178
216 224
250 253
36 45
29 61
2 122
197 200
119 129
155 247
170 293
173 261
96 202
62 77
16 285
143 251
136 251
166 239
179 258
7 275
3 172
99 144
101 230
28 251
43 124
55 115
63 90
212 226
2 168
92 148
70 139
88 152
201 207
67 191
125 292
20 99
202 255
132 248
169 235
55 198
13 144
77 196
235 247
204 251
52 200
8 26
153 276
295 298
23 47
166 267
21 204
262 286
215 260
187 201
32 100
83 263
172 266
34 185
236 281
23 300
198 269
76 94
21 159
37 283
253 267
92 300
129 137
83 300
91 227
219 250
42 283
97 182
115 119
242 280
51 78
115 284
15 114
184 293
97 132
143 290
28 219
37 145
97 287
95 231
68 182
17 293
10 67
91 178
103 112
166 167
44 66
98 226
172 233
275 276
125 299
148 201
4 284
36 222
13 170
90 112
79 265
105 135
77 162
87 267
63 214
76 144
46 93
93 289
48 219
36 283
18 83
107 287
52 163
51 187
107 199
101 294
17 295
10 31
75 179
33 188
106 134
74 186
121 123
31 99
1 125
3 283
43 217
209 282
188 191
52 55
71 135
89 224
278 299
119 239
24 172
39 147
11 73
30 212
42 234
82 105
27 95
258 296
5 62
185 247
42 79
69 258
6 240
59 279
51 88
214 220
47 206
105 180
37 258
17 194
72 116
29 118
202 266
130 236
173 185
215 223
136 282
108 121
230 283
35 210
175 268
123 206
37 298
64 189
201 269
107 280
24 177
39 222
31 129
258 290
96 97
55 233
79 257
254 275
6 239
247 251
23 71
118 250
101 203
254 282
108 153
259 284
148 216
1 299
145 190
53 104
77 117
101 262
44 80
221 276
23 65
124 279
144 243
59 282
81 264
148 261
182 262
224 268
13 20
154 168
141 143
72 147
65 170
56 273
112 160
124 185
163 202
109 277
91 180
143 270
66 72
199 299
114 137
82 118
201 273
1 170
6 264
141 192
130 150
64 293
11 255
216 272
124 147
176 228
38 175
65 126
62 214
225 226
56 188
186 259
19 185
173 277
239 297
187 203
177 186
150 169
183 268
4 45
25 96
83 105
17 236
175 180
115 130
38 99
23 204
249 255
7 92
85 263
64 261
158 180
74 184
19 188
174 286
93 200
43 234
70 168
77 287
118 177
104 197
104 133
178 193
133 189
67 112
6 219
249 270
240 287
23 224
234 254
161 293
16 124
152 262
209 300
38 234
105 253
29 173
193 251
195 284
114 123
1 107
101 227
117 173
269 279
97 106
137 140
53 273
83 154
113 230
49 57
67 113
111 291
85 96
56 104
9 233
85 221
215 240
89 203
189 264
128 189
156 245
142 163
23 212
36 139
183 241
30 136
63 274
237 280
142 273
25 38
82 172
116 155
122 247
48 292
64 157
32 252
189 235
134 204
136 151
112 277
241 279
131 233
109 151
20 145
238 257
1 134
41 81
80 184
168 240
30 213
91 144
106 249
101 295
185 258
25 257
157 249
9 52
30 208
52 191
209 287
21 65
149 173
24 283
11 261
28 291
112 234
2 52
124 258
14 126
86 138
113 216
124 138
116 140
23 130
206 235
12 29
116 282
38 169
19 135
146 292
154 203
167 287
171 283
195 220
11 93
123 216
111 114
16 176
32 157
66 145
162 293
150 238
38 167
118 167
31 56
54 194
180 216
45 239
170 194
145 275
37 51
13 40
67 162
93 268
44 89
92 248
22 115
82 108
81 202
91 166
170 173
210 231
157 222
38 297
12 228
73 198
118 120
273 300
177 205
161 270
154 289
53 221
126 169
81 198
22 203
91 188
116 224
8 265
5 275
107 285
150 237
20 40
242 257
139 204
70 73
192 241
23 90
126 224
18 240
12 235
260 284
10 184
82 93
148 241
193 254
22 130
118 136
30 257
3 116
76 288
36 189
55 96
22 24
76 298
81 225
102 197
164 169
29 137
78 245
163 194
171 253
40 153
141 283
83 227
126 236
132 142
153 183
90 131
28 63
99 280
112 124
21 121
23 108
55 111
91 174
113 296
83 204
144 200
82 297
4 57
71 222
62 146
92 224
10 29
197 228
29 271
116 129
76 240
61 253
14 95
118 244
213 254
184 289
62 289
136 249
26 253
72 176
152 272
65 91
11 208
68 294
170 199
72 285
207 247
144 275
119 280
164 277
142 279
33 122
32 184
71 165
70 206
153 211
30 139
36 66
54 183
60 225
262 275
13 230
224 297
222 277
91 155
2 31
51 289
234 243
115 253
39 250
13 241
28 280
83 87
103 230
98 285
170 184
95 218
148 164
45 94
61 200
253 266
140 162
103 191
125 238
66 296
60 216
110 292
73 98
90 108
65 283
79 174
91 252
115 126
27 148
184 292
105 212
43 181
40 283
207 254
162 237
105 181
10 157
54 135
130 205
5 210
9 150
77 286
58 300
111 226
82 142
24 291
83 270
106 122
143 283
141 271
184 242
165 288
154 170
85 254
75 171
94 113
42 58
160 279
62 173
174 234
106 283
35 227
85 113
143 174
36 248
60 226
72 121
134 145
220 283
19 98
216 287
115 240
80 95
155 253
32 228
204 262
111 143
14 252
155 267
76 176
37 118
33 289
50 229
196 252
104 223
73 159
198 216
265 298
43 59
11 162
11 254
270 293
227 274
47 260
97 144
34 211
18 224
204 261
173 297
120 194
35 186
103 242
2 35
272 273
7 88
57 299
10 19
57 155
120 284
2 126
193 216
22 140
130 272
120 216
26 62
184 189
236 238
47 200
30 96
109 200
98 283
247 289
57 286
182 192
55 201
82 246
167 234
143 203
110 257
71 170
118 149
161 300
99 197
65 215
80 217
148 252
8 194
10 176
76 193
241 243
79 285
100 194
200 259
52 267
57 128
12 115
19 281
16 127
85 214
252 270
189 212
243 299
113 242
26 40
82 187
97 234
133 246
131 260
149 244
165 223
21 144
4 234
215 294
8 286
79 104
179 210
9 41
272 297
29 194
97 198
41 252
107 137
192 300
33 275
187 300
81 230
3 90
44 102
86 250
195 266
93 272
24 56
19 71
34 152
65 287
83 129
26 293
85 191
82 267
49 140
167 231
74 183
76 201
19 223
180 225
248 290
2 5
89 211
38 123
106 290
65 234
145 296
49 92
14 174
93 286
29 53
241 290
200 247
143 188
21 170
75 204
164 262
164 168
226 252
89 247
96 183
15 82
104 298
150 287
207 240
110 129
44 251
6 145
139 226
188 254
81 294
28 89
112 247
89 174
164 219
23 29
166 288
12 120
9 259
226 260
200 227
149 159
164 263
201 278
63 278
24 271
98 140
23 128
130 281
173 275
135 207
176 184
149 219
138 262
54 101
48 76
110 193
233 270
249 266
37 233
136 240
17 85
19 250
35 46
115 127
20 38
125 148
201 266
161 269
161 170
178 267
45 91
52 210
128 248
210 245
168 249
78 198
8 148
48 181
6 91
66 69
93 104
127 266
248 285
119 285
187 242
8 220
122 220
31 276
45 111
157 210
16 45
82 296
6 142
124 209
18 300
211 244
48 230
104 174
19 68
33 96
48 246
234 294
73 165
54 252
119 264
90 174
29 213
68 203
34 59
198 226
45 156
5 158
117 262
9 69
69 274
60 259
210 273
238 279
124 213
173 210
30 263
61 103
232 298
106 108
216 298
198 201
223 290
21 245
65 111
71 223
88 128
85 177
78 283
117 205
20 194
39 83
35 278
148 224
141 269
114 176
5 231
82 289
79 143
188 201
77 155
148 254
56 116
41 49
1 168
1 72
65 299
103 236
15 221
54 107
17 155
114 287
118 187
24 160
1 94
86 89
158 216
147 149
14 164
53 57
84 147
81 204
37 131
26 262
67 227
185 238
213 286
115 193
91 269
179 197
18 75
117 239
161 281
116 198
73 213
46 237
77 136
97 196
123 289
168 187
267 280
19 288
2 230
96 138
25 170
287 297
119 151
12 124
13 211
98 146
76 110
102 154
52 136
187 261
64 109
135 226
8 45
92 122
77 290
4 227
197 220
106 235
168 266
146 168
267 272
32 41
30 34
209 222
127 176
63 295
94 296
175 233
224 247
14 144
10 105
65 208
158 263
79 255
105 149
48 141
127 251
37 237
151 254
63 98
118 288
37 263
140 190
227 293
244 296
8 114
75 105
38 294
95 158
160 202
186 254
56 177
121 239
93 254
1 58
171 262
189 281
48 204
75 299
49 292
143 169
56 210
33 224
126 151
32 291
12 63
67 174
33 166
224 231
70 265
274 291
102 195
41 172
78 139
51 176
86 206
34 161
13 223
118 248
26 264
74 295
131 185
233 258
60 239
127 254
96 211
266 300
227 241
174 178
80 163
71 110
64 238
73 295
197 275
74 205
244 278
178 229
289 290
143 172
146 275
88 283
10 235
64 180
149 291
18 59
176 233
214 282
189 220
82 127
145 220
85 211
70 129
66 144
93 260
60 208
219 293
117 123
163 219
14 290
259 264
254 270
22 136
102 213
12 287
33 139
50 139
262 265
267 293
8 117
154 187
89 169
76 175
154 194
17 31
100 132
154 156
110 254
39 291
41 84
116 296
85 232
43 252
46 211
141 224
23 251
88 222
275 280
105 186
72 290
32 173
40 209
148 233
199 260
146 203
29 184
88 296
19 21
93 257
191 270
128 172
117 215
16 284
79 144
30 69
12 288
96 214
122 238
3 243
112 132
40 198
91 135
27 29
188 281
51 140
45 160
102 277
81 273
189 273
193 283
182 299
6 135
22 80
59 69
144 294
43 56
195 231
168 300
123 201
115 236
243 252
232 279
58 272
195 230
77 296
43 164
50 276
231 273
184 224
114 213
106 135
167 296
264 295
173 268
181 243
3 270
60 248
182 245
48 103
126 214
64 146
262 288
58 130
23 61
203 300
39 111
19 31
6 108
121 243
128 171
137 236
161 204
169 300
49 181
188 211
3 193
144 198
33 254
97 122
205 286
58 78
183 186
155 189
131 177
64 229
99 134
89 219
73 221
165 207
108 297
218 254
114 226
5 293
172 278
18 88
159 187
88 282
78 197
3 35
94 286
35 196
263 264
285 289
274 290
208 270
129 151
26 275
19 172
123 144
59 164
47 224
194 224
69 177
272 281
9 170
78 244
9 227
256 295
139 236
25 113
24 132
13 272
6 234
73 184
79 167
200 207
102 187
160 182
219 239
65 188
186 272
60 227
20 34
5 169
60 108
56 164
190 199
166 229
85 95
169 218
204 295
166 247
13 208
80 295
56 150
22 247
217 299
59 232
180 263
30 76
118 186
63 255
103 161
108 112
201 239
169 219
216 254
50 216
118 234
76 163
104 187
84 287
252 254
86 137
264 266
51 82
138 293
41 121
47 209
72 279
206 276
46 217
69 297
91 127
130 183
75 195
81 128
46 225
30 72
140 276
112 163
196 299
106 119
163 168
127 243
213 235
82 239
160 232
146 189
119 121
15 248
90 297
100 137
16 18
54 231
57 173
72 217
141 237
209 296
111 122
10 292
114 280
113 235
137 204
77 149
74 204
19 207
183 251
246 265
169 255
8 44
147 165
148 286
17 278
13 18
8 197
24 182
26 222
208 217
34 42
140 177
34 190
209 229
104 218
28 62
67 165
253 287
155 281
124 291
20 254
97 253
41 186
219 277
236 296
134 280
139 232
252 253
70 237
121 152
36 85
147 208
138 188
133 164
155 197
70 125
38 149
80 214
78 97
28 189
106 130
38 126
31 203
77 171
39 281
80 254
96 241
56 297
142 208
212 230
23 143
88 252
231 254
10 91
139 243
28 66
132 246
75 154
155 199
35 120
12 98
102 247
147 204
147 175
95 276
197 252
195 292
286 289
50 244
7 216
121 147
158 199
51 126
204 252
45 63
19 215
114 145
43 180
140 240
249 271
195 264
8 76
43 100
97 254
23 182
157 247
91 103
183 203
131 250
99 262
191 271
26 257
52 234
84 217
57 144
102 279
95 194
138 242
208 215
10 75
187 279
39 134
62 165
99 229
105 235
232 235
39 206
12 14
70 120
74 136
162 271
60 229
11 231
94 272
240 255
172 184
26 61
36 174
85 298
83 177
6 148
104 142
217 291
148 227
65 113
83 94
122 233
64 190
204 269
132 278
272 299
3 250
108 294
46 204
110 278
79 152
191 210
73 107
153 300
8 189
136 264
121 138
198 253
212 299
197 286
21 60
74 221
42 73
18 91
124 164
146 174
40 137
99 192
24 257
112 267
168 241
94 136
116 127
6 57
250 256
123 193
75 259
73 215
237 247
205 244
184 300
19 168
22 74
95 116
58 205
34 57
177 296
98 223
18 93
116 246
33 249
143 189
77 189
65 190
100 155
76 133
94 215
12 241
15 236
134 172
189 197
102 227
175 260
195 274
182 295
109 245
129 275
117 295
93 149
24 124
180 194
20 300
111 118
102 168
79 275
9 30
12 224
5 299
2 81
41 113
215 266
285 291
128 199
123 146
217 300
28 197
73 117
43 82
226 266
160 169
57 71
95 103
50 289
238 280
133 210
32 205
96 251
49 291
23 286
215 258
99 253
88 139
13 245
125 243
1 87
94 257
24 61
192 246
246 271
235 260
6 173
139 192
46 258
159 210
98 269
208 286
72 97
3 213
114 124
85 142
221 244
16 262
51 245
219 269
191 205
17 223
29 142
69 162
31 90
92 164
136 261
28 50
189 272
17 276
95 197
191 288
178 249
25 233
168 195
117 277
49 256
102 210
2 189
162 261
115 285
145 174
141 203
91 218
31 57
32 46
4 16
3 162
170 226
178 281
102 191
28 238
247 250
94 102
77 167
19 115
77 152
17 237
166 270
35 127
177 211
119 198
186 251
130 217
75 99
164 274
154 269
14 274
182 187
51 92
210 228
31 210
60 84
12 172
78 293
204 228
85 130
25 230
190 263
33 53
58 118
30 243
98 111
39 138
135 223
64 288
144 300
223 244
95 221
7 296
227 279
36 249
144 295
108 244
134 230
234 261
120 292
49 142
39 264
45 74
220 281
84 300
43 188
83 220
65 164
16 80
192 256
113 275
215 268
91 104
85 89
225 297
77 233
172 268
110 200
66 130
14 103
116 196
220 286
87 114
101 235
120 246
37 274
20 142
44 56
50 144
89 100
72 209
81 137
103 107
94 288
209 258
99 116
154 272
232 233
11 174
12 19
40 112
203 285
3 57
83 178
195 200
60 117
242 289
160 198
204 290
200 240
250 282
17 156
25 190
67 129
13 80
113 119
76 196
63 114
37 111
9 295
38 270
118 210
78 184
183 225
158 218
71 191
6 229
67 242
58 160
85 119
113 192
3 181
181 253
72 244
6 18
13 123
53 269
10 163
43 233
1 198
51 269
43 77
114 220
24 231
161 210
27 161
2 245
1 103
232 248
29 230
146 155
181 275
86 123
107 181
86 216
60 257
54 161
224 278
71 131
49 149
17 266
45 293
9 226
152 225
31 185
147 245
190 224
221 292
43 138
77 83
5 234
127 145
142 204
46 234
154 198
63 188
46 137
40 69
235 281
121 265
81 152
129 176
83 238
12 213
35 251
123 185
113 290
85 204
47 122
112 152
33 271
56 111
64 215
38 251
189 204
152 195
87 240
109 180
85 240
102 229
117 225
61 210
129 288
208 282
106 205
16 29
184 227
175 296
99 133
125 283
120 156
123 257
204 285
37 44
48 192
38 205
183 197
40 289
80 135
121 212
114 292
152 194
163 198
58 207
77 187
79 296
80 196
72 222
111 230
21 57
157 174
168 227
49 53
111 215
49 137
186 203
8 137
151 211
44 287
152 205
109 157
9 285
222 281
195 206
28 247
69 259
3 46
255 258
85 108
43 290
82 277
108 132
118 166
94 177
70 220
200 218
142 200
213 225
84 286
69 183
76 274
145 163
39 90
37 192
105 168
90 155
47 102
75 172
103 105
244 248
264 298
47 269
2 137
118 269
195 297
85 128
124 199
23 77
54 195
80 269
149 248
106 182
29 30
144 254
89 201
85 102
109 292
158 275
59 200
62 151
63 183
56 124
136 152
67 248
143 292
132 210
6 10
57 164
66 278
174 292
52 166
42 178
53 161
36 142
73 262
93 223
7 27
186 267
114 293
49 56
68 158
15 31
2 229
101 167
237 245
28 94
203 219
7 30
135 242
10 69
162 227
43 163
27 282
8 282
252 285
116 124
54 283
55 272
152 188
39 133
257 278
158 203
178 298
19 95
59 104
43 210
141 164
210 218
50 213
80 261
105 189
206 291
137 294
32 195
63 82
170 274
41 237
11 23
162 234
162 196
26 236
66 146
95 188
195 213
187 189
105 260
32 161
101 255
11 152
103 124
5 7
44 297
39 164
162 186
114 120
141 279
50 225
20 195
119 234
20 109
118 137
27 280
183 224
56 172
165 213
64 259
59 266
41 133
47 166
3 289
38 260
1 32
175 221
171 182
236 300
142 286
32 145
188 247
184 258
185 192
75 168
31 160
105 192
109 186
129 257
156 280
57 201
209 230
21 288
92 184
122 157
33 37
162 262
56 278
48 90
249 253
121 130
47 60
108 202
17 150
113 228
79 114
79 197
54 224
99 120
127 238
112 146
101 220
256 296
15 189
25 33
101 106
116 241
171 239
13 199
219 264
28 213
241 264
76 237
49 71
174 210
131 189
102 114
26 39
2 72
59 142
76 236
5 188
10 33
174 176
101 245
124 219
123 262
62 180
184 270
96 186
6 39
46 223
163 215
61 206
73 143
72 76
137 197
116 187
168 280
55 142
16 77
66 295
225 250
18 231
17 167
9 206
13 162
81 254
16 200
85 172
68 225
26 272
194 215
18 225
49 170
163 216
61 220
9 230
152 249
88 132
96 250
29 158
33 131
24 208
27 36
45 123
206 289
212 278
1 96
258 291
132 273
18 96
2 250
181 222
130 238
45 129
168 231
7 123
80 283
112 204
129 267
113 172
158 296
226 259
16 172
208 273
135 281
122 276
67 91
24 131
76 261
218 242
43 106
21 76
73 186
252 279
55 152
13 148
6 54
88 167
39 114
53 150
53 298
29 130
45 143
158 186
122 279
8 60
58 140
184 277
138 285
101 269
19 197
30 177
154 234
7 245
67 181
214 267
35 54
3 277
11 50
40 247
161 197
40 238
66 245
26 256
115 272
102 250
13 71
93 212
39 280
283 285
70 299
95 168
75 184
100 273
48 222
73 142
51 94
98 239
121 172
1 152
108 211
221 245
214 259
34 142
82 110
48 253
36 203
20 33
1 66
195 290
156 229
167 247
64 141
17 40
227 251
65 292
15 222
59 145
74 143
176 198
73 126
21 165
130 182
15 64
46 283
151 274
155 215
39 50
205 212
104 134
7 82
1 292
110 175
59 88
33 292
204 227
222 256
72 177
71 107
13 85
144 281
68 281
194 212
14 161
7 178
22 84
99 296
91 140
56 82
104 299
156 230
6 244
32 208
165 211
56 270
60 222
170 191
13 294
106 114
52 114
63 194
34 69
166 276
141 145
47 104
115 209
225 258
44 105
57 101
21 74
86 257
59 189
16 20
93 156
95 292
127 174
104 175
72 127
124 267
172 293
52 184
210 248
131 163
106 133
252 256
210 259
98 214
40 53
12 237
63 153
113 127
33 197
59 115
106 199
204 241
99 235
81 276
14 162
55 204
80 98
123 252
179 205
247 252
166 238
68 144
40 239
15 229
19 94
85 270
39 195
123 175
99 238
254 276
263 274
158 171
69 115
176 213
114 172
127 247
89 192
206 251
65 219
70 165
165 249
5 258
288 294
95 282
5 113
123 156
88 228
14 270
131 147
52 145
179 247
113 140
16 161
54 130
32 241
8 262
17 245
130 225
3 43
116 117
6 155
245 252
10 110
139 198
15 79
112 272
14 153
173 272
63 100
127 175
94 185
2 100
102 104
19 289
244 260
96 236
109 207
64 188
132 175
21 201
39 230
146 164
99 247
72 300
67 203
201 260
100 209
181 183
148 245
32 235
35 98
80 136
92 135
83 193
94 287
35 124
15 76
31 104
78 165
115 122
92 241
85 147
14 17
41 214
133 274
124 165
8 248
55 263
90 261
89 205
86 254
65 82
35 225
167 197
129 299
203 251
71 254
71 271
240 248
150 289
33 129
73 81
41 189
31 116
180 214
46 183
113 137
151 196
12 275
190 271
40 173
88 188
99 289
32 107
9 94
254 283
116 130
219 260
47 277
15 143
66 134
76 182
6 204
56 288
44 55
232 234
23 97
251 273
178 254
73 163
4 83
48 241
34 172
179 220
106 138
16 65
38 193
181 233
97 259
31 134
75 170
209 250
82 280
28 87
192 213
91 110
81 113
71 249
137 228
4 154
134 291
244 298
39 185
209 292
120 270
17 73
79 102
151 180
174 296
227 268
56 299
28 137
94 119
79 294
1 124
140 273
134 187
127 240
53 105
114 173
158 200
40 185
114 206
136 256
36 119
209 279
173 273
26 200
67 283
126 140
63 184
236 298
95 118
61 282
148 236
68 268
68 285
92 201
223 257
74 248
119 267
166 232
163 174
88 264
71 225
24 284
233 237
263 268
212 291
184 228
62 283
166 210
60 274
32 285
52 224
186 196
128 287
234 263
98 169
206 275
145 283
46 206
50 158
31 126
59 106
11 119
2 40
21 35
206 259
182 224
59 132
2 106
32 118
47 139
26 206
227 236
80 250
222 232
198 284
70 71
116 204
196 253
252 275
48 248
22 289
21 32
105 172
152 296
34 192
106 286
105 255
65 199
114 288
66 155
81 261
171 280
192 217
160 166
132 268
206 295
97 246
137 224
167 260
51 133
34 72
15 293
175 210
34 296
1 133
46 157
99 267
7 252
185 217
98 218
116 221
38 138
192 243
85 198
8 247
142 266
230 255
95 244
7 242
33 134
182 261
53 232
14 31
220 226
21 219
172 279
18 279
284 298
164 228
165 185
112 282
102 218
125 207
148 250
126 232
17 26
121 188
38 212
292 298
31 297
201 277
24 105
97 236
124 210
166 249
111 149
23 209
215 267
81 150
57 289
129 196
211 215
214 239
10 48
180 254
184 273
171 202
76 264
24 269
55 217
165 292
284 295
81 255
28 211
37 136
216 283
191 254
54 78
91 226
26 192
163 297
53 289
107 164
68 115
52 90
27 242
40 96
173 281
56 191
5 218
136 141
171 275
88 180
159 269
76 229
115 241
34 235
67 206
177 212
237 296
45 82
60 126
3 297
36 167
26 282
88 214
116 159
158 245
55 98
219 295
238 286
87 238
122 284
51 134
122 296
9 299
184 243
248 287
27 275
27 217
174 285
87 277
175 204
141 213
26 81
33 137
40 91
147 215
141 255
284 293
110 284
3 122
39 74
181 192
264 276
13 221
115 215
97 151
66 284
104 156
33 153
25 249
49 166
13 232
205 272
110 183
44 271
16 149
148 194
193 270
69 119
69 229
52 84
69 192
81 162
223 247
65 101
112 158
154 218
156 258
112 155
20 269
62 134
91 133
215 280
89 164
190 231
137 263
65 192
200 276
15 195
31 229
196 256
1 77
135 188
5 136
11 41
9 186
224 236
3 252
175 294
120 129
10 139
1 172
113 177
149 177
157 172
173 187
239 257
67 300
26 182
58 297
55 187
22 183
57 113
224 240
125 275
17 242
160 275
120 134
77 198
119 123
111 191
103 281
79 207
217 264
44 259
19 58
247 277
25 235
226 253
65 225
243 259
2 186
200 291
99 151
181 278
14 55
35 167
225 265
157 241
227 228
139 231
142 288
13 274
150 273
128 258
221 261
128 179
58 189
46 208
174 258
172 203
2 8
86 186
18 226
135 141
180 274
90 116
240 285
31 46
41 240
108 131
107 114
53 139
112 127
6 81
9 287
157 228
134 198
100 175
193 244
137 258
44 221
179 233
274 283
261 272
73 277
149 163
32 234
14 239
202 230
46 240
177 235
270 282
27 254
8 79
117 138
70 142
2 209
57 122
274 292
122 235
70 273
238 289
4 145
16 153
86 252
20 276
11 187
196 198
78 291
83 138
3 281
17 22
77 123
17 200
27 271
23 104
282 283
151 212
133 156
181 295
50 226
34 252
241 285
173 298
12 191
78 123
81 167
50 108
203 265
198 273
172 212
126 275
9 184
66 276
6 157
205 214
19 251
211 271
57 260
9 86
129 141
61 146
132 174
168 253
85 141
11 149
88 145
14 93
143 278
101 236
47 93
100 208
67 195
138 211
12 75
84 121
106 225
44 190
195 273
27 276
195 212
50 277
184 267
80 137
288 289
8 64
154 165
104 263
204 240
88 248
164 225
63 109
203 281
288 295
44 210
144 291
101 240
155 246
2 178
151 155
132 195
73 113
130 262
225 300
111 251
192 199
11 69
134 271
69 211
106 198
25 193
50 178
274 287
101 204
47 236
93 194
172 202
140 281
14 122
137 200
94 213
12 128
154 267
5 125
143 233
107 284
5 185
2 151
208 248
66 221
21 281
7 26
237 246
20 177
99 221
151 300
24 209
237 284
61 112
54 254
81 217
91 239
83 207
31 47
125 259
10 209
72 91
95 159
15 152
11 65
27 213
214 215
58 109
70 282
68 208
1 296
114 272
21 92
4 105
214 288
25 183
10 73
55 286
119 142
25 136
151 223
30 271
21 270
113 286
219 283
19 275
136 219
150 268
39 232
157 274
57 254
12 196
269 273
50 92
221 278
107 286
69 273
103 136
76 228
19 299
100 233
52 212
42 261
122 192
57 75
192 204
62 249
39 234
97 113
56 207
7 110
68 230
85 153
3 274
68 279
73 204
134 147
35 159
257 276
8 146
36 178
225 295
90 123
54 292
52 158
60 232
187 275
103 147
92 102
76 149
185 277
2 136
36 130
165 178
248 249
210 299
214 223
75 144
9 154
135 252
177 240
47 230
7 186
56 250
5 290
56 67
130 178
186 219
58 162
64 271
92 154
181 201
59 201
106 228
49 139
37 147
279 300
10 66
32 106
31 256
46 172
91 266
68 189
18 175
78 142
42 185
140 287
144 219
143 252
50 288
116 195
123 269
36 134
163 183
166 287
40 255
78 214
92 270
44 169
28 149
181 195
254 274
120 229
36 101
12 230
12 69
13 289
161 266
23 66
170 257
202 217
74 215
107 186
43 299
7 139
45 248
100 117
266 276
7 34
68 270
96 259
37 126
86 275
44 74
155 243
149 236
92 140
160 227
15 102
261 264
111 112
68 126
35 113
96 215
77 78
151 259
74 201
11 72
56 224
109 263
45 183
178 184
31 285
120 122
8 240
158 274
241 270
161 169
126 252
152 256
38 88
117 121
198 279
30 151
50 200
19 247
143 159
26 278
80 207
25 102
63 224
37 160
273 294
86 247
45 236
125 220
87 112
168 297
1 60
157 239
54 89
65 80
13 92
31 176
120 198
32 85
143 257
279 286
142 214
154 204
83 145
170 283
112 258
77 245
176 223
80 224
55 194
108 149
30 297
56 72
204 288
155 231
78 158
52 131
59 276
40 182
167 209
103 245
121 189
209 294
74 103
48 227
155 275
207 227
193 266
18 178
72 229
175 285
69 146
137 280
142 159
212 257
55 208
64 124
191 239
31 274
107 213
114 240
35 191
109 203
136 207
48 238
4 85
10 294
9 286
206 270
68 233
33 95
156 297
131 168
68 197
240 275
239 299
19 151
68 244
163 177
1 212
55 279
26 114
33 69
160 249
152 187
170 189
20 131
241 271
175 286
17 100
53 63
40 107
99 294
111 175
55 296
107 125
49 73
226 280
97 212
99 123
197 231
103 280
30 101
119 181
98 280
42 287
197 282
154 274
204 294
53 287
163 213
94 277
77 246
155 294
5 200
137 158
186 274
66 218
183 200
68 91
224 272
20 226
127 267
32 216
71 104
24 80
64 143
251 264
53 90
8 131
133 137
22 207
89 275
194 229
110 136
203 204
86 279
109 148
68 170
84 140
110 260
112 199
68 146
35 275
51 89
67 271
2 222
38 199
4 278
84 184
246 274
66 235
153 219
122 271
90 221
108 293
152 221
260 291
14 135
38 128
41 261
115 205
118 253
45 115
68 247
162 191
92 182
64 119
169 270
84 115
149 265
83 179
23 131
5 104
219 267
54 297
144 184
230 282
35 45
94 248
39 48
67 87
20 102
48 87
65 118
272 282
50 295
44 104
25 132
190 201
148 231
178 278
155 226
248 277
49 115
194 263
77 148
225 247
142 281
194 219
240 295
147 211
112 244
141 181
56 247
90 144
177 184
216 268
181 276
39 96
120 241
170 206
138 142
162 278
78 202
26 234
171 291
125 211
225 274
70 93
51 142
110 233
85 239
23 258
72 130
127 233
38 215
150 279
157 213
137 242
215 285
28 139
69 226
88 272
121 157
96 287
183 189
43 137
21 45
184 218
75 220
10 83
126 242
45 243
28 42
137 171
58 82
270 281
25 40
22 243
31 188
62 178
182 202
92 117
64 240
223 273
39 102
233 251
32 230
114 249
121 200
195 261
82 202
75 243
33 185
133 235
13 178
107 168
226 267
81 108
214 276
5 213
65 180
166 277
12 212
106 164
205 261
205 291
65 236
139 258
65 93
155 178
154 235
9 23
120 136
80 168
57 108
136 212
50 114
114 118
42 184
68 80
58 59
5 119
119 171
199 249
114 299
102 110
172 296
4 43
4 151
77 209
97 207
155 194
37 101
97 297
221 263
4 75
121 216
35 254
155 269
160 296
111 207
8 202
23 86
70 297
139 256
262 267
126 271
41 144
187 191
136 265
25 122
107 288
39 156
119 292
37 157
86 296
28 192
69 280
170 185
35 112
234 269
232 263
212 224
27 146
21 255
104 189
20 209
21 295
243 297
44 58
155 173
155 282
134 286
123 124
43 120
109 195
1 175
243 258
40 222
34 160
13 128
201 280
59 277
136 162
17 280
193 295
147 253
154 291
175 212
15 119
32 133
6 187
14 113
48 209
3 191
19 37
174 181
119 191
52 276
88 114
145 196
160 295
185 256
11 89
251 260
144 151
164 187
68 200
122 258
79 280
48 150
100 178
139 287
237 255
271 298
105 285
13 293
239 250
20 69
196 201
158 159
15 72
28 226
4 179
230 267
141 264
6 220
210 256
72 284
151 159
242 300
76 263
6 194
194 225
125 215
159 173
61 274
7 212
11 48
110 163
182 265
83 121
54 92
105 262
128 184
214 238
161 195
49 50
45 216
58 246
32 299
84 100
111 298
194 298
34 147
127 217
64 276
104 295
156 177
5 148
26 30
86 269
40 269
186 209
210 242
164 283
25 228
8 254
145 222
201 206
65 168
97 299
18 246
43 153
100 168
187 218
63 232
112 185
47 280
192 234
95 298
31 226
118 258
100 248
25 246
220 270
8 227
182 251
93 178
73 274
92 118
56 200
102 185
155 224
112 215
84 179
126 205
37 92
67 78
2 169
249 251
23 39
23 140
130 248
230 245
123 136
127 265
38 76
104 117
57 141
66 116
22 135
56 218
122 175
119 138
67 159
34 285
235 269
219 290
58 157
238 240
20 54
98 191
200 293
176 235
174 246
153 207
204 216
25 53
143 209
141 261
90 118
77 95
134 299
15 287
12 198
23 161
186 279
74 285
19 60
12 267
127 212
219 240
158 246
66 254
210 217
54 127
173 223
195 208
134 263
61 94
42 194
206 229
18 288
134 155
79 135
12 252
69 217
22 77
33 81
188 239
235 241
173 175
163 235
30 224
59 152
33 163
86 163
69 174
98 152
107 232
12 122
31 128
3 54
33 239
80 173
33 105
24 184
136 218
86 101
14 43
32 185
23 100
55 199
32 246
136 153
112 220
233 263
239 246
176 234
100 191
67 102
7 199
148 283
127 253
18 202
175 192
76 180
76 273
23 253
249 293
81 263
167 290
77 144
186 249
67 254
269 284
217 225
37 203
78 200
46 275
171 292
66 253
25 97
81 270
140 288
109 298
25 256
120 178
19 195
58 117
67 136
96 240
263 273
197 209
137 209
36 208
65 239
192 194
154 202
54 170
142 260
41 209
78 168
201 275
11 49
245 263
95 155
216 242
54 196
44 243
116 264
37 82
63 105
36 259
65 133
24 179
25 275
41 149
160 286
133 236
83 282
123 229
173 288
8 174
19 27
181 224
35 116
238 255
12 97
174 185
52 161
99 198
5 170
59 222
107 140
102 109
166 219
17 171
28 72
90 241
3 222
86 118
17 300
42 182
102 237
215 259
106 163
118 139
33 158
10 283
220 282
81 92
92 226
31 205
49 194
44 182
22 241
154 206
152 200
5 203
102 112
112 116
194 266
212 252
100 111
50 204
180 248
14 62
289 294
15 86
193 206
242 251
241 258
43 182
92 234
40 70
132 203
186 244
59 70
7 164
254 277
53 250
55 150
106 128
12 184
189 285
113 133
23 185
44 235
58 150
9 171
67 228
43 226
207 277
53 244
58 108
115 188
52 59
266 289
294 297
108 150
40 125
5 106
20 173
156 287
30 44
76 178
19 125
13 263
174 189
165 175
84 255
11 278
142 224
24 72
244 281
28 177
194 237
89 276
154 191
70 243
75 87
25 227
274 276
191 217
84 178
15 187
267 288
34 260
58 122
169 225
36 296
81 235
101 136
12 147
62 128
130 189
138 286
212 296
114 168
199 254
169 233
24 252
11 92
178 247
162 167
107 193
75 203
130 253
106 215
192 261
83 229
104 238
201 289
56 76
85 197
206 252
97 176
122 151
106 210
43 242
188 250
102 251
151 164
247 270
57 228
83 153
169 182
157 166
100 278
70 153
100 254
149 208
10 143
28 262
37 217
43 161
45 61
63 267
88 129
106 242
293 296
144 272
182 250
48 300
7 192
241 300
113 148
20 215
31 282
11 268
91 230
91 105
59 96
67 128
15 215
208 272
33 67
44 222
247 254
214 233
52 172
60 199
78 152
136 239
197 232
5 259
188 235
72 142
102 272
62 181
98 254
199 286
36 147
88 171
23 210
22 290
24 146
6 153
96 203
5 89
113 212
60 141
12 258
125 270
24 202
77 173
215 251
71 75
229 265
32 112
110 139
49 184
12 116
72 172
107 139
118 265
73 134
18 261
227 283
217 260
44 218
131 218
246 290
84 256
197 218
15 149
72 141
33 73
16 31
159 254
48 207
94 266
247 293
172 253
145 273
29 249
121 217
49 161
13 300
88 94
56 282
39 298
169 281
95 108
24 79
14 22
50 110
80 298
105 278
110 214
21 185
114 265
147 198
35 83
10 128
62 154
18 271
129 242
37 153
62 268
43 155
219 275
155 175
26 108
22 120
193 256
22 161
272 295
31 108
126 217
136 169
121 183
21 208
123 263
257 275
72 117
66 147
33 71
122 144
141 225
178 263
125 212
144 245
88 225
111 180
57 226
55 81
52 205
68 256
5 103
171 277
225 284
59 192
49 224
105 216
118 170
88 124
149 279
115 157
82 188
105 175
184 285
6 34
134 298
83 168
152 198
1 135
46 107
164 185
105 298
30 244
21 94
154 279
31 236
72 197
91 195
4 21
27 230
108 207
68 150
96 104
51 264
65 203
75 136
64 178
11 79
165 167
81 229
70 144
3 42
16 164
70 227
43 151
38 240
40 48
60 122
79 239
134 158
3 165
136 273
62 230
17 166
89 142
67 219
24 282
217 236
156 248
191 252
96 205
21 39
79 229
6 289
78 82
74 79
256 284
3 36
32 268
254 261
96 103
108 257
245 284
4 187
63 102
28 286
207 257
89 101
54 128
150 178
68 248
69 124
35 101
10 42
124 221
63 91
34 288
142 289
49 212
12 249
86 244
86 135
106 202
56 285
19 23
26 94
123 199
16 24
220 299
82 220
139 183
63 219
61 114
76 247
58 298
9 192
280 300
202 274
135 249
88 266
24 89
71 204
178 181
48 247
257 284
30 207
8 175
171 196
72 140
83 294
75 222
112 229
41 87
47 219
271 291
44 245
75 95
238 252
14 281
54 120
107 120
117 231
60 204
168 180
177 258
81 214
208 265
87 162
99 204
1 235
159 216
95 243
112 271
30 169
20 297
1 226
30 294
74 275
87 129
33 204
147 212
125 218
176 231
72 253
15 117
53 76
110 113
40 246
156 157
41 188
178 215
155 283
84 297
80 92
104 195
64 230
10 227
11 211
120 207
86 297
184 282
180 250
78 101
170 207
179 288
97 153
87 122
164 247
11 172
181 288
265 272
4 129
71 163
50 85
102 267
104 188
85 267
27 111
61 87
233 238
102 296
3 190
59 108
112 293
29 148
49 120
167 252
19 89
174 188
154 252
124 143
215 286
1 4
186 286
5 254
204 271
72 256
140 193
57 234
156 201
111 231
40 73
70 208
180 204
43 230
43 147
146 293
251 268
183 243
131 223
29 299
225 293
168 221
125 143
64 225
253 263
70 212
66 259
250 255
106 267
109 129
88 241
2 11
30 247
25 203
74 150
22 52
105 203
119 230
33 63
121 287
154 175
62 174
56 63
223 243
209 237
75 78
119 149
123 220
134 141
97 202
17 111
174 187
81 228
74 78
61 154
27 226
155 208
30 293
72 221
141 151
63 148
89 190
102 248
2 246
205 247
94 279
97 157
31 111
3 275
35 182
56 208
84 151
146 240
21 139
4 52
218 260
80 87
47 52
41 233
113 139
162 238
167 199
21 103
72 227
121 159
20 23
57 296
113 202
90 105
90 195
92 153
63 282
132 263
113 164
43 202
148 169
96 110
89 208
177 253
12 251
17 199
46 105
11 235
81 251
14 217
90 110
195 272
55 104
210 246
52 233
99 148
139 255
237 251
75 94
6 11
74 138
58 136
35 91
150 258
118 134
47 168
162 194
150 266
59 116
66 90
55 88
87 158
73 265
254 297
72 115
57 183
20 115
92 147
151 282
102 232
115 217
79 92
57 196
45 291
222 294
133 158
144 176
7 185
240 292
13 60
170 178
3 103
62 69
120 212
111 244
95 263
68 159
103 228
235 249
35 132
54 238
78 238
47 120
15 43
159 190
221 295
88 203
45 230
122 156
58 212
192 244
123 165
42 117
172 276
64 258
170 205
22 127
65 127
44 168
42 48
227 254
54 239
273 287
11 33
106 247
22 107
24 140
15 146
137 225
156 171
244 253
167 179
106 132
45 80
139 279
29 274
163 253
98 162
78 114
91 145
32 243
201 223
31 162
214 293
107 289
30 125
132 205
49 297
184 215
79 134
48 267
19 170
183 234
5 247
156 300
132 223
166 286
45 84
6 42
134 237
51 270
96 125
31 120
16 223
44 289
218 289
4 259
15 162
100 176
48 193
103 260
18 126
128 180
255 282
100 114
90 294
132 145
173 271
189 270
237 295
117 243
132 218
40 261
60 93
76 266
53 149
201 286
268 297
190 242
20 220
147 222
65 254
262 278
19 77
1 179
207 221
103 208
134 189
45 288
164 237
51 172
95 113
180 279
10 21
3 18
1 110
33 72
96 226
102 211
110 116
84 165
71 216
117 282
116 299
64 231
99 300
145 271
64 114
163 241
7 58
191 211
221 271
60 198
255 272
16 260
257 296
6 216
165 186
25 93
160 244
113 208
72 295
93 228
8 250
43 223
148 208
162 190
148 177
167 174
90 233
86 205
36 169
98 123
136 232
129 172
74 253
99 212
47 210
14 159
233 257
6 112
243 275
8 38
83 117
23 266
150 277
18 114
93 280
180 262
66 271
168 264
29 192
171 173
152 202
98 144
6 84
69 279
141 281
29 199
13 26
58 166
209 252
70 277
58 209
32 147
210 282
29 76
84 130
214 251
28 222
74 292
198 259
116 252
14 71
16 283
2 74
164 293
276 292
212 267
250 298
225 272
76 300
59 137
67 117
155 205
131 208
111 183
26 205
239 279
95 259
162 294
46 270
73 286
5 22
164 260
89 125
73 192
154 241
188 220
122 209
137 278
114 121
201 202
219 227
211 297
87 234
57 264
103 240
200 254
188 237
97 261
163 167
156 160
24 32
202 300
38 150
190 223
103 205
3 234
169 199
36 229
150 184
35 224
223 263
87 136
101 134
25 202
4 29
68 288
150 240
19 112
35 220
147 157
67 278
170 287
2 94
50 255
50 69
16 299
84 166
28 124
84 149
92 293
35 166
97 175
59 264
44 93
77 91
46 188
65 105
94 293
168 284
206 277
119 180
70 176
39 189
215 296
52 169
232 286
56 195
41 62
213 241
95 296
180 189
38 119
79 148
71 258
30 222
82 291
110 223
17 291
76 230
154 288
12 282
181 228
52 272
208 235
230 237
55 94
128 209
43 296
24 87
3 56
118 237
23 280
41 104
89 165
241 256
117 151
154 172
57 223
256 283
17 66
91 275
161 238
139 187
164 201
19 105
74 190
190 276
139 281
173 258
117 236
50 227
12 240
81 91
208 300
48 160
28 116
226 235
53 235
47 207
129 295
40 166
100 232
176 293
40 214
95 185
83 123
52 132
274 296
242 253
160 238
93 262
260 289
63 174
131 222
226 237
108 231
153 218
169 250
6 111
228 251
48 225
38 185
52 255
8 109
118 219
201 252
122 297
52 296
160 291
153 264
40 187
27 265
58 85
11 238
25 85
87 295
100 252
125 237
180 207
2 290
1 187
227 255
65 189
94 183
127 222
1 262
224 293
84 150
15 52
52 281
62 191
142 171
29 179
235 264
167 275
29 300
100 186
53 159
21 26
187 215
167 198
158 219
194 252
26 74
31 250
134 292
178 202
125 155
1 98
70 210
114 200
154 185
125 165
15 41
188 246
17 230
196 277
34 200
227 260
144 278
278 294
54 202
160 191
38 206
28 278
60 244
38 133
141 157
18 206
41 225
27 250
99 281
33 294
130 293
115 147
219 278
161 236
123 170
274 298
208 285
231 292
8 242
42 244
129 279
298 299
235 240
125 291
221 274
56 251
91 119
130 145
93 112
37 261
73 169
88 259
118 179
105 206
243 280
169 224
104 105
134 218
14 20
8 169
118 122
44 203
39 237
65 204
1 82
108 234
262 290
23 216
179 285
120 164
78 98
101 280
117 230
2 261
68 155
162 279
40 59
45 225
121 238
33 247
150 239
92 196
6 262
209 284
78 240
134 213
81 223
25 239
161 239
8 225
240 264
246 279
55 273
163 238
23 27
42 111
31 155
106 206
45 68
39 196
63 141
54 139
127 148
15 144
41 226
47 82
236 282
180 181
7 106
78 188
20 281
216 253
34 65
1 123
89 193
141 182
207 214
174 196
87 255
18 103
68 169
200 267
117 209
103 159
273 288
14 245
61 85
56 219
13 256
190 293
3 189
9 14
142 276
101 209
121 206
72 175
106 222
5 120
166 237
123 159
63 191
58 176
81 242
178 239
106 251
101 195
131 280
165 205
138 212
32 89
288 292
80 93
34 193
110 264
165 209
206 260
88 267
37 181
79 191
14 106
242 286
133 183
64 201
69 276
117 241
83 240
14 120
55 136
247 255
10 288
87 131
119 156
167 187
8 40
70 199
216 279
17 241
87 246
114 202
135 137
36 112
45 193
139 163
113 285
110 275
110 177
84 108
163 173
38 144
220 234
92 213
25 292
139 288
266 285
42 105
141 177
255 259
91 257
105 147
20 255
4 249
131 284
101 298
250 271
204 270
50 298
73 194
174 212
190 220
102 292
230 238
46 70
161 294
133 281
94 163
151 285
240 280
92 242
107 109
71 85
46 205
24 159
18 153
34 183
161 225
210 238
53 258
116 148
50 184
61 93
55 110
42 273
225 264
83 284
71 286
81 176
105 237
46 289
34 292
112 297
208 261
64 117
176 177
170 244
79 266
238 267
170 294
164 222
54 246
67 114
26 46
200 237
31 245
57 217
65 137
16 209
16 175
30 39
76 154
185 228
56 291
168 262
209 236
45 229
21 151
39 279
192 235
198 246
21 71
191 259
25 184
3 187
152 299
136 174
51 286
8 111
200 250
88 196
99 277
200 272
7 201
158 237
9 46
5 252
146 179
24 277
181 286
162 202
79 271
156 266
126 269
35 55
32 187
54 79
140 147
51 299
88 143
36 279
5 29
42 75
77 226
37 187
149 201
9 244
47 57
59 183
22 234
155 204
59 140
48 187
180 191
87 171
83 175
38 159
203 275
99 188
173 180
189 190
133 255
233 275
173 233
3 145
28 43
100 216
83 216
83 115
89 197
14 283
235 258
217 229
121 284
184 272
167 250
130 134
169 236
24 31
89 186
105 270
170 220
27 227
33 246
13 78
47 126
131 184
112 219
37 68
142 167
42 196
54 156
10 199
121 181
64 163
127 232
7 225
94 290
281 288
91 261
27 291
100 246
60 184
160 190
117 129
135 190
202 245
93 245
133 202
191 262
117 167
101 188
41 69
111 164
187 227
179 269
143 272
161 240
186 255
74 250
47 73
50 180
161 241
27 92
159 195
252 259
269 300
120 250
207 291
194 234
112 196
245 255
70 177
201 264
16 48
178 217
202 216
19 88
186 299
152 258
280 287
22 262
95 196
122 171
84 128
16 237
15 249
98 231
167 185
20 284
13 66
31 275
14 37
33 132
140 259
177 187
57 225
71 281
203 243
40 47
14 237
95 233
89 292
58 164
148 228
184 225
170 222
55 227
6 211
146 160
82 135
120 173
7 71
10 133
54 159
180 285
192 214
27 196
127 180
166 176
51 265
207 280
4 111
23 150
72 149
8 69
165 290
96 142
124 198
5 30
19 117
232 237
176 224
103 226
83 201
163 220
161 237
87 256
239 252
55 291
67 221
99 189
52 137
204 281
89 248
11 112
200 290
74 137
78 224
101 104
2 231
281 293
124 145
48 151
78 127
153 164
26 63
67 238
25 163
7 91
133 223
155 252
237 260
208 268
199 277
8 121
157 220
69 96
20 186
96 199
68 105
165 280
36 216
37 70
142 282
5 209
195 228
61 223
120 190
65 132
157 165
41 120
136 225
50 208
146 157
47 246
40 280
102 129
282 299
47 159
12 273
47 226
96 278
114 264
89 191
195 256
68 209
85 282
117 141
24 260
179 299
18 146
66 241
164 198
56 80
77 140
128 188
78 196
261 279
262 289
71 292
77 79
1 267
152 224
168 258
193 291
198 283
149 188
127 164
199 253
29 152
34 123
275 293
16 277
31 75
216 241
27 233
198 241
72 250
31 66
9 270
182 184
218 259
85 182
222 260
117 261
135 227
2 19
29 228
50 233
97 143
69 133
30 123
152 227
151 255
36 75
20 151
27 197
54 145
148 293
72 94
34 143
165 285
128 154
84 142
248 253
275 298
15 47
38 44
252 268
116 182
67 160
155 168
255 281
251 275
279 285
54 249
30 262
10 137
6 230
57 78
1 24
76 260
110 131
46 133
82 237
3 225
4 23
213 289
12 112
126 200
44 283
35 206
248 292
1 291
148 220
202 271
139 283
57 197
237 253
152 164
171 272
98 138
18 184
251 261
99 132
243 285
19 229
246 289
100 144
247 284
165 191
125 280
33 226
152 294
73 91
209 293
19 186
19 67
134 232
160 221
152 260
173 234
94 295
201 274
196 275
224 234
6 22
131 265
85 116
33 258
211 250
188 295
26 122
1 92
196 223
1 232
64 74
77 263
55 160
121 208
18 26
54 290
34 133
15 25
18 256
95 110
21 22
11 186
21 211
39 246
210 257
65 280
147 217
197 269
79 100
30 191
8 277
14 157
96 292
50 209
15 165
73 249
126 157
23 173
81 181
219 261
129 204
11 160
176 288
157 208
66 216
63 86
91 177
3 171
8 102
66 73
145 281
62 257
111 272
141 267
98 266
143 201
72 77
24 222
92 192
3 242
20 244
35 266
6 125
146 147
131 253
7 157
187 208
59 168
3 163
118 220
35 292
111 264
4 265
177 241
33 284
252 264
73 145
30 196
39 99
7 130
209 281
2 28
243 284
206 294
32 64
95 280
30 110
65 95
71 202
98 273
169 260
212 260
77 129
81 280
122 293
53 158
99 106
207 238
14 190
99 291
41 150
59 224
126 148
14 251
99 183
236 299
164 292
185 299
128 207
94 186
91 95
187 254
112 119
92 96
138 186
2 37
109 187
101 217
147 297
31 73
86 159
169 249
36 242
155 254
71 273
30 188
256 280
20 207
97 121
263 271
250 273
98 142
100 147
68 289
47 96
2 155
161 188
61 89
53 187
20 100
97 169
90 240
109 171
124 211
70 247
224 258
74 91
89 298
103 299
19 44
159 260
175 258
63 201
117 293
40 286
171 209
145 180
199 225
22 179
7 133
129 198
20 21
247 274
194 291
112 171
163 299
113 131
187 204
191 245
6 83
148 281
147 289
170 201
70 286
35 215
44 292
145 243
7 270
173 213
16 251
26 156
10 27
51 280
123 288
204 299
108 182
54 211
71 267
126 298
14 111
267 273
136 149
96 101
101 115
9 146
145 172
224 281
137 214
198 263
223 256
198 199
281 284
206 240
18 94
38 90
60 247
228 276
103 164
211 241
41 136
91 197
186 188
52 79
89 144
9 126
134 165
206 261
97 112
35 201
138 179
113 188
84 202
109 215
154 174
142 219
173 292
8 269
78 299
22 185
18 57
26 245
86 258
180 220
24 288
140 263
80 288
122 149
152 193
118 184
115 207
157 252
4 172
59 286
32 91
287 293
182 300
154 244
18 107
18 129
72 101
27 66
46 292
188 264
19 110
26 294
152 248
52 215
159 241
50 264
230 254
147 254
171 221
136 241
55 65
78 135
130 222
126 216
22 122
58 287
184 279
62 245
120 167
29 129
26 225
27 158
28 140
55 241
26 96
44 293
34 221
127 263
76 152
203 211
92 264
80 82
26 119
5 16
165 244
118 128
15 44
74 182
144 230
55 220
183 193
109 209
158 291
222 224
101 163
178 199
29 253
9 216
32 220
7 300
1 218
136 194
78 230
46 86
261 286
129 298
93 287
52 170
101 272
143 220
275 292
24 141
132 137
22 171
8 84
71 243
83 287
191 237
212 295
41 184
109 179
76 281
48 166
255 279
84 88
47 244
96 217
31 32
153 238
116 244
45 198
10 28
127 276
1 144
60 120
47 204
236 291
148 210
126 292
28 293
85 245
27 126
82 145
75 230
81 290
82 247
75 240
235 273
148 251
85 296
155 287
47 253
136 200
129 246
24 258
254 273
128 218
35 290
64 235
257 299
169 212
131 287
17 187
193 243
163 244
30 278
105 259
126 244
13 195
272 300
110 203
112 254
64 221
100 187
172 272
135 234
6 202
74 163
154 257
168 259
201 281
135 201
216 258
89 178
25 209
1 182
78 104
48 63
83 247
92 165
78 241
124 263
66 78
101 210
143 157
82 162
14 82
67 266
46 96
53 276
6 31
17 271
158 194
99 257
125 159
135 256
169 205
82 147
177 246
93 154
192 197
36 165
34 233
116 256
46 176
119 233
192 212
68 186
54 148
73 190
129 202
163 217
91 167
46 227
14 23
220 280
24 161
49 183
209 227
255 263
44 186
140 230
255 293
23 25
40 234
9 45
154 299
108 130
36 258
77 132
19 25
144 241
42 171
12 66
203 230
25 293
160 210
88 183
170 180
116 251
64 134
138 236
246 258
28 54
230 248
72 224
189 230
74 168
86 203
167 207
49 51
23 180
131 275
58 111
27 39
166 285
125 152
17 234
167 172
59 249
157 160
45 55
147 194
167 239
44 148
1 278
222 223
168 271
123 296
230 242
252 290
9 10
181 207
171 213
45 205
48 188
187 264
212 284
123 300
17 128
101 266
133 239
152 240
242 272
27 202
244 270
67 249
90 113
234 290
133 200
157 183
134 167
102 230
101 200
111 218
50 74
61 290
66 256
174 223
39 180
225 249
159 162
63 103
21 130
35 256
96 102
215 269
38 171
61 172
50 73
53 226
65 104
150 152
51 261
8 17
221 290
10 169
55 236
92 263
160 206
163 254
125 265
127 264
157 175
18 148
12 15
130 273
51 81
137 148
159 220
20 234
187 199
13 133
147 200
52 80
93 168
165 248
76 285
36 220
167 206
46 111
100 142
207 230
166 221
192 223
20 95
207 264
123 283
145 278
26 144
64 113
20 148
126 258
16 272
152 176
111 276
30 104
99 110
160 217
1 257
47 291
20 221
164 265
16 128
158 254
198 297
218 274
70 115
15 138
245 270
147 201
258 272
250 296
89 90
46 228
18 220
133 222
17 30
25 247
45 166
213 273
211 217
209 212
121 256
173 221
186 280
2 156
135 189
62 211
120 165
8 181
18 132
38 72
84 231
11 80
119 202
30 277
242 284
185 241
22 224
187 287
82 120
178 197
63 163
102 208
83 125
168 209
18 250
65 288
14 46
62 159
84 233
23 285
169 172
15 164
129 133
111 119
21 192
205 300
78 215
112 230
3 50
166 201
15 270
56 280
11 264
238 256
254 257
196 208
135 257
196 259
291 300
71 174
101 145
58 69
53 234
41 273
88 194
183 216
193 273
27 109
117 202
147 288
42 231
191 214
153 187
146 237
272 296
65 131
19 144
55 294
229 274
149 195
128 241
117 184
87 100
107 222
252 278
237 261
119 297
144 277
62 241
125 229
131 169
150 163
213 298
188 277
100 183
119 276
77 115
79 230
38 77
49 197
23 257
167 183
275 300
20 56
64 299
173 279
189 206
164 297
112 263
124 292
61 124
10 221
22 43
14 133
269 291
104 257
26 91
94 121
128 193
57 148
22 157
58 186
37 88
26 27
60 217
93 210
165 174
157 246
74 90
151 279
66 196
9 189
21 163
125 255
86 155
113 261
96 141
38 248
25 87
64 133
245 296
53 138
144 191
202 264
13 237
66 227
12 206
174 228
226 231
19 73
156 199
4 30
54 150
183 230
135 289
144 183
108 256
21 230
3 151
113 123
87 174
36 270
78 218
8 257
103 122
93 173
133 226
136 156
211 290
90 243
151 201
40 43
45 208
60 61
97 289
244 275
62 125
96 293
17 263
19 259
165 284
27 113
112 240
87 210
100 285
156 255
191 232
243 247
186 284
53 193
91 250
251 282
64 274
30 62
30 221
75 284
30 99
67 70
41 291
138 194
85 235
114 257
43 271
261 281
36 286
101 128
49 77
40 102
231 251
139 272
77 231
167 215
85 120
133 154
132 224
90 125
63 233
44 130
5 232
215 233
48 169
79 293
102 200
1 265
62 188
182 235
20 153
87 89
108 274
200 251
114 277
133 150
40 110
69 126
89 254
23 83
149 290
120 123
70 169
283 299
113 156
86 119
121 274
10 161
38 222
16 170
124 204
212 268
35 281
128 182
100 133
43 97
192 254
8 271
72 257
65 71
57 203
15 216
153 185
227 239
175 234
50 162
138 157
55 171
145 185
161 283
84 139
104 180
38 257
159 280
106 224
57 89
174 217
69 182
28 169
151 214
40 228
152 162
236 260
86 198
31 54
60 105
72 294
198 249
230 272
147 266
29 223
106 296
6 290
76 291
292 296
51 163
130 232
185 276
83 260
28 93
53 243
155 288
206 216
41 287
6 59
41 221
188 258
136 160
13 25
48 244
148 266
137 201
98 203
159 235
214 263
257 270
168 212
47 165
109 255
122 204
79 83
188 198
145 230
48 231
6 25
94 166
122 214
73 112
20 189
234 258
206 215
30 61
8 135
124 168
4 92
16 263
15 231
162 280
11 101
101 201
80 165
160 293
243 266
86 253
183 266
132 207
45 242
43 95
86 131
4 131
170 215
22 239
233 268
50 246
23 123
104 243
123 218
86 282
70 133
113 155
185 215
86 240
142 177
174 221
69 110
75 149
190 245
14 171
71 124
62 84
90 215
64 92
218 281
63 217
127 261
60 249
85 279
172 210
3 26
42 233
65 161
13 290
146 165
224 263
125 162
105 193
271 273
106 259
55 229
56 131
157 235
134 181
173 209
37 193
116 151
183 188
37 54
18 33
253 293
159 189
64 149
14 272
185 298
55 151
237 277
159 238
77 217
164 226
5 73
27 28
7 278
143 182
124 129
153 179
34 236
235 292
113 300
183 191
22 113
94 153
71 248
71 207
113 282
73 289
16 215
171 250
159 215
95 211
124 176
205 234
222 287
67 244
159 285
123 161
133 136
160 193
212 298
35 174
204 231
181 237
127 273
36 104
65 106
5 198
29 117
44 115
132 221
116 276
82 213
32 95
31 76
155 280
260 278
141 154
125 140
21 158
188 251
47 145
65 73
28 202
240 279
12 41
129 225
68 129
46 254
213 296
3 81
39 241
178 219
3 91
113 238
62 133
56 152
66 108
40 147
219 221
31 144
272 283
75 117
29 101
197 250
134 144
58 66
29 54
158 238
63 185
46 184
34 55
135 209
13 129
173 241
103 149
203 206
39 137
222 258
65 140
21 133
70 271
63 202
87 289
209 218
66 207
130 214
109 139
216 246
55 225
193 272
205 252
132 167
118 207
64 266
194 270
272 291
250 261
84 111
133 261
1 140
118 275
94 171
97 164
35 145
86 208
208 237
65 119
100 245
257 279
100 139
97 111
140 224
106 110
107 245
129 237
165 220
143 165
14 295
2 265
41 244
248 273
131 274
108 169
22 50
254 279
195 259
75 196
182 227
48 156
122 145
15 219
49 190
201 244
33 237
31 224
6 78
35 44
242 296
93 137
97 295
250 268
184 283
142 175
69 293
54 147
21 68
65 293
8 68
178 243
257 264
56 235
49 240
74 199
137 188
240 300
99 200
162 239
207 215
84 193
113 144
36 240
18 229
256 286
37 195
36 287
27 194
75 152
196 249
8 295
59 98
85 217
90 271
177 222
219 262
166 200
180 196
90 222
34 226
3 231
133 165
44 154
169 230
95 182
33 38
119 216
12 236
205 285
28 279
254 290
18 112
176 239
121 247
68 211
32 92
37 125
121 259
172 258
14 199
261 274
186 261
195 204
48 56
11 13
255 260
71 235
185 282
66 252
31 143
195 205
90 223
90 153
229 241
237 241
223 267
57 285
61 161
66 167
167 193
104 148
3 149
43 89
214 257
21 55
28 277
65 144
109 236
60 246
141 284
14 16
221 282
130 171
198 266
89 236
54 230
67 237
25 164
130 287
148 297
18 106
8 155
161 274
118 238
34 272
98 242
47 178
202 213
18 154
73 116
101 226
103 142
99 145
36 111
47 110
124 179
2 267
9 261
213 291
194 283
5 127
131 209
105 271
47 62
44 67
175 209
39 207
18 64
1 90
67 187
24 128
222 263
8 48
50 211
222 227
102 257
60 228
170 233
143 199
57 219
18 152
77 178
13 268
65 282
22 255
208 244
82 100
16 226
8 63
83 132
3 55
27 124
89 216
151 183
241 246
21 210
15 245
259 276
29 246
22 230
157 258
31 212
138 271
85 202
62 263
123 145
141 226
88 126
279 280
101 281
199 237
152 157
216 280
6 27
147 283
98 106
189 300
103 258
39 292
42 80
237 264
116 287
64 176
121 257
21 168
254 265
106 278
7 211
149 180
37 121
160 264
40 260
88 199
84 191
33 211
169 299
221 260
17 239
107 127
5 55
46 79
135 219
184 259
78 208
95 297
109 265
180 245
120 130
31 65
114 239
23 215
112 238
129 241
184 275
208 240
231 239
45 218
172 211
160 205
114 291
196 219
78 186
64 296
11 146
4 146
77 110
42 122
70 201
261 283
163 246
149 169
11 218
223 277
142 295
48 171
151 172
68 263
66 184
153 172
72 118
149 289
160 235
61 254
44 188
146 281
17 102
148 166
6 44
89 232
13 247
147 262
3 83
173 243
79 282
18 30
29 79
224 249
163 289
41 43
47 248
2 180
234 238
17 292
32 33
61 108
98 290
119 207
272 294
56 95
47 222
199 219
47 164
15 246
14 25
45 77
5 116
203 283
50 176
24 298
30 274
159 176
65 84
116 270
43 258
194 247
106 115
16 275
77 177
167 237
78 296
43 186
129 207
68 188
272 284
48 131
157 179
261 278
208 229
35 74
119 261
65 174
2 193
212 235
204 212
113 289
104 288
37 132
59 297
137 217
54 146
163 292
24 27
263 267
185 220
36 294
135 278
11 236
26 121
189 207
174 280
221 296
52 258
7 108
245 279
116 275
48 298
32 182
135 290
207 259
210 293
48 53
81 136
85 220
104 262
92 127
58 280
50 195
233 291
93 248
113 217
132 178
102 263
68 75
37 174
53 160
138 296
86 146
224 300
15 242
41 71
44 238
38 186
73 261
40 44
229 258
216 229
88 233
83 253
65 211
3 148
128 228
182 240
3 255
45 274
45 224
194 273
187 213
53 295
38 201
15 283
91 245
69 88
206 221
177 260
187 200
26 255
169 203
283 284
40 136
27 105
5 261
89 140
191 236
188 189
99 135
160 199
48 228
162 300
13 88
149 267
52 266
166 225
128 210
34 196
134 285
128 174
242 261
2 164
168 194
99 153
58 156
49 75
71 92
123 280
44 147
67 208
53 126
82 233
16 204
11 19
231 258
114 187
38 265
80 180
42 230
166 260
271 295
70 95
165 169
46 260
1 272
242 273
148 229
45 246
157 177
231 271
36 160
50 150
113 219
198 214
128 226
12 137
55 282
31 39
35 260
78 178
127 271
112 212
127 179
54 248
241 259
134 264
101 259
277 300
63 254
208 243
1 52
170 285
118 287
10 81
5 35
61 167
58 61
7 219
185 196
118 178
153 199
202 293
44 229
24 53
32 226
45 212
112 173
131 133
101 244
114 165
166 231
66 211
170 190
171 287
130 290
61 251
238 260
65 97
197 211
98 116
131 195
266 297
19 212
53 94
113 161
189 263
72 247
70 126
36 92
27 215
52 107
64 278
35 208
179 200
113 199
4 11
12 286
217 283
87 170
88 105
130 211
59 272
229 234
56 237
219 232
155 217
103 297
47 300
249 278
65 167
94 300
16 232
133 286
187 212
177 290
46 153
69 289
9 224
55 224
14 137
103 193
47 213
3 96
6 45
247 300
118 175
157 278
91 102
76 158
59 67
136 183
114 238
146 219
16 196
100 105
2 64
111 127
20 120
162 288
143 221
40 49
107 131
73 189
178 206
168 216
97 118
12 259
101 141
215 221
165 195
68 184
95 200
109 229
84 272
205 292
35 234
117 300
128 200
28 56
33 99
17 247
69 145
172 197
34 109
125 244
176 273
163 267
24 198
58 259
129 245
33 203
9 215
6 253
21 146
91 234
6 203
177 300
62 96
12 135
100 290
76 224
6 208
96 242
37 43
16 213
156 251
227 281
171 214
183 284
128 279
267 300
3 129
79 171
240 271
47 121
148 239
177 264
141 260
34 216
96 243
133 282
218 298
52 95
230 241
197 214
53 199
225 279
190 259
37 164
51 223
130 275
14 289
44 99
87 223
33 150
122 274
92 249
133 250
176 201
114 147
83 146
125 264
20 299
177 250
123 256
184 192
18 118
172 244
18 32
76 252
31 136
225 294
106 284
21 273
28 58
7 149
75 239
247 276
38 178
60 233
27 224
69 286
6 163
61 69
52 289
107 244
82 273
129 155
184 199
13 242
100 218
65 141
129 184
67 292
69 269
51 296
104 259
166 243
33 235
253 296
128 149
70 222
100 136
80 144
120 275
186 210
114 136
104 127
32 211
212 265
48 112
45 180
76 245
69 210
198 224
79 147
187 244
25 174
190 278
223 246
10 151
164 177
32 99
139 215
217 238
187 294
35 172
44 83
153 246
67 178
286 293
51 300
126 139
46 143
108 144
242 245
72 137
263 283
102 122
203 297
91 153
34 164
19 167
163 230
145 173
12 211
28 136
174 264
30 240
71 90
143 187
28 46
96 295
24 263
55 285
47 174
55 240
70 97
198 255
53 213
181 268
203 237
232 283
86 204
145 257
13 120
64 197
77 104
83 112
38 47
23 232
25 180
103 291
137 268
202 221
141 280
8 238
26 250
55 131
179 245
9 214
21 142
103 168
181 196
156 279
25 70
39 139
57 63
47 294
190 287
89 167
14 57
207 212
91 124
71 106
241 249
71 155
122 291
131 278
7 40
24 248
182 220
25 291
212 240
228 286
193 224
135 275
177 189
79 125
23 298
232 297
115 223
36 115
57 275
158 280
83 189
227 292
240 281
26 155
30 119
20 218
287 288
133 288
183 298
78 140
277 283
155 258
55 103
8 185
100 162
264 275
7 13
91 111
73 146
43 294
81 112
107 260
55 180
20 285
92 157
46 85
72 298
137 195
44 296
119 242
102 192
63 291
155 179
116 227
131 148
262 298
26 53
7 266
265 291
48 54
63 293
76 179
195 245
4 120
97 188
99 211
53 145
37 229
34 100
48 149
92 296
38 298
96 166
42 243
8 263
55 106
41 103
172 205
256 279
151 179
29 102
250 278
107 202
34 129
63 258
12 189
5 227
109 242
269 274
67 182
28 248
48 110
102 262
209 219
252 293
19 285
73 155
150 300
65 134
140 270
248 272
83 288
42 232
270 291
41 247
239 294
46 171
235 267
38 118
12 154
59 220
14 189
4 189
73 292
13 279
24 264
105 205
46 56
191 267
123 254
166 292
229 261
114 274
256 290
52 74
158 178
3 176
43 102
56 185
9 280
103 293
254 295
78 159
197 289
224 252
98 293
106 185
29 46
76 243
19 297
13 112
269 289
87 165
146 269
166 254
70 278
133 153
111 203
119 137
40 131
177 283
56 249
7 255
17 282
2 264
57 287
225 275
221 259
187 206
117 265
47 193
65 200
108 276
199 251
76 262
219 281
49 218
120 195
67 282
95 246
50 56
39 163
12 20
36 63
16 214
17 219
98 141
65 193
72 200
9 223
199 240
173 269
66 275
277 282
35 188
3 150
109 241
52 110
79 254
144 213
255 265
143 259
65 212
65 83
100 160
102 121
134 276
87 146
220 224
38 172
81 222
195 295
24 112
22 62
7 131
101 254
6 128
20 136
212 292
33 90
143 175
31 110
49 208
103 238
148 150
195 253
31 68
142 172
232 282
213 228
25 213
80 262
54 124
49 135
87 159
168 296
133 256
55 288
90 136
27 74
181 240
270 299
212 287
273 285
138 274
40 194
182 225
14 250
123 245
257 292
67 124
155 167
15 170
226 297
132 139
196 206
211 230
185 240
212 250
79 231
142 151
87 121
50 287
119 159
119 227
73 207
22 91
151 283
195 218
190 294
147 248
20 201
178 200
32 80
120 276
33 116
39 251
108 275
103 251
208 239
43 126
175 227
91 149
116 121
236 269
124 284
79 154
52 225
71 194
242 252
41 101
70 85
39 82
8 288
19 50
39 47
161 289
179 236
44 159
22 260
102 256
97 110
15 154
40 219
125 287
47 157
23 294
128 282
149 189
132 162
78 256
120 236
143 213
136 202
121 280
71 133
32 255
16 286
250 300
153 261
26 65
151 295
41 211
56 225
2 88
74 175
79 168
160 183
34 253
33 171
54 83
81 249
194 280
95 284
34 76
35 258
80 201
89 176
4 269
70 105
87 198
29 122
185 289
238 248
263 288
122 217
259 287
26 170
33 270
82 243
170 212
44 163
20 125
122 201
56 137
171 281
126 261
164 209
141 183
168 223
52 220
33 191
15 125
15 272
249 280
18 74
7 221
23 118
13 76
18 52
188 196
226 241
31 50
114 270
168 256
66 127
14 192
25 43
103 273
242 294
25 50
117 199
77 150
98 120
8 73
94 130
55 63
7 280
8 273
119 212
72 283
196 291
40 123
126 202
174 232
98 115
87 251
47 133
216 259
50 62
17 50
69 197
237 290
182 193
108 233
8 49
46 83
230 294
30 144
79 181
99 190
38 254
8 134
45 155
97 263
68 201
2 114
89 154
154 248
157 263
7 14
174 202
47 172
272 289
71 185
2 158
114 161
71 80
196 278
29 31
6 72
112 121
2 84
69 121
70 98
259 261
196 217
20 210
84 299
245 281
131 190
106 243
185 295
46 266
139 213
244 256
36 239
52 130
232 264
19 63
37 246
175 297
66 222
97 274
155 161
18 242
35 209
3 100
26 224
234 271
51 85
185 260
128 220
103 272
92 134
64 130
110 124
32 199
42 86
209 290
148 292
137 272
250 252
4 27
215 254
4 62
120 278
30 114
69 97
285 295
110 204
206 287
78 134
3 65
207 274
141 241
137 260
207 252
117 176
39 109
121 221
158 202
48 115
18 218
57 72
7 107
111 266
286 291
17 208
80 294
106 113
56 117
68 246
3 265
79 246
121 283
189 214
75 236
8 77
196 295
103 218
122 154
19 228
48 235
27 138
114 162
35 169
119 229
32 142
52 108
200 241
143 145
69 136
108 158
112 264
53 96
29 287
79 129
144 145
98 171
214 236
4 253
41 102
117 240
1 210
55 100
40 199
46 97
2 291
99 175
9 56
112 296
107 169
5 45
64 91
64 151
85 167
230 292
47 111
220 229
41 127
168 254
129 269
73 77
69 233
20 271
165 286
54 298
12 21
167 230
77 107
187 276
126 223
79 213
83 228
84 132
27 72
146 231
27 190
88 263
63 139
164 279
77 300
174 265
33 229
172 216
57 129
78 280
83 194
164 179
52 69
204 272
70 107
65 251
7 145
204 215
21 224
30 46
213 250
30 115
107 142
125 127
65 290
54 163
105 214
225 233
15 67
78 277
36 230
11 75
23 220
89 194
9 264
104 109
52 165
38 198
25 129
151 278
22 156
28 232
45 54
192 221
154 196
52 222
152 233
14 242
20 294
66 239
116 231
127 269
213 251
30 223
24 174
228 266
174 277
262 268
107 223
46 250
6 46
32 165
85 247
170 286
34 206
242 259
141 209
86 182
113 146
86 171
38 266
37 264
38 96
28 117
201 258
21 167
48 64
150 267
22 300
241 252
29 273
184 288
266 271
133 218
199 234
132 148
92 278
59 281
4 194
230 264
152 274
79 289
67 245
71 140
88 176
47 257
63 136
150 281
288 291
166 235
44 139
17 298
80 287
16 28
62 64
39 247
117 255
10 54
23 169
84 164
282 291
43 237
65 240
245 248
277 292
248 254
209 211
102 283
66 233
122 147
80 90
154 164
10 113
275 285
52 253
113 182
20 280
117 140
90 184
82 179
190 262
90 262
71 265
32 128
1 27
80 223
47 173
134 199
111 157
209 288
235 299
234 240
51 189
137 160
218 280
220 284
64 144
15 166
80 187
245 286
79 236
233 250
1 19
113 236
173 217
54 182
59 114
237 287
182 287
119 268
183 267
93 241
236 292
98 276
103 263
239 245
155 187
55 242
188 274
26 124
47 91
26 284
226 227
55 172
26 171
62 117
89 117
9 210
140 183
4 77
129 247
96 119
54 158
100 166
83 84
4 70
22 229
247 275
80 122
27 122
99 217
56 245
74 252
49 264
50 105
200 211
122 190
110 127
80 227
37 208
41 204
42 141
87 193
207 260
231 236
114 221
69 163
5 273
277 296
105 231
57 149
24 42
24 240
40 235
56 81
87 296
149 300
49 260
179 275
129 187
74 152
128 137
50 173
222 231
19 35
144 279
30 147
267 292
134 278
168 191
253 298
176 250
126 175
233 269
76 241
74 216
125 284
35 66
170 181
53 152
200 282
69 70
53 228
50 106
217 267
206 218
281 300
86 248
146 278
98 297
24 148
134 186
105 284
145 242
122 194
73 99
72 162
58 276
86 255
18 71
25 101
265 293
102 264
87 157
150 189
199 208
88 271
210 236
12 18
59 100
41 65
234 287
18 70
48 122
187 298
218 222
35 53
134 214
146 274
182 255
185 187
70 231
98 272
22 65
165 181
95 140
29 251
245 251
36 267
103 175
80 81
54 287
76 157
52 115
108 201
11 97
41 124
9 291
109 193
70 135
162 255
214 250
196 211
69 252
238 295
18 212
228 275
58 240
49 90
164 224
22 297
77 92
28 184
15 282
137 223
1 10
16 83
110 289
63 119
34 188
86 268
61 277
110 256
210 229
4 231
8 94
152 273
277 293
148 206
192 271
187 217
121 231
2 80
34 50
134 269
17 273
81 151
125 180
252 258
50 170
53 64
51 272
89 227
44 263
10 279
133 269
38 83
116 202
134 289
142 249
50 294
25 276
55 234
1 281
155 278
204 224
1 242
8 83
26 77
131 240
179 277
294 298
126 221
114 189
156 235
53 267
104 222
110 268
80 219
152 246
179 203
251 259
193 214
18 274
154 282
13 297
23 218
197 281
83 222
207 209
205 273
13 188
133 140
160 269
72 251
220 266
61 230
30 228
140 269
120 210
149 299
25 32
60 158
4 158
107 265
82 185
13 58
93 179
161 298
155 237
26 89
121 195
109 173
129 201
28 154
6 228
53 87
61 279
74 260
185 262
191 264
117 153
114 242
9 217
61 196
8 156
129 249
176 241
56 248
152 181
1 260
75 76
11 151
197 222
50 189
50 198
135 181
162 249
24 230
121 151
203 274
110 134
190 277
230 251
49 232
101 202
24 34
86 141
14 67
142 230
167 273
142 220
251 254
28 185
77 235
148 160
118 293
14 52
131 213
16 279
29 45
210 221
21 82
26 139
10 24
77 270
2 103
57 179
79 250
139 181
68 266
208 223
178 293
133 145
231 248
88 160
54 63
164 174
141 149
34 205
90 156
89 257
169 228
86 91
135 229
226 278
170 239
140 221
124 275
203 286
89 261
12 126
29 140
135 178
159 263
19 293
87 163
7 78
83 122
6 196
129 224
263 280
95 279
131 136
42 157
32 219
113 196
152 288
14 230
99 251
194 207
109 205
127 234
57 131
172 257
31 43
127 140
81 186
13 143
54 288
21 137
61 232
194 258
105 188
28 126
131 142
95 179
100 204
20 179
266 292
129 284
75 229
1 28
6 29
8 168
145 183
37 144
151 242
196 294
103 139
39 257
60 242
89 268
77 272
21 234
4 125
109 146
233 262
45 164
192 220
110 282
16 84
37 64
77 108
197 235
149 231
43 248
18 151
8 171
109 153
58 253
33 141
52 232
6 223
163 203
139 182
31 198
106 136
20 24
8 15
153 274
48 195
135 171
239 276
83 140
63 284
179 216
11 35
81 271
266 280
154 263
57 177
17 120
185 290
158 211
104 178
138 247
110 173
203 259
36 107
197 288
63 216
158 289
146 167
124 131
83 274
105 218
90 229
23 265
102 207
111 187
92 212
87 254
5 18
137 295
30 100
182 293
257 283
119 139
218 261
1 211
50 203
55 137
176 271
280 288
27 62
160 299
206 274
76 233
22 169
61 276
168 255
7 294
101 186
49 203
41 162
13 217
7 94
26 242
117 166
184 223
189 267
20 132
25 242
57 210
123 138
114 149
71 236
126 178
148 195
36 159
140 217
39 148
4 270
214 284
111 237
8 101
45 51
39 284
2 79
166 203
71 268
234 291
139 276
57 263
41 267
58 201
48 107
179 255
118 221
183 293
118 262
193 219
241 298
44 282
105 225
207 290
39 66
117 191
2 67
17 144
202 229
114 195
65 198
20 178
58 283
145 292
92 125
125 208
27 116
31 109
126 249
149 200
109 223
32 39
108 126
102 291
109 206
133 260
14 45
1 264
87 168
10 252
139 260
105 256
72 278
82 85
176 253
60 295
66 168
131 160
115 280
143 244
3 142
244 274
5 51
20 260
138 184
173 201
162 209
217 247
39 228
140 148
60 124
192 201
47 143
296 299
32 120
113 165
71 153
31 148
30 181
140 218
18 24
64 90
33 173
44 226
86 272
2 162
141 266
97 170
103 120
63 170
136 155
121 167
28 270
34 212
172 273
28 225
25 142
121 242
90 227
17 196
199 236
77 154
73 174
27 232
201 219
159 239
233 277
3 279
46 282
140 178
195 279
33 193
72 178
191 278
111 265
42 88
144 179
47 89
145 252
17 250
28 239
34 94
19 116
212 264
152 285
64 82
45 107
74 106
167 168
163 190
127 221
77 207
58 275
23 89
119 257
74 155
26 86
10 72
2 172
148 183
89 294
168 267
198 274
198 211
177 273
24 221
192 252
115 214
42 104
90 181
116 181
286 299
151 293
127 141
145 147
186 295
84 170
106 293
146 285
154 242
64 140
181 249
272 274
93 239
84 223
9 78
202 281
135 276
240 262
44 128
36 271
46 146
30 201
63 143
25 62
3 232
118 127
221 243
2 49
205 230
188 209
159 256
55 248
132 244
123 223
31 71
43 238
18 47
22 70
25 267
36 110
144 240
32 159
122 212
149 240
79 113
70 263
70 232
166 299
141 275
52 153
138 246
32 215
27 216
63 115
139 263
77 241
43 179
212 273
36 246
139 221
143 263
41 220
109 121
115 166
5 117
157 221
107 119
186 215
44 65
115 244
227 238
49 300
1 42
192 219
62 143
21 160
197 245
19 119
255 270
178 236
45 264
10 45
95 105
174 240
27 285
157 230
192 209
155 164
39 88
23 277
104 279
199 239
268 293
201 290
23 297
109 282
52 54
199 201
70 291
79 226
81 207
46 177
1 160
183 263
39 86
152 237
143 280
106 125
96 225
42 181
115 298
27 221
194 285
138 228
212 218
72 160
69 149
241 254
29 161
35 287
46 150
206 231
218 238
24 255
144 259
207 289
123 222
91 296
132 235
62 129
23 274
4 31
195 242
162 205
167 246
70 159
269 287
4 286
139 270
6 101
109 231
143 218
7 141
88 294
10 272
63 222
60 107
178 282
6 120
60 293
82 168
279 281
216 282
166 186
54 64
144 211
263 298
127 223
258 298
5 85
37 134
87 272
55 292
29 156
110 283
25 168
15 254
47 223
138 292
30 77
132 275
200 219
64 136
189 244
20 279
227 271
176 190
180 222
21 166
15 232
88 209
14 297
7 154
66 87
200 249
127 298
9 195
197 207
78 112
104 203
67 93
82 119
259 290
178 218
144 266
34 250
19 169
123 240
117 157
113 229
52 275
151 265
29 165
51 248
122 237
94 273
152 175
46 267
115 194
244 254
51 242
112 138
91 282
17 272
121 134
167 299
92 219
174 225
16 203
4 10
31 130
131 215
115 202
271 280
203 289
203 210
58 183
105 290
174 184
135 172
53 194
25 138
92 216
200 238
77 88
166 289
64 173
132 216
132 285
133 233
71 272
23 156
36 186
13 134
171 229
241 292
36 217
132 229
122 150
273 282
222 270
12 123
148 277
42 78
12 125
14 207
157 271
231 242
164 240
36 90
281 297
38 92
107 217
85 237
186 207
105 239
70 229
114 180
179 267
84 156
150 263
132 258
8 28
10 124
2 208
175 244
60 281
8 98
111 159
237 283
151 248
78 130
103 121
102 173
76 104
9 247
91 179
141 162
61 133
14 214
195 257
231 283
223 268
21 294
82 133
65 98
76 223
3 126
47 69
168 169
59 270
51 263
15 279
52 57
11 180
26 130
79 108
51 59
115 283
60 140
106 187
58 95
156 205
1 203
115 299
158 223
9 191
7 124
64 219
139 234
107 123
32 166
21 261
28 41
67 298
22 39
179 208
207 241
95 289
236 270
235 236
52 202
77 186
18 137
228 272
218 229
8 216
8 27
105 283
37 86
136 171
35 143
91 294
87 133
28 199
253 292
22 222
120 202
55 165
44 54
29 177
66 182
145 156
11 61
21 84
137 215
140 197
111 268
18 133
96 153
9 251
101 198
129 206
75 213
98 202
182 214
61 107
47 287
96 255
102 271
266 279
153 270
79 136
110 217
179 184
252 299
101 211
112 117
12 113
19 254
142 150
33 58
149 194
67 294
67 71
72 189
77 133
7 236
40 240
43 185
71 263
214 287
59 99
85 283
40 55
24 244
78 295
78 111
140 168
113 299
184 254
246 251
95 170
54 217
149 278
79 298
85 234
138 298
127 150
205 235
175 186
25 37
111 152
201 220
162 297
33 87
56 149
5 126
163 258
228 271
67 199
55 175
224 280
47 135
174 248
243 263
53 266
67 172
9 36
32 71
193 298
99 191
76 116
155 274
164 281
179 256
9 143
126 154
135 149
90 152
207 285
59 207
17 288
181 232
134 287
93 294
167 241
119 141
158 215
29 58
281 287
138 264
46 77
58 216
39 116
103 277
35 70
20 165
80 175
19 209
14 119
8 61
23 233
72 85
5 206
175 262
23 175
2 146
146 288
133 283
2 139
67 267
89 287
46 273
65 222
190 222
214 222
11 147
60 115
65 157
213 230
6 100
134 223
248 266
176 289
54 151
103 170
279 296
7 50
85 151
98 208
200 284
150 254
208 241
250 285
118 160
37 243
93 161
78 227
151 297
228 288
37 210
222 276
61 99
202 231
3 22
168 206
44 217
3 38
26 78
60 253
89 155
71 134
215 218
151 213
135 160
172 218
260 286
82 217
2 269
173 216
163 281
25 192
81 253
111 286
184 241
53 100
11 248
197 274
21 287
231 232
69 109
61 213
150 174
62 138
147 218
240 296
194 235
6 71
120 268
107 112
33 91
104 145
3 184
69 200
57 250
86 264
7 273
12 107
83 99
28 86
41 178
87 253
173 197
297 300
113 191
15 294
116 143
26 215
52 155
93 134
63 289
110 209
7 38
227 282
107 116
282 293
67 288
122 189
161 183
160 278
16 108
102 142
154 213
100 207
175 293
101 265
204 279
108 161
120 226
268 269
197 273
134 178
125 260
178 186
24 68
47 132
102 273
217 279
176 248
139 228
186 204
11 43
36 52
94 260
79 157
34 101
132 183
35 115
88 106
236 287
67 115
58 158
103 133
149 211
69 249
9 177
67 123
49 234
19 238
138 284
172 254
68 221
78 145
105 125
220 273
168 234
38 287
87 247
227 295
67 145
1 68
3 267
127 190
162 228
53 146
21 58
9 142
179 250
75 281
51 274
35 231
28 148
10 32
228 243
79 105
182 211
84 145
51 84
111 225
143 183
210 262
107 251
80 111
121 233
96 244
19 217
206 263
172 284
138 198
57 292
12 70
7 100
24 44
117 249
152 216
257 282
63 225
24 247
211 240
127 260
87 237
70 158
76 213
21 252
77 193
137 190
39 202
66 67
14 107
2 129
88 258
180 205
127 151
4 106
64 203
199 200
86 285
145 189
125 213
38 110
62 280
112 142
108 176
64 236
269 285
196 221
36 192
112 259
179 283
161 194
181 187
171 187
39 94
120 187
229 244
188 272
54 289
102 103
8 213
115 118
2 89
24 107
36 264
59 263
6 209
26 204
14 194
19 292
1 114
142 275
27 134
35 297
277 288
118 205
95 206
71 278
39 181
229 232
79 130
170 241
54 266
171 240
19 34
188 276
203 226
139 266
74 222
83 156
112 257
160 256
107 158
67 253
5 248
230 256
24 300
91 96
20 264
99 163
186 269
15 145
83 205
45 119
90 279
162 219
37 220
111 124
67 83
43 121
85 183
13 244
138 187
21 125
112 225
88 141
36 144
122 161
125 153
27 243
13 276
98 284
42 62
74 232
36 207
29 197
174 227
15 173
62 210
66 175
187 282
108 291
38 158
173 299
129 222
149 286
19 162
169 184
257 265
22 214
146 207
115 139
109 296
218 243
99 141
226 298
196 286
205 240
102 160
114 141
109 198
141 189
70 148
153 299
145 247
17 179
32 244
92 222
61 80
110 244
213 259
28 206
85 224
80 96
201 216
122 292
75 211
79 268
8 162
37 235
276 284
90 298
102 157
24 183
167 225
125 171
89 297
73 108
22 268
160 197
131 150
42 183
8 182
79 162
157 185
4 291
126 132
174 297
61 229
48 245
49 255
76 218
15 94
79 249
25 171
36 298
136 269
128 208
44 215
286 296
32 190
93 159
36 67
48 154
9 212
68 291
81 133
180 201
57 67
2 192
152 185
23 152
183 232
45 206
103 246
4 109
238 265
232 280
12 142
137 165
175 273
131 276
14 260
68 195
81 224
229 243
187 272
169 239
118 213
43 284
137 168
3 132
5 128
108 264
54 257
160 261
78 279
34 229
181 289
28 204
83 295
103 174
26 37
182 238
32 127
74 296
154 214
5 176
30 64
72 103
24 194
22
1 2
2 3
3 4
1 5
4 6
1 7
5 8
3 9
9 10
10 11
3 12
2 13
9 14
1 15
9 16
6 17
13 18
12 19
11 20
20 21
20 22
22
1 2
1 3
1 4
1 5
5 6
6 7
7 8
8 9
4 10
3 11
11 12
6 13
12 14
6 15
7 16
5 17
17 18
5 19
19 20
18 21
19 22
22
1 2
2 3
3 4
4 5
2 6
6 7
6 8
4 9
4 10
5 11
6 12
7 13
7 14
9 15
15 16
14 17
13 18
6 19
2 20
16 21
2 22
22
1 2
1 3
3 4
3 5
1 6
3 7
2 8
2 9
1 10
10 11
11 12
8 13
7 14
3 15
11 16
15 17
3 18
1 19
8 20
1 21
8 22
22
1 2
1 3
1 4
2 5
4 6
4 7
1 8
4 9
7 10
2 11
4 12
2 13
9 14
13 15
15 16
7 17
12 18
5 19
12 20
4 21
15 22
22
1 2
2 3
3 4
1 5
4 6
2 7
6 8
3 9
3 10
10 11
10 12
9 13
1 14
11 15
15 16
7 17
5 18
7 19
1 20
10 21
11 22
22
1 2
2 3
3 4
1 5
3 6
1 7
4 8
1 9
1 10
1 11
2 12
8 13
10 14
10 15
2 16
7 17
17 18
17 19
18 20
18 21
10 22
22
1 2
2 3
3 4
2 5
1 6
1 7
2 8
7 9
4 10
7 11
6 12
6 13
2 14
8 15
1 16
6 17
7 18
6 19
16 20
4 21
21 22
22
1 2
1 3
1 4
4 5
5 6
1 7
1 8
7 9
6 10
5 11
7 12
10 13
13 14
14 15
7 16
6 17
14 18
7 19
3 20
3 21
19 22
22
1 2
1 3
1 4
4 5
3 6
4 7
7 8
1 9
2 10
7 11
9 12
7 13
6 14
13 15
2 16
4 17
9 18
1 19
7 20
13 21
9 22
22
1 2
1 3
3 4
3 5
4 6
1 7
5 8
3 9
2 10
8 11
9 12
1 13
1 14
3 15
11 16
13 17
8 18
13 19
3 20
7 21
19 22
22
1 2
2 3
2 4
3 5
3 6
6 7
3 8
7 9
9 10
7 11
10 12
6 13
8 14
4 15
11 16
14 17
15 18
16 19
3 20
20 21
7 22
22
1 2
2 3
1 4
4 5
2 6
3 7
2 8
1 9
6 10
9 11
6 12
3 13
2 14
12 15
12 16
5 17
9 18
18 19
19 20
9 21
20 22
22
1 2
2 3
3 4
3 5
4 6
3 7
4 8
5 9
8 10
3 11
7 12
11 13
5 14
13 15
15 16
10 17
9 18
16 19
16 20
8 21
11 22
22
1 2
2 3
1 4
2 5
2 6
3 7
5 8
1 9
4 10
5 11
2 12
2 13
11 14
14 15
12 16
7 17
14 18
4 19
17 20
6 21
5 22
22
1 2
1 3
1 4
4 5
5 6
3 7
5 8
8 9
8 10
10 11
2 12
6 13
5 14
7 15
15 16
1 17
9 18
8 19
10 20
13 21
13 22
22
1 2
2 3
3 4
4 5
3 6
4 7
3 8
3 9
3 10
7 11
6 12
1 13
13 14
14 15
15 16
12 17
9 18
16 19
6 20
6 21
19 22
22
1 2
2 3
2 4
2 5
3 6
5 7
1 8
8 9
9 10
4 11
3 12
5 13
13 14
11 15
15 16
4 17
4 18
18 19
15 20
5 21
12 22
22
1 2
2 3
2 4
3 5
2 6
3 7
5 8
4 9
4 10
10 11
9 12
5 13
11 14
12 15
4 16
13 17
6 18
7 19
13 20
10 21
11 22
22
1 2
1 3
2 4
2 5
3 6
6 7
3 8
2 9
4 10
10 11
8 12
12 13
7 14
7 15
3 16
7 17
6 18
16 19
4 20
16 21
4 22
22
1 2
2 3
2 4
3 5
1 6
3 7
3 8
2 9
5 10
1 11
10 12
11 13
12 14
5 15
4 16
6 17
12 18
14 19
18 20
4 21
6 22
22
1 2
2 3
2 4
1 5
5 6
5 7
2 8
3 9
6 10
8 11
4 12
9 13
3 14
4 15
15 16
15 17
3 18
2 19
14 20
6 21
7 22
22
1 2
1 3
3 4
1 5
2 6
6 7
1 8
7 9
7 10
5 11
5 12
10 13
13 14
8 15
5 16
11 17
15 18
15 19
1 20
10 21
4 22
22
1 2
2 3
2 4
3 5
1 6
3 7
6 8
7 9
4 10
9 11
9 12
1 13
2 14
2 15
9 16
13 17
6 18
1 19
3 20
11 21
6 22
22
1 2
2 3
1 4
3 5
1 6
6 7
4 8
3 9
7 10
3 11
3 12
7 13
13 14
12 15
6 16
11 17
5 18
6 19
8 20
1 21
15 22
22
1 2
1 3
2 4
3 5
1 6
6 7
1 8
2 9
1 10
10 11
3 12
2 13
12 14
13 15
9 16
3 17
1 18
6 19
15 20
10 21
1 22
22
1 2
1 3
2 4
4 5
5 6
1 7
6 8
8 9
4 10
4 11
10 12
1 13
10 14
8 15
1 16
7 17
14 18
14 19
8 20
14 21
6 22
22
1 2
1 3
1 4
4 5
1 6
4 7
2 8
6 9
4 10
1 11
9 12
3 13
2 14
1 15
13 16
4 17
5 18
15 19
7 20
11 21
3 22
22
1 2
1 3
1 4
3 5
5 6
3 7
2 8
4 9
5 10
1 11
5 12
12 13
3 14
13 15
13 16
14 17
10 18
7 19
11 20
19 21
4 22
22
1 2
1 3
2 4
2 5
1 6
4 7
4 8
3 9
7 10
9 11
11 12
9 13
3 14
9 15
12 16
5 17
12 18
7 19
13 20
14 21
7 22
22
1 2
2 3
1 4
4 5
5 6
1 7
2 8
1 9
3 10
2 11
3 12
12 13
13 14
6 15
4 16
15 17
16 18
14 19
19 20
8 21
7 22
22
1 2
1 3
1 4
4 5
4 6
2 7
6 8
3 9
9 10
7 11
9 12
6 13
9 14
8 15
15 16
3 17
16 18
12 19
2 20
17 21
12 22
22
1 2
1 3
1 4
4 5
2 6
5 7
1 8
7 9
7 10
2 11
2 12
1 13
6 14
7 15
5 16
16 17
12 18
17 19
7 20
3 21
16 22
22
1 2
2 3
1 4
2 5
2 6
2 7
5 8
4 9
4 10
9 11
6 12
12 13
9 14
1 15
14 16
14 17
3 18
7 19
4 20
16 21
6 22
22
1 2
2 3
1 4
1 5
5 6
5 7
6 8
4 9
7 10
4 11
6 12
8 13
10 14
8 15
11 16
3 17
10 18
6 19
19 20
16 21
14 22
22
1 2
1 3
1 4
2 5
2 6
1 7
3 8
5 9
2 10
4 11
11 12
11 13
5 14
8 15
4 16
8 17
17 18
15 19
10 20
1 21
1 22
22
1 2
2 3
1 4
2 5
1 6
3 7
3 8
8 9
9 10
1 11
1 12
11 13
11 14
11 15
14 16
9 17
17 18
2 19
6 20
19 21
6 22
22
1 2
2 3
2 4
3 5
5 6
4 7
4 8
7 9
4 10
6 11
10 12
5 13
12 14
7 15
4 16
3 17
16 18
2 19
3 20
3 21
9 22
22
1 2
2 3
3 4
1 5
5 6
6 7
5 8
7 9
9 10
8 11
11 12
8 13
6 14
13 15
13 16
11 17
6 18
5 19
12 20
3 21
6 22
22
1 2
1 3
3 4
2 5
4 6
6 7
7 8
7 9
5 10
7 11
4 12
11 13
8 14
12 15
9 16
12 17
4 18
18 19
14 20
15 21
4 22
22
1 2
2 3
3 4
4 5
2 6
4 7
4 8
3 9
3 10
6 11
1 12
9 13
4 14
8 15
14 16
9 17
14 18
17 19
13 20
9 21
17 22
22
1 2
2 3
2 4
2 5
3 6
2 7
2 8
4 9
5 10
9 11
4 12
5 13
2 14
5 15
1 16
15 17
10 18
13 19
12 20
3 21
17 22
22
1 2
2 3
2 4
2 5
2 6
1 7
1 8
7 9
2 10
3 11
7 12
3 13
3 14
4 15
14 16
16 17
13 18
6 19
12 20
9 21
16 22
22
1 2
2 3
1 4
4 5
5 6
2 7
5 8
1 9
3 10
4 11
6 12
5 13
11 14
10 15
2 16
10 17
13 18
4 19
9 20
16 21
1 22
22
1 2
2 3
2 4
2 5
4 6
3 7
7 8
2 9
6 10
6 11
9 12
10 13
5 14
10 15
14 16
11 17
5 18
1 19
2 20
8 21
10 22
22
1 2
1 3
2 4
2 5
2 6
1 7
3 8
4 9
5 10
2 11
4 12
9 13
2 14
6 15
14 16
16 17
4 18
15 19
11 20
10 21
4 22
22
1 2
2 3
3 4
3 5
1 6
2 7
1 8
4 9
9 10
10 11
3 12
7 13
2 14
5 15
2 16
6 17
4 18
7 19
16 20
19 21
8 22
22
1 2
1 3
3 4
4 5
3 6
1 7
3 8
8 9
2 10
5 11
2 12
12 13
10 14
8 15
7 16
13 17
11 18
15 19
18 20
19 21
4 22
22
1 2
2 3
2 4
4 5
3 6
1 7
6 8
1 9
8 10
3 11
11 12
1 13
11 14
10 15
2 16
4 17
10 18
17 19
9 20
4 21
3 22
22
1 2
1 3
2 4
3 5
3 6
1 7
2 8
8 9
2 10
2 11
3 12
9 13
10 14
8 15
8 16
12 17
16 18
8 19
13 20
6 21
12 22
22
1 2
1 3
1 4
4 5
5 6
2 7
2 8
2 9
7 10
1 11
4 12
3 13
6 14
4 15
7 16
1 17
8 18
1 19
18 20
16 21
4 22
22
1 2
1 3
3 4
1 5
3 6
2 7
2 8
8 9
5 10
8 11
7 12
7 13
5 14
11 15
11 16
14 17
12 18
2 19
19 20
9 21
1 22
22
1 2
2 3
3 4
2 5
4 6
5 7
4 8
7 9
7 10
2 11
3 12
10 13
3 14
10 15
14 16
8 17
7 18
6 19
10 20
14 21
2 22
22
1 2
1 3
1 4
2 5
3 6
1 7
2 8
1 9
6 10
4 11
7 12
11 13
8 14
2 15
4 16
15 17
5 18
6 19
11 20
2 21
16 22
22
1 2
2 3
2 4
4 5
2 6
2 7
4 8
2 9
9 10
5 11
9 12
1 13
5 14
4 15
12 16
15 17
8 18
13 19
7 20
19 21
10 22
22
1 2
1 3
1 4
2 5
2 6
2 7
3 8
2 9
6 10
4 11
4 12
12 13
13 14
4 15
7 16
1 17
9 18
3 19
2 20
2 21
12 22
22
1 2
1 3
3 4
2 5
4 6
6 7
4 8
7 9
5 10
6 11
8 12
2 13
9 14
1 15
9 16
9 17
12 18
11 19
15 20
12 21
15 22
22
1 2
1 3
2 4
1 5
4 6
5 7
5 8
5 9
8 10
2 11
10 12
10 13
1 14
13 15
13 16
8 17
13 18
6 19
14 20
18 21
12 22
22
1 2
2 3
3 4
2 5
5 6
6 7
2 8
5 9
2 10
3 11
10 12
12 13
2 14
11 15
8 16
3 17
7 18
6 19
15 20
1 21
14 22
22
1 2
1 3
1 4
3 5
5 6
5 7
1 8
5 9
7 10
7 11
5 12
5 13
5 14
4 15
10 16
13 17
15 18
11 19
10 20
1 21
3 22
22
1 2
1 3
3 4
2 5
4 6
4 7
2 8
1 9
3 10
9 11
6 12
5 13
4 14
4 15
3 16
4 17
10 18
16 19
1 20
12 21
18 22
22
1 2
1 3
1 4
3 5
2 6
5 7
7 8
7 9
6 10
1 11
7 12
9 13
4 14
4 15
7 16
3 17
2 18
5 19
7 20
9 21
14 22
22
1 2
1 3
1 4
2 5
3 6
6 7
4 8
1 9
8 10
5 11
9 12
5 13
1 14
3 15
2 16
6 17
16 18
11 19
6 20
19 21
19 22
22
1 2
1 3
1 4
4 5
1 6
3 7
5 8
4 9
4 10
5 11
5 12
2 13
12 14
9 15
15 16
6 17
1 18
4 19
18 20
12 21
1 22
22
1 2
1 3
2 4
1 5
1 6
2 7
3 8
5 9
5 10
1 11
10 12
11 13
2 14
14 15
7 16
2 17
2 18
18 19
16 20
10 21
7 22
22
1 2
2 3
2 4
1 5
3 6
6 7
5 8
3 9
3 10
3 11
2 12
6 13
12 14
6 15
12 16
8 17
11 18
8 19
12 20
12 21
14 22
22
1 2
2 3
3 4
3 5
1 6
2 7
1 8
5 9
5 10
5 11
1 12
6 13
2 14
9 15
1 16
3 17
11 18
12 19
4 20
20 21
17 22
22
1 2
2 3
1 4
4 5
5 6
5 7
7 8
8 9
1 10
8 11
11 12
12 13
1 14
9 15
14 16
4 17
15 18
5 19
3 20
8 21
13 22
22
1 2
1 3
1 4
2 5
4 6
3 7
5 8
5 9
6 10
9 11
2 12
11 13
13 14
11 15
7 16
4 17
11 18
8 19
18 20
11 21
1 22
22
1 2
2 3
1 4
3 5
5 6
1 7
3 8
5 9
8 10
3 11
1 12
7 13
13 14
10 15
6 16
7 17
15 18
16 19
18 20
19 21
10 22
22
1 2
1 3
1 4
2 5
4 6
6 7
7 8
2 9
8 10
2 11
6 12
11 13
5 14
10 15
9 16
15 17
17 18
3 19
16 20
3 21
5 22
22
1 2
1 3
2 4
3 5
1 6
4 7
3 8
3 9
1 10
8 11
5 12
7 13
11 14
2 15
12 16
11 17
16 18
4 19
5 20
17 21
15 22
22
1 2
2 3
3 4
2 5
2 6
4 7
4 8
7 9
6 10
1 11
3 12
8 13
12 14
9 15
4 16
9 17
6 18
12 19
4 20
13 21
19 22
22
1 2
2 3
3 4
4 5
3 6
3 7
3 8
7 9
5 10
5 11
3 12
7 13
8 14
7 15
11 16
16 17
8 18
14 19
5 20
5 21
5 22
22
1 2
2 3
1 4
1 5
3 6
2 7
7 8
7 9
3 10
2 11
5 12
3 13
6 14
10 15
8 16
4 17
4 18
17 19
12 20
9 21
15 22
22
1 2
2 3
2 4
3 5
4 6
2 7
3 8
8 9
4 10
9 11
10 12
8 13
2 14
3 15
4 16
12 17
17 18
16 19
1 20
17 21
13 22
22
1 2
2 3
3 4
2 5
3 6
2 7
3 8
3 9
8 10
1 11
9 12
6 13
7 14
12 15
9 16
2 17
7 18
8 19
6 20
8 21
19 22
22
1 2
2 3
2 4
2 5
2 6
4 7
5 8
3 9
9 10
9 11
8 12
6 13
10 14
13 15
7 16
16 17
5 18
2 19
16 20
8 21
14 22
22
1 2
2 3
2 4
2 5
2 6
2 7
1 8
8 9
1 10
4 11
4 12
11 13
2 14
4 15
1 16
4 17
10 18
8 19
7 20
2 21
11 22
22
1 2
2 3
1 4
2 5
2 6
5 7
1 8
6 9
4 10
2 11
6 12
6 13
3 14
13 15
13 16
1 17
11 18
7 19
8 20
7 21
6 22
22
1 2
2 3
2 4
1 5
1 6
5 7
5 8
8 9
1 10
2 11
6 12
11 13
7 14
8 15
4 16
4 17
11 18
13 19
12 20
11 21
21 22
22
1 2
1 3
2 4
4 5
2 6
4 7
7 8
7 9
8 10
5 11
5 12
9 13
1 14
9 15
6 16
2 17
3 18
18 19
8 20
18 21
18 22
22
1 2
2 3
3 4
3 5
4 6
3 7
2 8
1 9
5 10
2 11
9 12
4 13
6 14
12 15
13 16
11 17
7 18
5 19
5 20
7 21
7 22
22
1 2
2 3
1 4
4 5
1 6
2 7
6 8
6 9
7 10
4 11
8 12
11 13
10 14
10 15
2 16
8 17
10 18
3 19
4 20
1 21
8 22
22
1 2
1 3
1 4
3 5
2 6
4 7
7 8
3 9
4 10
8 11
7 12
2 13
1 14
11 15
11 16
2 17
16 18
3 19
14 20
7 21
17 22
22
1 2
1 3
2 4
1 5
5 6
5 7
4 8
2 9
7 10
4 11
8 12
1 13
1 14
3 15
15 16
1 17
2 18
6 19
15 20
12 21
19 22
22
1 2
1 3
1 4
3 5
5 6
3 7
1 8
3 9
5 10
7 11
8 12
7 13
3 14
9 15
6 16
3 17
9 18
7 19
3 20
6 21
14 22
22
1 2
2 3
1 4
2 5
2 6
4 7
3 8
4 9
3 10
9 11
9 12
3 13
4 14
13 15
3 16
16 17
15 18
14 19
18 20
3 21
10 22
22
1 2
1 3
2 4
2 5
1 6
4 7
7 8
7 9
6 10
1 11
9 12
11 13
4 14
6 15
10 16
5 17
12 18
1 19
18 20
16 21
3 22
22
1 2
2 3
3 4
4 5
4 6
6 7
2 8
7 9
7 10
7 11
1 12
10 13
13 14
14 15
2 16
10 17
4 18
16 19
9 20
7 21
6 22
22
1 2
1 3
3 4
4 5
4 6
2 7
5 8
8 9
1 10
10 11
5 12
11 13
9 14
1 15
7 16
4 17
14 18
6 19
18 20
4 21
1 22
22
1 2
1 3
2 4
4 5
2 6
6 7
3 8
1 9
2 10
1 11
10 12
4 13
6 14
4 15
9 16
10 17
14 18
6 19
11 20
12 21
10 22
22
1 2
1 3
2 4
2 5
1 6
2 7
3 8
4 9
6 10
2 11
11 12
10 13
10 14
13 15
14 16
14 17
5 18
8 19
13 20
10 21
3 22
22
1 2
2 3
2 4
3 5
2 6
3 7
6 8
5 9
1 10
10 11
10 12
3 13
2 14
2 15
9 16
3 17
10 18
1 19
15 20
8 21
10 22
22
1 2
1 3
3 4
4 5
2 6
5 7
4 8
1 9
1 10
3 11
5 12
11 13
10 14
7 15
7 16
3 17
11 18
13 19
5 20
3 21
9 22
22
1 2
2 3
1 4
3 5
1 6
2 7
3 8
1 9
6 10
7 11
9 12
12 13
3 14
5 15
13 16
8 17
12 18
18 19
5 20
3 21
9 22
22
1 2
2 3
1 4
3 5
4 6
6 7
5 8
4 9
5 10
8 11
2 12
10 13
12 14
10 15
7 16
14 17
5 18
8 19
2 20
15 21
16 22
22
1 2
1 3
2 4
4 5
4 6
3 7
2 8
4 9
1 10
2 11
4 12
6 13
7 14
7 15
13 16
12 17
1 18
11 19
5 20
18 21
2 22
22
1 2
2 3
3 4
1 5
2 6
6 7
4 8
6 9
9 10
6 11
10 12
9 13
11 14
5 15
6 16
10 17
7 18
5 19
6 20
14 21
17 22
22
1 2
1 3
2 4
3 5
1 6
2 7
7 8
6 9
3 10
6 11
4 12
5 13
4 14
3 15
3 16
7 17
5 18
3 19
9 20
16 21
7 22
22
1 2
2 3
1 4
1 5
1 6
4 7
4 8
3 9
2 10
1 11
3 12
10 13
10 14
8 15
11 16
12 17
9 18
15 19
5 20
20 21
3 22
22
1 2
1 3
1 4
1 5
2 6
6 7
6 8
4 9
8 10
8 11
10 12
12 13
2 14
5 15
13 16
8 17
3 18
18 19
10 20
18 21
9 22
22
1 2
1 3
1 4
3 5
1 6
1 7
1 8
5 9
1 10
10 11
3 12
10 13
8 14
13 15
6 16
11 17
6 18
16 19
9 20
2 21
3 22
22
1 2
1 3
3 4
2 5
1 6
6 7
6 8
4 9
9 10
8 11
10 12
4 13
13 14
10 15
5 16
7 17
12 18
18 19
6 20
11 21
5 22
22
1 2
1 3
3 4
4 5
4 6
3 7
4 8
4 9
8 10
5 11
3 12
5 13
10 14
13 15
9 16
16 17
9 18
1 19
18 20
5 21
7 22
22
1 2
2 3
3 4
4 5
5 6
2 7
4 8
7 9
6 10
6 11
9 12
3 13
11 14
11 15
3 16
12 17
13 18
18 19
9 20
8 21
5 22
22
1 2
1 3
2 4
2 5
5 6
4 7
1 8
8 9
4 10
3 11
11 12
10 13
1 14
1 15
5 16
6 17
14 18
8 19
7 20
2 21
17 22
22
1 2
1 3
1 4
2 5
5 6
3 7
4 8
7 9
1 10
2 11
2 12
11 13
13 14
5 15
5 16
5 17
16 18
6 19
5 20
1 21
21 22
22
1 2
2 3
1 4
1 5
3 6
3 7
3 8
6 9
6 10
7 11
8 12
7 13
6 14
7 15
10 16
10 17
11 18
7 19
12 20
9 21
17 22
22
1 2
2 3
3 4
3 5
4 6
5 7
2 8
3 9
8 10
3 11
6 12
5 13
13 14
9 15
5 16
3 17
8 18
7 19
19 20
5 21
12 22
22
1 2
1 3
1 4
3 5
5 6
2 7
4 8
8 9
2 10
3 11
1 12
6 13
5 14
1 15
10 16
6 17
2 18
13 19
13 20
12 21
14 22
22
1 2
1 3
2 4
4 5
2 6
2 7
3 8
6 9
3 10
9 11
6 12
10 13
8 14
12 15
7 16
11 17
4 18
5 19
4 20
3 21
3 22
22
1 2
1 3
2 4
1 5
3 6
2 7
5 8
1 9
4 10
9 11
3 12
4 13
9 14
8 15
3 16
4 17
3 18
12 19
15 20
8 21
9 22
22
1 2
2 3
2 4
1 5
3 6
2 7
4 8
2 9
5 10
9 11
11 12
5 13
1 14
13 15
9 16
10 17
6 18
16 19
7 20
5 21
7 22
22
1 2
1 3
1 4
3 5
1 6
2 7
7 8
7 9
2 10
9 11
9 12
5 13
11 14
12 15
5 16
8 17
11 18
17 19
2 20
4 21
20 22
22
1 2
1 3
2 4
3 5
4 6
3 7
5 8
4 9
5 10
7 11
5 12
4 13
5 14
3 15
11 16
6 17
4 18
6 19
9 20
3 21
10 22
22
1 2
1 3
3 4
3 5
2 6
2 7
3 8
8 9
6 10
1 11
3 12
12 13
12 14
10 15
12 16
5 17
1 18
1 19
16 20
6 21
20 22
22
1 2
2 3
3 4
4 5
4 6
5 7
5 8
1 9
8 10
7 11
1 12
11 13
1 14
2 15
9 16
5 17
15 18
9 19
18 20
11 21
16 22
22
1 2
1 3
1 4
2 5
4 6
2 7
7 8
1 9
6 10
1 11
9 12
7 13
7 14
10 15
14 16
3 17
9 18
13 19
18 20
2 21
20 22
22
1 2
2 3
2 4
2 5
5 6
2 7
3 8
8 9
9 10
2 11
10 12
5 13
6 14
10 15
2 16
3 17
1 18
8 19
14 20
1 21
20 22
22
1 2
2 3
3 4
4 5
2 6
6 7
4 8
7 9
6 10
6 11
5 12
6 13
5 14
4 15
11 16
12 17
14 18
3 19
2 20
1 21
9 22
22
1 2
1 3
3 4
4 5
4 6
2 7
6 8
6 9
5 10
10 11
1 12
1 13
8 14
1 15
4 16
1 17
12 18
3 19
10 20
6 21
2 22
22
1 2
2 3
2 4
4 5
4 6
1 7
1 8
6 9
7 10
6 11
6 12
6 13
11 14
13 15
6 16
10 17
8 18
16 19
18 20
17 21
1 22
22
1 2
2 3
1 4
1 5
4 6
3 7
4 8
7 9
3 10
5 11
9 12
2 13
4 14
1 15
9 16
14 17
14 18
17 19
19 20
8 21
12 22
22
1 2
1 3
2 4
2 5
4 6
6 7
5 8
3 9
9 10
9 11
11 12
7 13
11 14
14 15
13 16
12 17
4 18
14 19
9 20
13 21
4 22
22
1 2
1 3
2 4
3 5
2 6
1 7
4 8
5 9
5 10
10 11
11 12
8 13
10 14
5 15
13 16
9 17
17 18
10 19
15 20
11 21
14 22
22
1 2
1 3
1 4
4 5
2 6
6 7
7 8
7 9
2 10
5 11
5 12
4 13
4 14
6 15
6 16
10 17
17 18
15 19
4 20
3 21
11 22
22
1 2
1 3
2 4
1 5
3 6
4 7
2 8
8 9
8 10
8 11
11 12
9 13
2 14
7 15
15 16
3 17
4 18
12 19
14 20
6 21
9 22
22
1 2
1 3
1 4
4 5
3 6
6 7
1 8
2 9
2 10
10 11
10 12
9 13
12 14
11 15
3 16
1 17
17 18
3 19
2 20
19 21
6 22
22
1 2
1 3
2 4
3 5
2 6
2 7
3 8
2 9
8 10
5 11
6 12
5 13
2 14
2 15
11 16
5 17
12 18
3 19
16 20
13 21
5 22
22
1 2
2 3
3 4
4 5
1 6
3 7
3 8
8 9
7 10
10 11
9 12
12 13
13 14
7 15
13 16
8 17
14 18
2 19
1 20
2 21
14 22
22
1 2
1 3
2 4
2 5
1 6
6 7
1 8
3 9
4 10
4 11
3 12
11 13
6 14
6 15
9 16
1 17
15 18
10 19
1 20
6 21
14 22
22
1 2
1 3
1 4
2 5
1 6
1 7
1 8
6 9
2 10
1 11
10 12
2 13
12 14
4 15
9 16
13 17
2 18
11 19
7 20
15 21
3 22
22
1 2
1 3
3 4
3 5
1 6
4 7
1 8
3 9
7 10
3 11
5 12
12 13
3 14
8 15
8 16
4 17
16 18
7 19
4 20
20 21
10 22
22
1 2
1 3
3 4
4 5
2 6
5 7
2 8
7 9
9 10
4 11
3 12
12 13
10 14
1 15
12 16
16 17
1 18
18 19
15 20
9 21
17 22
22
1 2
1 3
3 4
1 5
2 6
1 7
2 8
6 9
6 10
10 11
8 12
8 13
7 14
9 15
9 16
14 17
4 18
1 19
3 20
11 21
1 22
22
1 2
1 3
1 4
3 5
5 6
2 7
5 8
8 9
4 10
9 11
5 12
10 13
5 14
6 15
12 16
14 17
8 18
13 19
18 20
18 21
5 22
22
1 2
2 3
2 4
1 5
5 6
2 7
6 8
2 9
5 10
2 11
4 12
7 13
4 14
13 15
5 16
11 17
14 18
17 19
10 20
20 21
20 22
22
1 2
1 3
3 4
4 5
1 6
6 7
2 8
2 9
8 10
1 11
8 12
8 13
2 14
11 15
9 16
2 17
14 18
7 19
3 20
3 21
9 22
22
1 2
1 3
1 4
4 5
1 6
5 7
7 8
2 9
5 10
1 11
8 12
4 13
13 14
10 15
8 16
15 17
15 18
14 19
12 20
10 21
11 22
22
1 2
2 3
3 4
3 5
3 6
4 7
5 8
3 9
7 10
4 11
5 12
7 13
7 14
14 15
14 16
14 17
14 18
18 19
18 20
6 21
19 22
22
1 2
2 3
1 4
4 5
4 6
6 7
3 8
2 9
1 10
4 11
2 12
2 13
7 14
7 15
12 16
11 17
12 18
18 19
9 20
6 21
14 22
22
1 2
1 3
2 4
1 5
5 6
5 7
5 8
6 9
1 10
6 11
9 12
12 13
9 14
7 15
11 16
8 17
14 18
1 19
10 20
1 21
2 22
22
1 2
1 3
3 4
2 5
2 6
3 7
1 8
8 9
3 10
7 11
11 12
7 13
13 14
9 15
5 16
15 17
14 18
17 19
17 20
6 21
4 22
22
1 2
2 3
2 4
3 5
5 6
4 7
5 8
2 9
9 10
7 11
5 12
4 13
10 14
5 15
4 16
7 17
3 18
4 19
16 20
16 21
5 22
22
1 2
1 3
1 4
1 5
3 6
6 7
1 8
2 9
7 10
8 11
10 12
6 13
11 14
4 15
7 16
15 17
10 18
16 19
19 20
11 21
3 22
22
1 2
1 3
3 4
1 5
5 6
1 7
2 8
6 9
1 10
7 11
1 12
4 13
8 14
7 15
2 16
4 17
2 18
10 19
16 20
6 21
9 22
22
1 2
1 3
2 4
4 5
2 6
1 7
5 8
3 9
8 10
10 11
7 12
11 13
9 14
3 15
8 16
10 17
11 18
1 19
16 20
14 21
16 22
22
1 2
1 3
2 4
1 5
2 6
3 7
3 8
1 9
8 10
9 11
7 12
8 13
12 14
11 15
15 16
3 17
8 18
14 19
10 20
5 21
20 22
22
1 2
1 3
3 4
1 5
2 6
2 7
5 8
3 9
3 10
8 11
7 12
10 13
3 14
1 15
11 16
2 17
5 18
12 19
1 20
5 21
18 22
22
1 2
1 3
2 4
3 5
5 6
3 7
6 8
3 9
5 10
2 11
6 12
9 13
10 14
11 15
4 16
9 17
7 18
17 19
16 20
11 21
9 22
22
1 2
2 3
3 4
4 5
3 6
2 7
5 8
4 9
3 10
9 11
3 12
9 13
12 14
13 15
1 16
3 17
6 18
10 19
9 20
15 21
4 22
22
1 2
2 3
1 4
4 5
1 6
4 7
3 8
6 9
6 10
2 11
7 12
6 13
10 14
2 15
6 16
5 17
12 18
17 19
2 20
13 21
6 22
22
1 2
2 3
3 4
2 5
3 6
1 7
4 8
1 9
1 10
7 11
1 12
11 13
2 14
1 15
10 16
1 17
4 18
14 19
11 20
5 21
18 22
22
1 2
2 3
2 4
3 5
4 6
6 7
5 8
6 9
4 10
8 11
4 12
9 13
10 14
3 15
6 16
11 17
13 18
11 19
4 20
20 21
6 22
22
1 2
1 3
3 4
3 5
4 6
6 7
1 8
3 9
7 10
5 11
8 12
6 13
8 14
1 15
9 16
8 17
4 18
14 19
17 20
20 21
4 22
22
1 2
1 3
1 4
4 5
4 6
5 7
1 8
2 9
8 10
5 11
2 12
5 13
12 14
10 15
8 16
13 17
3 18
3 19
7 20
20 21
1 22
22
1 2
1 3
3 4
4 5
1 6
2 7
1 8
6 9
4 10
10 11
8 12
7 13
8 14
7 15
5 16
4 17
17 18
16 19
12 20
19 21
19 22
22
1 2
1 3
3 4
1 5
4 6
3 7
6 8
8 9
4 10
9 11
7 12
7 13
12 14
7 15
3 16
13 17
1 18
9 19
10 20
15 21
6 22
22
1 2
1 3
3 4
1 5
5 6
2 7
7 8
4 9
5 10
8 11
9 12
10 13
8 14
6 15
8 16
3 17
11 18
16 19
11 20
15 21
21 22
22
1 2
2 3
3 4
4 5
5 6
4 7
5 8
3 9
7 10
10 11
1 12
12 13
11 14
3 15
14 16
5 17
1 18
10 19
16 20
9 21
11 22
22
1 2
2 3
2 4
2 5
1 6
3 7
5 8
4 9
2 10
10 11
10 12
1 13
12 14
12 15
11 16
15 17
7 18
5 19
17 20
15 21
4 22
22
1 2
2 3
2 4
3 5
4 6
5 7
7 8
2 9
5 10
3 11
10 12
8 13
3 14
6 15
4 16
6 17
12 18
18 19
11 20
5 21
15 22
22
1 2
1 3
2 4
3 5
4 6
3 7
5 8
6 9
6 10
3 11
10 12
10 13
11 14
6 15
2 16
13 17
9 18
5 19
11 20
16 21
2 22
22
1 2
2 3
3 4
4 5
2 6
5 7
5 8
4 9
3 10
8 11
9 12
2 13
2 14
9 15
11 16
1 17
7 18
3 19
9 20
15 21
10 22
22
1 2
1 3
3 4
3 5
2 6
3 7
6 8
1 9
5 10
7 11
11 12
8 13
9 14
9 15
13 16
9 17
14 18
7 19
17 20
10 21
4 22
22
1 2
2 3
3 4
3 5
1 6
6 7
6 8
5 9
1 10
4 11
10 12
2 13
12 14
2 15
14 16
3 17
14 18
4 19
16 20
7 21
12 22
22
1 2
2 3
2 4
3 5
3 6
5 7
1 8
5 9
9 10
9 11
8 12
1 13
7 14
1 15
12 16
10 17
4 18
13 19
18 20
3 21
8 22
22
1 2
2 3
1 4
4 5
3 6
2 7
2 8
7 9
5 10
10 11
6 12
1 13
11 14
3 15
1 16
7 17
5 18
3 19
11 20
13 21
15 22
22
1 2
2 3
2 4
3 5
5 6
1 7
4 8
5 9
7 10
2 11
6 12
4 13
6 14
6 15
7 16
4 17
4 18
12 19
4 20
11 21
2 22
22
1 2
2 3
2 4
2 5
5 6
4 7
6 8
3 9
2 10
1 11
4 12
4 13
4 14
4 15
3 16
4 17
7 18
9 19
10 20
7 21
15 22
22
1 2
1 3
3 4
3 5
3 6
3 7
2 8
8 9
2 10
3 11
6 12
4 13
9 14
5 15
15 16
5 17
8 18
16 19
15 20
20 21
9 22
22
1 2
2 3
3 4
1 5
5 6
2 7
7 8
3 9
4 10
6 11
2 12
11 13
1 14
14 15
8 16
14 17
12 18
9 19
2 20
9 21
19 22
22
1 2
2 3
1 4
4 5
5 6
3 7
2 8
2 9
5 10
2 11
8 12
11 13
5 14
1 15
8 16
14 17
7 18
7 19
8 20
19 21
12 22
22
1 2
2 3
2 4
1 5
2 6
1 7
5 8
5 9
5 10
10 11
8 12
8 13
11 14
1 15
3 16
4 17
16 18
1 19
7 20
1 21
12 22
22
1 2
2 3
3 4
4 5
1 6
6 7
7 8
1 9
7 10
3 11
3 12
7 13
6 14
11 15
8 16
13 17
1 18
18 19
12 20
7 21
15 22
22
1 2
1 3
1 4
1 5
2 6
4 7
4 8
6 9
6 10
7 11
7 12
3 13
2 14
2 15
15 16
8 17
12 18
12 19
4 20
3 21
17 22
22
1 2
2 3
1 4
3 5
2 6
3 7
2 8
4 9
6 10
7 11
5 12
10 13
2 14
8 15
4 16
12 17
10 18
16 19
15 20
4 21
4 22
22
1 2
2 3
1 4
4 5
1 6
6 7
4 8
7 9
5 10
10 11
8 12
7 13
9 14
10 15
8 16
14 17
3 18
11 19
13 20
7 21
7 22
22
1 2
1 3
2 4
2 5
5 6
3 7
4 8
5 9
2 10
1 11
5 12
9 13
1 14
2 15
9 16
12 17
3 18
15 19
6 20
16 21
15 22
22
1 2
1 3
3 4
3 5
2 6
6 7
7 8
3 9
8 10
1 11
2 12
3 13
10 14
4 15
9 16
5 17
9 18
17 19
2 20
13 21
4 22
22
1 2
1 3
2 4
4 5
5 6
5 7
4 8
2 9
3 10
6 11
3 12
2 13
1 14
2 15
9 16
12 17
7 18
16 19
12 20
11 21
8 22
22
1 2
1 3
1 4
2 5
2 6
2 7
6 8
1 9
7 10
1 11
2 12
5 13
1 14
2 15
15 16
2 17
11 18
16 19
5 20
4 21
6 22
22
1 2
1 3
2 4
1 5
2 6
5 7
1 8
2 9
2 10
2 11
9 12
5 13
8 14
8 15
12 16
8 17
14 18
11 19
2 20
16 21
1 22
22
1 2
1 3
3 4
4 5
3 6
1 7
3 8
4 9
7 10
6 11
1 12
4 13
3 14
13 15
6 16
6 17
10 18
12 19
17 20
1 21
2 22
22
1 2
2 3
2 4
4 5
1 6
3 7
1 8
5 9
2 10
5 11
11 12
5 13
6 14
7 15
5 16
9 17
9 18
16 19
10 20
10 21
18 22
22
1 2
1 3
2 4
1 5
5 6
1 7
4 8
3 9
4 10
8 11
1 12
1 13
8 14
2 15
13 16
4 17
12 18
12 19
8 20
7 21
14 22
22
1 2
1 3
1 4
2 5
2 6
1 7
2 8
5 9
4 10
2 11
2 12
11 13
7 14
4 15
2 16
3 17
13 18
9 19
18 20
13 21
14 22
22
1 2
2 3
3 4
2 5
2 6
2 7
4 8
4 9
3 10
8 11
8 12
1 13
13 14
3 15
15 16
16 17
17 18
10 19
3 20
7 21
9 22
22
1 2
1 3
2 4
3 5
3 6
4 7
4 8
6 9
4 10
8 11
1 12
6 13
2 14
4 15
4 16
16 17
13 18
11 19
3 20
6 21
10 22
22
1 2
1 3
3 4
2 5
2 6
3 7
5 8
5 9
5 10
6 11
11 12
4 13
10 14
10 15
12 16
12 17
13 18
1 19
14 20
17 21
3 22
22
1 2
2 3
1 4
2 5
1 6
4 7
4 8
5 9
8 10
4 11
7 12
12 13
9 14
4 15
10 16
5 17
9 18
7 19
1 20
9 21
20 22
22
1 2
1 3
3 4
2 5
4 6
4 7
5 8
7 9
2 10
2 11
4 12
10 13
8 14
2 15
6 16
6 17
1 18
18 19
4 20
3 21
21 22
22
1 2
2 3
3 4
2 5
1 6
2 7
4 8
5 9
4 10
4 11
3 12
9 13
10 14
2 15
15 16
1 17
11 18
17 19
16 20
7 21
8 22
22
1 2
2 3
1 4
2 5
1 6
1 7
6 8
4 9
9 10
8 11
7 12
9 13
2 14
6 15
4 16
8 17
10 18
14 19
15 20
19 21
15 22
22
1 2
2 3
2 4
4 5
1 6
3 7
6 8
6 9
6 10
2 11
10 12
5 13
13 14
2 15
7 16
8 17
3 18
2 19
3 20
9 21
17 22
22
1 2
1 3
1 4
1 5
1 6
2 7
1 8
1 9
4 10
8 11
1 12
7 13
1 14
8 15
5 16
10 17
9 18
17 19
7 20
9 21
12 22
22
1 2
1 3
1 4
4 5
2 6
5 7
5 8
7 9
8 10
1 11
7 12
3 13
4 14
8 15
5 16
7 17
1 18
14 19
18 20
10 21
15 22
22
1 2
2 3
3 4
2 5
1 6
5 7
7 8
1 9
2 10
10 11
2 12
8 13
11 14
7 15
14 16
8 17
13 18
18 19
19 20
12 21
4 22
22
1 2
1 3
1 4
4 5
2 6
4 7
3 8
1 9
1 10
6 11
7 12
2 13
6 14
6 15
10 16
1 17
13 18
13 19
6 20
8 21
6 22
22
1 2
1 3
3 4
3 5
2 6
6 7
2 8
6 9
4 10
4 11
3 12
11 13
1 14
10 15
4 16
9 17
9 18
4 19
5 20
9 21
2 22
22
1 2
2 3
3 4
2 5
2 6
2 7
4 8
5 9
6 10
9 11
5 12
4 13
4 14
3 15
9 16
7 17
6 18
6 19
19 20
17 21
3 22
22
1 2
1 3
3 4
3 5
4 6
3 7
1 8
4 9
6 10
5 11
10 12
11 13
5 14
4 15
11 16
13 17
12 18
12 19
7 20
18 21
12 22
22
1 2
2 3
3 4
1 5
5 6
5 7
4 8
7 9
8 10
10 11
3 12
9 13
1 14
4 15
8 16
12 17
17 18
18 19
14 20
17 21
19 22
22
1 2
2 3
2 4
3 5
5 6
4 7
2 8
7 9
5 10
5 11
7 12
1 13
9 14
6 15
6 16
3 17
13 18
11 19
12 20
11 21
18 22
22
1 2
1 3
1 4
3 5
3 6
1 7
5 8
8 9
5 10
8 11
7 12
1 13
5 14
3 15
12 16
6 17
2 18
2 19
15 20
5 21
16 22
22
1 2
2 3
3 4
2 5
5 6
2 7
5 8
1 9
9 10
5 11
10 12
12 13
12 14
9 15
12 16
12 17
12 18
5 19
15 20
19 21
6 22
22
1 2
1 3
3 4
3 5
2 6
6 7
7 8
1 9
7 10
4 11
11 12
6 13
9 14
1 15
9 16
9 17
3 18
17 19
19 20
7 21
15 22
22
1 2
1 3
3 4
3 5
2 6
4 7
6 8
2 9
5 10
3 11
2 12
6 13
3 14
14 15
6 16
5 17
9 18
15 19
6 20
19 21
7 22
22
1 2
2 3
3 4
4 5
5 6
2 7
7 8
4 9
8 10
1 11
10 12
4 13
5 14
3 15
9 16
10 17
2 18
3 19
16 20
19 21
16 22
22
1 2
1 3
2 4
3 5
5 6
3 7
3 8
1 9
2 10
7 11
1 12
9 13
1 14
6 15
2 16
9 17
16 18
15 19
10 20
15 21
2 22
22
1 2
2 3
3 4
3 5
5 6
6 7
7 8
2 9
3 10
8 11
4 12
6 13
13 14
9 15
14 16
15 17
10 18
13 19
9 20
4 21
1 22
22
1 2
2 3
2 4
1 5
1 6
5 7
2 8
4 9
3 10
7 11
7 12
1 13
5 14
4 15
11 16
3 17
5 18
8 19
13 20
3 21
17 22
22
1 2
1 3
1 4
4 5
3 6
1 7
1 8
1 9
6 10
10 11
1 12
8 13
9 14
14 15
3 16
13 17
11 18
1 19
6 20
20 21
11 22
22
1 2
2 3
2 4
1 5
1 6
1 7
5 8
3 9
5 10
10 11
10 12
3 13
9 14
13 15
12 16
15 17
10 18
15 19
1 20
5 21
9 22
22
1 2
1 3
2 4
2 5
2 6
1 7
3 8
1 9
8 10
10 11
3 12
9 13
4 14
11 15
2 16
11 17
4 18
12 19
3 20
3 21
18 22
22
1 2
1 3
3 4
1 5
1 6
2 7
5 8
3 9
8 10
8 11
9 12
7 13
10 14
12 15
13 16
5 17
3 18
13 19
3 20
9 21
14 22
22
1 2
1 3
1 4
1 5
1 6
2 7
4 8
8 9
7 10
3 11
6 12
8 13
10 14
13 15
10 16
9 17
4 18
4 19
19 20
2 21
17 22
22
1 2
2 3
1 4
2 5
5 6
2 7
2 8
1 9
7 10
1 11
11 12
11 13
12 14
11 15
12 16
5 17
2 18
14 19
7 20
2 21
21 22
22
1 2
1 3
2 4
1 5
1 6
1 7
3 8
4 9
6 10
1 11
5 12
9 13
4 14
4 15
4 16
7 17
1 18
1 19
10 20
2 21
6 22
22
1 2
2 3
1 4
4 5
1 6
1 7
7 8
8 9
4 10
6 11
9 12
8 13
5 14
11 15
1 16
6 17
1 18
2 19
11 20
15 21
9 22
22
1 2
1 3
1 4
4 5
2 6
4 7
2 8
6 9
6 10
5 11
1 12
10 13
3 14
12 15
1 16
1 17
14 18
14 19
1 20
7 21
7 22
22
1 2
2 3
2 4
1 5
2 6
6 7
5 8
7 9
5 10
8 11
8 12
7 13
5 14
11 15
6 16
11 17
9 18
7 19
18 20
7 21
21 22
22
1 2
2 3
1 4
1 5
5 6
2 7
6 8
4 9
7 10
3 11
1 12
4 13
4 14
6 15
11 16
7 17
9 18
10 19
1 20
13 21
14 22
22
1 2
1 3
3 4
2 5
2 6
6 7
6 8
8 9
8 10
3 11
8 12
5 13
9 14
8 15
5 16
14 17
7 18
15 19
10 20
16 21
9 22
22
1 2
2 3
3 4
4 5
3 6
6 7
7 8
3 9
7 10
8 11
2 12
12 13
3 14
1 15
13 16
9 17
15 18
12 19
3 20
18 21
11 22
22
1 2
2 3
2 4
4 5
1 6
5 7
3 8
2 9
5 10
8 11
8 12
1 13
13 14
12 15
2 16
9 17
3 18
9 19
19 20
11 21
19 22
22
1 2
2 3
1 4
3 5
1 6
1 7
7 8
5 9
9 10
3 11
6 12
4 13
7 14
11 15
14 16
16 17
7 18
13 19
17 20
7 21
15 22
22
1 2
2 3
2 4
4 5
1 6
3 7
4 8
5 9
7 10
9 11
11 12
4 13
9 14
7 15
14 16
2 17
13 18
4 19
5 20
2 21
12 22
22
1 2
2 3
3 4
1 5
5 6
4 7
3 8
3 9
1 10
5 11
9 12
7 13
9 14
5 15
10 16
12 17
2 18
5 19
19 20
7 21
19 22
22
1 2
1 3
2 4
1 5
2 6
3 7
5 8
6 9
7 10
10 11
1 12
1 13
7 14
8 15
3 16
7 17
5 18
1 19
2 20
13 21
17 22
22
1 2
2 3
3 4
2 5
5 6
4 7
4 8
1 9
3 10
6 11
6 12
10 13
10 14
8 15
3 16
16 17
16 18
14 19
1 20
11 21
21 22
22
1 2
2 3
3 4
3 5
3 6
3 7
4 8
7 9
8 10
1 11
7 12
9 13
8 14
2 15
12 16
10 17
3 18
13 19
4 20
2 21
17 22
22
1 2
2 3
1 4
2 5
4 6
5 7
4 8
3 9
4 10
3 11
6 12
8 13
12 14
1 15
1 16
11 17
10 18
6 19
4 20
11 21
11 22
22
1 2
2 3
3 4
1 5
3 6
3 7
4 8
2 9
5 10
10 11
9 12
6 13
3 14
14 15
14 16
3 17
9 18
16 19
2 20
3 21
8 22
22
1 2
1 3
1 4
1 5
4 6
4 7
4 8
1 9
6 10
10 11
10 12
12 13
2 14
10 15
14 16
11 17
2 18
2 19
15 20
13 21
11 22
22
1 2
1 3
2 4
4 5
2 6
3 7
3 8
8 9
7 10
6 11
8 12
5 13
13 14
7 15
7 16
4 17
10 18
13 19
18 20
10 21
3 22
22
1 2
1 3
1 4
4 5
1 6
5 7
6 8
8 9
1 10
5 11
5 12
1 13
4 14
12 15
2 16
12 17
9 18
1 19
18 20
7 21
16 22
22
1 2
2 3
3 4
4 5
1 6
3 7
3 8
5 9
2 10
8 11
2 12
12 13
11 14
5 15
1 16
5 17
7 18
3 19
7 20
7 21
15 22
22
1 2
1 3
2 4
2 5
2 6
2 7
3 8
6 9
1 10
2 11
2 12
2 13
3 14
6 15
10 16
13 17
10 18
9 19
12 20
19 21
8 22
22
1 2
2 3
3 4
1 5
5 6
1 7
6 8
1 9
6 10
1 11
11 12
11 13
10 14
11 15
4 16
2 17
4 18
11 19
13 20
5 21
15 22
22
1 2
1 3
3 4
3 5
4 6
3 7
3 8
5 9
8 10
9 11
4 12
3 13
6 14
9 15
2 16
6 17
3 18
14 19
16 20
11 21
7 22
22
1 2
1 3
1 4
1 5
2 6
1 7
7 8
3 9
7 10
2 11
2 12
8 13
1 14
13 15
2 16
2 17
1 18
11 19
12 20
4 21
4 22
22
1 2
1 3
3 4
3 5
3 6
4 7
4 8
4 9
4 10
5 11
11 12
2 13
13 14
13 15
15 16
6 17
1 18
10 19
11 20
15 21
3 22
22
1 2
2 3
3 4
2 5
4 6
2 7
4 8
5 9
4 10
5 11
11 12
6 13
7 14
3 15
2 16
3 17
6 18
17 19
14 20
6 21
4 22
22
1 2
1 3
1 4
3 5
2 6
3 7
2 8
1 9
7 10
9 11
2 12
2 13
1 14
13 15
9 16
13 17
6 18
11 19
2 20
3 21
11 22
22
1 2
1 3
2 4
3 5
4 6
3 7
4 8
5 9
3 10
3 11
5 12
6 13
12 14
12 15
14 16
7 17
4 18
11 19
11 20
3 21
8 22
22
1 2
2 3
1 4
3 5
2 6
4 7
5 8
6 9
3 10
8 11
5 12
1 13
9 14
11 15
9 16
2 17
3 18
9 19
11 20
7 21
2 22
22
1 2
2 3
1 4
4 5
3 6
1 7
4 8
3 9
7 10
8 11
8 12
2 13
9 14
14 15
8 16
4 17
3 18
9 19
1 20
18 21
5 22
22
1 2
2 3
1 4
2 5
5 6
3 7
5 8
8 9
1 10
5 11
10 12
10 13
1 14
3 15
14 16
3 17
11 18
9 19
15 20
12 21
1 22
22
1 2
2 3
2 4
1 5
2 6
2 7
5 8
2 9
9 10
5 11
3 12
11 13
4 14
4 15
10 16
7 17
7 18
3 19
13 20
4 21
6 22
22
1 2
2 3
2 4
2 5
5 6
2 7
5 8
7 9
1 10
7 11
8 12
8 13
3 14
5 15
3 16
16 17
4 18
13 19
15 20
10 21
2 22
22
1 2
1 3
1 4
3 5
2 6
4 7
1 8
1 9
2 10
6 11
1 12
12 13
5 14
10 15
13 16
8 17
1 18
13 19
2 20
10 21
2 22
22
1 2
1 3
3 4
1 5
5 6
4 7
2 8
8 9
7 10
2 11
8 12
2 13
5 14
9 15
11 16
10 17
17 18
18 19
18 20
5 21
12 22
22
1 2
1 3
3 4
2 5
3 6
6 7
2 8
7 9
2 10
4 11
9 12
5 13
8 14
5 15
11 16
7 17
1 18
8 19
4 20
3 21
21 22
22
1 2
1 3
3 4
2 5
3 6
6 7
2 8
5 9
4 10
4 11
1 12
3 13
12 14
8 15
10 16
13 17
15 18
7 19
17 20
13 21
17 22
22
1 2
2 3
2 4
4 5
4 6
4 7
1 8
6 9
7 10
6 11
9 12
10 13
1 14
14 15
3 16
13 17
3 18
10 19
6 20
8 21
4 22
22
1 2
1 3
3 4
3 5
2 6
3 7
4 8
5 9
5 10
9 11
10 12
12 13
12 14
13 15
12 16
12 17
11 18
6 19
7 20
14 21
9 22
22
1 2
1 3
1 4
2 5
1 6
5 7
5 8
2 9
5 10
6 11
2 12
12 13
12 14
10 15
4 16
3 17
11 18
10 19
9 20
4 21
12 22
22
1 2
2 3
2 4
4 5
5 6
3 7
6 8
4 9
2 10
4 11
10 12
8 13
8 14
8 15
5 16
5 17
4 18
8 19
14 20
6 21
6 22
22
1 2
2 3
2 4
2 5
5 6
6 7
2 8
5 9
1 10
7 11
4 12
2 13
9 14
12 15
3 16
5 17
6 18
5 19
3 20
13 21
21 22
22
1 2
2 3
1 4
3 5
3 6
4 7
2 8
1 9
5 10
7 11
10 12
8 13
12 14
1 15
6 16
9 17
1 18
14 19
9 20
8 21
8 22
22
1 2
2 3
3 4
4 5
1 6
6 7
4 8
7 9
5 10
8 11
8 12
1 13
1 14
9 15
5 16
3 17
13 18
2 19
11 20
8 21
7 22
22
1 2
1 3
3 4
1 5
3 6
5 7
3 8
7 9
8 10
3 11
9 12
12 13
6 14
5 15
15 16
11 17
6 18
6 19
4 20
1 21
18 22
22
1 2
1 3
3 4
2 5
3 6
1 7
1 8
6 9
6 10
4 11
1 12
4 13
6 14
4 15
2 16
3 17
6 18
5 19
2 20
20 21
2 22
22
1 2
1 3
2 4
2 5
4 6
6 7
4 8
5 9
8 10
6 11
9 12
5 13
2 14
9 15
8 16
9 17
16 18
6 19
6 20
12 21
12 22
22
1 2
1 3
3 4
3 5
3 6
5 7
7 8
7 9
8 10
10 11
2 12
5 13
6 14
3 15
14 16
1 17
11 18
5 19
14 20
13 21
6 22
22
1 2
1 3
1 4
2 5
3 6
1 7
5 8
2 9
9 10
7 11
4 12
12 13
5 14
10 15
3 16
14 17
4 18
7 19
4 20
15 21
11 22
22
1 2
2 3
1 4
4 5
4 6
1 7
2 8
6 9
3 10
1 11
2 12
7 13
6 14
13 15
15 16
1 17
1 18
2 19
6 20
8 21
15 22
22
1 2
1 3
1 4
1 5
3 6
1 7
2 8
4 9
6 10
8 11
8 12
6 13
5 14
10 15
2 16
14 17
12 18
1 19
1 20
8 21
16 22
22
1 2
2 3
1 4
4 5
5 6
5 7
2 8
1 9
2 10
4 11
6 12
5 13
7 14
13 15
8 16
9 17
3 18
7 19
3 20
12 21
13 22
22
1 2
1 3
2 4
3 5
1 6
4 7
3 8
7 9
3 10
6 11
4 12
7 13
9 14
7 15
11 16
10 17
3 18
11 19
9 20
4 21
15 22
22
1 2
2 3
2 4
1 5
5 6
4 7
6 8
1 9
4 10
3 11
8 12
12 13
12 14
8 15
14 16
4 17
13 18
15 19
5 20
1 21
15 22
22
1 2
1 3
3 4
2 5
1 6
1 7
6 8
8 9
1 10
9 11
6 12
6 13
13 14
5 15
13 16
10 17
8 18
18 19
1 20
15 21
9 22
22
1 2
2 3
1 4
1 5
2 6
1 7
6 8
5 9
5 10
3 11
5 12
7 13
8 14
11 15
5 16
16 17
8 18
12 19
13 20
2 21
2 22
22
1 2
2 3
1 4
1 5
2 6
4 7
5 8
4 9
2 10
9 11
10 12
5 13
11 14
9 15
3 16
7 17
11 18
17 19
14 20
19 21
12 22
22
1 2
1 3
3 4
4 5
1 6
3 7
7 8
2 9
4 10
3 11
2 12
10 13
6 14
3 15
12 16
6 17
9 18
2 19
14 20
2 21
3 22
22
1 2
1 3
2 4
4 5
1 6
2 7
5 8
2 9
5 10
1 11
6 12
9 13
3 14
6 15
15 16
8 17
6 18
1 19
4 20
12 21
8 22
22
1 2
2 3
1 4
4 5
4 6
3 7
1 8
5 9
6 10
10 11
11 12
1 13
3 14
11 15
11 16
1 17
6 18
10 19
3 20
14 21
13 22
22
1 2
1 3
1 4
2 5
1 6
5 7
7 8
6 9
4 10
5 11
9 12
9 13
4 14
2 15
1 16
9 17
4 18
10 19
12 20
6 21
9 22
22
1 2
1 3
1 4
4 5
4 6
1 7
4 8
1 9
8 10
6 11
4 12
5 13
7 14
3 15
3 16
2 17
10 18
3 19
6 20
1 21
6 22
22
1 2
2 3
3 4
2 5
3 6
2 7
1 8
4 9
4 10
9 11
11 12
9 13
11 14
8 15
3 16
1 17
2 18
5 19
6 20
1 21
6 22
22
1 2
1 3
1 4
2 5
3 6
1 7
2 8
7 9
5 10
10 11
5 12
8 13
12 14
9 15
9 16
13 17
14 18
10 19
12 20
16 21
14 22
22
1 2
2 3
3 4
3 5
3 6
6 7
1 8
3 9
5 10
3 11
10 12
11 13
13 14
7 15
2 16
15 17
15 18
8 19
4 20
10 21
4 22
22
1 2
1 3
3 4
1 5
3 6
6 7
4 8
6 9
1 10
10 11
5 12
1 13
13 14
11 15
5 16
13 17
6 18
5 19
12 20
20 21
4 22
22
1 2
1 3
1 4
1 5
5 6
4 7
3 8
3 9
3 10
5 11
1 12
10 13
3 14
7 15
6 16
8 17
17 18
9 19
1 20
13 21
20 22
22
1 2
1 3
2 4
3 5
2 6
5 7
4 8
5 9
1 10
5 11
3 12
4 13
3 14
3 15
12 16
6 17
5 18
12 19
16 20
14 21
1 22
22
1 2
1 3
3 4
1 5
1 6
3 7
5 8
6 9
7 10
8 11
9 12
4 13
13 14
6 15
13 16
4 17
2 18
11 19
15 20
19 21
16 22
22
1 2
2 3
2 4
3 5
3 6
3 7
3 8
7 9
3 10
10 11
1 12
2 13
1 14
1 15
14 16
16 17
1 18
10 19
16 20
20 21
21 22
22
1 2
2 3
2 4
1 5
2 6
1 7
3 8
3 9
9 10
6 11
11 12
2 13
2 14
9 15
6 16
3 17
7 18
15 19
11 20
4 21
21 22
22
1 2
1 3
2 4
2 5
4 6
6 7
7 8
7 9
4 10
5 11
2 12
6 13
9 14
10 15
10 16
10 17
16 18
15 19
16 20
17 21
11 22
22
1 2
2 3
2 4
1 5
5 6
1 7
4 8
1 9
6 10
2 11
2 12
7 13
1 14
8 15
5 16
7 17
7 18
17 19
10 20
1 21
3 22
22
1 2
2 3
1 4
2 5
5 6
5 7
2 8
6 9
4 10
4 11
3 12
1 13
6 14
7 15
14 16
4 17
5 18
1 19
12 20
11 21
10 22
22
1 2
2 3
1 4
4 5
3 6
1 7
2 8
1 9
8 10
1 11
5 12
1 13
2 14
4 15
3 16
8 17
10 18
10 19
6 20
20 21
3 22
22
1 2
1 3
3 4
3 5
2 6
6 7
6 8
3 9
3 10
7 11
6 12
4 13
6 14
1 15
8 16
12 17
5 18
11 19
16 20
13 21
17 22
22
1 2
1 3
1 4
2 5
5 6
6 7
1 8
8 9
7 10
3 11
4 12
11 13
11 14
13 15
10 16
5 17
13 18
9 19
2 20
9 21
14 22
22
1 2
2 3
3 4
2 5
5 6
1 7
5 8
1 9
3 10
10 11
9 12
11 13
5 14
9 15
15 16
15 17
4 18
11 19
11 20
13 21
4 22
22
1 2
2 3
3 4
2 5
2 6
5 7
7 8
7 9
3 10
3 11
8 12
3 13
3 14
8 15
1 16
15 17
8 18
18 19
11 20
15 21
1 22
22
1 2
2 3
1 4
4 5
2 6
3 7
5 8
8 9
5 10
2 11
8 12
8 13
10 14
12 15
15 16
10 17
9 18
17 19
6 20
1 21
10 22
22
1 2
2 3
2 4
1 5
2 6
6 7
5 8
6 9
1 10
2 11
6 12
8 13
13 14
12 15
13 16
3 17
2 18
1 19
5 20
6 21
1 22
22
1 2
1 3
1 4
2 5
1 6
5 7
1 8
4 9
7 10
10 11
7 12
12 13
12 14
13 15
2 16
2 17
5 18
17 19
12 20
11 21
20 22
22
1 2
1 3
2 4
3 5
2 6
4 7
7 8
3 9
7 10
8 11
7 12
7 13
2 14
1 15
14 16
15 17
17 18
14 19
17 20
10 21
4 22
22
1 2
1 3
2 4
1 5
1 6
4 7
6 8
8 9
1 10
3 11
10 12
2 13
2 14
8 15
10 16
8 17
2 18
14 19
10 20
3 21
14 22
22
1 2
2 3
1 4
2 5
3 6
1 7
1 8
7 9
3 10
3 11
11 12
4 13
4 14
13 15
3 16
11 17
4 18
10 19
5 20
16 21
13 22
22
1 2
2 3
2 4
1 5
5 6
2 7
2 8
3 9
6 10
1 11
5 12
8 13
7 14
1 15
2 16
5 17
8 18
4 19
7 20
20 21
18 22
22
1 2
1 3
1 4
3 5
5 6
6 7
4 8
4 9
1 10
6 11
3 12
10 13
9 14
10 15
6 16
8 17
16 18
6 19
4 20
19 21
1 22
22
1 2
2 3
3 4
3 5
2 6
2 7
5 8
2 9
7 10
6 11
3 12
7 13
4 14
4 15
13 16
2 17
8 18
17 19
9 20
17 21
13 22
22
1 2
2 3
3 4
3 5
2 6
3 7
6 8
8 9
2 10
7 11
10 12
6 13
12 14
8 15
9 16
7 17
1 18
8 19
16 20
16 21
7 22
22
1 2
1 3
1 4
2 5
4 6
2 7
6 8
2 9
9 10
4 11
4 12
11 13
12 14
8 15
1 16
15 17
5 18
8 19
3 20
19 21
11 22
22
1 2
1 3
1 4
3 5
5 6
5 7
6 8
8 9
9 10
4 11
6 12
11 13
8 14
14 15
5 16
11 17
12 18
8 19
11 20
12 21
21 22
22
1 2
2 3
1 4
2 5
4 6
4 7
3 8
3 9
5 10
5 11
1 12
8 13
1 14
1 15
11 16
15 17
1 18
2 19
17 20
10 21
6 22
22
1 2
1 3
2 4
4 5
1 6
3 7
1 8
2 9
4 10
1 11
8 12
9 13
7 14
6 15
12 16
11 17
6 18
4 19
19 20
16 21
20 22
22
1 2
1 3
3 4
3 5
3 6
2 7
4 8
3 9
8 10
10 11
9 12
9 13
9 14
5 15
12 16
11 17
8 18
16 19
1 20
15 21
2 22
22
1 2
1 3
3 4
3 5
3 6
3 7
1 8
3 9
6 10
7 11
4 12
12 13
1 14
6 15
1 16
12 17
7 18
6 19
1 20
5 21
8 22
22
1 2
1 3
2 4
2 5
1 6
6 7
6 8
4 9
2 10
3 11
5 12
8 13
5 14
5 15
7 16
10 17
11 18
8 19
1 20
14 21
15 22
22
1 2
1 3
2 4
4 5
3 6
3 7
1 8
1 9
3 10
1 11
6 12
6 13
2 14
2 15
6 16
9 17
6 18
12 19
6 20
14 21
10 22
22
1 2
2 3
1 4
1 5
4 6
5 7
5 8
7 9
6 10
6 11
6 12
4 13
7 14
6 15
6 16
11 17
14 18
9 19
11 20
2 21
11 22
22
1 2
1 3
3 4
4 5
1 6
3 7
2 8
7 9
4 10
7 11
5 12
4 13
10 14
14 15
11 16
8 17
12 18
17 19
7 20
7 21
12 22
22
1 2
1 3
3 4
1 5
3 6
6 7
7 8
3 9
8 10
7 11
4 12
2 13
13 14
10 15
4 16
14 17
5 18
17 19
14 20
11 21
10 22
22
1 2
2 3
1 4
3 5
3 6
2 7
3 8
6 9
9 10
4 11
7 12
12 13
2 14
10 15
12 16
1 17
16 18
1 19
16 20
2 21
21 22
22
1 2
2 3
3 4
4 5
3 6
4 7
6 8
2 9
3 10
10 11
11 12
6 13
9 14
11 15
11 16
15 17
8 18
11 19
2 20
4 21
2 22
22
1 2
2 3
3 4
1 5
4 6
1 7
1 8
4 9
9 10
2 11
8 12
2 13
9 14
4 15
4 16
15 17
8 18
14 19
15 20
3 21
13 22
22
1 2
2 3
2 4
1 5
1 6
1 7
6 8
3 9
4 10
1 11
6 12
5 13
1 14
4 15
13 16
7 17
1 18
14 19
1 20
10 21
1 22
22
1 2
2 3
1 4
1 5
1 6
6 7
3 8
4 9
9 10
10 11
1 12
2 13
4 14
1 15
13 16
7 17
11 18
12 19
7 20
18 21
12 22
22
1 2
2 3
1 4
1 5
3 6
3 7
3 8
7 9
8 10
6 11
3 12
2 13
1 14
12 15
1 16
3 17
6 18
14 19
5 20
7 21
11 22
22
1 2
2 3
1 4
4 5
3 6
2 7
7 8
2 9
6 10
7 11
11 12
4 13
10 14
10 15
12 16
5 17
3 18
13 19
9 20
15 21
5 22
22
1 2
2 3
1 4
3 5
1 6
5 7
6 8
4 9
3 10
2 11
10 12
10 13
10 14
4 15
12 16
16 17
2 18
14 19
10 20
4 21
14 22
22
1 2
1 3
1 4
2 5
3 6
2 7
7 8
7 9
2 10
6 11
9 12
9 13
7 14
10 15
1 16
2 17
7 18
9 19
1 20
8 21
9 22
22
1 2
2 3
2 4
1 5
2 6
3 7
6 8
5 9
1 10
5 11
5 12
1 13
10 14
12 15
4 16
6 17
2 18
3 19
5 20
15 21
14 22
22
1 2
1 3
3 4
2 5
5 6
5 7
1 8
8 9
7 10
4 11
9 12
3 13
7 14
11 15
2 16
11 17
6 18
9 19
10 20
17 21
12 22
22
1 2
1 3
2 4
3 5
3 6
2 7
6 8
2 9
9 10
6 11
1 12
5 13
4 14
4 15
8 16
11 17
1 18
18 19
2 20
17 21
14 22
22
1 2
1 3
1 4
3 5
1 6
5 7
4 8
2 9
7 10
1 11
7 12
3 13
5 14
3 15
8 16
14 17
6 18
8 19
10 20
19 21
6 22
22
1 2
2 3
3 4
2 5
5 6
1 7
2 8
1 9
2 10
3 11
3 12
9 13
10 14
12 15
9 16
4 17
6 18
3 19
18 20
8 21
18 22
22
1 2
2 3
3 4
2 5
1 6
2 7
7 8
3 9
4 10
2 11
3 12
9 13
5 14
8 15
6 16
9 17
10 18
4 19
3 20
19 21
18 22
22
1 2
1 3
2 4
1 5
2 6
6 7
7 8
6 9
3 10
8 11
1 12
9 13
9 14
10 15
13 16
5 17
15 18
3 19
7 20
13 21
15 22
22
1 2
1 3
2 4
4 5
5 6
4 7
1 8
1 9
3 10
8 11
9 12
1 13
8 14
6 15
6 16
5 17
12 18
10 19
18 20
9 21
9 22
22
1 2
1 3
3 4
4 5
1 6
1 7
7 8
6 9
5 10
8 11
7 12
1 13
11 14
10 15
8 16
14 17
17 18
3 19
18 20
20 21
9 22
22
1 2
2 3
2 4
2 5
4 6
2 7
7 8
3 9
1 10
4 11
1 12
2 13
5 14
6 15
4 16
11 17
7 18
1 19
11 20
2 21
16 22
22
1 2
1 3
2 4
4 5
4 6
2 7
1 8
3 9
4 10
6 11
6 12
1 13
13 14
4 15
3 16
15 17
13 18
12 19
11 20
5 21
10 22
22
1 2
1 3
3 4
3 5
5 6
6 7
2 8
8 9
6 10
9 11
8 12
3 13
8 14
1 15
9 16
3 17
11 18
8 19
4 20
8 21
4 22
22
1 2
1 3
1 4
3 5
4 6
1 7
1 8
4 9
6 10
5 11
4 12
10 13
10 14
5 15
3 16
6 17
10 18
18 19
9 20
8 21
16 22
22
1 2
1 3
3 4
1 5
1 6
2 7
7 8
7 9
2 10
2 11
11 12
7 13
4 14
11 15
1 16
13 17
16 18
3 19
15 20
2 21
20 22
22
1 2
2 3
1 4
1 5
1 6
3 7
1 8
6 9
4 10
3 11
9 12
11 13
7 14
4 15
15 16
6 17
16 18
7 19
19 20
15 21
10 22
22
1 2
2 3
1 4
3 5
4 6
5 7
6 8
1 9
3 10
10 11
7 12
9 13
1 14
9 15
8 16
5 17
1 18
4 19
2 20
16 21
1 22
22
1 2
1 3
3 4
4 5
5 6
4 7
6 8
8 9
7 10
5 11
8 12
2 13
13 14
3 15
14 16
4 17
17 18
10 19
17 20
14 21
6 22
22
1 2
1 3
1 4
4 5
3 6
3 7
5 8
4 9
2 10
10 11
3 12
4 13
9 14
1 15
12 16
11 17
14 18
6 19
8 20
18 21
17 22
22
1 2
2 3
1 4
3 5
1 6
6 7
3 8
1 9
5 10
9 11
11 12
12 13
11 14
14 15
8 16
7 17
1 18
1 19
14 20
20 21
6 22
22
1 2
2 3
3 4
3 5
5 6
2 7
6 8
8 9
3 10
8 11
11 12
3 13
4 14
7 15
7 16
5 17
2 18
4 19
15 20
14 21
1 22
22
1 2
1 3
3 4
2 5
1 6
2 7
5 8
4 9
1 10
7 11
4 12
6 13
5 14
4 15
1 16
14 17
5 18
10 19
8 20
10 21
16 22
22
1 2
2 3
3 4
3 5
4 6
3 7
1 8
1 9
5 10
9 11
11 12
5 13
9 14
8 15
12 16
12 17
13 18
11 19
6 20
2 21
7 22
22
1 2
1 3
1 4
4 5
5 6
3 7
4 8
4 9
5 10
9 11
3 12
7 13
2 14
6 15
4 16
4 17
13 18
8 19
5 20
5 21
15 22
22
1 2
2 3
2 4
2 5
1 6
5 7
2 8
8 9
8 10
6 11
5 12
3 13
10 14
3 15
12 16
13 17
6 18
16 19
9 20
9 21
19 22
22
1 2
1 3
2 4
4 5
2 6
4 7
6 8
3 9
3 10
7 11
2 12
7 13
6 14
11 15
13 16
9 17
10 18
7 19
7 20
14 21
10 22
22
1 2
1 3
3 4
4 5
3 6
1 7
7 8
2 9
1 10
5 11
6 12
9 13
10 14
7 15
9 16
8 17
10 18
1 19
14 20
15 21
11 22
22
1 2
1 3
2 4
3 5
1 6
6 7
1 8
6 9
3 10
6 11
6 12
2 13
3 14
10 15
14 16
12 17
17 18
17 19
18 20
2 21
2 22
22
1 2
1 3
3 4
4 5
3 6
1 7
2 8
8 9
7 10
5 11
8 12
3 13
1 14
4 15
5 16
9 17
9 18
16 19
7 20
4 21
11 22
22
1 2
1 3
3 4
3 5
3 6
3 7
4 8
1 9
8 10
2 11
1 12
11 13
6 14
8 15
10 16
15 17
10 18
4 19
6 20
19 21
9 22
22
1 2
2 3
3 4
3 5
3 6
5 7
6 8
7 9
9 10
10 11
7 12
1 13
10 14
2 15
7 16
11 17
11 18
10 19
1 20
18 21
8 22
22
1 2
1 3
3 4
1 5
4 6
1 7
5 8
2 9
3 10
3 11
1 12
9 13
5 14
7 15
9 16
4 17
16 18
16 19
7 20
10 21
13 22
22
1 2
2 3
3 4
1 5
3 6
1 7
2 8
3 9
9 10
8 11
10 12
10 13
5 14
10 15
10 16
4 17
7 18
1 19
7 20
9 21
12 22
22
1 2
2 3
3 4
1 5
1 6
6 7
3 8
8 9
2 10
3 11
11 12
11 13
12 14
2 15
1 16
15 17
2 18
15 19
6 20
13 21
6 22
22
1 2
2 3
3 4
4 5
2 6
3 7
7 8
5 9
1 10
3 11
11 12
8 13
10 14
3 15
12 16
13 17
11 18
1 19
16 20
6 21
8 22
22
1 2
1 3
2 4
1 5
4 6
3 7
4 8
4 9
7 10
7 11
4 12
10 13
4 14
5 15
8 16
8 17
8 18
13 19
17 20
16 21
20 22
22
1 2
1 3
2 4
3 5
1 6
5 7
4 8
2 9
4 10
10 11
8 12
6 13
1 14
7 15
7 16
13 17
13 18
8 19
6 20
9 21
15 22
22
1 2
1 3
3 4
4 5
1 6
4 7
5 8
1 9
5 10
6 11
3 12
9 13
8 14
3 15
7 16
16 17
4 18
16 19
4 20
18 21
16 22
22
1 2
2 3
3 4
3 5
4 6
5 7
1 8
8 9
4 10
10 11
3 12
12 13
6 14
14 15
8 16
16 17
8 18
10 19
2 20
13 21
3 22
22
1 2
2 3
2 4
2 5
1 6
6 7
6 8
6 9
9 10
2 11
6 12
12 13
7 14
5 15
2 16
3 17
1 18
5 19
8 20
2 21
12 22
22
1 2
2 3
3 4
2 5
1 6
5 7
6 8
1 9
7 10
2 11
9 12
6 13
9 14
14 15
8 16
14 17
15 18
16 19
7 20
9 21
19 22
22
1 2
1 3
3 4
1 5
3 6
1 7
6 8
5 9
1 10
1 11
2 12
11 13
10 14
8 15
1 16
7 17
10 18
6 19
8 20
13 21
2 22
22
1 2
2 3
1 4
3 5
5 6
1 7
3 8
4 9
8 10
2 11
5 12
12 13
3 14
6 15
5 16
12 17
1 18
6 19
4 20
17 21
12 22
22
1 2
2 3
2 4
4 5
3 6
4 7
6 8
4 9
4 10
2 11
7 12
1 13
13 14
12 15
2 16
15 17
3 18
7 19
17 20
13 21
9 22
22
1 2
2 3
1 4
2 5
2 6
2 7
6 8
5 9
4 10
5 11
7 12
10 13
3 14
7 15
10 16
5 17
6 18
14 19
18 20
9 21
1 22
22
1 2
2 3
3 4
1 5
2 6
3 7
6 8
6 9
4 10
9 11
3 12
10 13
3 14
8 15
4 16
12 17
15 18
17 19
5 20
17 21
9 22
22
1 2
2 3
2 4
1 5
4 6
5 7
7 8
5 9
4 10
6 11
7 12
7 13
9 14
3 15
7 16
11 17
6 18
18 19
10 20
4 21
14 22
22
1 2
1 3
3 4
3 5
2 6
6 7
7 8
6 9
2 10
10 11
11 12
9 13
2 14
11 15
13 16
11 17
5 18
11 19
10 20
9 21
1 22
22
1 2
2 3
1 4
2 5
5 6
6 7
4 8
5 9
5 10
10 11
4 12
1 13
4 14
2 15
11 16
6 17
7 18
4 19
13 20
5 21
6 22
22
1 2
1 3
3 4
2 5
1 6
5 7
4 8
3 9
8 10
9 11
10 12
2 13
9 14
9 15
14 16
7 17
13 18
18 19
12 20
2 21
20 22
22
1 2
2 3
3 4
2 5
4 6
2 7
7 8
3 9
6 10
9 11
8 12
11 13
7 14
6 15
3 16
6 17
14 18
15 19
2 20
15 21
21 22
22
1 2
1 3
2 4
3 5
2 6
3 7
5 8
4 9
2 10
7 11
1 12
8 13
11 14
9 15
5 16
3 17
15 18
18 19
2 20
18 21
2 22
22
1 2
2 3
2 4
3 5
3 6
2 7
7 8
2 9
1 10
10 11
11 12
4 13
5 14
10 15
6 16
1 17
9 18
18 19
12 20
8 21
2 22
22
1 2
1 3
1 4
4 5
1 6
5 7
1 8
5 9
8 10
2 11
3 12
5 13
8 14
10 15
13 16
4 17
2 18
18 19
3 20
8 21
6 22
22
1 2
1 3
3 4
1 5
2 6
5 7
7 8
7 9
5 10
9 11
10 12
4 13
13 14
11 15
4 16
4 17
11 18
12 19
9 20
2 21
4 22
22
1 2
1 3
3 4
1 5
1 6
1 7
3 8
8 9
6 10
6 11
11 12
1 13
10 14
14 15
4 16
1 17
13 18
10 19
10 20
19 21
10 22
22
1 2
1 3
1 4
4 5
2 6
5 7
7 8
4 9
4 10
6 11
2 12
6 13
11 14
7 15
5 16
1 17
4 18
1 19
6 20
3 21
8 22
22
1 2
1 3
3 4
3 5
2 6
2 7
4 8
4 9
3 10
8 11
1 12
10 13
12 14
9 15
3 16
16 17
11 18
3 19
2 20
2 21
15 22
22
1 2
1 3
3 4
3 5
2 6
5 7
7 8
4 9
1 10
7 11
11 12
5 13
4 14
11 15
10 16
8 17
1 18
16 19
13 20
12 21
20 22
22
1 2
1 3
3 4
2 5
1 6
4 7
4 8
1 9
8 10
7 11
5 12
5 13
12 14
10 15
5 16
10 17
11 18
3 19
7 20
7 21
15 22
22
1 2
2 3
3 4
2 5
5 6
5 7
6 8
2 9
5 10
2 11
1 12
1 13
9 14
8 15
4 16
10 17
12 18
17 19
15 20
13 21
9 22
22
1 2
1 3
1 4
4 5
5 6
2 7
2 8
2 9
7 10
1 11
11 12
1 13
13 14
11 15
8 16
10 17
2 18
3 19
3 20
5 21
7 22
22
1 2
1 3
1 4
1 5
1 6
4 7
5 8
6 9
6 10
1 11
7 12
2 13
9 14
13 15
14 16
6 17
5 18
14 19
5 20
2 21
3 22
22
1 2
1 3
1 4
3 5
3 6
2 7
6 8
2 9
1 10
3 11
4 12
9 13
2 14
13 15
8 16
3 17
9 18
13 19
11 20
3 21
16 22
22
1 2
1 3
3 4
1 5
1 6
1 7
1 8
3 9
2 10
10 11
10 12
8 13
2 14
8 15
3 16
5 17
14 18
14 19
18 20
17 21
8 22
22
1 2
2 3
3 4
3 5
4 6
5 7
2 8
4 9
4 10
7 11
2 12
3 13
10 14
11 15
1 16
11 17
6 18
12 19
16 20
13 21
6 22
22
1 2
1 3
2 4
3 5
2 6
5 7
3 8
3 9
1 10
4 11
5 12
7 13
10 14
3 15
8 16
2 17
2 18
2 19
17 20
11 21
10 22
22
1 2
1 3
2 4
3 5
5 6
4 7
6 8
3 9
1 10
4 11
6 12
9 13
10 14
4 15
5 16
15 17
11 18
3 19
15 20
4 21
15 22
22
1 2
2 3
1 4
2 5
4 6
5 7
2 8
6 9
7 10
9 11
5 12
3 13
12 14
6 15
4 16
15 17
3 18
17 19
19 20
5 21
1 22
22
1 2
1 3
3 4
4 5
3 6
6 7
7 8
5 9
2 10
4 11
7 12
1 13
11 14
8 15
2 16
12 17
4 18
3 19
18 20
19 21
16 22
22
1 2
1 3
1 4
2 5
5 6
4 7
2 8
5 9
6 10
3 11
3 12
8 13
1 14
12 15
11 16
15 17
14 18
1 19
11 20
1 21
7 22
22
1 2
1 3
3 4
4 5
2 6
6 7
2 8
1 9
2 10
7 11
5 12
10 13
7 14
3 15
13 16
7 17
2 18
6 19
2 20
7 21
2 22
22
1 2
1 3
3 4
2 5
5 6
6 7
1 8
4 9
3 10
2 11
9 12
5 13
6 14
14 15
8 16
3 17
12 18
4 19
15 20
12 21
12 22
22
1 2
1 3
2 4
3 5
4 6
5 7
2 8
8 9
3 10
4 11
10 12
7 13
12 14
10 15
9 16
9 17
14 18
17 19
6 20
17 21
18 22
22
1 2
1 3
3 4
3 5
5 6
3 7
5 8
3 9
4 10
7 11
1 12
5 13
7 14
4 15
12 16
10 17
14 18
2 19
6 20
2 21
4 22
22
1 2
2 3
1 4
2 5
4 6
4 7
1 8
4 9
2 10
4 11
1 12
2 13
11 14
11 15
5 16
16 17
10 18
18 19
18 20
15 21
17 22
22
1 2
2 3
3 4
2 5
2 6
4 7
3 8
7 9
9 10
3 11
5 12
5 13
12 14
12 15
9 16
1 17
9 18
7 19
6 20
6 21
6 22
22
1 2
2 3
1 4
3 5
4 6
5 7
2 8
2 9
3 10
5 11
6 12
10 13
5 14
10 15
1 16
16 17
3 18
2 19
12 20
11 21
13 22
22
1 2
1 3
1 4
2 5
2 6
4 7
7 8
2 9
4 10
7 11
11 12
4 13
8 14
4 15
1 16
10 17
8 18
14 19
13 20
2 21
13 22
22
1 2
2 3
2 4
4 5
5 6
6 7
4 8
6 9
8 10
4 11
10 12
8 13
9 14
4 15
13 16
12 17
16 18
16 19
10 20
19 21
16 22
22
1 2
1 3
2 4
4 5
1 6
5 7
6 8
3 9
1 10
1 11
8 12
8 13
12 14
1 15
15 16
15 17
17 18
6 19
13 20
16 21
12 22
22
1 2
1 3
2 4
3 5
5 6
3 7
7 8
3 9
6 10
1 11
1 12
12 13
2 14
12 15
2 16
8 17
3 18
10 19
19 20
6 21
18 22
22
1 2
2 3
2 4
4 5
2 6
6 7
5 8
2 9
8 10
4 11
8 12
7 13
5 14
4 15
8 16
10 17
7 18
12 19
17 20
17 21
4 22
22
1 2
2 3
3 4
4 5
1 6
5 7
4 8
4 9
1 10
2 11
5 12
5 13
3 14
12 15
3 16
13 17
10 18
14 19
10 20
7 21
10 22
22
1 2
2 3
2 4
4 5
3 6
6 7
3 8
6 9
1 10
5 11
7 12
2 13
13 14
5 15
1 16
9 17
1 18
13 19
15 20
12 21
17 22
22
1 2
1 3
3 4
1 5
3 6
2 7
7 8
2 9
5 10
1 11
3 12
12 13
1 14
5 15
3 16
12 17
2 18
18 19
6 20
19 21
10 22
22
1 2
1 3
3 4
3 5
5 6
5 7
2 8
3 9
7 10
2 11
11 12
3 13
7 14
5 15
2 16
11 17
6 18
12 19
8 20
18 21
16 22
22
1 2
2 3
1 4
3 5
3 6
4 7
4 8
7 9
2 10
4 11
4 12
6 13
5 14
9 15
13 16
8 17
16 18
16 19
14 20
7 21
1 22
22
1 2
2 3
2 4
1 5
3 6
1 7
6 8
1 9
7 10
3 11
3 12
9 13
9 14
8 15
5 16
14 17
2 18
17 19
13 20
12 21
1 22
22
1 2
1 3
1 4
2 5
1 6
6 7
6 8
1 9
1 10
9 11
3 12
9 13
13 14
7 15
14 16
1 17
13 18
11 19
8 20
14 21
5 22
22
1 2
1 3
3 4
1 5
3 6
5 7
4 8
2 9
2 10
6 11
11 12
1 13
6 14
5 15
2 16
15 17
11 18
18 19
4 20
10 21
5 22
22
1 2
2 3
3 4
1 5
5 6
4 7
5 8
8 9
5 10
8 11
1 12
3 13
6 14
3 15
13 16
9 17
3 18
6 19
9 20
19 21
10 22
22
1 2
1 3
1 4
4 5
4 6
2 7
7 8
3 9
5 10
2 11
3 12
3 13
7 14
9 15
7 16
9 17
7 18
2 19
10 20
1 21
15 22
22
1 2
2 3
1 4
1 5
4 6
4 7
1 8
3 9
6 10
8 11
3 12
1 13
8 14
13 15
14 16
16 17
14 18
3 19
6 20
3 21
17 22
22
1 2
1 3
2 4
2 5
1 6
1 7
5 8
2 9
8 10
10 11
5 12
2 13
12 14
12 15
15 16
6 17
8 18
16 19
5 20
16 21
8 22
22
1 2
2 3
3 4
1 5
2 6
6 7
1 8
7 9
5 10
4 11
1 12
9 13
7 14
10 15
13 16
7 17
4 18
5 19
4 20
4 21
6 22
22
1 2
2 3
3 4
4 5
4 6
2 7
6 8
6 9
8 10
7 11
11 12
5 13
11 14
7 15
2 16
12 17
5 18
5 19
2 20
7 21
14 22
22
1 2
2 3
2 4
2 5
2 6
1 7
2 8
1 9
3 10
2 11
4 12
6 13
12 14
1 15
5 16
11 17
13 18
16 19
4 20
1 21
12 22
22
1 2
1 3
1 4
1 5
4 6
4 7
2 8
1 9
6 10
8 11
5 12
2 13
10 14
14 15
6 16
1 17
7 18
9 19
9 20
15 21
20 22
22
1 2
2 3
3 4
3 5
4 6
5 7
3 8
8 9
3 10
6 11
1 12
5 13
9 14
4 15
10 16
2 17
10 18
15 19
16 20
2 21
12 22
22
1 2
1 3
2 4
1 5
2 6
4 7
3 8
4 9
8 10
6 11
11 12
5 13
1 14
11 15
1 16
5 17
4 18
6 19
6 20
5 21
15 22
22
1 2
1 3
3 4
4 5
1 6
1 7
1 8
5 9
3 10
1 11
2 12
4 13
2 14
9 15
8 16
7 17
13 18
15 19
11 20
8 21
11 22
22
1 2
1 3
3 4
4 5
4 6
4 7
4 8
1 9
6 10
4 11
8 12
7 13
6 14
2 15
15 16
16 17
11 18
14 19
19 20
8 21
18 22
22
1 2
1 3
2 4
3 5
2 6
1 7
4 8
6 9
4 10
6 11
10 12
10 13
3 14
14 15
10 16
1 17
13 18
1 19
10 20
1 21
6 22
22
1 2
1 3
1 4
2 5
4 6
2 7
1 8
6 9
1 10
9 11
11 12
2 13
11 14
2 15
7 16
5 17
3 18
1 19
9 20
1 21
18 22
22
1 2
2 3
1 4
1 5
2 6
3 7
1 8
2 9
2 10
2 11
7 12
2 13
4 14
7 15
15 16
4 17
1 18
7 19
7 20
16 21
8 22
22
1 2
1 3
1 4
2 5
4 6
5 7
1 8
7 9
8 10
9 11
8 12
5 13
12 14
14 15
7 16
5 17
12 18
16 19
7 20
11 21
20 22
22
1 2
2 3
3 4
1 5
2 6
6 7
2 8
3 9
7 10
9 11
3 12
9 13
2 14
8 15
4 16
7 17
7 18
11 19
9 20
13 21
10 22
22
1 2
1 3
1 4
4 5
3 6
5 7
6 8
7 9
4 10
9 11
3 12
3 13
9 14
11 15
2 16
7 17
11 18
5 19
4 20
13 21
10 22
22
1 2
1 3
2 4
4 5
5 6
3 7
4 8
2 9
2 10
6 11
10 12
8 13
5 14
4 15
4 16
5 17
9 18
1 19
4 20
16 21
20 22
22
1 2
2 3
2 4
2 5
2 6
1 7
7 8
1 9
7 10
10 11
5 12
8 13
7 14
3 15
6 16
4 17
8 18
3 19
2 20
17 21
16 22
22
1 2
1 3
3 4
2 5
4 6
5 7
3 8
4 9
3 10
1 11
10 12
6 13
7 14
4 15
1 16
14 17
8 18
13 19
17 20
9 21
11 22
22
1 2
2 3
3 4
1 5
5 6
6 7
5 8
1 9
3 10
9 11
4 12
10 13
12 14
8 15
12 16
2 17
5 18
4 19
2 20
18 21
10 22
22
1 2
1 3
2 4
1 5
2 6
3 7
1 8
4 9
3 10
6 11
10 12
12 13
2 14
11 15
8 16
13 17
9 18
8 19
3 20
20 21
4 22
22
1 2
1 3
2 4
3 5
2 6
6 7
4 8
6 9
1 10
3 11
9 12
5 13
3 14
8 15
13 16
4 17
10 18
1 19
11 20
16 21
21 22
22
1 2
2 3
1 4
3 5
3 6
1 7
2 8
1 9
7 10
6 11
4 12
11 13
11 14
8 15
5 16
3 17
9 18
4 19
6 20
5 21
18 22
22
1 2
2 3
2 4
1 5
2 6
2 7
4 8
7 9
7 10
2 11
4 12
4 13
7 14
4 15
9 16
3 17
8 18
14 19
18 20
15 21
17 22
22
1 2
1 3
3 4
4 5
3 6
5 7
4 8
1 9
1 10
10 11
9 12
12 13
3 14
8 15
7 16
11 17
12 18
8 19
2 20
5 21
2 22
22
1 2
1 3
1 4
3 5
4 6
2 7
3 8
1 9
9 10
2 11
9 12
9 13
4 14
10 15
11 16
13 17
13 18
13 19
5 20
4 21
20 22
22
1 2
1 3
1 4
3 5
5 6
4 7
6 8
6 9
6 10
1 11
11 12
3 13
9 14
13 15
2 16
9 17
10 18
8 19
17 20
3 21
16 22
22
1 2
2 3
1 4
4 5
2 6
5 7
3 8
2 9
8 10
6 11
2 12
6 13
7 14
14 15
5 16
11 17
6 18
10 19
6 20
2 21
16 22
22
1 2
1 3
3 4
1 5
1 6
3 7
1 8
8 9
8 10
8 11
5 12
2 13
6 14
3 15
8 16
11 17
12 18
14 19
3 20
19 21
1 22
22
1 2
2 3
2 4
2 5
3 6
4 7
1 8
4 9
1 10
6 11
5 12
7 13
4 14
11 15
13 16
8 17
1 18
8 19
9 20
6 21
7 22
22
1 2
1 3
2 4
4 5
3 6
1 7
7 8
3 9
4 10
5 11
2 12
3 13
9 14
3 15
2 16
7 17
14 18
1 19
18 20
13 21
9 22
22
1 2
1 3
3 4
3 5
2 6
1 7
6 8
7 9
3 10
1 11
5 12
10 13
12 14
13 15
4 16
2 17
15 18
9 19
4 20
18 21
1 22
22
1 2
1 3
1 4
4 5
5 6
3 7
2 8
2 9
7 10
2 11
3 12
11 13
11 14
10 15
4 16
9 17
3 18
5 19
1 20
4 21
10 22
22
1 2
1 3
2 4
3 5
1 6
3 7
1 8
3 9
9 10
10 11
5 12
11 13
2 14
3 15
3 16
9 17
12 18
13 19
11 20
3 21
7 22
22
1 2
1 3
1 4
4 5
1 6
1 7
4 8
1 9
3 10
9 11
9 12
9 13
12 14
2 15
11 16
6 17
5 18
7 19
5 20
8 21
17 22
22
1 2
2 3
2 4
2 5
4 6
2 7
7 8
8 9
2 10
10 11
2 12
1 13
6 14
11 15
1 16
13 17
17 18
5 19
15 20
18 21
18 22
22
1 2
1 3
3 4
2 5
3 6
1 7
7 8
3 9
2 10
1 11
2 12
8 13
4 14
8 15
8 16
14 17
1 18
7 19
4 20
13 21
2 22
22
1 2
2 3
3 4
4 5
5 6
6 7
2 8
8 9
1 10
5 11
3 12
10 13
1 14
2 15
2 16
12 17
2 18
12 19
18 20
4 21
9 22
22
1 2
2 3
1 4
1 5
5 6
1 7
2 8
3 9
8 10
9 11
8 12
10 13
2 14
1 15
13 16
10 17
13 18
16 19
9 20
11 21
12 22
22
1 2
2 3
1 4
2 5
5 6
2 7
2 8
5 9
3 10
10 11
11 12
1 13
9 14
13 15
2 16
14 17
7 18
12 19
19 20
14 21
20 22
22
1 2
1 3
2 4
2 5
3 6
6 7
5 8
8 9
6 10
3 11
6 12
2 13
6 14
8 15
9 16
13 17
8 18
12 19
9 20
8 21
13 22
22
1 2
1 3
1 4
1 5
4 6
3 7
4 8
7 9
7 10
9 11
8 12
4 13
13 14
1 15
14 16
5 17
7 18
7 19
10 20
17 21
18 22
22
1 2
1 3
3 4
3 5
5 6
1 7
4 8
1 9
4 10
8 11
9 12
12 13
13 14
7 15
2 16
6 17
15 18
3 19
4 20
9 21
4 22
22
1 2
2 3
2 4
2 5
2 6
3 7
5 8
6 9
5 10
2 11
3 12
3 13
6 14
9 15
12 16
14 17
6 18
17 19
18 20
17 21
21 22
22
1 2
2 3
1 4
4 5
5 6
6 7
7 8
3 9
6 10
10 11
6 12
12 13
7 14
5 15
8 16
1 17
1 18
15 19
10 20
3 21
21 22
22
1 2
2 3
2 4
3 5
4 6
3 7
6 8
1 9
7 10
5 11
7 12
12 13
3 14
13 15
2 16
11 17
16 18
10 19
12 20
15 21
19 22
22
1 2
2 3
3 4
4 5
4 6
6 7
3 8
8 9
3 10
8 11
2 12
12 13
9 14
8 15
12 16
5 17
9 18
11 19
14 20
2 21
6 22
22
1 2
2 3
2 4
3 5
5 6
5 7
1 8
3 9
6 10
9 11
9 12
9 13
9 14
11 15
2 16
15 17
9 18
7 19
18 20
10 21
10 22
22
1 2
1 3
3 4
1 5
3 6
3 7
7 8
8 9
9 10
4 11
1 12
11 13
5 14
2 15
11 16
12 17
13 18
1 19
17 20
5 21
5 22
22
1 2
1 3
1 4
1 5
4 6
6 7
3 8
7 9
9 10
10 11
9 12
5 13
2 14
1 15
8 16
2 17
5 18
9 19
17 20
6 21
1 22
22
1 2
2 3
3 4
4 5
5 6
4 7
3 8
5 9
6 10
5 11
11 12
2 13
6 14
12 15
6 16
16 17
9 18
17 19
4 20
19 21
2 22
22
1 2
1 3
3 4
2 5
1 6
3 7
4 8
8 9
1 10
9 11
3 12
12 13
11 14
14 15
4 16
5 17
15 18
11 19
16 20
7 21
3 22
22
1 2
2 3
1 4
3 5
1 6
4 7
6 8
3 9
5 10
1 11
9 12
2 13
11 14
9 15
3 16
16 17
11 18
1 19
19 20
3 21
16 22
22
1 2
2 3
2 4
1 5
2 6
5 7
3 8
3 9
4 10
5 11
4 12
1 13
3 14
5 15
9 16
14 17
4 18
12 19
12 20
1 21
15 22
22
1 2
2 3
2 4
1 5
1 6
1 7
2 8
7 9
4 10
5 11
7 12
1 13
11 14
11 15
3 16
3 17
11 18
9 19
5 20
9 21
7 22
22
1 2
2 3
2 4
4 5
3 6
2 7
5 8
4 9
9 10
2 11
3 12
8 13
1 14
11 15
15 16
10 17
5 18
10 19
15 20
12 21
19 22
22
1 2
1 3
3 4
4 5
5 6
5 7
2 8
5 9
4 10
6 11
2 12
12 13
4 14
9 15
1 16
8 17
2 18
5 19
5 20
6 21
20 22
22
1 2
1 3
1 4
1 5
1 6
4 7
6 8
3 9
8 10
7 11
10 12
10 13
3 14
1 15
8 16
11 17
5 18
3 19
17 20
4 21
10 22
22
1 2
2 3
1 4
3 5
5 6
2 7
6 8
7 9
1 10
4 11
2 12
10 13
5 14
14 15
5 16
10 17
6 18
2 19
18 20
14 21
2 22
22
1 2
2 3
3 4
3 5
5 6
5 7
6 8
2 9
3 10
6 11
10 12
2 13
4 14
6 15
4 16
8 17
4 18
17 19
8 20
17 21
14 22
22
1 2
1 3
3 4
1 5
2 6
5 7
6 8
2 9
6 10
5 11
6 12
8 13
1 14
4 15
1 16
6 17
17 18
5 19
6 20
2 21
9 22
22
1 2
2 3
3 4
4 5
2 6
2 7
4 8
3 9
1 10
10 11
1 12
6 13
11 14
3 15
3 16
1 17
13 18
6 19
13 20
18 21
9 22
22
1 2
2 3
3 4
2 5
2 6
2 7
3 8
4 9
1 10
10 11
7 12
8 13
10 14
2 15
9 16
1 17
10 18
18 19
8 20
5 21
1 22
22
1 2
2 3
1 4
3 5
1 6
1 7
4 8
3 9
6 10
4 11
9 12
10 13
11 14
9 15
15 16
15 17
3 18
14 19
11 20
10 21
17 22
22
1 2
1 3
1 4
4 5
3 6
1 7
7 8
4 9
3 10
5 11
10 12
10 13
1 14
8 15
3 16
14 17
15 18
9 19
8 20
19 21
10 22
22
1 2
2 3
2 4
2 5
4 6
1 7
3 8
4 9
1 10
1 11
6 12
12 13
1 14
2 15
9 16
14 17
8 18
16 19
1 20
16 21
9 22
22
1 2
1 3
1 4
2 5
4 6
6 7
5 8
5 9
8 10
8 11
10 12
11 13
8 14
2 15
9 16
5 17
17 18
17 19
10 20
13 21
13 22
22
1 2
2 3
3 4
4 5
4 6
1 7
4 8
8 9
6 10
6 11
9 12
3 13
3 14
13 15
4 16
14 17
2 18
5 19
12 20
7 21
9 22
22
1 2
2 3
3 4
3 5
4 6
3 7
2 8
8 9
2 10
8 11
3 12
3 13
8 14
8 15
10 16
4 17
13 18
10 19
10 20
12 21
17 22
22
1 2
2 3
2 4
1 5
3 6
6 7
2 8
3 9
1 10
7 11
10 12
11 13
8 14
13 15
14 16
2 17
15 18
13 19
2 20
7 21
6 22
22
1 2
1 3
3 4
4 5
1 6
3 7
4 8
7 9
9 10
5 11
2 12
10 13
8 14
12 15
7 16
10 17
4 18
6 19
7 20
10 21
7 22
22
1 2
1 3
2 4
2 5
2 6
4 7
4 8
2 9
8 10
5 11
9 12
6 13
13 14
11 15
13 16
5 17
12 18
8 19
14 20
11 21
15 22
22
1 2
1 3
3 4
3 5
2 6
5 7
5 8
7 9
9 10
5 11
2 12
2 13
7 14
1 15
1 16
7 17
13 18
13 19
19 20
1 21
5 22
22
1 2
1 3
2 4
2 5
2 6
4 7
6 8
2 9
4 10
5 11
4 12
12 13
11 14
6 15
14 16
7 17
2 18
8 19
13 20
4 21
21 22
22
1 2
1 3
1 4
2 5
3 6
2 7
2 8
6 9
4 10
5 11
2 12
6 13
13 14
7 15
8 16
3 17
15 18
1 19
16 20
11 21
1 22
22
1 2
2 3
3 4
3 5
4 6
4 7
4 8
2 9
1 10
1 11
7 12
1 13
12 14
5 15
6 16
5 17
8 18
5 19
16 20
2 21
3 22
22
1 2
1 3
1 4
3 5
3 6
1 7
4 8
7 9
8 10
7 11
1 12
8 13
4 14
11 15
3 16
5 17
12 18
15 19
9 20
3 21
6 22
22
1 2
2 3
3 4
2 5
3 6
3 7
5 8
6 9
1 10
3 11
9 12
11 13
6 14
3 15
12 16
13 17
3 18
4 19
14 20
2 21
9 22
22
1 2
2 3
2 4
3 5
5 6
1 7
2 8
1 9
5 10
8 11
6 12
6 13
11 14
10 15
14 16
16 17
7 18
15 19
15 20
17 21
18 22
22
1 2
2 3
3 4
2 5
4 6
2 7
1 8
5 9
2 10
6 11
7 12
12 13
2 14
12 15
3 16
1 17
10 18
7 19
4 20
10 21
9 22
