500 22361 500
54 297
160 449
105 452
36 158
62 472
260 465
203 378
115 475
119 210
355 467
15 480
37 198
83 478
376 416
54 116
200 425
82 294
53 145
298 427
96 211
135 205
348 436
120 459
233 278
84 108
18 377
31 489
88 139
173 256
76 182
101 206
76 454
83 369
68 428
257 432
223 478
342 488
136 281
96 419
365 475
202 442
130 148
166 439
206 378
84 399
337 445
336 441
249 384
436 445
96 230
227 405
217 353
205 397
57 320
359 488
54 180
190 315
83 181
37 362
112 148
81 308
48 86
74 162
195 407
420 458
150 338
287 351
170 242
31 465
233 396
44 321
162 258
122 192
54 144
381 466
214 263
46 219
244 307
54 397
105 310
138 220
166 215
155 467
63 212
147 219
30 243
201 440
229 235
217 243
247 492
245 476
3 118
208 268
14 179
29 415
253 452
282 361
191 203
156 447
224 453
297 424
19 57
272 425
105 116
174 250
124 383
309 448
84 423
97 360
165 318
111 241
73 426
428 457
374 412
169 440
67 200
334 459
27 129
196 291
178 198
238 355
13 187
96 245
76 447
35 105
176 288
190 208
263 495
47 207
143 404
173 364
400 432
44 121
58 262
210 341
25 180
148 287
107 406
50 441
264 315
212 487
148 409
348 363
299 397
67 129
15 169
30 185
220 365
262 430
125 445
4 369
236 468
171 446
190 319
41 481
141 335
230 238
116 464
14 94
22 112
292 493
36 234
84 338
111 129
288 357
336 462
154 216
6 314
67 366
208 422
325 367
177 212
329 414
444 445
191 402
78 322
5 466
115 225
78 397
11 114
303 421
152 169
82 229
28 363
273 318
149 490
207 384
82 406
306 452
335 362
130 468
217 234
220 339
68 185
6 239
261 382
30 492
337 344
405 417
109 470
355 416
12 171
11 146
65 123
442 448
192 342
20 362
42 55
95 156
149 340
34 145
384 478
293 305
258 415
108 446
267 299
312 320
323 395
88 133
206 267
366 443
266 430
300 428
7 122
414 451
297 322
61 158
354 487
41 251
115 210
136 143
245 340
28 497
9 167
262 383
210 247
187 403
310 478
123 272
3 437
419 490
140 494
279 380
17 51
301 441
181 410
397 461
54 147
162 165
45 59
32 194
4 341
409 470
192 426
251 300
192 289
296 377
135 251
2 70
260 378
252 490
143 462
125 187
284 402
1 498
145 257
68 404
38 201
169 316
152 273
3 299
138 155
331 464
290 308
82 403
404 481
6 182
94 284
245 274
4 165
389 483
69 410
281 403
160 187
175 482
105 150
189 482
30 211
378 410
410 461
24 294
143 293
261 267
158 481
38 223
153 335
184 476
348 371
25 168
17 31
80 400
125 261
75 282
262 490
210 443
105 217
201 337
41 277
24 334
306 384
123 427
22 67
415 432
95 191
401 435
76 349
182 336
176 245
341 465
223 389
161 466
84 351
211 368
74 395
465 473
205 466
328 451
335 484
278 445
43 308
120 463
132 296
273 342
388 440
246 256
182 436
119 127
41 82
269 461
245 343
33 113
181 350
3 394
118 346
86 490
138 212
281 486
88 371
280 491
26 370
214 458
4 323
161 429
79 453
427 430
261 458
274 402
276 298
187 318
177 369
218 403
123 248
164 227
240 461
13 256
68 405
116 373
4 119
154 200
134 235
102 426
220 444
137 311
444 467
113 403
130 409
68 407
19 198
227 241
363 365
103 468
286 424
249 363
278 462
188 459
133 278
238 388
350 419
103 350
210 379
48 319
381 412
150 456
45 399
394 433
91 173
31 309
84 398
167 292
288 390
158 188
275 311
192 286
87 99
37 111
27 184
349 363
149 407
58 260
225 447
134 431
50 239
14 268
22 351
186 469
309 404
74 228
236 452
128 201
31 214
29 128
9 288
22 213
65 472
441 482
193 489
63 376
304 482
221 374
74 398
128 286
73 253
20 391
196 480
65 436
147 372
119 248
67 142
14 220
107 270
122 190
402 479
175 448
487 490
59 192
215 392
128 295
138 365
362 407
167 464
308 354
394 481
178 378
142 440
91 257
191 401
44 225
47 333
259 472
5 319
141 278
23 471
33 371
387 466
12 341
213 293
206 390
49 286
303 409
33 168
269 287
447 484
86 295
136 331
126 164
163 289
197 382
21 270
275 335
104 191
10 249
75 122
214 237
167 223
408 440
61 114
319 407
172 472
219 227
329 391
132 387
81 318
205 412
167 346
74 413
159 441
72 216
109 198
47 281
398 463
113 162
66 382
217 371
127 130
25 351
65 79
135 398
56 482
66 233
372 435
225 374
15 408
151 233
18 207
18 447
108 224
258 324
223 357
29 282
178 455
352 409
210 434
17 170
260 478
428 494
96 347
94 356
18 75
304 326
391 480
270 454
212 360
217 278
76 328
69 203
341 359
52 99
182 401
136 389
391 403
150 462
132 459
149 274
42 450
376 411
113 194
78 351
42 488
132 259
340 449
34 461
138 276
235 356
406 469
212 273
325 407
121 239
168 274
325 353
334 419
46 418
226 437
200 240
224 420
239 240
123 296
305 414
211 488
25 160
8 254
98 386
244 362
104 141
456 482
336 413
112 492
219 367
179 200
131 356
28 69
63 476
143 183
44 381
30 461
324 395
86 452
178 273
125 452
290 335
68 76
254 494
96 147
448 475
358 382
272 495
246 272
217 385
456 495
150 254
130 138
139 287
226 327
246 489
153 369
365 456
442 464
161 179
238 304
116 178
19 149
446 481
201 310
72 259
414 488
36 429
33 66
143 255
300 392
77 230
67 396
57 122
27 96
235 404
7 492
208 296
71 181
246 308
17 415
144 384
16 375
83 206
120 131
17 487
225 392
75 435
29 393
180 308
344 402
25 463
146 306
35 439
33 473
177 477
28 335
364 459
394 460
72 152
446 470
21 99
155 316
144 241
180 215
123 232
23 118
132 150
56 272
79 111
330 467
275 421
6 115
337 498
9 109
336 494
323 464
380 400
58 338
448 458
114 156
1 485
409 424
438 464
253 345
127 277
189 332
273 426
225 289
261 333
115 340
113 373
357 434
43 487
353 444
211 220
239 333
241 454
101 289
80 215
33 481
224 444
191 292
73 448
15 246
273 399
35 417
271 301
396 427
123 256
48 55
243 339
22 421
54 290
212 308
17 373
41 410
354 475
152 167
202 263
146 337
221 308
358 471
3 85
333 456
444 460
24 173
100 340
124 249
142 365
308 469
232 482
354 372
315 320
245 401
202 232
213 490
175 223
356 410
172 175
135 365
298 401
32 58
412 466
75 449
474 494
132 449
137 175
424 473
103 268
36 339
287 459
355 413
309 428
228 249
31 373
202 457
16 401
170 337
356 412
29 213
135 299
108 400
95 353
244 460
88 366
110 178
39 384
315 346
291 496
231 274
209 224
29 314
362 429
101 271
63 494
264 275
287 321
111 478
309 430
64 341
94 430
190 289
64 318
141 291
97 391
66 282
143 488
63 199
289 372
179 312
339 342
161 192
14 24
136 247
63 475
125 166
160 222
1 466
79 157
269 290
226 436
85 164
49 487
50 256
108 383
94 445
66 192
35 225
60 229
420 488
271 452
268 496
26 425
258 444
414 426
121 250
139 259
459 476
51 53
372 493
84 183
325 331
80 329
61 221
183 291
164 234
85 446
176 264
200 399
189 346
368 440
68 97
191 311
239 367
290 486
22 472
315 334
112 371
55 247
92 384
43 290
187 269
150 423
94 227
250 450
311 423
133 386
2 190
21 418
275 305
303 341
46 126
119 329
104 358
207 467
119 231
331 489
10 95
388 487
37 224
77 395
341 389
30 238
51 367
19 308
237 394
381 463
109 133
92 148
33 86
263 340
33 239
28 55
285 457
40 177
334 356
65 324
202 398
467 496
144 366
55 124
84 167
170 483
56 390
82 259
252 314
186 357
30 159
289 329
313 494
7 29
124 269
491 493
263 308
14 43
269 345
9 252
216 458
273 347
166 457
19 244
89 469
65 274
359 405
301 486
228 370
52 197
108 231
205 354
6 137
118 173
207 476
80 102
265 493
179 180
431 494
372 497
2 401
293 462
216 406
145 249
278 408
292 441
53 273
407 462
129 201
249 254
57 264
157 222
223 270
90 419
181 396
44 189
176 313
10 45
33 439
35 367
173 275
206 223
66 329
221 436
121 382
350 356
195 435
168 227
154 162
228 439
165 489
69 391
102 141
282 439
83 437
21 391
9 215
80 231
110 192
125 229
373 498
162 279
212 216
66 492
124 492
390 402
134 242
256 407
17 469
340 390
175 487
200 356
258 307
152 211
173 398
137 365
167 487
413 415
180 190
10 93
124 447
194 333
254 446
55 455
2 450
27 372
409 483
137 456
397 412
120 336
59 469
2 424
145 272
168 226
43 64
23 479
389 488
30 188
105 209
129 417
29 165
391 424
119 208
102 290
196 228
264 345
154 381
91 281
86 337
65 462
404 422
88 103
202 456
192 362
10 19
248 426
289 438
321 356
25 37
233 247
228 430
424 482
128 361
48 195
72 425
267 435
72 138
230 253
80 415
37 420
47 189
134 167
107 160
34 93
99 218
31 161
302 465
137 242
76 286
310 469
36 284
7 224
345 442
132 143
395 477
414 475
352 372
232 368
297 405
16 104
43 217
212 461
157 331
430 484
51 222
310 500
195 441
62 181
42 181
185 381
330 498
91 310
399 478
150 283
210 229
73 206
127 312
83 126
286 451
377 441
31 330
307 334
80 358
118 478
276 422
413 500
302 328
313 437
222 343
215 470
267 443
14 256
148 179
6 356
90 137
41 349
263 443
420 441
279 288
423 468
22 105
336 357
177 318
380 497
241 500
88 357
84 444
86 266
84 492
68 289
63 366
53 378
74 141
50 311
180 348
311 408
11 21
138 237
127 253
123 281
301 406
308 440
124 238
266 399
20 332
80 142
2 197
230 377
42 411
404 421
255 264
280 453
194 451
76 363
442 451
67 257
141 416
223 343
31 252
25 199
35 345
171 479
138 437
81 344
332 436
53 354
131 439
199 482
251 293
265 442
4 441
241 355
9 32
309 492
315 366
200 374
32 348
41 360
132 477
93 372
333 342
4 102
65 431
245 402
278 395
403 497
33 301
126 439
236 487
20 114
115 355
43 292
84 226
90 260
126 242
120 192
120 286
154 411
18 487
275 475
169 396
172 206
284 366
112 240
16 196
364 494
347 468
56 71
27 174
69 221
1 116
100 404
16 185
321 461
260 269
451 490
168 463
195 305
35 140
6 374
122 354
57 233
3 287
344 394
81 262
90 101
34 382
286 383
8 29
114 247
21 332
205 431
245 364
285 319
37 131
213 448
155 328
244 412
233 303
165 435
10 185
155 272
353 365
78 202
335 370
143 283
182 295
250 284
33 224
106 265
6 329
63 183
305 343
250 360
307 338
153 302
294 485
42 301
279 444
151 231
48 318
183 186
303 446
60 340
221 407
68 347
409 498
315 484
296 386
5 338
79 201
306 478
10 462
35 278
28 151
79 128
233 429
176 345
240 419
263 408
361 418
18 430
181 442
33 278
28 358
441 454
313 449
118 149
27 400
187 363
372 443
18 181
300 399
26 300
370 371
8 130
397 478
84 128
80 199
33 229
289 317
380 483
151 359
261 405
288 416
126 392
63 293
321 330
102 499
403 468
325 375
315 430
214 399
382 473
98 224
162 214
10 499
223 246
157 233
203 429
294 320
335 416
412 437
205 424
19 77
239 244
110 379
99 124
34 408
16 384
302 441
181 432
125 439
484 491
71 402
221 280
4 433
223 431
112 291
97 123
74 261
13 118
19 408
266 278
141 172
231 281
244 419
158 439
210 391
120 209
95 101
12 484
92 378
228 307
175 459
231 485
393 494
326 500
24 106
64 323
21 281
24 429
178 487
218 376
205 234
67 261
364 453
212 397
42 254
368 383
83 310
61 449
227 317
92 446
212 316
20 285
17 476
366 479
190 212
31 391
26 167
40 227
198 303
119 194
59 457
22 328
331 474
292 410
285 491
323 330
189 227
298 469
25 308
42 211
251 296
141 142
178 433
288 464
416 482
97 286
256 482
180 329
62 430
215 451
47 55
423 444
277 370
70 432
131 342
126 265
248 344
50 86
92 188
31 83
488 498
198 489
310 449
258 428
5 24
242 361
372 374
167 368
332 457
226 273
409 475
295 471
15 472
218 352
52 417
104 369
100 468
253 410
249 291
90 436
347 493
316 416
52 466
308 398
435 479
126 334
112 144
256 318
9 188
166 201
123 401
18 357
49 306
139 317
4 453
33 410
370 448
67 133
85 254
222 421
400 418
28 53
338 391
215 377
233 415
194 355
337 441
202 472
153 251
100 179
4 488
197 490
108 216
308 331
132 288
229 350
180 437
244 346
233 376
169 315
183 195
98 398
485 494
66 257
126 231
293 388
341 416
206 447
192 285
315 440
383 464
214 453
149 380
138 490
84 341
185 190
13 434
97 412
209 287
70 359
21 346
341 413
84 284
428 483
13 84
169 429
43 207
72 132
32 131
331 390
39 120
35 355
87 135
171 433
18 266
125 271
223 247
345 425
154 362
131 310
40 207
179 265
102 153
212 252
45 199
235 319
5 421
275 366
25 363
30 43
196 380
387 460
39 67
178 234
214 481
291 468
31 163
206 309
11 343
74 87
174 218
374 397
416 417
226 392
4 381
219 500
213 241
4 25
74 224
183 313
294 425
384 386
353 463
97 205
60 96
118 226
77 281
118 421
1 459
291 396
63 457
222 261
289 307
150 411
37 311
238 393
146 289
478 491
28 161
131 429
175 340
55 99
41 388
136 321
225 382
157 281
126 332
85 339
306 319
353 457
49 222
63 420
217 499
353 380
13 420
134 328
121 277
146 345
329 477
116 340
47 267
44 318
49 134
263 291
140 449
82 308
19 303
363 483
166 222
98 366
290 316
173 435
317 368
159 317
200 261
36 499
25 397
20 467
182 367
44 330
200 342
209 428
22 471
240 241
80 139
393 423
146 438
1 36
10 145
273 316
155 424
45 71
23 439
339 390
129 457
69 330
19 181
39 171
52 101
327 456
64 466
134 222
6 278
113 273
80 371
77 346
279 488
233 364
188 257
138 381
48 423
288 472
24 287
309 314
82 323
133 412
161 404
97 186
20 190
69 404
180 271
23 495
442 495
31 284
56 187
18 180
238 307
280 482
273 370
387 388
262 353
146 341
132 169
77 436
195 494
5 481
144 146
3 288
96 141
15 55
426 445
432 469
181 434
18 177
212 443
77 380
157 276
304 490
266 479
454 488
281 430
30 195
67 153
55 426
220 459
47 311
45 239
377 431
6 310
44 182
354 488
75 200
347 485
371 449
150 205
280 493
33 260
84 335
273 437
226 235
292 315
138 203
143 325
87 367
171 347
417 493
286 309
29 382
247 291
14 98
98 396
315 327
260 315
5 146
307 398
408 439
246 417
93 346
242 263
8 495
332 423
437 487
38 206
312 481
343 475
305 427
341 464
76 460
3 373
70 431
139 218
89 310
39 206
77 288
114 421
361 456
34 174
117 450
34 307
264 478
108 256
302 492
218 341
130 295
87 118
130 407
236 413
280 340
297 331
222 438
189 286
131 186
54 188
409 434
101 363
365 440
11 268
82 168
80 286
113 185
34 418
146 230
333 460
212 434
75 278
322 366
196 279
32 372
144 153
46 227
105 492
189 415
84 320
14 109
252 311
442 486
47 125
257 334
59 176
157 197
58 341
168 419
40 204
160 283
389 414
58 226
23 46
133 309
272 472
215 232
27 316
192 346
90 218
48 408
232 497
274 308
12 401
152 297
267 371
180 373
179 444
130 427
147 451
91 195
24 58
364 487
66 470
26 28
152 491
136 245
39 276
3 276
94 344
144 248
2 62
406 465
332 460
206 287
332 456
197 346
9 365
162 301
305 442
253 260
70 233
331 373
269 347
325 416
243 262
307 313
61 208
127 160
27 137
275 368
139 256
51 407
236 427
178 239
24 447
66 332
365 392
318 400
42 53
304 309
117 220
25 138
210 278
229 477
102 209
448 453
131 245
37 407
21 442
249 316
35 128
31 228
176 337
16 67
204 403
334 423
340 432
94 405
19 426
10 260
173 413
60 275
111 225
376 444
115 375
196 385
83 441
61 89
162 498
27 424
127 249
183 227
159 176
63 220
79 146
159 365
186 268
20 312
115 235
299 441
76 347
127 251
143 382
153 379
162 385
181 250
176 331
124 167
154 282
106 110
421 498
200 210
255 490
20 483
81 275
182 239
217 267
203 263
233 408
355 433
364 418
94 237
68 401
141 169
195 246
80 274
204 212
230 288
268 417
448 463
139 283
278 319
267 395
349 426
119 413
127 463
266 317
40 338
231 276
87 482
320 332
323 461
93 274
42 200
75 152
205 215
323 431
40 62
77 83
393 394
353 401
72 332
4 34
65 214
158 347
140 149
141 312
242 419
343 401
212 228
179 268
404 445
186 281
208 460
165 344
172 240
155 268
149 427
118 337
174 299
364 465
127 479
170 351
309 483
3 440
206 260
56 132
66 445
216 451
141 189
344 421
337 402
299 379
66 348
272 434
340 412
68 484
283 378
263 445
182 396
80 196
224 285
308 313
291 464
114 355
383 483
205 235
139 247
44 101
118 302
2 355
360 416
149 453
229 337
148 162
115 461
452 463
113 375
262 337
217 459
77 371
282 455
18 24
46 336
231 387
73 204
255 321
169 206
74 298
277 409
471 495
301 464
411 435
252 336
290 411
85 477
147 327
59 87
68 103
128 221
92 120
236 317
332 421
15 94
206 283
364 455
258 315
207 375
43 377
368 384
109 286
228 483
13 195
129 406
19 477
206 475
23 203
93 278
182 249
132 272
153 161
379 421
295 495
71 102
133 279
296 324
35 216
79 412
198 220
86 494
383 442
287 473
437 464
390 416
471 472
265 423
352 410
253 405
196 488
336 377
235 264
235 444
47 200
91 370
214 488
120 432
218 465
122 360
328 382
112 439
100 326
100 209
197 326
177 198
66 271
101 280
16 445
164 281
272 436
102 214
197 299
136 356
290 307
100 343
89 209
56 414
23 335
175 242
92 424
219 378
243 347
374 475
26 389
16 89
257 348
247 417
363 386
168 210
144 302
255 319
342 355
241 400
229 281
68 319
430 489
178 277
8 181
392 404
366 491
139 229
32 409
32 470
138 268
372 495
52 245
43 61
56 88
95 422
99 147
146 442
58 473
322 456
216 334
174 431
18 419
66 323
236 339
2 37
243 462
383 449
76 309
88 479
35 197
14 208
101 180
82 432
111 341
42 154
141 144
183 212
77 418
71 262
131 134
31 303
123 313
29 429
145 412
26 184
325 493
181 469
166 378
437 439
21 489
71 282
83 299
64 396
134 410
185 490
117 219
285 433
111 137
128 131
241 469
87 407
49 328
425 460
30 210
248 476
445 476
159 171
173 484
32 163
228 364
283 438
157 413
5 269
302 391
426 433
220 297
225 432
235 315
404 491
169 349
34 288
73 208
219 469
238 277
117 167
234 460
81 354
147 299
92 140
208 397
7 265
92 199
248 448
206 469
222 479
128 277
252 335
10 169
33 336
251 362
91 105
15 217
443 457
277 339
125 415
149 292
333 467
63 334
179 347
243 473
194 468
308 417
197 203
291 450
380 387
75 262
335 487
195 212
310 431
86 348
179 340
66 404
223 278
83 364
150 325
284 344
335 389
246 253
302 500
150 369
259 480
279 336
81 350
77 390
286 398
29 134
61 320
236 407
124 422
150 393
190 247
182 185
190 368
103 368
256 369
235 322
26 59
125 413
303 444
268 448
248 411
144 262
16 480
277 383
314 335
83 365
53 279
118 318
250 418
193 312
245 284
141 414
74 218
56 153
3 492
243 428
262 407
324 407
45 396
25 296
9 426
263 421
70 248
297 359
35 462
94 97
215 222
185 481
152 351
185 299
45 105
16 129
377 442
428 444
33 262
44 177
23 130
250 417
28 389
14 227
251 410
146 220
212 310
254 376
28 49
28 307
295 318
62 399
166 319
181 428
106 401
205 461
99 295
129 361
53 420
220 419
146 319
297 377
292 416
283 315
212 319
236 355
326 466
113 340
32 464
4 42
106 498
167 449
288 298
128 175
136 315
189 194
228 482
266 489
153 217
212 477
28 336
213 294
214 295
111 362
382 419
412 450
208 492
208 329
356 394
253 329
17 425
12 307
140 283
255 419
62 90
272 311
27 338
147 254
69 158
99 485
336 416
14 386
124 261
41 81
211 337
422 489
214 470
336 340
130 179
415 448
65 454
23 256
109 285
240 268
368 455
95 484
102 325
162 272
46 291
169 270
262 376
85 444
167 495
234 289
58 108
181 211
144 216
209 322
3 11
38 153
224 474
97 466
346 354
32 382
138 228
117 369
171 418
10 325
32 481
1 347
249 300
147 196
293 466
215 312
9 250
16 395
244 379
304 338
350 433
122 358
215 483
194 310
26 98
305 419
329 481
408 435
135 412
259 488
32 331
66 246
438 483
106 434
47 363
201 397
254 309
304 382
161 311
85 408
97 225
284 299
179 322
309 455
406 429
391 463
376 449
119 282
211 336
35 447
115 247
310 403
411 474
71 159
151 300
125 389
81 182
249 264
221 305
147 331
23 233
87 484
91 198
5 368
128 487
398 449
198 377
118 144
170 493
301 471
181 402
353 419
383 387
125 473
129 427
277 479
332 338
16 235
96 351
2 186
267 410
137 159
45 351
132 294
340 408
220 393
16 496
36 271
72 432
217 487
109 472
39 173
168 349
326 333
42 294
43 88
101 153
82 189
248 467
98 156
94 287
46 109
65 446
201 495
161 268
367 465
8 418
52 389
465 496
72 196
452 476
134 374
341 342
1 220
213 476
117 368
371 384
24 172
32 73
50 200
259 404
373 485
5 253
77 469
440 471
221 322
168 427
188 204
310 334
236 359
59 486
199 392
175 434
163 481
144 251
36 462
428 468
101 258
162 437
200 267
330 408
103 364
7 239
81 402
95 305
7 177
311 356
49 94
61 182
322 420
148 497
220 305
3 236
170 261
98 211
112 162
377 459
172 177
18 98
41 441
114 242
178 397
152 334
267 355
121 466
293 372
48 286
299 477
36 297
217 356
139 270
29 216
378 487
393 467
359 491
153 231
145 350
126 465
137 177
19 373
319 424
169 442
215 262
294 338
289 494
434 491
33 347
361 498
20 249
1 344
176 226
33 415
267 473
361 440
60 247
61 477
2 67
174 283
229 359
187 316
354 466
172 438
50 456
213 283
122 494
100 484
65 336
117 137
107 348
134 466
163 200
278 299
34 310
271 423
263 341
189 444
168 199
71 283
491 494
233 358
79 251
297 479
144 247
40 470
161 302
169 323
265 459
45 410
133 316
250 482
62 464
64 421
40 80
251 298
145 149
289 346
232 261
236 500
401 464
161 440
13 207
141 364
258 295
12 111
36 377
153 260
214 450
87 165
168 483
376 479
353 485
286 413
65 215
78 97
52 154
57 105
420 438
6 434
52 388
17 430
31 48
273 306
287 300
289 366
136 405
463 471
126 204
423 448
293 330
48 258
13 250
86 269
98 195
110 171
346 500
118 135
19 91
210 433
17 417
125 196
178 179
165 398
89 339
103 224
357 371
300 332
367 393
67 487
230 393
176 214
160 468
82 113
44 341
84 136
132 441
118 482
361 368
91 481
84 234
119 234
35 259
35 102
136 454
366 379
213 249
85 100
207 484
84 97
240 290
29 427
71 111
427 437
114 260
357 478
344 447
35 425
170 341
175 429
46 244
83 315
293 439
193 430
30 133
62 149
94 485
48 378
299 414
27 436
9 52
97 367
130 383
163 385
95 131
118 264
103 173
371 386
314 485
138 316
38 357
148 459
144 258
21 455
120 257
117 240
187 201
102 322
5 263
255 433
217 462
179 440
296 361
46 247
109 202
156 171
141 360
449 450
76 446
20 395
258 302
176 493
209 460
96 207
135 335
98 135
403 426
21 449
142 198
109 473
11 187
197 336
105 313
110 197
26 151
17 280
140 143
390 431
182 379
55 309
239 471
220 235
236 458
217 245
291 378
43 204
95 400
369 469
64 408
59 113
120 319
278 474
298 394
94 493
86 291
16 495
352 369
190 281
150 265
8 412
175 280
270 490
167 303
288 476
45 451
467 473
132 391
189 317
296 405
202 272
127 482
270 351
191 352
340 363
26 251
162 472
435 456
275 476
11 93
333 407
46 356
91 272
121 331
21 384
289 447
255 402
309 345
81 249
167 219
55 195
189 280
29 204
139 372
35 127
265 343
415 461
55 199
335 464
312 485
193 474
4 183
92 218
277 366
17 454
61 389
84 218
55 209
209 448
332 486
66 499
74 286
299 421
176 456
32 489
13 157
83 168
155 385
147 381
20 471
244 315
27 275
19 453
26 183
434 451
120 225
145 402
263 313
465 472
29 488
347 400
246 454
82 289
94 147
302 456
250 265
244 421
230 360
49 338
328 386
184 274
82 123
264 442
221 441
20 43
171 359
325 436
67 107
72 153
35 379
25 221
250 424
73 421
186 365
60 448
167 344
288 382
7 114
73 466
81 125
74 369
102 397
276 356
61 109
43 317
42 124
139 374
84 474
161 448
55 461
148 397
270 425
129 218
35 285
282 352
87 303
259 445
204 462
141 465
59 376
19 291
26 317
6 200
50 453
129 154
24 457
368 459
105 142
306 377
245 329
79 312
347 368
116 265
45 265
161 204
209 289
101 164
135 225
61 62
157 335
331 456
199 220
53 159
130 198
296 315
125 377
150 235
129 268
160 403
190 268
163 305
110 461
182 456
50 265
85 374
15 390
434 443
35 264
168 420
139 309
225 379
141 411
284 445
33 267
163 439
61 481
76 100
366 391
270 493
233 474
423 437
203 434
218 220
39 326
276 474
25 473
156 168
208 471
327 428
18 178
392 493
199 253
89 166
208 284
120 351
26 140
345 500
127 378
373 499
34 203
32 311
81 192
307 456
227 381
135 229
98 416
28 310
200 489
44 242
289 318
184 356
95 289
181 190
42 305
115 481
168 298
287 479
296 467
397 460
106 266
188 330
203 474
167 393
34 396
167 177
151 459
10 472
166 374
162 276
66 198
136 368
273 432
132 182
172 321
89 252
230 411
207 398
268 388
36 407
69 286
376 398
186 359
61 456
93 248
323 468
184 414
16 28
104 275
21 324
225 390
1 48
151 472
410 458
209 498
58 87
45 63
423 454
13 351
221 443
315 479
154 371
46 419
18 42
365 447
93 105
21 412
95 286
318 344
158 180
155 262
88 380
161 414
181 196
101 410
73 200
91 347
258 321
257 291
154 331
213 377
452 470
35 275
198 376
206 387
5 70
187 336
316 339
68 425
84 272
203 311
60 385
241 297
145 476
387 464
302 458
341 364
389 405
88 397
204 213
281 479
381 433
414 497
406 490
165 193
376 493
110 469
245 421
126 407
407 480
124 434
109 140
269 346
314 481
201 316
157 211
323 353
381 448
112 378
91 204
298 424
268 418
30 180
231 311
201 308
83 129
207 274
285 450
186 273
331 342
199 466
61 423
111 128
53 112
216 499
160 271
83 496
425 439
201 277
67 215
152 498
81 150
57 465
104 210
209 254
4 148
326 389
337 440
14 189
100 412
96 127
194 257
158 397
397 409
225 344
23 358
146 453
114 259
193 277
81 123
407 427
53 365
113 334
134 261
46 156
176 442
51 308
273 481
150 465
387 471
18 235
246 466
99 482
251 273
252 337
180 493
196 354
43 384
157 315
238 262
2 267
1 76
35 392
352 452
143 454
65 474
339 350
207 266
29 179
282 286
143 272
206 236
176 382
199 473
17 292
334 452
321 493
471 490
167 246
40 65
37 276
97 386
290 292
186 226
195 482
7 176
206 482
51 189
66 413
90 300
72 384
331 391
285 297
29 249
204 256
400 425
74 440
331 393
198 447
64 194
227 245
78 441
312 488
69 382
17 196
27 75
189 465
134 150
30 369
31 206
240 323
53 174
70 190
24 441
203 452
52 146
427 432
342 495
224 427
468 482
16 200
71 393
204 363
8 432
205 478
137 443
212 493
412 453
50 165
83 446
2 274
198 337
35 69
56 79
227 457
108 316
354 389
397 459
97 216
458 464
135 342
106 393
80 89
187 194
372 439
175 450
237 424
85 403
126 245
86 229
47 293
104 107
111 177
7 439
80 395
47 54
406 476
135 500
383 455
153 257
232 412
205 490
196 271
23 283
72 333
215 234
155 320
186 287
219 453
412 415
38 192
59 438
43 449
203 468
213 383
83 405
247 396
161 349
36 483
38 340
179 274
14 408
226 322
34 35
323 460
60 290
136 376
208 312
143 302
172 359
41 179
333 465
32 249
269 429
229 375
143 373
16 184
324 383
326 460
135 449
223 404
292 330
89 244
66 456
255 330
321 407
21 404
157 425
33 322
38 335
118 160
106 144
148 211
27 438
83 85
231 474
123 322
198 203
98 347
16 424
27 81
102 286
254 325
24 321
434 496
157 235
390 413
158 278
343 398
191 331
348 424
146 149
145 203
89 284
86 107
40 402
380 388
74 450
210 287
232 310
138 353
76 129
6 357
15 213
173 473
405 409
130 165
18 392
63 429
80 323
145 431
277 318
22 163
15 163
446 486
197 275
107 496
331 480
117 244
294 360
269 313
282 332
229 279
417 484
94 157
91 336
32 385
50 326
254 426
44 164
18 324
43 248
14 56
183 295
97 222
120 231
7 307
340 481
330 397
145 432
61 209
180 205
134 226
40 229
211 250
53 126
174 338
304 406
120 474
89 179
202 233
26 173
431 452
41 338
308 403
37 433
339 394
168 485
206 421
2 346
322 442
130 480
61 73
256 454
285 377
87 156
87 275
45 70
171 465
322 409
106 500
2 178
149 390
301 363
104 174
119 327
255 447
4 97
124 180
282 403
210 339
241 339
453 489
28 454
310 328
92 336
108 430
20 456
218 284
301 400
117 341
48 97
9 224
300 498
140 483
128 350
118 154
122 266
163 491
188 368
34 251
2 89
54 303
324 470
72 331
80 343
154 194
27 483
116 205
160 242
332 420
365 367
41 473
197 224
108 443
72 217
210 357
416 470
131 183
269 436
32 156
285 358
292 454
106 213
305 311
76 438
205 266
52 168
328 383
318 351
469 492
126 425
353 490
30 298
12 27
53 396
96 196
104 124
59 60
164 190
28 100
14 299
87 227
15 407
103 105
358 459
312 403
242 457
163 253
186 329
177 380
163 274
161 360
180 302
58 364
269 356
276 446
161 225
246 361
217 377
126 416
69 400
310 389
234 355
52 238
20 274
129 379
204 496
127 194
368 448
72 94
200 492
122 252
36 74
89 440
451 486
238 371
263 381
259 335
59 420
215 408
108 290
189 450
63 157
177 359
91 203
310 363
63 472
363 500
141 442
48 131
73 157
56 441
135 423
246 450
138 463
73 135
76 146
294 469
258 447
238 478
149 287
113 294
83 492
133 136
345 496
303 423
109 197
124 377
327 498
130 471
206 311
154 180
431 442
135 364
44 212
231 487
441 492
207 393
7 254
104 187
188 417
199 435
367 478
115 487
43 471
158 268
188 335
215 431
222 452
13 119
33 467
84 497
275 331
424 437
86 128
27 182
103 411
227 454
30 83
348 442
238 254
166 277
109 344
109 437
182 313
196 288
332 341
152 357
128 370
171 358
289 320
347 349
275 409
87 433
217 424
210 402
395 442
11 132
321 362
251 361
152 213
390 444
30 97
124 329
43 250
216 301
160 230
142 360
26 85
121 191
31 89
49 111
215 367
318 473
142 382
179 464
81 464
271 274
101 167
374 441
99 458
133 238
269 430
11 214
440 450
7 334
336 400
130 240
262 438
122 477
1 294
144 400
152 462
301 449
287 396
30 294
16 327
108 467
127 407
180 395
185 357
436 442
174 500
140 169
398 446
188 213
184 215
25 109
148 451
101 134
298 366
272 302
414 423
30 289
375 468
70 293
105 241
263 377
191 253
142 275
229 348
304 387
5 177
364 475
265 319
87 410
153 496
69 451
180 198
365 382
111 284
36 290
274 435
106 458
284 447
53 425
71 127
47 253
451 487
255 288
219 220
363 458
159 298
439 500
119 295
117 255
114 208
265 405
51 398
460 467
3 170
293 407
262 277
150 169
468 500
270 451
350 446
38 159
122 348
152 356
85 466
293 485
114 218
149 166
217 343
231 286
79 343
271 300
44 275
63 219
248 457
116 192
143 169
283 496
155 491
77 387
23 187
200 344
182 197
223 474
178 197
61 71
283 324
354 453
239 432
159 231
53 285
165 326
289 380
183 406
285 471
18 276
77 298
282 315
55 381
358 359
270 440
119 461
8 340
319 378
291 428
244 300
93 118
386 397
177 394
114 360
146 330
186 320
271 440
90 307
171 443
62 111
322 466
91 313
334 336
107 442
223 365
41 471
23 68
328 384
342 412
340 490
224 267
30 267
417 442
251 368
109 183
140 339
116 226
98 243
150 198
345 387
12 375
450 473
108 386
56 294
69 97
10 127
46 83
17 277
21 461
161 478
389 455
307 423
46 255
19 139
61 239
118 230
243 330
234 426
255 346
72 142
351 416
110 289
342 481
158 376
246 341
324 327
84 467
318 325
226 258
61 434
307 479
11 51
104 248
433 469
191 466
81 353
39 258
181 386
375 381
63 482
82 211
318 488
280 479
68 75
270 296
252 408
97 271
39 134
124 148
71 234
213 316
170 226
304 485
73 136
179 461
483 494
170 225
227 396
14 42
482 495
151 157
194 424
304 380
230 410
265 280
197 367
310 361
45 305
260 270
112 332
84 411
158 302
152 319
99 280
221 429
99 158
200 232
260 399
332 366
131 390
444 449
231 317
120 133
149 191
140 496
50 118
64 84
171 477
71 479
58 429
162 302
403 455
80 234
6 64
430 496
310 357
405 473
110 148
200 364
337 500
318 396
47 65
38 255
196 486
128 294
55 369
237 320
72 84
110 494
154 283
99 459
294 487
79 373
313 477
16 106
147 284
106 309
241 494
355 493
153 347
337 479
115 161
18 147
101 260
100 486
38 123
163 441
112 419
8 474
139 199
2 164
53 142
22 85
371 441
8 420
1 95
285 321
306 379
209 302
96 391
267 389
226 280
79 399
56 118
218 288
115 409
86 191
233 378
224 419
258 440
405 427
24 261
255 271
240 396
190 201
145 479
290 379
101 414
408 465
191 497
173 400
114 174
311 493
143 433
355 415
97 459
56 359
99 157
194 307
223 446
424 464
45 252
131 431
464 478
411 492
140 426
345 375
349 471
21 402
87 425
33 197
370 394
246 345
106 285
171 248
445 469
352 482
94 432
283 336
78 159
288 445
385 465
226 362
29 64
163 432
256 295
63 161
123 422
44 215
18 35
33 450
291 433
54 173
270 361
209 309
19 441
85 409
167 392
401 475
37 206
433 498
345 490
317 366
104 153
142 417
115 276
43 500
202 378
12 30
2 13
286 329
147 234
170 324
128 230
317 320
219 251
280 411
132 448
117 225
71 399
414 491
34 490
207 262
48 284
70 266
77 138
295 382
213 466
150 285
246 370
292 333
61 476
65 140
151 490
6 320
52 77
190 303
408 444
382 458
261 271
47 99
68 77
260 379
319 431
79 258
162 246
196 231
55 409
187 385
337 361
120 268
26 363
2 27
84 123
176 470
369 390
156 379
58 96
120 250
244 373
274 407
29 95
310 315
136 433
73 451
22 319
139 467
411 498
154 409
23 476
166 489
77 195
153 272
326 407
271 479
91 177
345 401
317 448
390 476
241 279
215 462
57 203
146 292
127 138
156 297
21 176
40 362
14 136
8 373
287 487
30 398
119 218
23 42
76 275
203 421
171 486
203 285
208 470
110 498
25 126
11 484
53 299
188 396
130 261
158 423
198 281
425 479
73 159
91 249
259 424
72 404
172 469
110 324
106 125
182 446
350 384
68 255
372 383
80 331
171 215
115 288
10 446
479 491
50 246
97 387
127 337
303 372
26 178
332 374
187 284
165 296
270 436
286 408
197 325
182 190
175 309
73 250
45 223
171 372
284 494
226 312
25 192
187 245
30 392
116 358
141 276
7 328
145 262
60 463
205 326
95 260
319 410
119 391
190 381
305 382
26 106
243 353
48 153
68 90
53 180
231 480
205 268
5 135
40 141
109 168
204 481
58 123
206 298
205 395
18 411
24 103
25 270
2 6
196 372
80 420
275 446
53 68
141 205
4 337
29 490
308 318
208 384
243 360
94 446
158 474
169 254
4 108
16 189
119 371
350 457
219 343
39 253
215 403
63 322
205 452
243 325
45 437
326 496
7 37
15 35
69 303
109 367
200 449
134 296
350 411
22 198
355 447
128 456
31 471
10 108
127 201
213 423
74 139
117 231
100 416
92 283
352 479
123 274
361 370
6 442
213 380
160 263
188 382
221 415
365 376
282 327
161 224
9 315
70 257
14 32
387 470
77 315
216 249
341 421
89 197
68 477
298 325
68 179
217 264
113 236
115 310
56 63
44 144
11 204
112 129
229 304
65 116
105 191
126 177
132 163
57 300
87 91
172 266
333 462
160 227
169 182
211 275
373 406
290 437
197 239
291 432
67 249
45 116
149 488
275 428
113 218
463 496
380 396
125 496
407 439
12 356
270 450
344 486
73 342
191 449
87 330
26 442
100 121
5 191
226 253
11 217
272 420
309 310
80 423
295 451
437 453
350 373
208 317
66 207
166 227
147 328
58 285
149 237
36 322
318 335
227 280
303 377
341 406
404 414
114 160
239 439
60 243
96 365
9 485
117 254
232 444
136 236
429 476
124 205
69 285
118 228
58 137
49 302
342 348
131 425
143 288
119 154
167 279
110 257
49 334
178 461
286 319
88 271
149 154
231 445
56 68
432 450
368 463
145 466
373 379
117 350
61 486
4 325
294 413
65 278
8 277
352 425
114 396
169 187
5 459
450 480
307 475
134 341
53 284
33 284
262 471
388 396
157 479
99 322
235 326
330 367
86 375
140 492
155 246
167 463
96 490
153 265
59 321
93 117
118 138
82 335
181 281
97 356
99 389
83 413
280 449
167 215
375 428
336 443
195 445
124 129
355 470
185 446
144 361
116 259
257 390
177 328
271 403
140 357
438 495
84 382
105 477
37 239
144 391
14 496
122 164
202 461
201 360
220 263
399 473
285 406
139 187
204 228
94 397
462 485
92 149
257 391
38 443
182 353
143 191
149 269
346 494
213 278
382 441
264 412
9 193
43 171
20 95
306 418
181 387
96 341
409 449
157 381
230 404
455 488
243 256
61 218
120 373
202 224
155 249
335 394
12 90
10 92
112 193
275 429
149 379
104 236
71 157
423 465
43 349
11 428
200 403
63 77
172 490
18 304
58 413
69 85
153 461
273 435
221 487
157 256
231 244
387 410
291 300
25 178
33 310
142 498
177 411
45 371
28 405
420 476
397 442
32 59
277 342
335 424
182 199
191 269
84 196
79 388
44 63
149 452
360 463
250 445
262 351
84 450
158 276
391 464
77 198
59 500
217 472
356 490
332 390
61 88
144 229
165 441
139 165
25 362
103 267
163 288
452 500
178 251
192 461
244 284
155 228
227 284
213 402
170 500
21 165
46 292
220 331
354 485
84 144
13 247
312 359
439 493
22 111
43 334
15 170
154 401
86 362
210 244
156 217
356 457
118 406
196 197
20 141
153 273
14 493
342 482
43 199
14 342
201 442
226 496
87 221
301 481
104 349
387 467
136 243
39 465
183 312
206 233
68 144
267 401
284 338
291 338
60 86
152 185
1 409
195 348
320 443
195 484
180 307
103 287
75 386
275 361
367 377
80 207
170 287
129 178
398 425
360 492
402 426
50 330
28 35
58 76
104 499
246 326
109 440
278 448
362 392
71 208
90 134
146 317
143 374
1 255
400 481
94 270
30 405
23 383
263 492
35 135
52 199
159 491
211 455
26 472
57 79
334 345
73 440
259 392
126 221
345 396
252 302
41 153
276 295
323 473
59 354
91 106
112 207
381 429
258 450
187 431
157 432
76 441
174 416
113 359
263 282
455 468
109 226
179 434
116 187
161 397
294 295
214 281
216 466
155 406
187 232
65 102
109 237
170 343
224 257
233 431
299 432
172 318
162 360
310 407
28 212
90 288
23 254
60 156
12 79
148 436
425 427
101 294
41 353
229 391
39 463
8 309
113 378
233 253
302 323
415 466
193 454
34 75
323 420
103 343
83 339
188 331
15 310
79 85
155 241
38 248
50 312
185 221
70 291
146 212
66 353
102 390
443 459
203 431
204 302
70 209
25 325
228 375
135 357
77 233
116 293
72 272
7 12
228 453
57 435
129 304
76 222
25 55
151 256
216 312
184 227
152 413
345 460
16 244
271 487
131 218
7 318
388 453
258 434
14 417
81 82
215 344
136 204
44 191
20 71
263 298
9 449
89 434
37 470
418 439
262 404
53 144
22 306
40 257
206 405
340 451
323 475
39 229
52 225
80 298
252 486
235 446
203 357
284 491
77 401
154 387
133 338
94 441
74 500
295 425
77 411
119 412
75 168
225 318
1 281
154 312
467 477
30 242
254 276
474 498
115 492
182 467
363 470
261 454
350 460
144 435
252 488
264 453
63 111
184 269
207 410
189 283
58 279
83 267
133 149
100 462
240 433
193 350
297 398
323 387
152 207
183 274
118 334
128 168
123 395
89 388
206 230
114 245
224 367
31 466
69 365
45 325
435 467
197 461
291 315
90 289
436 482
80 206
160 424
209 330
30 56
286 346
391 446
13 108
32 374
241 335
190 467
304 414
11 191
76 172
46 303
342 400
60 184
348 491
53 404
70 349
45 376
319 494
157 355
124 392
113 469
152 325
234 267
41 170
450 485
82 142
46 282
450 477
77 313
125 286
246 487
6 235
126 376
270 279
358 470
375 479
37 414
337 468
137 314
394 456
178 209
109 418
273 315
70 150
104 485
219 254
290 378
60 344
219 226
64 376
104 493
380 473
127 276
295 376
128 231
32 340
83 185
299 318
328 402
58 471
200 215
77 132
334 478
195 375
141 343
269 451
51 190
185 269
18 455
161 481
28 143
224 326
42 244
182 438
431 444
41 109
368 457
102 297
150 327
164 238
133 263
116 141
9 38
64 239
392 484
354 452
263 459
156 467
137 494
288 366
89 385
100 268
405 481
75 90
38 178
197 363
297 466
218 242
373 383
343 471
110 398
30 401
110 363
301 367
229 365
354 493
49 249
264 432
123 140
33 466
376 413
156 312
72 325
125 156
142 155
218 373
117 248
249 433
78 422
425 476
214 325
348 498
84 163
428 434
192 198
88 234
227 281
234 238
211 500
53 473
92 187
270 278
56 189
334 349
15 267
93 143
47 249
368 451
137 293
81 90
63 461
59 144
48 315
15 336
20 166
269 380
96 164
243 284
453 464
229 238
417 418
30 284
367 403
66 452
232 272
332 389
310 473
199 352
112 384
370 422
161 257
326 404
296 475
121 179
148 394
341 489
95 100
169 460
3 295
130 428
4 384
214 420
331 394
166 279
333 471
211 466
189 343
251 338
166 297
95 430
2 269
209 495
236 263
140 235
166 167
47 296
262 348
47 294
376 397
458 485
95 152
35 351
335 442
249 350
81 485
208 494
336 457
166 257
104 280
199 303
262 401
470 476
310 470
191 397
361 474
271 341
21 43
172 230
23 497
355 428
7 199
34 458
104 118
319 440
108 293
30 190
159 239
10 120
149 184
15 91
452 485
188 426
124 405
97 238
71 455
418 473
207 461
160 336
169 261
315 492
230 279
122 357
103 369
165 178
191 256
29 385
272 353
465 481
41 48
339 429
13 332
79 98
154 384
296 302
192 307
75 251
203 427
486 493
97 316
31 250
312 370
101 415
231 389
105 289
286 489
26 357
51 110
96 203
269 446
234 425
198 248
63 375
420 457
204 239
52 332
220 485
47 126
129 402
123 406
22 51
257 490
120 180
36 164
388 393
67 380
221 246
11 16
22 356
263 474
416 467
147 181
198 493
292 428
264 416
77 295
369 449
71 275
67 171
282 468
81 332
52 479
267 486
233 447
29 39
19 354
443 479
78 92
287 458
311 420
389 445
398 458
87 230
211 223
67 435
174 333
105 281
44 290
220 469
29 256
241 352
34 180
181 255
237 378
401 439
248 337
463 476
308 471
13 273
84 182
23 93
238 431
255 399
35 94
110 240
96 229
281 287
313 405
182 476
27 299
18 169
436 466
48 109
426 451
368 391
61 342
7 92
166 395
328 342
115 470
310 319
164 271
44 133
301 420
62 438
87 169
261 455
179 283
18 158
57 406
421 490
26 144
181 498
382 476
243 362
165 433
221 226
313 364
47 292
35 398
325 441
231 328
257 481
202 267
382 444
81 105
200 224
284 398
341 480
85 350
353 450
42 88
3 390
110 244
396 443
171 342
116 315
10 306
59 222
388 456
316 420
162 217
182 448
198 342
71 87
71 74
105 200
309 379
112 201
56 481
224 357
90 131
61 81
24 417
44 252
122 411
311 372
109 396
139 298
139 481
225 426
73 412
129 352
185 351
112 123
132 252
159 442
51 82
25 173
119 358
303 370
9 30
54 375
37 48
112 347
369 471
396 452
286 416
99 166
275 500
158 452
85 381
474 475
19 248
92 139
46 243
276 421
299 433
312 413
49 466
207 441
397 484
31 60
173 376
159 214
86 436
80 468
57 315
60 183
179 494
173 310
192 328
359 426
10 364
23 172
90 187
39 406
9 77
68 306
295 476
330 343
85 96
37 102
67 321
143 149
155 233
444 466
247 277
38 293
14 362
358 381
428 495
5 67
174 214
206 439
244 413
34 254
108 368
37 183
384 492
299 398
178 451
224 322
213 304
337 383
83 132
42 170
168 174
30 70
163 362
372 381
369 479
119 311
88 409
241 395
261 365
148 310
209 223
253 467
76 294
66 219
174 466
296 353
255 359
363 425
36 286
114 134
125 372
4 434
238 374
54 67
323 361
123 292
56 323
413 492
129 202
50 385
25 410
100 328
433 462
12 435
277 424
305 477
344 403
157 422
164 473
164 344
97 159
5 241
49 142
236 428
430 465
192 280
1 374
10 346
249 359
82 473
46 96
347 488
421 460
292 348
66 158
33 102
28 220
67 398
157 382
234 418
35 412
40 123
113 330
272 273
205 298
43 321
357 396
260 368
2 46
29 181
37 79
360 418
95 285
37 269
132 138
281 386
11 235
166 247
10 110
77 353
235 461
127 140
123 124
362 377
305 307
219 260
240 260
232 475
365 419
103 406
367 445
56 240
107 369
102 314
329 453
57 297
288 405
186 248
301 457
273 307
20 90
73 207
108 175
28 245
75 155
264 352
10 286
426 457
126 381
20 131
350 426
7 18
362 472
15 139
37 89
93 301
328 334
74 427
232 457
209 440
96 386
19 269
28 453
228 473
404 427
159 398
84 358
245 489
206 395
155 399
307 344
208 497
161 369
218 330
134 444
105 385
109 358
19 206
56 464
332 343
279 421
395 411
166 253
244 469
415 451
239 317
352 483
359 381
128 206
157 464
200 303
9 19
13 18
6 204
231 292
161 258
281 466
67 377
75 222
263 405
30 488
47 486
317 353
208 424
10 330
245 304
172 366
280 436
306 451
49 439
105 461
343 347
23 154
62 269
186 299
29 159
380 428
1 4
413 427
174 226
190 355
45 424
270 437
236 497
28 77
260 303
295 408
131 152
440 467
136 386
22 380
62 103
68 399
30 132
389 438
243 290
55 132
18 37
149 444
240 351
329 444
65 458
58 448
136 250
11 12
118 270
8 86
186 375
117 471
403 419
78 218
281 393
35 37
409 445
238 448
63 195
254 289
81 466
90 209
24 207
72 209
58 377
84 390
44 470
86 206
96 101
59 398
168 393
35 208
120 305
93 103
123 245
135 472
6 431
182 414
66 318
137 254
79 104
254 413
15 235
318 394
43 436
191 374
133 471
154 412
121 133
81 278
119 421
313 478
30 499
354 366
326 361
216 298
39 461
342 430
159 379
224 365
16 68
170 268
227 318
117 412
72 294
372 436
383 398
27 440
402 428
42 472
81 112
65 100
240 322
79 336
234 369
59 423
267 491
222 474
23 412
90 167
197 347
15 299
201 261
68 317
405 439
294 481
337 355
137 485
151 286
71 435
259 267
43 189
242 479
26 362
138 297
171 308
212 229
208 270
152 412
293 369
199 260
152 302
38 401
366 415
163 286
181 333
102 182
11 467
7 369
381 478
48 160
194 240
97 458
135 494
69 386
106 396
61 111
6 130
37 321
296 329
280 301
333 345
261 296
90 482
24 296
67 391
378 478
101 448
15 341
72 202
62 319
310 472
24 213
138 292
44 148
18 385
4 280
306 420
132 279
2 419
116 255
297 315
18 244
145 357
218 428
110 196
187 305
58 223
75 368
196 374
243 280
15 238
226 456
46 436
215 430
35 331
309 445
150 237
61 363
268 376
125 308
461 463
95 346
57 178
134 468
139 248
80 164
218 329
106 408
431 459
102 152
214 285
90 237
264 312
183 276
197 401
22 120
215 496
96 215
7 22
55 310
374 485
112 484
133 282
77 201
106 115
92 118
223 430
98 257
63 260
112 490
55 419
114 283
100 103
245 316
138 480
252 425
44 260
45 401
269 291
93 378
127 474
129 363
291 397
283 428
67 353
135 140
109 416
124 198
86 421
258 319
411 417
56 94
83 351
172 227
234 246
100 111
35 339
97 314
35 71
230 293
294 483
217 279
229 490
24 118
186 430
382 449
52 485
173 177
119 280
52 491
61 127
258 399
25 188
112 391
131 324
149 431
30 384
105 323
204 362
150 260
268 371
336 470
75 240
287 452
106 398
92 425
103 402
227 296
115 317
29 260
58 188
166 224
375 390
13 443
117 479
82 395
446 488
371 462
109 377
360 419
311 425
74 223
121 313
181 187
219 444
245 328
48 199
150 349
119 237
207 242
188 404
168 441
167 475
66 240
59 206
271 425
152 500
96 470
1 270
261 479
151 243
23 338
205 484
72 160
42 328
223 379
378 477
322 418
161 210
18 111
259 388
393 421
29 330
27 57
2 297
122 183
217 451
78 121
70 87
67 392
185 313
246 255
277 365
9 257
202 349
93 481
148 337
238 364
154 191
65 240
59 272
64 187
170 426
196 268
64 381
69 408
79 275
186 438
286 387
26 103
326 343
103 447
55 496
105 112
181 426
202 370
62 361
78 163
236 313
69 238
399 411
39 391
209 270
282 302
10 361
146 282
115 236
470 500
231 234
166 443
169 382
254 416
6 31
56 90
317 494
38 189
203 480
39 241
184 268
86 349
166 434
153 322
103 413
135 457
252 256
291 371
266 293
75 163
152 256
122 296
1 20
168 459
14 152
106 132
224 236
97 172
398 435
114 411
56 217
143 342
310 398
1 479
5 268
123 410
38 116
123 285
123 329
162 250
292 334
204 436
48 223
74 392
89 480
401 411
147 477
21 162
265 458
221 469
357 412
136 349
203 449
80 101
147 369
28 180
35 103
25 340
197 332
84 271
78 221
278 334
443 470
109 159
120 362
331 490
133 232
305 332
210 301
27 114
48 288
103 155
235 440
435 492
220 266
10 33
146 313
19 200
386 458
89 144
19 458
68 204
187 310
385 472
86 492
289 368
102 123
374 474
116 454
234 259
255 410
242 283
185 423
163 280
141 475
119 258
64 287
77 217
160 463
293 317
12 454
17 94
269 338
33 186
116 248
107 324
92 496
80 453
1 315
195 325
258 486
175 478
28 182
305 495
147 347
144 475
213 470
117 251
287 353
298 321
291 363
32 447
169 207
96 309
63 471
347 457
94 136
411 424
132 367
222 443
3 397
7 33
354 435
154 447
243 317
106 179
406 438
430 498
289 430
72 323
85 300
131 467
43 69
279 359
134 155
95 427
431 481
171 255
347 366
3 457
271 429
184 422
90 404
176 207
112 326
185 475
149 366
11 456
246 258
129 275
266 483
56 142
97 443
55 447
55 356
18 438
39 459
75 470
15 23
33 107
49 476
408 414
169 462
290 439
326 359
34 84
480 482
40 293
41 363
286 480
46 84
12 410
8 293
99 195
430 446
187 299
26 426
335 342
264 347
94 435
44 410
32 322
189 224
487 499
220 427
76 269
340 368
196 436
337 450
91 470
129 236
58 166
11 211
236 310
81 201
116 473
200 359
55 485
145 366
16 377
304 366
101 348
30 184
276 479
314 375
414 455
248 403
2 486
137 205
206 334
215 425
96 476
121 135
104 312
90 235
39 137
364 490
383 485
56 279
114 176
217 288
75 382
263 280
3 173
252 447
118 477
186 235
283 426
177 205
304 415
57 173
349 434
293 411
160 317
106 273
35 180
53 361
112 145
340 496
91 400
69 255
42 281
357 473
135 163
48 490
102 250
104 128
408 421
77 335
150 156
191 500
112 256
90 401
2 272
362 426
134 411
100 184
112 138
30 95
206 291
117 382
21 104
399 489
72 287
48 385
13 107
66 352
392 406
128 425
51 356
31 41
426 456
121 131
181 479
62 371
337 342
60 107
128 281
232 498
54 68
318 481
430 460
7 160
192 380
27 328
131 190
425 473
161 332
96 460
358 495
159 275
304 355
192 213
177 351
349 464
139 361
114 248
326 493
205 278
18 413
187 437
94 313
416 427
138 272
160 165
238 269
4 230
311 329
233 489
114 458
164 465
58 105
12 373
357 367
26 80
1 273
52 237
221 239
368 462
442 480
237 463
384 497
312 479
52 421
154 251
58 248
311 388
321 365
339 364
11 397
73 364
16 257
283 435
4 482
330 398
342 442
181 208
199 231
129 354
362 490
87 258
43 393
244 392
170 230
74 95
24 273
98 391
386 417
13 38
38 218
186 496
169 311
146 331
41 190
158 317
158 241
268 438
183 435
435 465
45 206
193 368
132 492
226 244
293 470
101 318
248 421
143 217
274 375
14 279
153 346
397 425
65 319
3 17
43 50
29 116
14 155
21 484
218 278
210 265
25 159
57 457
32 459
72 485
285 387
105 212
379 392
249 258
282 421
364 482
121 137
356 433
122 389
172 424
11 224
151 463
26 104
228 250
93 282
3 348
251 463
228 349
35 234
436 469
257 353
66 211
7 419
105 223
390 408
152 438
215 500
147 398
220 242
408 425
74 446
57 365
253 465
117 297
22 286
201 354
330 450
158 213
138 382
111 281
131 476
104 403
132 384
243 245
206 218
28 407
26 273
6 296
6 419
93 477
57 101
349 415
231 409
300 460
181 378
325 446
50 451
83 386
89 395
108 271
46 201
147 278
137 257
22 465
60 452
137 300
321 392
35 154
102 438
86 163
96 151
153 444
52 411
322 406
59 409
211 301
4 492
370 479
29 176
12 423
8 333
300 335
10 483
126 470
253 432
131 255
338 436
437 460
44 363
207 303
237 382
146 384
1 280
181 359
356 438
20 317
193 276
82 283
238 471
150 291
344 434
79 452
126 464
4 446
104 321
226 252
235 398
316 444
306 381
418 492
319 485
172 388
147 256
70 80
7 329
144 307
30 390
26 500
312 431
134 290
126 272
185 291
130 423
185 405
63 263
205 477
8 488
114 305
330 346
122 127
168 422
76 380
2 30
66 142
387 448
168 469
255 345
332 431
364 389
108 480
13 72
355 359
38 83
316 372
136 453
261 284
66 394
378 490
87 140
87 204
124 450
375 413
132 273
253 364
26 78
216 326
137 225
160 323
179 388
134 248
159 396
158 344
99 258
105 341
67 400
12 214
62 253
142 180
69 327
261 273
258 296
31 193
101 208
184 260
142 175
216 351
273 357
162 236
6 415
115 321
133 176
469 486
39 84
98 282
66 422
31 102
442 468
28 429
92 269
21 430
173 319
335 458
156 315
242 421
304 478
425 447
58 239
4 170
111 466
211 267
153 268
75 364
48 454
184 242
26 34
279 479
254 394
141 302
121 348
398 492
301 371
40 211
252 393
342 378
9 306
207 428
61 79
28 174
256 297
166 490
73 264
35 474
39 212
412 498
4 73
140 447
145 191
196 451
50 470
206 386
95 112
64 145
51 272
134 277
59 419
154 222
64 494
234 484
47 395
38 236
258 423
234 387
81 473
368 474
218 449
143 356
283 306
8 103
168 353
4 476
59 395
212 396
53 382
61 67
67 277
209 408
72 451
208 302
357 446
14 172
9 409
176 378
62 120
164 328
176 318
78 320
112 304
78 142
97 383
23 75
39 478
123 136
395 435
295 401
330 468
108 382
5 265
47 172
24 178
321 449
281 321
97 182
58 66
33 161
190 341
53 349
18 449
44 349
118 202
106 211
38 313
78 368
44 114
83 448
28 300
279 281
338 433
216 367
13 182
232 340
70 427
92 301
196 362
100 372
29 84
89 484
351 457
26 496
218 245
157 431
100 211
159 189
188 490
151 465
2 430
172 186
217 479
36 115
72 80
325 334
141 385
16 404
300 371
264 290
371 397
187 424
202 388
261 443
173 339
224 405
36 58
300 407
377 394
20 410
117 375
223 395
13 151
204 500
3 23
132 199
236 319
76 303
250 385
226 411
323 358
162 224
162 497
237 406
61 429
13 147
8 12
128 331
163 395
269 422
157 471
103 133
26 450
274 317
63 449
273 474
370 493
33 456
23 428
165 465
381 403
109 246
205 207
173 351
17 112
76 351
274 386
47 225
237 367
196 364
115 417
44 385
477 479
179 422
129 443
62 264
175 189
131 195
389 487
396 417
272 365
10 335
274 306
37 255
120 172
139 289
30 170
441 456
172 264
133 357
243 402
415 495
228 294
317 342
49 265
82 215
198 240
130 265
268 314
20 258
145 148
65 389
122 139
380 398
487 488
347 360
186 461
14 472
10 347
79 227
33 39
252 388
281 358
159 180
231 369
29 208
250 483
168 426
64 237
87 168
241 406
105 129
198 230
64 353
177 388
265 376
237 453
64 131
118 451
29 498
349 384
29 305
243 404
161 350
9 191
6 301
191 286
69 113
92 334
204 405
209 215
162 282
145 157
198 450
219 255
72 486
295 439
303 368
155 445
212 471
71 215
205 432
294 359
62 337
161 427
148 441
193 291
27 454
335 492
218 314
94 346
288 328
65 400
13 262
145 183
112 135
93 492
59 493
61 414
26 179
94 253
177 315
297 355
16 466
120 335
15 273
132 219
52 471
21 52
243 259
159 386
82 88
88 406
115 209
36 331
251 425
63 126
149 486
219 368
235 274
297 471
45 203
44 218
142 224
19 24
167 430
415 492
22 340
38 425
288 457
12 292
255 384
33 203
105 183
89 233
26 254
223 224
55 319
5 77
194 315
152 184
187 273
18 197
259 304
101 104
175 493
79 255
280 342
138 169
98 193
339 460
96 210
11 27
356 480
212 277
358 434
81 337
152 384
172 461
270 466
53 98
187 291
124 182
112 429
30 183
200 313
136 187
208 277
86 465
3 8
421 491
300 457
142 376
161 434
126 401
139 383
217 345
161 456
318 463
298 361
199 488
230 364
358 487
63 185
166 210
47 497
268 311
57 469
279 466
441 464
64 300
28 166
35 133
204 260
131 413
34 386
323 390
84 210
308 473
234 311
156 451
265 303
210 374
197 372
247 391
4 258
92 210
85 285
289 305
51 218
71 211
422 488
279 325
193 216
109 167
318 453
25 62
6 308
137 157
289 421
222 257
150 219
198 323
171 432
216 240
14 105
34 309
118 338
229 473
84 487
93 95
195 398
121 367
88 303
4 222
113 285
93 229
53 274
231 247
107 407
5 399
311 405
209 341
158 459
20 159
278 320
127 302
194 201
100 487
64 464
394 488
27 83
107 204
172 304
30 221
122 489
287 433
201 332
169 449
188 377
426 431
27 397
94 203
32 140
351 474
51 279
312 347
70 86
249 319
58 431
412 499
242 404
107 446
35 78
20 96
342 421
17 244
10 163
220 417
11 43
5 365
123 481
214 416
100 325
358 378
21 432
150 194
28 122
95 376
81 165
261 483
3 203
177 389
447 485
14 217
88 302
93 263
135 446
108 171
43 142
281 497
70 409
197 212
4 461
54 109
125 461
137 373
52 60
295 417
220 257
20 338
17 258
103 125
77 372
282 480
212 262
4 202
59 332
143 326
363 416
277 338
111 179
252 484
30 234
259 322
222 244
175 193
65 423
272 286
127 328
33 418
126 261
267 469
83 345
434 469
47 266
91 137
348 472
214 279
30 215
80 312
298 398
413 451
370 434
246 335
32 34
372 411
16 77
264 419
69 296
126 275
447 469
95 385
94 387
304 430
67 399
47 309
40 480
148 268
157 357
257 425
232 429
98 446
149 409
74 310
25 74
184 408
240 357
124 188
96 411
383 434
201 347
320 368
320 343
161 371
160 196
204 364
237 369
71 167
300 404
22 347
238 354
57 183
9 128
89 389
341 497
86 160
22 134
262 305
22 466
233 347
35 130
131 174
256 434
39 198
15 38
173 180
200 347
208 448
46 189
242 285
311 363
277 443
128 394
386 399
75 320
82 264
237 448
177 179
350 448
303 422
64 465
57 268
39 73
79 191
46 397
181 310
174 397
84 102
116 177
102 298
308 491
193 458
17 187
16 205
19 54
140 391
32 72
89 268
256 413
422 431
332 379
193 209
4 123
427 494
198 379
314 445
199 451
398 476
12 430
105 373
202 210
173 294
263 292
190 230
277 363
385 453
182 339
389 398
221 500
415 435
20 286
59 348
150 248
29 384
23 175
74 75
25 445
388 442
215 369
151 307
130 178
49 438
6 421
272 306
247 300
188 454
44 205
177 292
91 216
398 457
8 89
187 249
366 468
87 386
138 374
281 351
137 448
151 387
15 369
33 375
54 352
230 266
244 481
75 428
394 487
287 430
106 181
435 439
82 454
132 140
134 423
434 492
283 298
274 389
50 61
376 405
300 417
142 349
3 229
121 153
10 34
62 146
76 168
58 191
185 426
183 354
34 66
212 380
197 218
218 421
380 474
319 350
453 460
90 265
162 470
144 314
337 455
113 199
28 480
71 444
26 164
32 490
159 480
223 391
67 219
275 355
360 466
47 280
10 252
124 168
377 381
179 303
220 439
408 467
27 142
55 208
53 79
62 78
15 365
342 379
118 339
225 453
66 205
166 294
77 434
51 307
126 158
188 484
86 382
184 412
400 442
52 254
88 331
129 383
104 231
100 251
197 404
148 384
228 242
256 419
135 463
42 341
324 498
393 398
401 465
5 254
404 467
264 436
169 465
395 485
349 483
20 184
1 438
56 445
119 444
215 327
151 376
140 393
204 258
173 311
88 442
38 284
58 432
66 303
263 416
77 284
84 322
282 489
65 273
17 423
238 327
104 146
309 480
1 334
20 314
14 63
207 406
118 241
245 432
84 306
46 425
13 385
89 496
340 399
63 484
271 308
133 390
357 466
37 162
43 390
175 354
81 434
104 365
108 362
51 91
286 293
59 414
62 91
306 401
263 394
123 239
118 356
190 370
33 280
343 406
236 282
13 430
130 338
65 169
140 484
328 394
36 280
78 460
19 350
81 133
235 321
90 216
83 402
220 363
282 476
20 342
360 458
185 359
384 390
2 152
227 287
37 301
5 127
106 387
146 197
17 281
26 145
199 462
369 454
24 161
254 382
99 237
358 455
217 319
107 109
34 116
458 490
398 443
347 436
80 104
146 270
269 473
279 411
357 387
53 428
219 337
351 450
306 367
187 456
304 319
95 220
138 411
213 485
318 412
74 165
279 388
320 429
287 411
266 322
61 175
327 414
42 206
324 369
133 144
52 436
436 478
151 234
129 306
323 394
86 473
252 328
276 463
42 80
14 127
2 174
121 154
19 71
236 340
160 178
5 122
122 216
240 395
111 124
70 498
168 476
100 170
110 252
146 369
46 80
330 354
81 157
181 492
176 372
236 457
121 456
11 42
44 197
109 434
104 372
154 190
17 260
425 468
14 358
156 183
33 51
7 399
97 242
181 215
70 261
84 333
127 417
62 142
249 423
324 412
297 343
2 311
50 380
73 216
5 6
423 459
201 315
354 407
12 246
247 354
348 415
297 308
138 416
11 276
347 416
259 497
395 458
257 461
363 366
101 481
312 388
15 418
20 323
37 154
383 460
164 386
306 480
380 394
141 161
228 260
211 426
106 482
27 486
292 443
246 478
120 181
201 231
34 48
69 477
73 267
200 275
213 305
204 395
247 459
302 326
429 456
222 467
253 259
196 242
381 391
30 374
233 392
209 368
458 469
51 195
329 388
3 363
107 467
183 416
11 329
358 446
76 278
19 53
83 229
243 386
92 397
337 381
21 57
263 335
386 402
81 335
11 364
162 388
96 459
135 460
17 496
329 377
188 419
23 88
36 256
53 373
255 491
76 481
254 466
232 488
155 260
206 296
51 487
109 411
383 498
168 376
14 492
126 130
19 443
119 365
42 178
183 271
129 404
127 357
136 150
193 366
123 416
65 451
116 445
101 235
268 301
50 55
254 420
318 404
31 311
79 481
108 325
184 487
33 207
49 485
109 496
256 414
6 37
344 379
151 291
96 434
273 406
20 489
82 448
192 325
10 237
164 345
106 473
337 378
89 320
90 287
228 278
200 238
125 365
392 441
9 106
172 473
40 44
29 221
463 479
151 297
424 441
184 365
145 209
21 117
35 253
79 371
339 366
285 420
46 129
55 150
458 461
85 115
124 271
262 382
52 334
145 426
350 361
169 470
39 145
306 407
337 370
119 301
63 102
306 448
44 418
350 360
234 376
61 474
268 304
439 487
293 296
61 108
157 305
260 462
188 479
399 450
30 462
17 33
444 494
403 404
74 350
270 377
43 206
159 287
8 459
19 464
319 470
167 444
122 342
312 324
205 283
401 466
255 290
332 335
37 478
114 244
256 447
81 121
167 283
169 454
20 358
32 238
95 221
247 332
50 272
132 408
60 303
68 390
31 257
144 204
42 85
37 458
156 282
397 489
193 406
89 473
242 334
161 194
89 154
160 301
103 465
179 359
180 394
322 347
102 364
36 140
84 247
10 454
95 189
135 236
45 94
197 241
197 370
198 229
82 475
228 272
140 317
95 369
289 410
118 187
130 329
290 298
26 476
101 456
268 405
93 233
6 17
141 490
84 331
247 466
94 144
288 355
96 447
78 291
273 389
84 141
52 482
128 210
248 473
55 148
52 465
21 56
299 467
67 376
64 426
439 472
4 364
396 458
68 181
209 327
236 347
148 214
168 264
230 258
318 383
195 300
98 400
208 235
90 494
420 468
210 211
180 389
55 494
118 208
28 370
275 486
232 394
222 363
38 349
360 487
291 366
265 485
24 271
75 325
45 412
258 468
316 338
14 319
58 74
60 322
158 382
280 426
212 243
1 146
167 374
244 485
114 429
280 333
92 252
194 436
82 185
113 128
232 401
22 47
203 467
144 376
36 207
92 190
365 426
76 318
375 415
119 135
175 334
91 232
29 191
65 326
164 339
407 460
405 491
190 326
95 486
367 474
254 480
64 451
245 275
141 308
179 374
65 146
303 418
117 271
10 199
122 270
276 465
133 356
29 51
87 346
154 492
224 487
210 318
9 171
60 245
50 67
59 276
1 168
346 391
98 474
240 389
228 262
246 441
208 349
39 127
173 420
248 352
78 256
84 308
162 350
278 429
130 343
308 436
103 461
345 382
82 141
131 435
120 476
178 495
118 495
251 438
62 245
431 454
96 449
17 211
215 317
7 109
165 222
5 89
367 375
465 498
200 491
74 482
54 360
1 443
37 44
152 244
94 461
428 492
226 329
201 319
63 152
70 212
191 275
18 137
156 494
176 464
273 365
171 316
9 91
262 461
109 443
214 362
434 459
21 258
327 425
252 304
54 268
116 458
40 368
28 388
178 434
36 141
205 270
170 310
386 392
164 448
377 482
39 312
212 470
91 248
130 271
180 304
175 329
195 342
60 113
370 397
89 393
268 364
283 383
185 198
85 182
8 253
117 376
332 393
295 436
191 418
139 304
361 392
7 215
53 243
140 378
237 272
85 213
207 264
188 210
444 451
419 432
25 238
31 278
353 500
300 479
232 320
179 219
28 318
86 329
217 373
154 406
215 275
160 167
48 147
318 329
74 443
75 350
170 388
291 474
287 288
84 213
16 49
388 395
448 485
123 311
122 407
32 324
43 176
157 286
307 491
160 190
196 422
265 488
264 394
138 285
8 438
14 347
203 445
39 60
256 468
25 353
16 343
198 420
185 480
19 56
49 120
25 258
154 245
333 442
205 295
335 439
133 432
7 485
17 24
310 396
226 403
46 285
123 147
143 336
18 374
86 144
302 397
109 348
331 457
188 441
149 450
90 112
319 390
62 311
79 301
240 340
351 430
296 472
37 68
287 324
225 423
113 259
163 382
109 239
346 469
205 213
45 435
24 270
6 448
61 309
243 271
113 258
208 233
262 437
100 451
154 395
477 490
108 153
151 188
25 91
40 172
131 437
139 163
346 410
264 298
103 321
127 392
247 460
5 367
120 170
434 438
29 320
271 338
130 140
318 435
374 468
213 478
332 355
361 438
162 429
101 171
23 217
95 457
148 477
129 263
85 470
322 425
95 371
174 247
25 65
127 333
176 391
128 430
410 464
195 251
112 161
173 323
200 386
388 466
119 286
178 257
156 262
51 61
285 368
36 368
449 468
28 147
135 456
188 493
126 369
148 396
189 376
207 431
69 225
151 395
174 183
132 233
272 323
21 389
334 367
317 445
113 493
211 293
16 269
316 398
138 363
39 479
102 115
204 467
341 393
460 473
23 271
190 306
143 227
253 414
147 264
11 109
294 357
231 331
155 163
95 196
224 342
208 252
82 163
257 312
170 422
148 306
92 255
243 244
12 179
41 100
29 53
100 330
226 455
180 311
126 287
164 330
175 464
44 325
15 411
66 416
333 403
84 91
55 416
55 162
259 487
142 196
328 442
22 270
236 287
36 444
18 167
50 468
64 282
20 259
14 160
291 322
36 44
199 414
110 426
67 170
40 473
23 148
91 397
79 282
141 436
196 382
161 207
15 285
64 172
48 233
203 241
383 421
311 500
353 408
198 306
143 370
76 338
385 452
7 388
179 195
120 311
165 422
280 339
43 301
43 437
254 312
271 412
120 273
79 361
159 259
198 322
276 448
408 482
4 209
405 490
171 362
112 328
89 444
113 299
398 419
106 423
283 309
115 267
113 234
10 242
69 468
487 500
401 446
176 309
64 94
354 410
91 282
52 97
105 107
326 482
118 493
232 396
43 86
465 495
49 206
160 314
41 305
46 301
316 379
387 475
364 417
256 312
26 327
194 444
60 327
5 443
276 299
125 242
20 149
1 32
38 334
26 384
103 398
443 474
109 271
60 125
196 290
170 380
370 377
38 455
267 305
15 498
111 408
97 453
72 355
46 275
126 433
50 393
17 106
411 461
63 342
41 144
313 444
110 482
199 494
88 274
131 490
203 229
91 395
129 231
9 371
107 365
165 198
179 367
142 342
383 426
335 388
31 441
312 462
367 495
130 141
29 486
155 209
73 411
60 249
186 231
328 497
303 398
391 454
137 469
232 495
12 225
41 116
328 449
180 310
107 318
315 401
52 336
219 486
294 355
98 413
141 244
25 129
86 131
254 410
210 273
24 117
394 432
185 355
167 235
93 213
238 397
74 491
207 220
10 359
20 146
14 452
361 371
107 127
273 439
473 500
193 480
124 303
210 345
122 339
155 433
9 317
171 491
80 390
78 263
360 389
252 438
133 164
400 420
181 371
47 203
72 273
368 494
168 397
168 409
81 498
194 437
85 323
188 439
17 352
128 235
111 345
162 184
306 307
249 391
241 446
71 156
234 372
28 293
132 227
192 227
20 412
400 462
111 151
179 276
123 335
47 61
65 382
311 366
191 229
14 238
172 243
144 496
24 313
144 414
233 357
63 372
60 314
171 206
98 369
275 289
57 491
384 494
58 85
119 321
145 166
280 366
6 288
268 456
193 332
58 384
74 140
159 331
149 445
204 315
242 431
155 482
170 461
11 167
94 323
176 395
250 274
488 499
406 486
126 313
1 85
282 488
365 461
248 271
294 351
302 408
388 391
56 149
178 333
136 149
178 206
299 478
178 454
27 173
174 481
143 500
198 485
264 348
5 318
212 245
137 229
196 280
100 149
81 470
292 359
69 250
112 485
43 442
237 317
40 389
2 191
37 499
212 388
116 163
55 477
408 409
41 310
356 422
90 136
385 490
85 394
340 460
76 470
103 169
281 397
122 297
49 406
250 283
6 12
13 476
265 338
4 9
218 432
94 236
309 324
432 494
135 348
149 213
140 263
2 74
59 333
10 248
140 375
308 344
97 192
97 191
19 182
427 450
181 363
316 367
184 195
96 412
197 245
143 187
311 381
451 492
102 280
136 138
117 275
137 440
277 284
123 286
78 242
236 377
12 160
269 412
246 315
255 270
35 276
272 342
279 370
262 483
49 71
27 307
136 302
293 476
24 440
195 401
17 345
2 380
305 447
238 375
142 267
87 339
140 327
159 260
474 499
281 499
321 496
247 276
167 190
42 439
64 241
284 302
41 255
176 397
79 307
199 456
139 182
187 271
42 253
29 413
18 492
82 140
107 447
439 474
196 276
207 239
28 411
289 337
281 369
90 363
152 372
139 436
314 451
123 294
42 280
264 467
158 234
266 438
203 266
107 156
209 379
90 318
340 365
90 411
174 328
214 350
53 224
182 352
268 355
308 351
316 465
274 343
97 237
179 186
58 292
98 352
155 364
127 163
25 154
137 406
264 303
233 353
129 294
52 325
51 414
77 168
75 343
19 42
67 126
283 444
82 453
254 257
164 233
291 345
389 403
217 274
90 286
76 490
130 422
418 429
137 236
274 371
119 428
117 373
70 187
167 354
165 342
222 285
120 196
204 223
87 225
51 477
140 282
291 480
226 314
117 380
102 419
169 369
227 479
291 438
97 486
390 423
65 188
209 463
213 297
34 156
122 369
478 492
20 129
207 358
213 480
81 117
137 350
17 95
158 402
163 370
252 452
104 418
443 476
56 274
264 364
369 452
76 492
187 413
230 405
170 319
139 198
409 437
31 362
1 393
17 398
186 326
419 479
320 342
167 335
304 463
6 67
26 466
369 488
100 333
42 233
137 324
3 76
165 244
315 462
296 308
126 186
36 467
114 119
37 247
29 485
210 478
25 305
209 354
44 151
40 499
277 309
65 248
266 364
307 452
100 367
127 171
36 113
91 331
95 276
322 336
140 431
163 270
257 403
88 223
457 469
60 65
41 425
130 369
62 346
28 427
437 442
79 269
176 459
73 173
118 345
16 284
33 484
172 214
248 440
12 150
360 415
128 253
209 411
61 370
47 379
7 196
16 199
160 197
247 273
116 375
1 440
109 320
25 172
32 236
75 162
16 261
363 428
50 437
280 477
199 262
222 288
60 366
151 152
98 129
97 364
12 442
135 383
66 130
89 465
140 222
208 425
479 485
118 215
27 441
222 412
381 388
333 373
102 459
336 403
183 373
200 242
74 132
123 370
63 367
65 211
230 409
18 232
117 156
179 446
277 486
3 199
165 206
76 89
409 414
230 336
276 426
380 437
218 456
471 481
294 387
191 307
106 238
2 386
152 337
161 487
259 447
204 340
41 218
420 489
216 411
54 184
116 148
169 420
327 430
169 376
239 377
161 280
411 427
65 486
142 323
267 441
163 438
329 353
88 352
178 284
137 409
3 110
52 264
4 193
71 155
83 500
27 224
2 443
232 391
185 296
34 384
159 199
49 301
34 235
216 295
5 460
171 245
199 469
252 400
53 487
40 457
92 412
441 480
304 392
191 273
264 401
315 412
24 145
83 456
267 296
129 194
229 422
29 47
67 388
143 368
300 398
393 461
9 363
5 180
36 260
129 196
99 144
147 233
245 351
46 47
205 222
159 393
121 183
116 370
358 479
227 359
104 326
54 228
35 145
190 299
450 500
272 283
169 320
42 371
8 120
187 199
49 293
51 77
229 461
141 447
141 349
121 483
221 381
96 440
155 374
29 312
78 373
230 362
397 476
202 217
79 132
91 130
34 455
446 449
70 474
24 156
431 478
444 450
106 254
99 346
417 424
175 266
489 500
131 333
159 301
107 392
204 254
30 259
185 404
69 295
225 301
315 325
378 380
228 402
127 388
35 411
212 259
201 333
344 442
145 168
52 201
17 500
96 484
142 245
49 349
90 370
114 439
153 479
238 420
292 295
334 347
163 406
91 95
232 318
63 469
478 495
78 288
37 284
98 406
180 268
55 194
190 294
108 472
38 264
25 108
359 384
174 182
52 180
161 173
195 285
183 281
156 331
176 441
7 497
252 258
12 230
60 81
11 295
23 351
107 449
158 285
38 205
53 253
31 35
34 47
274 385
200 441
65 331
228 469
357 449
145 152
11 126
192 419
86 263
28 48
341 447
204 412
58 63
27 367
47 450
227 229
49 468
25 95
92 347
401 487
71 421
277 391
45 169
145 236
12 325
126 303
32 452
134 219
241 356
75 174
357 373
154 363
78 79
126 431
130 236
68 485
235 473
120 380
208 210
120 374
143 171
457 480
201 470
396 456
77 211
14 437
218 480
290 356
198 273
316 363
39 280
72 255
78 459
160 203
92 460
81 186
122 210
146 488
54 111
26 248
213 460
218 355
192 209
46 307
327 454
37 243
277 357
44 490
271 486
207 456
145 420
247 415
42 264
317 365
229 474
296 480
51 258
9 36
17 392
177 368
351 453
76 212
3 41
149 383
52 374
68 197
92 241
107 172
388 428
184 224
372 466
95 292
312 489
21 350
153 495
400 417
98 99
76 110
64 366
322 377
382 405
173 449
165 239
193 490
168 260
427 460
113 399
121 476
262 484
6 466
127 351
360 372
237 374
104 315
86 441
196 494
323 368
308 333
57 199
230 330
21 387
368 458
247 288
12 51
83 407
156 475
326 341
312 455
404 485
254 297
161 318
128 319
57 445
89 446
120 211
294 324
361 457
23 168
20 207
144 428
131 478
106 196
158 404
173 179
60 188
162 268
111 236
5 356
175 396
290 487
149 216
117 120
88 407
18 391
241 440
239 422
453 456
44 304
14 221
69 425
233 402
192 462
4 29
135 467
305 498
46 142
167 308
192 238
42 240
210 377
207 254
312 369
84 253
60 160
420 433
485 489
299 481
110 356
259 325
323 382
95 266
407 467
172 408
142 341
82 151
132 368
171 463
369 436
75 275
19 279
95 367
61 216
151 308
12 406
51 66
156 444
316 387
246 331
292 433
29 33
245 413
61 121
218 291
320 394
137 433
276 469
103 346
74 419
407 422
101 130
277 345
402 411
239 490
452 488
301 456
99 444
109 155
2 18
23 370
119 433
132 181
110 134
230 457
88 135
264 274
122 265
78 396
278 440
108 374
31 232
241 315
48 366
351 449
67 381
297 476
201 296
211 240
245 441
185 225
166 236
58 310
14 363
44 168
23 280
59 267
112 451
208 234
256 452
93 419
271 295
204 497
30 109
108 264
152 376
301 455
87 264
332 494
121 463
102 327
151 205
12 204
6 124
16 154
70 330
297 348
337 419
139 369
84 216
202 314
335 347
198 321
91 361
236 320
12 106
56 245
128 283
134 336
255 431
23 65
305 378
210 281
186 253
164 165
260 488
304 486
298 329
68 78
186 487
75 145
28 378
75 218
230 315
73 103
135 422
48 148
86 384
318 338
9 51
450 457
408 483
375 386
14 398
32 111
256 296
312 478
104 112
30 497
213 284
248 274
273 387
450 451
88 460
164 481
384 406
347 429
13 368
206 326
57 119
21 129
1 282
156 199
242 267
466 492
96 193
220 328
4 18
147 221
28 239
38 328
133 455
111 475
335 385
54 426
98 236
103 352
17 122
115 350
315 482
164 216
103 495
197 390
213 236
210 256
166 453
211 425
227 325
250 444
11 309
31 263
188 298
184 232
26 499
284 380
12 195
232 304
39 453
64 417
12 284
7 218
63 454
79 359
215 485
153 225
166 204
454 492
413 423
22 182
467 495
136 287
397 483
101 254
418 476
413 473
15 381
19 113
217 220
326 439
63 464
175 292
240 498
314 394
56 435
116 188
14 381
201 253
382 402
166 441
145 395
358 366
252 463
40 160
265 306
34 157
419 453
59 242
166 362
192 274
175 386
39 438
252 317
101 341
117 305
254 378
241 419
83 401
192 194
190 248
34 49
9 313
1 100
87 441
63 225
130 162
102 279
315 491
140 462
138 229
27 280
289 395
89 297
162 445
169 324
62 209
285 344
169 333
207 315
99 128
367 480
414 447
50 185
248 500
13 197
386 440
280 307
149 489
23 220
84 114
419 476
156 206
319 416
213 352
214 323
217 448
29 303
64 453
253 332
324 379
40 349
348 458
86 326
278 377
282 321
5 174
185 436
173 388
198 437
172 193
19 343
202 206
17 471
471 496
463 492
366 430
237 333
21 133
296 372
137 341
7 435
174 216
224 494
148 171
141 395
423 439
296 460
267 309
196 381
124 237
227 392
177 412
11 30
16 33
288 350
76 463
228 448
10 400
25 352
244 297
54 366
34 158
101 225
218 226
80 281
103 367
213 322
255 343
214 469
60 91
70 232
109 378
121 408
248 410
60 409
117 399
135 189
14 156
405 447
123 323
50 304
161 337
249 377
61 225
137 313
95 135
53 203
173 491
211 370
348 374
237 306
301 408
315 361
331 372
68 95
228 433
289 432
12 344
22 258
34 53
337 359
212 378
9 400
35 296
6 170
5 484
33 244
206 274
99 354
83 116
167 296
251 453
293 445
221 412
79 266
131 344
331 432
244 434
226 271
273 376
435 464
139 326
243 253
359 450
249 307
21 473
249 260
87 141
237 370
102 234
310 369
259 473
405 449
140 252
153 310
95 379
452 492
4 376
262 472
56 302
17 283
288 485
75 395
36 108
250 474
223 302
253 328
35 99
352 457
48 183
28 441
22 144
191 306
338 443
79 137
7 470
84 233
214 408
378 431
107 497
117 272
193 263
119 264
37 421
208 439
219 369
314 413
83 295
318 340
45 377
218 268
225 492
182 457
316 449
43 322
229 336
92 421
161 183
440 458
52 259
125 406
148 174
109 375
56 311
241 257
48 398
177 277
162 240
24 168
118 425
27 88
425 480
281 370
166 427
208 295
69 94
157 485
186 205
105 140
62 487
8 397
305 478
29 479
6 103
278 379
273 346
59 219
394 471
232 400
208 258
150 439
22 451
212 361
45 287
74 177
146 402
161 496
184 360
3 265
65 433
134 500
126 280
51 338
233 492
151 193
386 464
98 289
252 498
169 445
97 350
3 406
2 170
2 358
224 384
209 455
150 174
194 202
183 330
85 485
297 462
214 374
229 444
329 484
193 443
65 352
284 460
88 377
254 279
57 486
60 84
67 184
168 391
118 384
69 150
333 395
141 225
163 215
217 330
42 258
254 335
108 144
246 436
199 320
74 276
121 236
171 327
71 385
121 197
21 286
307 441
28 172
411 457
200 233
15 485
355 430
244 380
64 449
47 481
303 472
188 339
37 343
99 478
34 363
199 215
49 263
195 469
222 422
181 356
23 126
219 331
93 286
32 341
302 463
337 496
281 474
263 274
347 379
201 267
106 388
137 164
80 367
229 250
190 384
354 412
168 178
41 366
295 370
41 236
368 435
107 289
159 217
145 484
379 489
32 228
85 392
187 297
45 488
55 222
82 206
230 375
234 436
140 387
261 403
369 470
159 390
441 478
210 241
121 296
73 201
166 318
320 475
18 54
46 160
122 498
29 364
81 234
145 182
231 385
78 269
89 356
269 471
59 422
223 225
317 470
20 76
66 191
127 478
425 438
52 395
241 467
164 372
257 361
351 463
208 369
209 364
126 131
121 178
173 496
151 336
280 303
243 304
207 300
310 484
107 267
135 307
236 258
4 71
3 490
218 286
91 392
265 464
86 124
197 289
277 408
134 426
154 432
128 340
243 446
358 411
302 335
71 302
119 214
118 483
132 253
426 438
366 495
306 487
124 133
34 376
70 102
134 149
273 471
212 382
73 111
94 183
242 447
253 294
283 394
337 416
96 189
41 449
216 381
10 388
267 317
334 404
203 246
352 486
74 205
101 385
331 354
379 499
10 229
367 404
239 393
159 356
48 200
9 376
224 266
82 162
408 462
173 458
68 217
13 104
61 447
183 229
72 97
336 338
329 474
385 500
183 388
71 434
65 125
195 328
114 354
32 366
302 325
181 186
191 356
148 182
340 434
411 432
146 172
220 272
225 375
200 219
169 393
199 343
7 451
418 448
76 496
142 156
111 161
363 423
199 307
167 454
76 223
79 91
157 350
115 269
49 87
253 434
358 480
29 61
18 33
15 172
371 401
53 86
37 359
28 219
330 472
290 417
369 405
67 475
353 421
55 130
90 119
326 368
255 286
41 496
13 341
389 449
20 315
17 435
146 244
16 117
431 487
49 143
151 402
298 399
188 428
80 359
195 390
61 457
139 492
6 21
122 166
30 434
224 238
231 460
72 116
430 452
397 472
238 411
166 192
27 198
189 347
116 294
43 162
97 269
18 416
5 237
33 74
123 387
305 444
95 105
88 254
228 336
26 245
58 283
19 403
163 230
187 292
135 353
88 459
201 400
228 404
382 386
181 343
81 151
20 121
8 169
163 482
342 343
381 423
407 419
114 374
211 232
56 425
201 463
407 475
330 445
224 278
388 437
32 274
89 482
119 330
250 465
133 449
269 453
267 448
370 385
19 119
193 268
30 84
91 441
94 194
59 124
3 322
128 276
241 498
402 431
421 455
32 440
36 156
371 423
32 215
28 464
347 492
29 334
77 365
95 147
2 262
228 304
157 266
81 228
235 431
230 415
101 386
102 385
36 380
242 332
220 310
133 352
72 265
11 207
319 436
47 500
88 451
153 451
76 312
104 371
21 422
126 294
44 165
391 489
47 180
282 394
109 422
167 347
47 134
297 395
89 145
103 227
176 354
65 247
311 348
92 97
101 366
266 339
215 217
113 240
75 144
44 230
142 220
426 455
58 126
419 478
241 358
133 460
126 217
37 226
135 195
56 82
118 321
58 80
222 453
9 440
278 296
63 267
73 365
312 336
120 421
90 261
312 490
11 384
190 476
202 312
422 458
30 192
230 302
9 13
201 228
101 451
141 249
291 327
453 457
188 357
410 491
175 218
160 304
86 443
193 224
335 364
7 146
188 314
16 425
232 431
203 329
22 35
110 213
119 308
160 170
137 384
114 130
36 352
97 419
46 135
86 166
22 222
74 342
197 353
220 450
319 461
22 473
93 149
292 499
4 82
23 263
318 498
378 459
215 376
274 378
66 425
10 403
144 341
294 311
18 84
320 321
404 466
85 306
5 428
92 362
174 187
14 64
20 275
246 311
213 345
27 375
106 190
159 187
152 287
48 208
294 297
30 146
261 417
28 170
343 376
233 328
217 437
291 408
129 392
270 414
51 388
212 429
18 161
158 245
121 127
20 26
151 155
11 349
119 199
10 214
163 386
13 120
117 348
1 257
73 153
52 488
389 424
268 326
316 355
30 472
215 336
345 465
140 164
180 296
106 219
68 327
72 130
30 373
61 128
7 127
268 361
133 147
114 336
65 402
136 145
26 415
60 293
294 406
348 500
227 278
184 354
416 424
84 453
369 459
222 239
114 194
444 458
56 335
31 360
183 261
310 350
367 463
199 415
288 439
9 199
94 370
422 432
161 425
71 113
160 358
1 369
426 481
382 456
316 384
12 264
12 269
224 443
175 350
152 435
404 468
4 429
16 437
50 157
141 282
231 299
115 499
300 363
476 483
155 206
182 450
46 421
22 493
228 274
166 221
7 400
279 405
139 267
184 293
155 256
67 323
392 463
437 456
109 415
297 431
69 307
54 299
55 96
10 136
154 368
99 324
206 225
173 358
52 454
89 335
1 51
288 446
386 467
210 414
161 431
289 444
237 278
29 148
32 254
111 139
205 314
320 377
374 483
17 480
54 412
273 407
117 261
38 423
384 394
74 148
101 354
43 470
166 455
157 270
107 403
69 390
445 500
134 482
24 318
479 490
287 440
133 344
340 372
329 337
18 114
168 262
179 318
121 194
179 356
272 341
224 401
34 463
214 457
421 479
108 439
24 486
111 451
134 292
273 350
177 329
108 320
54 462
216 378
150 433
268 451
104 419
204 398
56 351
402 443
15 264
217 339
320 350
93 293
49 431
26 329
338 363
201 438
41 111
170 212
152 395
106 119
157 262
242 454
259 344
37 322
77 89
151 398
231 454
272 462
30 356
306 389
152 238
294 352
201 373
22 82
163 402
75 102
153 491
195 444
139 276
181 342
202 254
9 357
223 367
186 405
341 345
5 61
97 479
184 254
180 471
87 191
347 407
119 352
97 149
22 121
107 136
364 407
163 217
92 382
396 482
317 425
1 404
93 310
455 494
95 137
72 373
104 197
450 463
187 411
148 312
202 402
145 277
229 321
200 450
76 364
1 413
33 41
88 114
204 274
287 302
295 330
99 456
158 255
331 444
94 105
223 232
50 166
43 202
173 205
41 470
94 283
34 424
172 455
95 102
137 243
18 53
312 319
280 462
68 345
163 254
349 405
34 367
21 352
377 443
366 492
113 443
60 483
206 261
64 326
302 410
366 494
205 473
27 109
56 434
108 225
170 294
67 337
251 317
411 413
161 347
142 231
15 199
291 495
310 462
162 407
353 440
240 432
41 149
168 372
62 157
294 453
138 196
288 321
329 457
108 302
208 232
156 383
150 171
42 179
184 207
3 256
229 309
147 179
277 438
24 46
344 429
107 281
242 293
154 461
292 307
105 192
2 43
456 465
77 425
337 465
98 287
110 283
174 414
12 84
145 247
197 425
139 396
194 460
282 329
1 412
430 442
149 200
186 288
114 436
137 247
276 497
134 159
147 300
159 402
182 304
288 492
240 423
261 385
52 128
7 104
386 418
29 201
61 322
134 417
122 426
205 237
87 270
101 234
324 388
115 148
61 245
49 165
56 83
124 388
31 488
30 388
272 483
60 217
229 265
128 285
422 491
94 96
28 118
423 449
105 339
2 342
229 386
28 338
5 27
18 46
316 489
154 260
233 488
90 251
154 355
415 476
79 430
455 486
51 409
119 293
121 221
103 141
120 488
237 401
349 441
307 403
82 383
216 354
269 466
107 218
71 273
260 370
29 44
283 393
285 332
335 341
15 416
388 444
322 433
166 310
70 444
23 298
49 409
335 415
331 349
119 163
184 427
156 482
36 173
166 450
160 296
43 157
330 411
11 87
54 331
81 154
267 445
170 472
237 403
49 426
477 499
201 348
35 429
193 336
444 457
353 492
141 396
116 448
250 390
398 403
191 419
4 487
106 126
333 499
131 161
170 284
67 149
406 424
176 387
225 263
91 358
37 257
154 242
289 313
57 259
77 432
140 208
399 482
143 277
302 336
461 490
91 228
375 394
24 459
156 170
116 121
354 476
15 71
26 88
14 228
340 484
110 236
154 183
243 363
54 435
173 345
205 280
255 324
214 332
249 438
12 103
141 432
103 190
17 113
186 283
96 409
71 187
153 396
297 415
267 349
114 312
161 400
89 251
91 270
375 391
277 448
15 368
71 442
15 200
390 399
268 331
6 226
21 424
24 251
273 337
52 373
120 445
189 486
1 460
38 135
206 215
320 335
124 245
148 402
412 414
74 167
72 118
354 482
14 388
306 349
28 488
206 429
81 342
136 427
49 274
297 394
129 273
51 426
24 290
91 213
26 453
29 448
42 142
180 449
142 239
105 383
158 334
309 496
11 442
175 398
466 495
133 399
350 468
11 60
306 449
359 480
308 340
199 251
225 320
69 103
42 291
215 454
39 97
282 484
47 366
5 454
41 165
226 368
96 446
123 225
189 437
141 358
355 451
26 484
24 484
59 331
169 252
80 437
342 458
195 346
186 189
98 487
58 455
306 344
331 408
39 287
80 240
334 384
384 454
5 317
46 393
71 330
7 468
14 422
276 320
159 361
191 368
78 334
59 96
86 393
194 297
95 107
80 121
29 273
92 153
147 408
12 297
106 371
176 323
294 443
77 444
257 426
176 278
57 331
309 424
24 351
140 247
197 293
152 232
230 298
219 498
427 481
47 69
89 422
93 432
170 305
336 455
307 396
26 249
43 486
177 479
39 107
425 486
11 147
56 471
120 387
198 452
175 357
486 498
104 228
87 198
20 442
186 373
220 441
250 389
267 336
23 308
72 190
73 469
133 134
112 125
1 212
103 433
457 479
234 461
269 405
49 335
23 134
116 323
385 432
263 348
158 199
123 181
46 237
438 454
83 186
31 353
187 405
296 451
121 122
429 434
205 276
390 453
29 363
104 466
187 220
133 359
19 416
249 430
7 107
299 312
128 393
123 334
80 109
15 27
221 238
28 425
121 224
65 280
308 457
296 375
278 357
56 385
13 326
255 472
368 403
292 402
244 404
81 111
311 351
139 407
190 436
134 392
43 129
22 143
165 437
18 271
9 338
105 152
31 356
137 411
224 341
142 345
350 479
213 397
189 476
92 422
310 445
64 427
266 488
212 244
2 452
48 123
13 213
371 464
36 46
371 418
6 283
55 438
362 405
216 500
235 441
307 411
59 289
224 332
274 500
264 481
130 160
38 252
327 421
278 468
311 476
196 493
370 470
59 430
27 161
147 251
92 410
111 142
337 415
4 208
29 189
166 226
117 302
26 407
318 434
2 86
161 253
306 443
14 115
99 179
185 403
245 422
48 151
337 413
137 346
492 493
261 306
366 437
397 429
182 273
399 493
289 362
34 82
47 67
462 493
99 182
79 105
139 349
457 490
428 500
55 81
93 423
40 493
114 138
42 198
118 364
149 247
123 384
180 226
419 483
7 389
378 494
258 320
260 403
239 474
68 149
90 293
148 334
80 478
124 397
293 373
363 429
33 254
345 348
299 338
11 342
444 478
96 379
333 474
30 151
278 349
216 457
170 487
189 369
122 329
143 334
144 440
232 306
39 325
173 314
48 488
42 90
386 490
362 435
207 369
77 215
101 474
228 276
21 477
32 75
96 410
83 387
304 337
74 272
124 202
105 388
168 186
206 419
328 358
72 497
136 258
129 163
191 297
358 494
223 487
233 325
234 416
145 490
134 139
5 290
121 337
265 274
44 285
106 318
202 264
138 333
241 263
92 391
61 272
73 464
91 255
268 387
8 116
120 226
326 331
144 184
65 440
364 433
100 422
239 288
141 331
170 413
329 372
357 481
200 417
93 431
218 370
74 306
280 390
12 227
438 491
50 317
208 242
127 325
46 132
225 402
178 441
285 391
136 277
180 210
203 425
75 161
404 472
22 420
45 483
161 303
3 382
143 331
44 157
11 140
20 136
3 496
9 117
174 260
164 316
417 491
16 93
233 459
242 301
166 345
188 273
19 37
129 235
214 394
59 111
83 481
391 407
246 426
106 365
392 421
272 455
493 498
150 345
64 441
55 127
481 486
444 448
28 253
396 405
97 197
311 362
116 459
25 212
178 470
205 384
255 265
14 343
314 459
117 434
51 350
150 431
75 371
109 385
447 500
89 168
5 467
6 149
274 483
8 20
81 198
13 329
411 431
140 442
322 422
141 297
39 427
46 182
74 415
342 463
357 424
5 208
251 500
390 446
287 331
230 391
29 210
24 489
116 146
18 445
45 272
119 179
164 424
17 48
64 222
117 451
350 429
376 443
71 144
12 93
368 419
163 398
144 237
140 413
158 324
286 307
298 317
333 377
131 426
187 309
32 363
87 468
226 468
100 190
122 163
340 379
2 302
78 132
65 127
46 369
133 158
151 418
164 242
421 474
274 409
39 374
103 146
234 462
146 291
290 323
272 314
74 244
287 370
20 173
19 43
194 500
66 315
314 471
266 410
214 289
162 169
237 461
314 458
303 388
39 414
210 279
25 171
135 162
117 179
159 353
21 198
155 307
164 468
77 484
424 469
22 454
157 358
82 132
138 193
64 162
112 126
26 194
14 168
324 404
188 230
23 57
32 141
161 278
158 386
114 121
201 220
190 435
338 419
386 435
313 341
104 495
309 366
88 188
260 382
45 152
422 472
129 189
63 295
365 384
35 432
25 405
37 434
169 433
55 448
27 45
76 323
244 332
104 456
101 303
10 345
54 152
349 490
214 227
193 205
114 268
299 324
46 94
268 485
261 386
126 459
101 121
148 500
436 480
39 363
221 403
227 234
310 466
316 446
199 241
42 422
356 465
120 248
43 350
309 452
27 240
223 329
26 350
116 173
199 384
426 486
312 404
283 323
284 420
436 490
161 243
457 485
86 334
340 436
79 349
137 312
144 413
54 219
12 167
112 497
80 158
77 377
203 380
8 300
180 416
175 176
38 278
25 107
144 194
382 492
102 304
143 268
218 333
196 346
91 471
189 327
53 89
317 446
88 90
154 463
189 368
72 117
407 437
116 496
65 447
252 430
269 368
15 22
123 490
320 330
306 358
58 311
2 181
120 324
377 406
65 176
14 441
83 468
193 225
281 417
126 182
148 318
128 203
457 486
5 8
69 266
358 451
33 368
75 351
130 167
126 259
59 285
149 352
365 379
94 130
56 121
36 274
281 453
439 475
406 452
121 420
156 354
159 497
211 307
19 364
333 382
95 113
39 217
108 243
39 180
56 402
222 464
39 181
146 462
247 378
70 78
74 107
32 405
257 282
19 58
35 440
81 390
109 178
132 371
132 474
281 294
47 265
234 466
40 137
181 212
307 434
60 434
248 397
90 446
259 396
128 400
54 465
155 378
105 432
257 415
373 397
260 435
427 442
274 325
163 265
9 217
243 257
212 265
333 433
414 494
109 349
8 60
58 112
198 250
234 323
428 446
420 461
377 400
178 293
98 486
227 267
410 441
228 284
75 300
287 476
152 290
237 366
38 228
477 492
295 458
92 141
108 134
232 235
76 342
12 105
292 415
302 308
295 340
158 377
288 356
131 263
10 447
12 389
215 370
330 428
32 463
301 433
411 481
302 454
375 429
49 238
195 249
145 214
10 151
28 234
91 261
344 420
24 96
77 82
166 323
10 84
233 404
63 276
92 107
12 100
223 255
247 400
36 494
116 368
194 249
7 152
97 160
132 280
163 392
279 470
99 462
185 257
485 492
205 219
33 391
238 321
259 395
355 434
308 425
251 460
319 322
29 228
190 224
404 423
82 421
261 374
66 126
250 344
45 296
54 172
6 281
23 426
197 237
19 435
192 457
114 157
302 342
363 469
43 102
261 388
310 438
116 207
92 203
386 486
287 484
297 370
122 409
145 208
36 438
248 393
387 476
173 483
75 131
300 410
43 95
62 84
205 382
25 261
265 327
112 397
29 248
240 487
195 231
318 367
22 161
42 199
122 478
111 458
61 499
88 292
140 400
242 337
172 410
130 371
107 271
249 301
438 486
108 421
72 99
28 421
13 212
208 352
247 499
272 411
340 424
122 310
129 228
64 454
199 246
336 495
16 447
165 220
93 185
8 379
76 227
230 299
40 393
448 484
157 378
77 429
293 479
286 397
9 454
314 349
63 332
276 372
257 489
3 127
113 241
61 142
160 459
210 375
162 488
346 415
18 388
10 119
71 190
273 423
266 421
25 220
277 336
121 132
246 423
316 431
263 468
444 498
88 379
221 471
366 428
63 141
100 420
152 480
11 330
72 361
389 435
10 299
423 427
205 491
372 416
140 291
35 223
369 495
63 344
21 351
27 448
331 405
37 279
214 361
185 204
68 168
264 391
92 277
47 205
47 284
284 469
71 253
88 91
237 441
143 237
99 398
10 328
139 358
183 286
199 434
184 464
340 380
299 406
314 429
18 399
67 471
209 233
168 442
390 498
267 406
30 313
247 407
72 135
2 425
83 99
91 165
120 487
75 328
99 253
61 454
118 423
78 187
454 483
121 498
134 241
349 406
169 328
120 236
108 442
111 380
254 427
156 456
100 275
108 201
40 285
368 382
278 291
181 455
369 391
143 318
126 402
129 137
89 184
291 400
28 187
159 186
232 379
39 499
90 484
66 264
164 364
10 257
27 337
264 431
2 483
279 324
19 342
239 265
34 43
141 321
166 460
122 129
298 343
117 414
37 217
122 441
268 382
298 418
118 260
152 261
182 426
138 290
48 487
114 345
65 160
93 258
87 130
443 493
67 454
361 487
261 280
143 173
374 411
41 440
132 204
306 500
290 478
125 237
165 328
465 492
294 326
19 468
75 202
92 304
94 131
268 435
20 194
44 422
91 103
240 464
462 470
29 250
86 318
142 199
213 234
89 123
145 328
34 89
201 468
98 254
205 241
292 397
46 430
347 497
161 322
52 354
298 373
1 172
192 416
45 408
232 411
42 47
176 196
53 165
250 299
30 98
26 482
139 294
40 205
32 498
311 427
1 235
107 196
83 243
158 367
101 358
113 231
108 468
415 477
90 369
125 419
29 138
119 149
288 494
227 387
309 399
128 415
120 182
150 199
61 315
431 455
112 262
149 377
85 410
277 451
190 456
39 364
53 315
11 155
152 190
42 238
66 364
375 406
180 345
228 355
31 475
379 389
325 388
382 487
18 400
179 204
5 396
88 319
138 195
224 395
157 201
53 375
186 387
4 349
159 315
218 338
369 398
177 250
112 460
27 226
63 166
32 33
268 360
63 352
339 359
120 121
23 489
69 236
191 206
247 261
12 415
431 450
251 472
148 219
255 439
326 396
240 344
234 346
139 159
228 280
89 299
92 495
194 205
306 446
4 285
70 126
1 224
102 371
396 464
98 451
103 244
176 452
274 335
214 366
95 383
35 143
188 420
147 265
338 378
11 143
124 399
39 42
201 371
18 208
189 396
246 317
143 220
137 429
331 362
203 204
134 276
30 442
16 87
312 399
19 474
28 54
99 123
180 219
215 342
174 443
390 462
187 380
99 282
144 426
263 415
378 466
132 422
269 487
38 326
276 451
185 277
360 459
129 245
3 409
165 471
88 362
100 141
147 436
128 390
290 301
162 339
83 427
394 436
33 384
204 329
101 287
150 377
71 414
95 296
66 166
37 419
31 434
27 164
34 422
245 260
187 463
46 235
143 470
218 435
211 476
114 407
221 478
55 62
16 114
113 138
109 289
75 454
250 486
222 229
58 452
51 97
294 458
391 487
65 178
289 290
158 286
93 284
49 246
261 481
87 384
64 412
282 355
1 384
335 461
402 436
5 312
138 398
401 455
62 448
134 319
33 238
102 273
336 354
417 462
150 151
294 394
220 375
93 356
123 289
131 150
9 496
71 368
149 181
62 429
215 411
6 58
71 168
280 281
220 240
197 251
193 195
4 385
263 458
326 449
415 441
53 151
145 306
160 384
125 414
375 416
57 267
341 432
437 438
164 269
203 428
308 418
199 426
55 225
37 422
110 452
67 491
104 439
296 397
2 264
173 481
184 345
66 475
54 183
203 382
214 270
30 407
14 407
170 179
357 401
308 387
124 495
75 411
107 214
216 444
9 179
169 364
176 200
179 460
73 263
13 499
187 420
159 387
354 473
175 264
52 370
104 449
409 481
391 443
205 492
8 96
15 33
344 406
224 371
344 493
224 254
29 454
18 206
316 472
187 188
12 332
273 415
91 184
427 489
12 131
147 249
437 482
145 407
88 300
52 350
29 102
140 301
11 269
165 292
199 351
280 414
211 411
191 343
220 348
374 398
168 218
182 195
6 287
82 84
96 495
172 228
23 238
434 457
145 227
214 464
131 486
415 485
182 219
39 267
118 427
183 397
29 338
393 443
155 454
293 460
248 280
20 478
22 416
139 302
158 243
81 174
116 428
345 355
44 307
81 96
268 300
37 496
345 468
91 393
235 436
242 258
166 237
321 495
80 113
15 245
310 365
103 221
368 481
74 349
260 289
28 42
4 407
218 423
86 455
336 411
376 487
34 331
86 168
34 274
83 349
134 151
20 476
93 368
81 118
122 314
3 207
36 275
72 484
94 274
247 478
178 340
349 416
310 439
103 408
23 26
394 453
57 138
350 400
135 174
311 331
375 473
174 331
341 423
302 421
97 275
132 447
23 267
33 42
226 389
54 362
97 260
195 497
244 414
45 356
14 431
66 327
262 268
374 391
189 198
51 368
52 460
116 447
52 288
208 405
14 113
144 392
72 338
61 334
108 363
50 164
54 281
372 412
262 300
310 327
39 350
98 454
92 256
250 310
272 375
287 462
265 455
372 400
112 210
240 386
123 391
397 431
141 467
58 207
25 470
352 472
168 478
377 422
23 347
97 295
243 486
334 412
190 338
51 73
37 275
183 412
332 408
417 459
78 438
27 144
66 443
390 497
133 311
407 451
129 485
94 137
249 357
109 277
72 479
73 462
86 344
23 34
197 392
241 463
161 480
12 407
132 258
215 244
113 456
93 434
76 388
226 483
125 278
302 346
80 119
110 266
40 367
45 442
165 278
118 467
99 426
16 192
5 281
187 398
141 449
244 262
44 161
202 229
179 500
20 287
52 137
27 340
4 87
384 456
2 104
157 380
34 476
87 322
120 270
107 353
15 240
48 171
55 239
430 462
168 193
129 372
13 225
116 189
350 394
30 59
303 314
91 383
40 311
100 247
39 151
59 142
186 314
125 425
240 368
339 414
8 324
66 179
200 264
208 278
13 91
86 115
278 444
66 242
2 427
366 487
96 408
27 208
18 289
153 392
315 444
111 317
86 471
224 382
179 250
5 211
43 45
197 489
203 292
276 467
208 476
339 470
384 400
214 300
284 464
287 388
308 451
53 499
337 481
181 322
137 453
216 440
197 282
123 211
194 386
129 449
288 300
196 240
63 135
8 46
79 182
343 458
200 287
172 454
325 422
468 476
95 373
413 464
102 420
153 435
115 389
7 293
59 296
211 294
1 332
403 439
178 248
258 459
43 226
52 87
345 438
109 111
204 406
65 460
138 206
387 408
373 396
59 245
418 419
211 378
94 469
53 114
16 108
47 368
56 138
248 398
32 307
176 230
111 370
62 347
405 415
19 52
98 430
93 214
283 449
314 435
201 331
202 292
85 368
309 373
44 378
82 191
361 436
121 291
63 189
371 460
27 348
76 158
162 253
33 356
75 195
225 238
99 302
120 390
147 235
250 497
68 487
85 391
235 452
60 134
6 391
203 460
306 320
36 482
422 426
92 400
448 468
41 75
150 485
105 172
378 419
135 252
41 110
29 444
302 347
185 450
348 471
241 464
463 490
217 493
409 428
61 257
53 460
242 247
18 59
64 434
178 186
59 236
135 169
80 94
144 299
312 367
391 425
418 463
193 325
101 169
206 485
207 257
127 148
140 168
161 208
73 139
64 102
207 339
119 440
150 447
151 191
326 415
95 413
94 422
196 322
160 195
110 372
60 345
77 185
83 265
29 114
436 496
19 362
14 354
29 449
80 449
342 486
70 391
11 174
161 439
68 222
41 152
52 63
50 394
175 346
96 152
79 210
81 475
208 344
326 371
311 409
190 438
7 237
5 219
38 103
227 372
95 319
261 390
15 247
97 113
373 412
211 264
108 385
256 314
303 347
34 281
27 191
358 489
379 399
8 118
30 370
83 89
214 443
127 149
205 451
386 429
29 93
112 239
417 483
294 315
156 209
135 224
319 356
377 499
52 86
191 347
176 497
36 125
244 405
66 101
99 266
106 416
93 218
432 472
29 331
102 278
12 83
101 396
48 302
118 463
7 100
380 391
375 475
16 166
222 390
123 127
58 183
93 138
32 107
178 264
176 494
127 212
139 331
18 217
388 420
24 394
297 434
123 146
138 489
232 253
17 19
99 454
27 489
420 462
229 412
166 273
94 390
449 489
143 246
13 461
216 473
107 355
51 314
50 249
221 302
8 246
114 438
327 330
284 290
66 355
126 432
274 396
154 289
39 354
27 209
332 334
24 43
274 486
37 350
334 466
22 294
274 401
107 150
118 394
271 446
276 284
384 408
440 454
292 444
53 82
152 495
438 480
393 416
115 188
270 274
47 90
98 240
119 353
109 457
51 384
279 394
298 442
96 382
401 477
81 219
12 486
147 295
139 348
13 448
75 236
322 450
42 451
51 357
88 341
165 315
111 287
150 157
144 447
89 491
102 500
228 466
175 317
216 391
477 489
18 239
114 348
50 221
9 197
338 345
40 313
402 460
107 192
309 383
199 432
22 313
71 81
151 423
283 363
324 371
225 433
105 422
91 219
335 422
69 217
19 184
12 149
33 236
291 402
227 395
295 334
23 252
142 326
48 190
253 374
340 492
88 195
336 476
294 337
119 470
316 395
229 311
210 240
63 187
355 435
274 296
111 440
455 475
138 367
271 366
413 463
93 452
399 477
172 293
198 387
22 262
239 383
293 444
345 407
292 360
236 348
201 417
162 430
352 401
283 429
183 428
22 168
6 326
88 194
250 462
106 248
56 440
231 471
42 424
5 108
23 498
314 441
243 312
290 354
405 408
182 220
32 68
291 416
18 92
96 112
19 66
155 477
133 450
120 148
364 423
227 244
150 419
179 198
454 489
25 169
287 465
159 388
23 184
231 399
136 274
8 354
368 395
308 325
143 176
32 154
46 202
7 499
76 474
85 316
146 208
189 483
63 489
141 210
204 453
151 327
225 428
94 134
10 130
371 379
163 277
23 325
15 95
300 419
144 359
155 312
95 429
291 486
29 135
218 296
152 401
312 366
27 349
462 469
100 256
101 404
76 147
12 20
368 497
189 255
197 415
171 200
244 259
283 385
30 106
370 382
259 289
195 295
211 405
66 310
121 211
215 482
414 448
266 407
235 290
187 219
121 173
23 311
79 81
168 384
31 314
474 487
35 134
188 302
428 498
212 485
300 394
213 252
87 324
191 341
109 481
71 293
275 358
39 345
216 221
249 474
436 456
283 344
170 303
65 357
257 446
149 442
315 370
110 360
1 313
145 335
44 447
78 149
243 265
49 347
318 484
52 347
214 338
186 341
15 231
179 269
171 296
46 100
17 68
273 286
268 328
337 365
210 367
71 177
21 290
40 280
399 451
237 489
132 213
86 370
101 493
12 312
301 382
119 437
90 428
160 437
34 172
99 402
132 261
315 458
394 448
258 405
231 457
90 492
81 378
385 463
66 484
46 334
345 410
81 479
380 406
373 450
197 199
35 487
247 449
339 497
96 251
12 310
443 467
127 424
311 444
20 66
103 453
182 298
26 260
39 394
15 196
375 421
291 350
58 420
73 387
163 244
248 338
114 306
77 227
70 131
167 274
1 276
100 281
212 346
39 272
306 380
210 453
174 318
25 315
85 310
100 446
82 167
156 411
225 476
218 349
186 224
305 465
210 239
121 292
74 483
218 495
100 267
67 463
143 485
307 314
409 471
89 190
102 356
374 419
82 200
288 377
176 454
146 373
71 378
19 222
24 252
193 410
9 195
52 273
186 392
99 130
432 475
111 425
377 474
161 358
5 327
357 423
139 453
37 440
351 483
367 446
22 339
421 478
39 385
68 337
263 316
250 393
20 79
162 201
302 427
136 430
141 480
21 474
156 267
95 269
426 432
135 428
143 340
14 366
169 257
324 360
303 490
68 198
72 205
269 357
58 114
378 427
217 282
135 267
2 50
476 491
65 330
106 178
198 411
171 454
321 471
117 442
139 152
43 427
297 477
414 428
473 483
99 374
277 475
35 430
181 451
217 340
223 479
243 459
443 444
294 435
139 149
108 217
436 446
19 395
138 267
32 174
49 80
3 50
87 104
182 208
268 275
52 255
61 317
201 252
97 196
322 324
63 446
105 233
5 471
93 235
209 286
176 398
65 322
13 321
250 454
142 490
421 472
449 451
130 389
171 437
15 187
171 324
84 276
141 418
134 245
370 478
124 293
191 398
100 242
123 129
359 393
184 409
164 302
227 421
196 331
200 308
298 371
166 487
249 362
441 449
29 309
47 241
318 324
197 313
192 495
103 218
187 213
206 489
208 328
209 385
46 498
59 173
312 419
184 302
147 301
24 432
222 335
301 478
5 374
285 436
98 136
56 340
88 423
305 422
177 355
270 344
33 50
164 496
132 164
23 302
344 357
113 366
362 432
25 341
244 299
5 104
68 336
44 75
162 384
181 375
40 158
241 369
388 478
342 370
20 200
48 220
184 489
389 437
143 316
223 307
188 260
151 362
17 20
305 388
357 381
74 445
133 271
337 341
253 317
292 358
72 408
457 471
11 310
356 447
36 123
143 486
215 368
99 339
41 307
16 198
260 346
48 56
427 462
21 159
26 166
14 81
75 369
24 135
422 462
156 301
31 421
234 468
30 217
70 383
220 488
13 365
87 166
17 43
229 464
184 210
53 220
166 171
111 120
50 156
265 326
118 400
174 264
166 371
194 198
375 438
57 249
137 455
118 251
8 200
126 344
297 497
102 434
76 196
123 208
54 315
270 467
162 306
8 230
220 322
64 311
299 344
110 301
107 149
405 431
168 233
146 392
275 464
111 330
308 434
9 491
37 465
104 276
419 423
179 389
171 289
88 490
385 390
180 383
22 455
192 384
7 96
69 104
182 488
240 333
114 215
145 217
2 276
95 327
54 321
44 324
197 494
38 286
223 306
185 335
225 455
376 483
136 452
10 279
256 415
82 420
127 188
189 328
253 326
352 371
330 380
160 341
304 368
196 264
45 132
301 366
98 132
3 362
158 222
180 209
195 272
54 384
83 470
234 472
89 405
375 432
261 281
88 461
147 388
353 370
81 379
276 369
52 177
104 168
18 322
199 430
185 216
422 435
106 154
259 360
85 218
271 393
339 467
288 491
27 121
121 184
120 357
69 244
292 425
154 182
151 426
147 404
37 211
43 488
42 100
108 419
180 442
132 292
30 38
40 445
9 85
74 451
44 64
145 180
249 404
307 495
474 497
85 456
50 314
246 459
238 494
30 455
194 219
139 392
333 363
305 360
227 271
133 383
363 454
344 385
50 332
31 120
44 355
187 214
134 262
312 436
137 148
93 337
243 332
168 244
267 431
387 468
125 366
89 240
413 446
186 349
102 331
406 464
32 438
24 387
60 330
34 348
48 84
142 256
102 432
28 96
124 477
211 374
166 348
37 365
48 301
17 489
111 210
166 265
257 419
238 429
242 499
299 353
177 383
46 485
312 440
175 214
46 133
17 215
73 418
262 481
6 378
273 419
291 451
196 408
31 142
65 212
1 345
15 486
3 247
167 482
28 233
62 451
283 366
261 486
12 163
385 493
14 69
74 471
19 147
43 265
192 332
123 375
256 299
6 156
11 246
64 144
86 331
152 266
274 441
12 488
119 468
53 150
269 493
97 322
231 352
173 284
275 496
239 242
49 442
161 486
44 489
160 215
186 479
306 394
10 315
177 279
62 459
120 399
2 338
91 286
100 398
179 385
275 353
307 386
74 401
303 465
44 120
342 437
194 433
47 214
114 461
30 114
196 467
172 355
113 262
183 216
65 71
307 471
131 370
270 336
191 329
37 73
395 424
172 389
91 495
186 305
55 169
33 78
318 464
86 147
495 498
13 199
31 117
94 403
110 429
8 99
126 235
349 482
129 380
80 484
179 218
228 309
406 420
14 254
204 433
423 442
100 479
174 230
49 305
349 360
404 448
368 431
195 241
246 284
50 74
81 392
176 291
52 381
28 308
12 451
67 99
107 455
21 388
174 407
37 329
221 435
371 472
379 485
84 298
151 399
240 353
183 297
333 473
83 207
346 439
45 310
100 166
155 422
220 231
27 364
378 400
367 407
72 128
12 309
115 133
26 163
251 448
138 305
109 288
354 423
112 190
35 347
208 480
113 255
121 412
253 321
140 384
76 476
295 406
230 256
418 451
191 372
281 402
86 339
215 225
29 337
36 87
53 116
149 163
237 393
269 488
48 343
15 140
64 316
301 346
37 241
121 378
448 461
287 486
61 115
312 326
95 490
36 136
13 398
367 398
163 249
307 355
303 352
177 275
66 487
362 441
354 413
280 315
133 286
56 305
178 349
323 443
52 337
333 367
45 66
203 356
141 384
154 352
21 34
171 412
87 409
287 328
227 316
231 461
37 285
183 390
295 434
10 161
179 445
128 169
294 378
201 272
237 485
23 296
332 451
202 463
192 487
158 469
319 404
44 298
357 490
276 286
191 493
19 112
25 426
17 119
6 32
226 382
260 366
57 495
54 60
168 364
84 171
169 419
43 120
218 361
392 444
323 479
106 141
67 175
382 491
353 484
357 436
233 473
119 496
223 253
129 261
61 451
127 223
252 417
142 154
188 458
82 171
145 232
88 368
6 39
437 452
193 339
285 336
108 299
118 130
420 434
250 333
360 420
99 498
3 499
31 177
24 482
136 165
7 286
212 488
332 469
54 356
157 414
54 167
228 313
164 425
134 209
80 107
398 490
65 92
142 307
275 330
7 110
368 417
29 153
38 156
127 401
172 385
270 360
43 498
367 408
200 309
66 232
75 316
408 430
273 300
26 100
124 263
46 92
39 444
98 309
27 79
133 490
71 476
80 362
36 459
31 143
195 220
80 133
306 464
311 350
296 396
92 197
5 389
285 428
62 352
369 480
182 376
396 462
138 399
180 365
126 437
273 299
130 367
101 223
155 225
393 489
41 120
5 273
21 24
122 295
271 447
342 401
232 339
158 270
103 260
86 215
86 143
401 454
139 293
318 410
295 372
80 489
267 298
60 155
171 183
144 277
62 387
237 275
75 293
92 195
314 374
39 195
243 414
123 352
237 474
220 478
17 498
312 391
176 477
413 493
8 237
224 272
21 331
438 481
38 72
4 100
43 395
153 280
51 468
3 74
353 499
86 274
107 135
151 270
154 259
33 465
137 367
217 303
213 319
200 436
284 436
349 413
113 427
61 397
328 494
116 421
30 152
113 460
44 78
110 113
324 329
41 485
122 159
41 212
171 460
368 400
135 232
336 409
291 326
36 150
2 16
332 466
166 172
268 288
226 265
183 456
119 164
462 500
140 251
35 49
46 193
84 384
107 189
53 498
210 254
420 439
90 426
3 157
135 290
279 365
34 333
27 342
93 490
146 395
100 204
350 441
113 358
93 411
276 338
265 330
174 296
82 274
110 135
69 441
115 142
116 345
185 329
245 294
349 424
258 382
213 275
311 313
4 351
70 477
102 140
263 374
101 238
187 340
9 200
124 228
73 180
187 322
8 209
287 292
28 418
7 156
124 465
187 500
383 397
200 234
264 265
45 482
97 263
16 55
104 184
100 215
68 132
60 335
97 206
44 380
282 300
100 315
86 174
348 397
54 377
210 399
102 484
271 419
62 401
186 262
49 140
114 267
113 220
365 464
65 361
234 327
84 229
91 191
435 458
137 402
49 295
58 490
331 397
169 251
239 407
108 348
393 495
114 291
89 349
390 450
104 277
140 352
1 11
357 495
280 407
27 306
29 396
62 222
105 371
22 28
302 366
228 457
30 327
181 231
194 272
110 249
19 241
295 305
134 153
38 39
47 352
119 362
224 284
237 279
227 440
247 296
72 413
482 500
89 318
246 282
245 255
45 400
77 399
76 459
150 185
60 192
110 256
411 450
19 351
10 500
6 151
329 383
73 160
166 461
335 468
394 459
17 388
64 171
249 500
16 419
74 232
140 309
268 464
290 392
129 257
1 189
103 448
400 485
141 451
6 224
10 459
23 62
331 427
177 428
375 489
445 450
311 393
4 260
281 293
174 319
159 399
35 292
38 73
106 112
403 445
63 331
215 228
6 97
350 358
366 473
312 433
188 343
52 364
381 395
105 161
51 359
49 359
30 468
156 259
94 239
356 362
166 447
109 317
165 311
201 476
25 299
264 406
21 272
323 410
305 450
353 404
40 455
82 424
29 60
308 489
363 398
232 474
475 481
376 400
171 425
201 301
47 285
241 311
294 308
13 488
71 466
303 327
17 182
13 122
212 365
177 463
10 398
468 469
18 283
22 331
16 211
11 281
313 500
98 176
333 481
54 347
88 256
118 363
13 203
129 348
10 429
417 487
58 457
231 266
112 386
86 101
46 99
64 483
60 414
130 418
322 351
246 347
44 49
208 336
195 199
376 488
216 475
13 28
253 318
191 406
207 301
319 417
220 392
57 338
271 405
149 151
249 353
333 350
264 382
21 135
427 499
226 440
26 40
34 187
223 374
249 429
54 323
253 491
260 489
132 486
359 413
69 352
363 367
355 362
320 363
89 147
145 332
370 471
191 387
102 230
170 177
38 363
92 223
19 462
2 378
11 74
236 483
65 114
45 373
81 472
100 165
56 433
167 416
272 310
115 265
64 76
39 237
20 458
364 428
180 497
70 151
403 413
252 330
34 155
190 400
183 243
136 339
187 308
245 419
129 280
424 426
151 321
84 191
192 295
153 394
292 385
204 457
26 232
152 414
123 494
99 194
93 178
192 236
173 236
372 448
220 446
182 459
217 351
223 285
72 236
95 284
254 448
12 359
7 166
154 431
43 356
369 463
171 263
44 217
256 323
102 260
40 403
380 381
335 447
81 233
32 499
426 462
16 432
279 375
103 301
189 435
270 307
228 232
262 445
257 476
1 47
65 122
13 391
102 213
114 399
240 412
444 472
97 100
48 175
121 405
113 307
244 310
257 333
228 306
165 249
266 447
337 434
46 324
106 360
57 325
145 295
130 321
77 287
105 344
224 455
15 98
253 316
201 309
65 220
260 424
80 308
83 445
407 414
6 489
131 378
371 494
55 255
124 197
394 451
58 201
202 242
9 92
298 354
327 359
28 385
271 318
148 221
405 435
163 485
27 305
340 469
301 388
52 375
8 367
34 369
216 308
152 478
77 379
123 421
67 188
154 458
66 132
7 391
308 455
61 305
316 324
85 171
405 437
78 350
21 63
187 410
79 153
293 337
316 322
43 243
180 413
90 163
9 333
148 149
55 357
45 365
42 103
129 323
201 290
124 308
275 298
116 443
134 430
475 500
75 250
44 415
349 359
59 73
10 276
86 172
240 460
72 463
114 418
243 343
155 220
227 475
263 266
75 274
68 352
14 461
111 167
185 453
238 240
6 470
121 160
390 395
271 392
192 293
132 385
10 41
57 72
78 145
181 494
330 363
121 369
85 211
51 318
388 480
23 158
27 403
187 433
65 207
41 123
332 359
96 377
305 368
140 474
391 484
274 400
66 500
320 477
302 399
129 377
260 375
49 203
209 243
40 443
269 322
124 415
48 374
107 171
120 480
104 334
314 415
115 176
97 465
312 409
246 280
211 361
207 411
132 162
326 424
14 249
107 230
301 430
95 417
210 413
282 479
361 382
26 209
9 349
379 407
104 464
224 466
80 167
362 467
99 476
459 488
144 155
95 313
303 468
46 454
306 330
6 25
275 455
130 297
11 305
202 295
132 443
261 466
442 443
43 251
247 431
90 158
266 477
150 166
8 259
372 376
52 394
79 471
21 103
152 305
128 245
397 417
114 483
208 326
221 360
100 238
317 394
2 295
356 400
130 253
299 468
37 307
384 449
432 486
142 252
56 102
140 441
50 362
231 469
146 478
406 450
389 417
66 127
275 456
130 157
252 370
5 272
59 90
449 478
266 267
170 372
231 342
37 283
214 398
399 475
142 421
83 305
120 429
271 388
170 232
29 351
192 250
2 243
110 287
240 427
3 82
101 307
293 474
258 463
85 143
16 279
334 458
23 193
304 495
104 290
61 276
189 489
19 500
63 498
449 485
16 403
366 470
42 120
183 232
40 180
69 222
396 485
299 316
171 464
176 448
287 432
282 306
163 363
386 478
335 401
347 421
127 319
36 480
45 420
479 482
192 485
5 44
157 290
332 371
143 297
192 431
106 143
45 161
75 179
43 175
10 395
356 398
52 55
263 305
176 361
36 45
35 467
220 428
302 376
116 260
248 449
356 446
173 462
289 345
40 453
381 428
8 260
229 246
13 496
467 491
9 329
9 430
62 395
242 282
253 397
311 486
131 164
31 291
133 458
34 437
129 215
410 424
184 217
47 401
448 465
289 356
6 338
233 445
111 415
75 489
271 471
278 431
427 457
180 342
278 425
6 385
234 250
52 449
360 387
112 175
220 462
28 367
11 312
397 496
173 307
107 187
91 243
38 297
55 486
396 418
172 254
147 226
325 326
158 227
9 173
457 498
56 334
87 455
278 366
297 470
127 422
52 161
355 474
486 499
103 157
407 434
350 490
26 282
219 448
37 385
6 312
195 358
239 329
408 443
91 209
163 203
115 144
20 450
142 423
324 465
51 267
254 341
195 471
93 429
292 340
146 275
149 362
7 116
56 289
90 178
382 418
118 192
310 410
78 419
101 324
14 214
71 276
395 475
142 286
152 466
113 239
38 229
23 121
9 125
167 256
122 460
1 214
295 405
64 344
40 370
115 297
124 171
218 395
159 327
277 353
403 450
465 469
77 111
194 232
29 381
325 487
222 460
329 455
124 226
182 385
84 231
107 155
292 388
153 359
73 213
168 460
142 383
84 412
216 426
5 133
5 183
6 43
101 301
304 418
159 376
202 323
106 329
242 275
21 248
170 214
355 481
57 326
55 172
328 408
375 492
23 330
274 300
62 348
81 152
287 394
190 193
138 159
170 497
190 333
379 462
91 475
184 370
208 399
330 455
124 481
25 446
236 318
191 427
159 489
305 365
262 295
40 151
170 475
6 339
373 483
164 458
20 311
131 438
177 418
146 349
76 247
98 372
92 168
76 285
297 365
390 404
33 349
210 312
95 489
253 287
77 104
293 449
397 434
223 256
33 252
10 421
22 52
321 395
204 351
88 263
103 395
155 426
182 418
268 379
89 224
220 326
21 23
329 354
172 310
34 326
105 491
69 433
81 496
6 254
411 414
73 484
125 138
263 296
177 409
117 390
130 402
250 276
129 328
31 99
253 298
68 423
5 354
154 341
31 404
23 94
184 350
319 454
161 263
127 373
202 223
12 248
3 48
91 303
464 482
172 456
157 379
171 470
346 429
312 425
14 250
209 305
269 361
246 286
138 442
236 308
137 475
203 268
83 137
396 459
178 374
160 352
23 318
2 7
56 144
34 133
153 409
42 493
252 419
276 432
126 212
175 188
334 337
33 296
209 345
228 376
128 334
84 340
406 463
222 251
157 344
113 120
50 80
77 479
15 112
359 397
340 430
111 348
69 398
41 332
84 287
105 482
246 400
43 314
272 402
15 297
38 64
368 427
118 438
84 262
55 407
84 454
267 415
34 216
31 32
121 478
82 362
166 188
11 206
296 485
103 355
50 296
390 432
12 39
19 187
175 331
165 476
120 426
56 218
58 329
169 178
31 470
149 359
68 468
9 135
251 479
188 378
131 446
139 233
108 263
26 480
106 212
66 177
207 475
100 301
148 153
27 423
257 389
27 362
125 370
31 491
240 308
35 376
157 227
42 191
186 361
285 361
438 446
323 452
134 160
15 396
41 44
204 299
156 219
157 465
275 481
410 466
14 271
148 159
411 471
191 200
209 376
42 437
94 155
281 412
119 238
328 329
398 466
337 364
258 495
170 333
160 411
296 415
233 305
59 280
308 329
22 335
279 461
84 96
63 233
133 244
456 476
209 366
276 418
201 283
19 433
191 362
59 312
429 430
361 473
97 181
34 227
30 209
126 351
22 463
351 452
21 493
67 447
451 473
214 251
4 264
162 419
252 450
373 424
50 493
317 406
296 481
33 337
282 443
454 463
243 295
27 281
294 427
199 341
379 381
127 349
171 185
281 436
14 142
34 181
116 362
317 462
281 476
198 207
22 230
442 494
124 252
70 85
132 255
47 222
37 60
17 224
391 481
113 314
282 404
177 407
3 246
50 137
51 107
412 476
253 386
343 410
189 478
67 191
13 166
347 413
135 451
12 148
93 351
164 212
102 160
437 449
362 456
24 328
243 358
103 245
62 273
10 186
247 389
75 143
185 250
345 415
21 102
55 227
112 195
181 406
149 215
200 483
352 406
349 481
286 362
150 468
220 323
7 161
149 499
144 278
253 387
182 447
32 471
262 276
323 342
283 440
112 362
125 387
237 381
235 338
11 59
118 266
230 323
179 255
135 150
286 490
327 355
255 257
91 294
133 371
175 391
220 250
98 149
195 323
36 47
210 474
271 352
121 417
16 439
374 422
345 466
175 496
300 405
425 456
111 292
294 430
401 412
142 432
11 425
45 102
276 494
119 176
23 468
16 394
219 365
193 374
111 482
19 399
193 311
314 398
119 172
254 303
274 426
143 230
14 233
180 407
275 480
4 298
120 314
321 353
168 270
204 418
160 340
196 498
88 437
116 267
152 166
56 404
194 483
155 476
142 482
173 202
43 230
203 244
284 401
373 446
31 418
217 247
167 370
23 163
350 469
328 379
95 464
395 405
23 320
149 465
56 193
198 263
68 270
33 380
6 54
338 440
363 494
91 320
110 341
24 214
139 140
127 416
216 375
20 404
244 364
87 276
207 246
303 448
209 221
189 418
243 397
331 450
79 415
101 240
41 437
181 407
226 247
296 356
202 261
56 386
93 121
155 386
3 325
132 314
13 471
42 148
286 403
158 321
154 233
144 265
55 372
226 394
476 497
248 355
112 339
395 454
57 242
359 464
12 368
28 321
266 451
191 233
178 278
426 471
47 452
150 266
269 303
63 396
207 396
92 108
165 194
67 108
100 220
205 254
394 400
234 239
100 261
199 306
50 356
34 284
140 144
153 245
182 314
285 458
296 339
57 118
213 336
210 409
229 419
29 489
157 487
176 238
7 98
100 473
307 312
352 436
19 230
88 262
36 472
293 375
173 216
6 386
204 304
89 116
154 168
212 393
147 213
305 408
108 475
126 308
10 319
207 447
395 496
19 332
100 406
144 174
377 469
70 356
273 461
233 416
70 222
238 468
447 460
20 148
263 329
128 173
341 452
302 476
410 415
104 125
248 262
70 438
149 231
237 362
402 446
145 187
286 327
64 231
361 434
188 387
109 499
12 183
481 497
311 460
27 244
14 290
253 376
67 100
329 340
208 491
148 207
129 170
16 270
299 387
187 366
68 343
89 229
299 315
155 438
264 421
169 406
64 258
240 245
338 354
144 181
211 486
230 350
61 100
243 299
136 301
39 392
160 410
223 290
45 394
19 257
164 187
283 328
202 228
248 250
94 358
16 164
130 360
169 453
25 466
46 364
264 344
5 427
114 433
221 301
132 184
94 335
24 220
243 313
325 469
261 369
277 403
32 66
223 305
65 329
345 359
253 366
168 195
216 412
127 344
149 196
37 58
347 386
115 359
212 452
16 168
90 215
317 473
52 183
81 457
279 469
138 426
40 405
114 146
119 408
98 306
238 239
244 444
39 140
149 398
106 357
218 320
197 399
177 370
223 288
59 303
406 478
31 233
202 409
252 296
180 366
431 477
137 193
69 84
300 463
217 482
351 413
186 481
67 254
268 303
44 455
356 402
270 399
6 248
278 500
322 458
221 444
385 483
258 299
355 394
468 494
75 467
315 328
247 282
313 448
132 498
177 438
289 465
289 303
46 402
62 409
88 392
359 448
129 173
149 315
28 495
108 457
30 287
470 487
177 494
100 128
400 430
198 252
136 442
135 382
121 482
458 497
92 341
292 321
73 431
2 240
149 319
57 97
343 359
9 427
60 498
332 493
382 488
22 405
217 403
337 463
2 467
168 326
19 192
138 440
131 290
136 402
166 421
320 360
24 51
279 339
70 450
222 385
259 373
33 209
55 498
87 293
268 497
1 128
195 239
144 261
78 343
187 388
5 480
161 464
71 88
246 377
196 482
69 283
108 418
56 398
178 200
233 343
419 460
7 394
271 333
15 82
140 486
128 196
76 473
209 213
320 333
39 43
367 491
32 373
251 383
32 245
32 423
181 290
154 166
169 355
220 472
128 498
19 117
68 160
315 380
66 343
259 489
15 497
277 285
375 427
6 456
11 196
13 20
149 272
13 478
351 443
155 343
78 213
171 300
59 140
41 337
194 239
56 452
151 496
7 11
442 478
113 169
146 150
401 418
10 134
289 411
17 321
263 388
269 381
255 366
353 363
267 450
55 134
361 362
10 118
275 327
37 186
51 76
100 454
335 436
2 438
12 323
203 366
394 414
3 42
78 208
41 269
313 386
128 457
67 365
193 421
211 396
82 306
54 445
267 280
7 270
332 349
143 275
101 292
453 463
44 132
136 292
172 280
62 132
329 358
63 250
137 474
24 31
302 497
27 56
87 296
64 149
256 324
188 413
38 484
202 262
219 491
79 109
75 99
234 253
434 489
82 374
36 218
43 276
247 314
179 473
189 388
63 175
43 109
281 329
143 197
219 439
65 253
403 492
270 401
43 147
43 90
319 369
59 281
287 466
182 390
329 429
11 63
363 380
19 203
372 492
5 462
43 459
132 197
194 298
355 399
69 170
200 472
103 158
51 381
147 415
19 344
77 398
3 32
10 452
65 475
132 383
228 296
145 372
306 482
298 450
151 232
50 425
161 477
308 373
211 403
264 377
67 269
218 238
106 404
227 239
316 432
372 417
297 382
47 140
329 442
16 30
335 488
6 53
270 319
472 473
172 441
110 338
107 381
263 355
59 301
375 482
86 460
112 500
149 394
56 178
38 432
351 356
430 476
319 337
232 455
351 492
125 266
159 245
176 195
128 329
98 478
218 236
487 493
65 252
264 301
1 223
26 253
208 364
4 279
81 283
22 250
44 473
312 466
18 270
290 455
135 211
5 55
243 418
86 486
163 258
125 464
45 476
322 417
20 198
264 420
38 354
225 230
240 475
299 380
138 477
161 451
189 423
3 254
257 447
123 288
235 498
139 343
39 314
253 402
396 476
82 226
341 467
303 363
185 240
21 22
185 232
128 438
331 492
62 484
11 55
195 250
136 465
240 262
72 112
191 388
143 386
46 350
108 196
99 375
186 234
26 328
148 422
95 459
116 142
358 477
2 116
197 487
140 385
83 404
230 244
22 242
46 56
255 326
147 153
262 451
392 419
5 400
111 443
27 89
204 233
87 341
101 228
10 301
81 135
117 277
174 255
8 380
350 370
124 254
251 339
295 470
127 345
30 400
126 264
297 341
67 226
60 282
224 424
214 229
16 410
222 336
61 76
59 135
211 383
134 485
186 364
141 173
199 223
83 224
432 453
71 336
253 468
338 434
48 270
257 355
31 363
166 290
202 337
335 457
61 170
231 452
475 477
309 329
220 433
111 272
175 326
278 415
230 372
400 414
141 222
101 444
9 265
234 415
378 456
444 483
211 439
104 468
22 376
97 319
48 316
425 457
29 145
110 281
326 338
79 218
192 287
346 434
303 342
271 459
32 486
212 402
256 305
238 477
187 278
62 479
163 499
38 169
22 321
195 389
90 250
246 446
202 316
360 395
9 15
54 190
197 228
123 474
239 405
305 325
30 87
289 401
290 363
335 338
280 311
175 231
64 226
300 492
108 498
32 303
383 466
4 142
254 296
149 301
166 428
412 441
37 133
257 433
465 490
167 428
8 161
111 154
177 480
204 248
149 348
315 475
188 247
158 352
56 456
175 210
328 409
202 340
232 250
311 430
101 217
130 190
258 369
169 267
252 262
69 420
118 342
134 217
37 122
259 333
203 341
12 134
158 208
51 341
129 498
167 395
73 89
38 424
194 389
213 400
133 190
126 197
207 317
175 237
122 220
25 43
218 270
21 101
343 433
119 233
335 359
101 495
172 411
112 194
7 50
5 285
64 262
265 434
35 352
204 480
247 408
216 272
257 457
209 329
98 361
180 475
182 431
339 450
415 456
281 415
306 335
128 444
13 189
17 88
67 88
310 405
64 126
443 471
245 452
145 287
30 58
117 299
16 36
203 333
12 37
54 226
266 458
112 288
290 341
286 337
452 475
191 210
43 196
265 474
103 304
61 436
68 131
93 298
348 358
343 489
183 322
169 302
290 495
233 298
83 337
272 340
77 490
126 494
171 365
44 184
352 473
273 321
102 111
15 489
350 372
174 340
178 399
353 392
227 235
26 165
7 26
52 333
5 71
78 319
379 394
8 224
253 348
113 159
13 50
327 416
86 429
28 92
283 391
38 329
195 273
255 361
86 210
69 288
158 479
373 492
296 433
366 467
63 480
91 155
43 399
162 372
281 378
252 290
289 302
154 489
279 304
295 441
326 398
400 419
228 316
264 340
146 147
76 378
6 382
204 441
32 168
407 477
179 207
86 170
67 286
16 92
46 391
64 223
62 325
170 477
334 438
187 383
206 466
224 458
65 403
100 324
8 423
18 293
270 453
29 111
19 339
306 402
144 259
24 289
109 387
26 303
158 272
199 290
185 281
21 171
86 315
112 440
228 320
294 342
95 185
381 404
321 387
383 405
218 479
5 168
331 419
73 146
21 471
41 178
116 229
18 93
348 484
235 408
37 332
102 194
346 383
188 344
105 458
61 350
19 368
95 241
62 148
86 466
13 497
63 109
229 369
293 371
152 280
232 430
259 423
171 366
161 181
76 140
78 108
266 280
23 97
403 432
314 316
237 284
224 350
64 152
7 325
20 454
21 155
118 304
93 328
257 272
217 322
249 475
70 177
65 435
409 458
400 437
182 315
189 392
344 476
92 296
427 433
382 448
218 293
362 474
36 43
285 451
163 268
213 339
420 477
342 443
155 319
473 479
209 499
17 35
421 442
149 332
209 456
334 470
313 487
247 335
80 413
376 469
188 231
352 405
349 425
132 359
204 482
192 454
67 303
143 481
240 482
105 446
311 482
43 144
434 456
15 447
312 316
322 434
366 481
182 345
204 456
208 413
214 324
174 224
305 351
293 475
120 188
277 350
84 339
9 62
477 497
45 142
123 186
71 478
342 474
29 72
156 340
133 459
5 157
183 414
79 112
189 200
73 327
233 395
3 184
350 406
162 194
34 120
143 405
9 120
191 213
274 357
99 412
371 489
93 246
98 458
292 418
19 51
96 483
216 287
62 453
126 167
166 326
31 464
91 265
120 383
221 477
370 400
242 292
40 161
360 427
257 430
176 233
228 282
238 391
135 496
288 463
119 283
121 444
72 376
148 196
193 226
61 382
271 497
122 455
154 196
430 481
311 490
74 222
183 300
395 432
281 435
314 360
60 451
78 125
229 429
145 414
314 356
167 317
301 402
114 167
400 464
56 238
206 480
209 321
54 205
172 470
194 499
336 435
11 433
43 57
80 485
464 492
456 460
144 420
77 296
178 244
80 278
131 156
66 471
73 190
79 118
43 143
160 396
114 495
206 470
37 452
19 124
10 174
102 409
46 332
62 362
87 171
25 331
292 455
46 215
24 56
79 279
230 232
73 430
86 340
155 213
338 398
210 398
289 340
327 449
372 410
20 117
63 316
458 484
156 381
365 410
234 277
148 364
121 201
145 218
88 466
378 385
39 476
394 416
279 439
66 249
351 379
83 367
146 340
247 350
34 368
17 49
292 376
130 189
15 259
217 382
263 350
186 452
207 449
221 330
105 193
6 396
149 392
13 165
54 319
159 194
262 355
54 436
35 254
247 451
48 339
228 377
237 313
71 131
124 175
242 385
305 342
149 174
101 149
113 136
53 366
236 392
170 315
373 425
72 426
48 421
299 476
222 316
58 229
144 206
23 332
36 155
72 140
379 469
379 473
131 343
270 397
130 487
170 255
225 405
329 446
299 336
217 299
161 407
57 449
422 486
55 174
72 102
26 338
31 342
311 478
3 56
87 286
372 418
26 479
314 416
157 400
125 328
37 354
134 286
13 279
64 374
145 230
47 418
27 309
93 305
36 69
75 239
268 447
257 386
148 434
23 391
107 300
278 430
89 454
90 206
4 451
205 480
129 169
51 224
90 91
338 412
191 199
335 429
44 278
166 364
32 195
441 461
298 389
144 449
242 405
350 485
93 499
425 463
259 446
56 195
8 451
317 459
150 183
263 435
17 266
145 256
204 321
266 397
90 283
164 304
223 347
392 445
352 489
3 312
299 363
34 365
36 240
118 162
69 81
113 221
345 453
162 364
199 459
349 410
176 389
260 443
328 481
52 434
253 415
188 412
304 460
171 266
185 465
176 357
242 388
318 456
362 433
38 364
273 330
273 402
109 192
7 375
87 123
13 161
213 449
15 320
160 275
120 138
58 159
119 189
85 291
224 344
243 302
1 420
251 465
47 198
149 491
35 244
175 442
168 339
13 112
213 461
134 407
87 242
397 495
44 346
110 268
473 489
303 414
126 178
120 239
16 299
416 459
323 398
73 260
24 399
191 463
224 493
123 194
230 332
138 348
6 492
250 324
286 393
18 88
393 449
68 335
63 426
150 471
209 475
144 279
63 324
107 148
40 411
173 373
250 258
80 198
364 488
323 388
130 273
78 314
147 383
162 399
290 480
229 339
18 157
347 472
197 283
45 397
315 499
121 416
383 433
100 348
50 355
320 431
27 484
429 452
53 423
66 460
186 434
212 222
31 497
332 363
148 232
142 413
153 390
58 65
14 350
22 352
12 180
243 351
93 134
95 421
217 484
196 418
172 282
89 141
7 343
45 143
57 194
359 487
168 343
94 262
6 332
309 387
173 290
127 444
188 442
39 446
439 489
71 270
151 273
188 369
59 200
48 419
123 167
105 473
147 293
333 374
50 194
441 476
38 348
274 299
169 491
90 432
78 119
382 423
69 481
250 288
153 292
36 80
167 295
58 209
191 491
45 269
178 250
288 332
90 339
5 69
115 418
47 487
173 431
204 463
60 445
150 415
94 186
44 305
431 490
224 441
74 136
244 400
288 327
278 290
53 393
122 449
363 422
46 372
393 420
392 396
118 333
41 71
175 308
14 162
153 407
112 128
269 270
191 490
207 404
265 439
130 131
274 290
194 382
363 421
225 231
267 351
179 402
152 444
363 392
74 420
17 263
223 362
389 427
43 222
216 267
412 424
38 71
278 368
12 23
133 206
5 257
360 493
330 360
354 484
29 174
88 237
269 447
313 433
243 442
177 476
301 381
380 402
250 455
123 345
36 481
7 252
138 198
186 335
187 458
147 355
2 496
76 346
60 373
100 253
309 481
189 405
412 439
52 136
72 455
32 96
345 379
198 206
463 491
154 156
84 309
61 113
88 345
45 486
222 472
131 433
14 158
71 352
116 181
422 487
40 322
88 218
29 458
180 450
188 288
462 496
54 298
401 416
135 230
224 364
28 128
106 462
342 365
149 328
219 238
353 496
328 443
10 305
30 273
380 499
124 418
84 199
21 499
82 428
306 432
259 326
22 194
290 452
111 190
128 292
72 364
77 105
208 387
105 420
23 361
382 442
150 452
371 467
44 136
58 304
422 440
107 303
208 401
86 95
48 405
419 465
179 258
198 499
446 451
482 493
7 441
180 458
406 496
391 420
238 284
294 422
339 393
90 291
112 481
54 396
42 481
161 188
44 477
158 191
439 462
106 305
9 437
71 461
53 272
343 374
213 269
119 364
30 264
278 355
144 498
154 383
14 118
246 327
371 485
84 206
164 497
140 184
46 368
31 396
49 284
144 469
87 328
147 358
134 316
185 330
123 260
227 468
65 378
28 353
173 271
146 477
3 417
123 170
165 459
30 300
44 486
358 427
242 449
54 300
87 178
156 493
206 351
216 496
18 317
108 332
137 405
215 374
107 346
227 321
248 269
125 314
40 463
185 328
51 106
147 248
125 450
81 268
5 472
252 445
152 365
89 380
86 155
56 341
281 322
193 256
37 475
358 377
20 243
182 250
140 354
367 466
44 407
62 478
49 132
228 437
97 207
61 337
217 471
186 494
481 485
312 381
220 333
319 406
413 420
248 363
41 457
11 463
120 271
48 159
157 450
143 372
188 438
133 497
191 296
36 358
188 348
318 416
373 380
308 396
24 159
103 392
141 239
72 424
126 475
221 421
274 496
127 236
19 41
8 146
256 496
19 466
249 263
153 360
221 357
328 444
287 366
168 238
135 304
103 252
94 381
50 320
187 266
10 424
4 342
267 425
88 465
25 380
41 83
43 407
25 224
59 399
167 348
377 452
43 485
157 362
49 414
129 423
129 176
185 252
50 182
104 465
48 226
198 336
195 437
68 439
94 119
223 319
164 282
242 273
106 231
39 138
144 306
6 499
127 139
302 363
202 465
336 353
105 336
206 258
476 492
364 382
46 486
19 34
236 482
136 359
372 394
60 446
362 452
192 281
86 290
118 195
239 362
265 297
120 381
77 153
221 448
106 163
89 96
110 445
351 455
86 208
403 499
162 316
68 414
223 310
238 418
286 442
258 451
308 488
183 302
87 163
125 462
220 334
195 425
332 407
132 276
37 54
61 405
119 469
155 443
431 438
43 237
215 237
151 404
372 387
206 317
25 327
186 453
197 207
11 116
319 408
24 455
222 444
71 151
52 155
134 171
59 338
34 58
163 278
368 485
116 321
56 64
105 276
347 469
22 424
61 166
135 183
50 298
332 351
142 358
26 435
363 478
379 475
146 433
24 430
186 415
101 245
317 419
200 256
14 273
92 234
315 403
85 246
71 334
13 86
34 313
67 150
66 440
89 259
165 290
375 423
198 435
4 63
139 240
28 206
396 481
58 382
5 336
322 350
253 427
245 338
10 256
65 422
16 66
10 383
7 330
78 390
341 376
316 411
22 428
229 260
459 498
12 349
198 241
52 107
191 412
316 454
19 133
2 90
72 164
320 374
70 406
470 488
205 417
155 465
186 278
250 287
38 342
200 461
1 138
16 197
39 390
71 94
27 270
116 241
55 265
421 437
48 256
359 374
108 114
331 439
120 185
78 146
208 340
72 109
250 279
105 364
103 160
197 211
20 82
278 303
50 392
258 466
117 432
115 294
469 488
42 398
242 374
131 359
394 498
38 276
237 316
211 347
55 157
21 31
6 343
125 287
275 351
162 450
28 209
31 158
215 450
340 410
83 264
295 464
340 498
359 409
68 106
102 176
41 240
22 181
373 453
405 486
109 314
410 468
245 302
55 163
163 199
285 296
99 132
80 483
244 415
88 203
21 113
295 317
42 247
73 398
130 326
92 189
99 390
225 245
473 474
22 320
163 333
86 222
290 391
386 449
28 472
37 181
474 484
209 452
37 106
389 458
20 356
90 157
182 492
267 379
161 274
41 325
234 364
152 397
231 307
331 375
165 387
82 489
72 150
154 157
84 461
8 93
217 269
58 144
21 151
200 206
244 375
435 480
83 159
9 393
148 302
196 219
77 289
482 497
70 408
61 352
305 491
73 331
145 153
455 464
24 120
238 476
63 84
28 416
103 459
3 304
93 330
393 437
146 352
307 343
214 326
312 434
220 452
111 435
45 411
104 476
296 351
81 439
218 343
209 433
23 28
55 343
448 455
190 197
159 272
60 387
153 476
49 248
50 397
104 437
378 486
129 278
462 478
127 290
138 291
80 417
27 94
176 305
75 233
237 289
35 160
6 250
391 423
268 457
59 483
148 355
280 461
149 280
256 292
206 413
189 247
75 374
113 179
62 138
392 399
248 329
171 361
171 348
50 122
193 296
101 432
44 240
230 252
118 320
282 477
52 270
164 268
146 210
114 489
72 212
341 352
318 336
85 161
273 418
254 300
422 448
164 461
415 469
96 216
347 374
210 387
98 216
100 265
459 474
57 463
223 438
312 332
176 413
270 473
15 287
157 298
178 387
283 467
73 257
4 270
41 403
66 289
86 153
182 342
67 343
28 227
19 333
119 462
96 240
320 351
144 396
296 412
297 332
35 192
209 274
87 500
143 411
388 419
375 456
43 429
313 358
235 286
452 477
36 268
160 260
160 441
232 307
145 163
77 366
280 408
125 424
39 204
2 22
321 345
280 400
35 106
232 371
64 394
360 374
199 394
262 466
90 95
88 111
254 392
265 390
313 430
284 383
348 365
289 377
361 377
297 307
199 274
21 49
123 442
173 262
339 383
154 427
198 482
24 79
92 147
111 428
7 226
45 125
314 468
167 396
163 500
138 326
431 457
258 430
76 320
240 416
99 407
115 234
44 266
96 161
126 286
176 451
371 500
222 280
72 308
136 298
234 301
148 228
148 423
67 199
269 320
23 119
44 277
18 314
259 407
2 44
166 491
25 434
165 219
206 280
230 347
112 499
122 255
116 329
397 401
89 347
117 184
214 463
52 377
205 440
170 411
76 246
171 306
90 414
245 297
116 128
15 270
235 376
53 206
64 252
403 484
113 412
53 389
311 324
28 465
227 416
42 288
31 213
10 40
366 460
125 197
256 367
129 325
4 211
113 280
307 412
153 477
23 123
108 247
181 324
5 110
227 394
11 402
213 442
106 193
20 113
16 493
34 436
68 459
218 451
128 406
106 146
68 231
65 425
148 346
5 431
68 296
251 408
170 466
44 306
5 163
148 243
265 409
61 362
116 270
86 250
408 417
12 471
35 456
38 291
92 200
330 362
175 388
54 62
15 282
5 58
52 442
479 493
198 309
32 335
262 327
47 320
50 124
343 473
195 258
17 226
126 390
12 35
218 410
34 186
85 333
150 443
60 112
15 48
222 370
31 87
112 367
331 387
411 487
381 387
13 427
40 51
113 222
135 324
111 255
223 330
222 310
301 325
107 401
263 414
62 492
256 433
121 497
177 378
273 298
380 389
240 402
52 383
202 386
316 385
110 371
38 344
44 457
99 131
329 360
309 319
22 158
88 166
94 383
183 289
90 222
22 78
151 373
13 52
154 248
16 356
341 476
427 459
93 410
68 278
152 182
244 351
318 345
263 497
144 301
55 380
221 289
156 365
19 157
85 145
140 338
148 448
93 422
285 357
5 112
135 303
326 329
348 359
382 417
55 464
98 113
254 348
8 347
19 49
228 241
69 189
6 471
25 36
254 359
76 313
18 369
224 273
32 415
216 410
93 448
284 296
24 282
73 158
445 454
187 275
186 455
88 222
185 344
22 211
51 483
27 241
345 434
13 96
12 108
10 284
227 231
150 269
41 72
142 398
145 494
332 364
301 317
88 360
40 476
129 227
75 106
245 367
27 32
342 464
214 486
333 492
63 302
308 358
265 470
36 179
191 477
222 395
223 268
355 475
460 490
206 355
87 309
50 130
427 492
106 375
17 420
285 418
72 252
219 293
121 362
224 324
29 78
302 337
416 463
126 455
285 393
210 418
246 493
141 298
73 385
170 408
303 340
194 277
12 291
111 294
286 358
108 146
54 477
307 360
141 425
307 474
360 421
88 350
133 270
141 466
166 482
20 279
283 437
241 466
233 308
339 360
26 72
66 439
261 500
26 441
406 466
387 461
390 392
362 460
15 467
87 362
87 233
232 385
50 171
49 290
107 201
332 412
95 144
301 424
160 430
156 442
225 303
248 339
37 491
60 263
158 362
75 472
53 95
121 159
59 496
304 306
233 407
186 277
261 401
7 267
242 360
186 462
441 485
213 405
4 293
196 251
6 257
173 487
266 296
3 25
7 446
218 378
190 369
83 370
283 472
85 379
87 320
104 113
13 308
25 347
114 496
412 490
257 350
95 295
143 178
390 495
61 207
222 266
207 422
162 463
375 496
233 267
233 249
103 107
100 202
395 481
254 351
392 415
120 493
241 292
225 473
422 464
212 447
5 57
143 271
133 317
382 425
198 221
133 246
169 481
163 269
175 212
3 193
452 496
362 414
276 453
1 131
147 455
55 251
95 409
256 489
26 133
114 380
252 383
17 220
1 180
235 302
91 315
176 186
140 146
102 191
36 453
446 466
34 188
106 370
254 415
479 499
437 477
177 187
324 471
185 384
7 95
32 283
24 250
81 455
64 257
98 346
96 468
2 268
24 471
256 347
145 379
77 317
101 421
145 276
117 307
42 345
11 150
102 485
407 446
27 284
153 453
394 418
318 490
345 429
145 371
11 176
146 318
48 185
326 328
240 408
238 445
243 475
150 449
160 286
104 363
192 211
5 121
10 498
146 404
192 219
262 290
427 474
163 449
370 483
167 255
49 412
167 461
119 277
91 457
179 404
91 314
388 441
221 245
392 410
107 329
188 294
50 347
408 500
53 476
180 470
80 292
44 156
408 466
4 11
33 204
342 489
72 166
269 449
128 154
71 438
305 407
316 425
388 392
73 316
74 253
198 372
218 454
60 338
55 196
367 414
82 112
9 432
63 343
115 408
226 315
169 468
50 152
32 273
78 231
191 248
99 367
415 481
416 493
8 233
45 324
394 398
185 316
133 404
151 331
46 395
148 480
10 60
53 424
427 440
49 483
112 209
80 492
16 296
205 336
126 490
90 146
178 414
269 280
254 286
56 250
17 268
178 353
285 400
276 336
17 232
100 431
122 133
233 261
151 244
85 271
398 482
104 243
52 252
78 196
182 373
25 205
108 289
10 27
99 142
36 189
263 471
212 351
82 253
114 254
10 43
175 262
113 174
135 476
43 133
228 432
76 265
27 360
51 387
123 266
61 332
17 203
53 182
50 140
21 420
172 328
232 369
262 323
237 323
24 253
52 486
451 464
200 444
53 483
317 351
185 271
174 243
206 294
149 250
239 480
74 321
65 132
113 335
363 436
298 449
121 147
345 420
214 430
111 307
90 272
176 295
63 470
101 215
257 322
62 477
183 463
124 256
125 313
125 202
203 478
348 357
312 345
291 419
202 284
131 471
207 397
141 355
370 396
150 488
7 498
166 466
55 243
68 312
68 216
24 492
213 270
64 305
64 307
88 134
425 432
229 329
144 331
76 301
9 39
112 356
12 379
87 361
404 407
175 297
218 332
173 391
160 372
8 285
47 326
148 490
266 390
57 318
293 336
111 235
189 454
295 409
97 166
186 457
360 377
62 195
211 350
317 364
174 217
32 239
20 189
151 319
210 452
140 402
113 150
35 437
189 279
433 437
340 450
31 109
12 496
128 486
166 412
51 298
89 315
154 159
182 263
122 211
166 465
40 234
116 209
115 246
138 358
285 329
296 390
192 467
322 404
44 392
333 452
86 239
172 238
70 100
75 244
201 341
255 416
407 456
84 489
15 355
370 419
226 286
8 51
138 356
49 81
20 230
318 401
178 300
136 484
8 302
361 475
129 474
269 307
228 371
184 405
395 429
447 456
245 498
182 227
3 427
373 447
276 334
5 412
72 268
333 484
64 97
110 406
213 486
238 435
90 126
101 356
215 458
169 435
2 209
136 223
34 423
156 483
139 161
329 397
251 471
66 444
187 330
88 395
360 481
21 50
412 483
433 492
118 296
151 174
185 478
401 491
23 201
22 483
79 410
25 383
48 290
100 459
18 301
17 492
104 225
260 441
16 162
84 263
140 179
116 279
319 328
448 492
149 454
140 471
117 447
300 483
83 449
142 444
272 333
63 128
11 431
320 484
111 400
122 307
212 330
30 231
145 329
208 256
115 207
145 358
7 378
290 336
14 122
244 386
118 140
7 227
111 481
422 449
71 318
303 476
265 268
50 244
4 278
67 479
344 468
11 164
230 426
170 409
97 433
182 274
315 371
65 439
40 191
16 305
286 389
118 153
93 307
166 317
206 362
224 372
377 421
308 438
422 433
188 500
35 57
54 287
103 202
225 305
263 424
224 376
24 363
184 212
134 490
50 396
230 464
214 258
245 381
65 170
64 138
208 442
203 447
287 418
82 456
113 478
51 498
231 390
139 284
50 481
453 488
251 366
254 290
172 367
130 313
229 357
289 498
321 375
2 210
190 222
336 385
153 317
295 414
22 50
325 472
226 482
360 456
85 199
126 297
116 228
147 292
6 428
407 483
129 195
159 321
253 284
33 291
15 325
95 224
175 407
197 480
18 70
33 240
104 381
36 121
222 414
234 405
223 495
168 337
54 260
53 381
4 126
75 358
63 424
230 310
202 366
268 493
78 89
83 175
13 101
58 336
271 340
12 393
49 237
316 382
170 245
13 370
67 145
50 88
338 399
43 239
275 497
321 360
302 340
300 424
21 500
153 481
23 174
102 339
225 285
19 448
173 361
67 135
100 271
313 378
133 188
37 155
181 348
158 406
108 276
245 301
110 248
315 456
174 375
109 428
203 408
348 406
92 461
190 409
279 320
30 92
484 495
253 302
277 307
317 416
2 4
82 164
26 461
126 241
110 230
144 424
266 463
64 473
444 475
126 274
1 202
95 350
38 143
151 348
361 391
35 273
30 240
139 394
206 417
292 317
175 457
134 353
99 356
179 229
442 491
314 489
47 337
15 174
410 446
403 412
247 255
59 203
93 347
246 374
320 367
336 415
38 448
67 186
120 258
76 144
156 453
12 483
215 269
173 396
214 274
180 353
152 434
55 242
250 356
276 329
105 215
60 185
68 368
123 446
153 482
36 178
50 275
127 173
274 359
182 402
256 354
367 472
80 446
95 444
47 416
363 384
347 471
23 239
125 224
402 492
72 292
70 492
289 354
220 398
325 415
414 452
110 354
3 27
457 474
20 331
258 265
247 386
194 320
396 466
42 452
143 426
66 368
256 491
434 465
378 423
156 289
254 391
23 303
203 372
133 348
2 448
72 388
73 330
200 214
443 455
149 214
284 363
91 144
121 262
74 498
57 202
96 363
180 432
63 119
139 397
312 375
252 369
26 52
131 443
332 437
58 70
63 176
211 478
85 467
73 228
263 310
91 230
206 471
88 394
190 283
280 420
3 257
64 246
107 245
346 366
171 276
14 494
29 281
240 258
178 447
176 342
402 463
360 423
348 350
36 337
246 299
67 251
307 499
83 304
201 473
410 416
315 369
87 92
42 428
13 139
7 341
177 233
407 441
224 498
260 298
175 495
31 321
174 233
185 189
256 440
45 321
52 422
488 494
87 312
62 69
175 253
242 452
201 349
65 327
213 348
29 361
25 130
43 364
154 161
73 369
62 343
183 485
22 63
268 453
393 429
86 307
222 258
338 447
92 305
78 106
12 388
106 166
216 432
22 443
196 439
122 336
192 484
146 322
420 456
134 348
269 300
161 200
395 431
299 408
201 454
125 129
68 254
388 482
96 348
228 258
205 454
224 390
142 310
125 429
263 419
163 471
73 88
118 229
236 438
326 492
44 459
39 337
251 444
323 418
145 252
51 213
95 449
52 498
112 392
6 401
396 447
182 233
150 478
230 423
332 356
416 474
129 374
259 341
355 393
241 268
355 437
148 438
98 483
3 88
188 424
146 200
117 222
306 337
94 201
134 308
69 354
282 287
13 422
207 498
88 287
184 220
150 217
170 296
4 160
227 247
50 346
51 148
224 230
106 158
396 468
92 222
104 305
120 401
76 404
412 452
296 316
115 184
159 192
83 188
31 165
138 335
265 453
372 452
171 193
170 488
38 433
55 207
278 280
397 421
377 385
256 458
226 416
7 101
23 157
64 359
34 190
316 485
307 393
113 338
37 357
235 353
46 381
204 427
104 268
7 30
112 235
3 47
111 433
253 261
202 374
26 459
20 282
255 358
29 227
207 446
102 127
136 380
142 250
42 332
83 222
102 393
461 495
106 480
169 237
265 447
143 458
95 188
438 475
190 358
22 119
9 31
431 446
71 95
372 485
20 400
41 418
17 76
121 468
340 406
25 478
395 460
107 332
47 432
32 255
16 138
125 140
405 465
300 346
149 276
348 488
277 369
88 250
112 249
120 382
201 294
96 500
111 441
77 172
360 465
57 59
162 453
340 400
324 377
239 326
365 411
349 404
212 458
451 469
71 309
346 428
16 457
81 144
82 382
395 490
90 214
315 494
239 294
117 405
322 486
3 370
113 158
277 395
116 154
35 96
63 412
153 329
402 435
35 211
156 179
216 481
27 459
50 201
78 481
130 279
166 397
207 228
13 403
261 398
223 282
82 334
218 478
78 191
215 441
167 360
205 244
378 455
87 109
248 494
235 491
132 239
110 203
61 446
147 237
138 400
56 479
114 372
66 354
1 196
161 309
132 243
87 394
86 439
346 418
92 344
253 309
81 218
20 252
3 9
281 496
257 265
141 224
160 315
159 170
268 284
182 487
264 417
192 284
83 396
391 496
1 477
152 295
8 19
15 104
166 217
232 241
22 290
45 246
72 411
212 266
158 282
62 140
74 454
59 207
86 482
127 152
1 380
143 263
151 349
395 398
350 494
226 350
72 270
137 142
123 452
121 213
281 345
418 427
298 485
253 485
21 496
153 361
54 87
71 298
318 369
288 372
23 140
79 202
166 240
202 450
297 449
118 328
104 298
367 394
148 275
319 360
258 301
92 377
73 492
58 230
253 471
59 362
221 426
219 353
127 436
206 483
253 349
15 455
180 251
242 243
144 463
34 199
50 286
140 232
59 421
48 170
130 500
36 447
52 281
52 493
288 349
114 155
62 372
52 423
93 468
88 105
123 282
72 449
49 422
380 450
60 415
283 500
29 245
247 397
5 83
250 498
50 369
18 360
270 321
49 57
191 378
205 390
393 445
79 390
219 282
89 136
283 400
7 287
127 403
8 110
109 305
369 439
58 113
168 173
259 378
90 334
143 184
27 196
38 200
220 376
164 320
24 413
10 98
2 484
307 473
135 212
377 473
44 154
27 160
186 402
106 353
72 227
41 222
141 383
277 389
256 311
309 471
138 320
2 373
231 354
57 196
238 395
156 215
29 373
5 337
314 411
244 492
45 110
177 231
70 471
75 469
97 288
330 487
330 406
37 236
163 259
38 182
53 94
154 292
76 322
95 98
51 313
145 280
33 134
71 465
67 351
374 402
170 368
201 293
53 306
5 66
295 358
406 453
135 139
148 260
27 166
193 274
447 476
74 468
122 466
132 144
265 309
24 474
147 298
137 325
102 482
39 298
231 350
420 493
8 143
7 460
164 288
347 424
113 497
145 231
266 462
304 347
306 438
281 388
29 38
386 390
141 227
186 447
157 304
393 435
424 448
92 183
142 497
91 127
124 305
270 485
191 303
323 365
389 434
217 229
30 417
266 385
173 239
3 153
442 490
274 454
364 366
167 382
18 166
239 467
96 175
64 319
367 493
108 422
28 154
194 384
210 353
16 376
17 152
216 361
339 442
26 187
86 148
147 345
144 407
302 469
17 207
134 405
120 151
156 384
262 452
22 458
115 415
162 187
86 196
67 238
51 328
187 435
153 365
227 364
254 431
314 402
472 487
85 138
97 469
19 68
275 449
75 313
155 254
350 396
216 427
98 334
245 369
101 189
12 24
260 318
345 439
282 334
229 424
230 314
119 196
82 441
66 165
122 359
92 160
139 222
135 337
304 491
28 375
212 341
50 299
40 382
81 110
397 423
131 194
17 133
81 196
60 147
115 212
129 217
46 212
365 482
263 345
338 459
213 489
41 295
21 100
285 389
11 23
385 394
42 387
177 373
47 245
4 143
203 463
121 322
234 422
93 380
5 116
105 260
85 302
110 481
291 471
373 400
256 316
182 437
268 295
134 137
245 375
474 491
74 345
383 437
44 180
184 234
376 484
40 96
75 265
30 235
155 294
224 456
257 359
127 359
379 492
92 235
55 315
99 428
133 242
13 482
82 129
109 480
65 457
374 382
42 262
163 354
143 214
287 492
355 455
95 279
69 280
165 227
55 383
91 450
82 177
122 493
238 437
169 229
93 385
359 468
114 324
63 315
163 393
262 464
182 252
150 308
170 425
199 349
352 377
363 466
121 467
152 307
138 264
106 263
70 443
270 284
36 255
227 301
294 330
52 156
230 233
139 312
381 398
56 92
120 295
328 484
159 351
61 77
51 194
415 418
329 370
342 423
142 287
107 473
148 273
459 471
165 322
12 158
88 149
279 447
127 309
15 210
197 427
103 455
5 402
327 431
287 296
244 463
98 332
228 479
37 177
87 413
101 339
98 279
305 361
177 387
249 335
64 286
3 277
102 105
207 316
47 499
111 398
344 443
58 195
154 380
188 451
110 200
19 204
32 37
208 237
277 327
62 292
308 449
99 252
384 410
74 416
41 286
66 85
103 493
177 282
230 359
72 82
214 357
377 480
427 488
258 491
20 455
60 197
52 304
292 303
182 363
218 371
59 189
11 238
109 350
323 406
295 390
112 360
11 326
64 83
181 475
56 313
370 462
135 391
1 319
72 219
213 407
254 280
310 468
298 499
127 255
34 444
43 453
171 401
317 340
139 430
64 96
22 369
62 226
40 274
295 472
71 216
63 347
248 268
98 152
468 485
88 267
25 149
38 439
124 381
186 443
47 155
307 422
167 414
154 237
220 388
16 276
235 363
13 346
114 154
67 90
350 381
233 455
98 457
360 455
278 439
208 353
102 185
147 423
415 453
127 129
34 318
276 413
153 187
370 492
263 321
196 496
78 227
218 340
202 384
240 297
125 282
210 354
175 492
44 366
309 398
11 475
119 255
80 125
18 486
85 265
193 270
97 452
28 324
138 373
96 281
115 451
95 271
214 417
355 498
357 417
107 459
43 391
140 290
153 351
117 365
123 143
251 461
286 420
29 328
92 415
182 240
28 158
115 128
485 493
242 481
288 434
277 484
378 413
291 470
56 161
196 474
236 300
229 368
174 392
301 390
91 229
120 244
3 228
64 485
113 192
28 433
49 416
140 170
81 129
115 432
123 160
123 431
27 113
296 420
212 469
131 371
244 271
16 233
165 294
368 410
61 294
125 318
107 405
211 256
165 313
122 418
299 416
371 496
88 151
184 439
89 471
46 207
286 306
439 461
163 404
342 367
401 440
239 284
364 492
90 297
94 448
291 415
67 160
370 393
11 73
363 490
256 389
115 138
10 293
88 424
59 461
217 447
6 433
264 359
80 445
350 445
36 127
369 373
32 116
55 224
117 125
33 246
322 428
250 254
85 361
14 323
375 483
233 414
85 230
52 475
71 241
343 451
173 371
170 178
171 369
22 354
34 97
259 342
141 352
374 473
82 497
48 467
114 228
109 354
334 353
99 474
82 166
13 380
79 131
281 414
355 376
165 201
142 296
19 409
177 269
400 479
23 408
200 358
81 274
132 363
129 204
263 267
341 437
238 372
8 446
128 238
3 278
261 347
289 327
60 98
38 268
293 500
200 325
243 443
123 363
273 395
94 500
248 324
374 381
161 177
419 481
392 499
305 321
187 480
109 193
35 55
97 240
315 319
34 128
93 476
5 170
18 151
31 105
78 497
257 318
149 293
371 419
76 439
24 196
114 150
80 258
364 379
93 155
386 459
68 112
109 334
80 249
93 329
175 247
133 364
68 235
102 452
57 263
387 416
222 476
281 440
186 331
4 68
106 199
27 312
86 304
15 62
232 315
19 229
160 219
45 350
39 266
9 26
475 492
39 335
207 253
300 305
392 480
65 91
352 374
72 89
135 381
176 242
348 376
65 303
17 355
86 281
53 57
274 450
233 307
9 392
27 421
67 314
48 380
197 314
77 141
392 440
132 426
74 457
352 395
113 200
51 420
5 26
145 425
106 324
115 139
261 384
25 241
191 380
2 135
194 287
188 200
77 84
149 300
73 285
417 456
191 334
333 476
261 326
117 264
34 76
6 70
103 377
423 469
366 395
132 160
164 168
196 403
142 492
421 454
51 378
93 309
280 486
436 450
32 451
52 207
120 218
387 396
252 329
231 271
458 480
154 281
417 427
60 153
69 483
135 147
360 424
102 251
209 245
276 383
241 277
401 414
73 422
206 297
286 323
385 485
3 237
137 479
42 462
168 187
107 419
190 310
99 416
16 339
221 446
8 281
285 397
122 199
161 308
70 488
106 355
257 488
51 470
374 420
13 98
343 381
165 409
116 346
149 289
28 99
297 362
141 431
246 362
126 388
32 83
173 228
156 311
15 298
194 230
408 427
334 443
126 233
45 78
348 446
310 362
28 487
109 282
401 453
5 252
318 468
222 417
59 380
17 195
32 263
16 239
103 185
286 351
74 410
228 468
67 436
170 275
27 49
128 397
33 233
97 425
171 424
70 487
183 335
98 292
362 393
58 181
333 360
57 441
199 439
271 484
94 279
352 467
74 322
176 205
204 371
145 178
39 218
215 290
69 338
94 277
120 176
70 435
16 228
122 484
297 299
190 462
71 467
12 260
247 289
62 283
109 248
124 309
378 412
140 470
40 452
317 325
130 212
40 168
39 442
89 103
238 442
6 218
134 200
55 238
46 146
325 358
125 334
21 309
11 382
72 144
181 380
257 455
56 168
139 340
55 402
172 180
206 376
7 76
9 287
20 242
109 490
225 377
153 389
357 411
121 399
4 161
457 478
405 419
22 36
193 384
147 270
192 408
202 260
127 284
34 42
36 149
310 411
307 500
122 194
26 54
325 337
145 428
175 285
286 364
181 280
243 496
398 438
339 482
137 472
61 314
110 202
295 333
485 498
260 407
135 233
219 304
141 332
90 139
284 486
248 284
91 140
18 182
104 443
416 456
114 298
248 273
400 449
35 188
233 448
295 400
61 187
333 408
374 449
237 439
221 293
190 195
349 488
89 167
162 345
202 294
229 377
330 364
304 393
120 200
8 64
192 402
259 308
198 352
96 441
275 332
132 469
147 279
134 460
311 483
148 244
145 377
252 318
113 249
57 345
207 350
27 437
161 402
61 358
17 325
115 201
360 432
66 125
128 381
196 342
86 306
38 165
93 98
14 416
35 36
10 436
334 500
12 209
80 247
26 324
26 36
214 379
80 99
155 332
19 169
249 478
221 427
29 450
268 297
238 407
241 276
199 412
93 403
243 483
231 364
235 333
335 390
10 253
17 429
215 373
195 196
353 355
32 420
93 194
52 240
179 475
128 453
424 452
11 68
44 51
204 253
251 254
38 152
189 230
90 329
136 336
253 375
226 372
31 395
76 465
179 304
247 428
288 407
20 178
256 381
21 98
85 95
344 347
215 273
437 499
83 213
140 346
285 469
96 132
199 282
7 493
241 430
41 103
276 343
81 458
67 180
281 323
33 178
216 493
274 329
77 292
391 413
101 428
114 265
244 383
31 93
53 413
175 263
146 277
289 344
20 463
297 467
87 313
107 374
224 470
129 345
56 486
47 109
336 445
107 237
41 181
4 90
338 344
235 323
107 182
29 278
238 398
3 78
75 476
358 426
151 290
370 378
419 442
32 164
67 143
12 468
113 400
38 420
211 212
253 270
138 222
283 480
144 425
14 123
367 498
144 163
295 399
149 426
69 394
348 483
359 421
71 126
95 497
86 88
112 327
225 258
183 408
387 418
76 302
184 334
74 216
317 361
66 430
256 471
6 230
51 391
21 362
291 344
282 425
254 497
55 436
475 476
74 85
29 107
141 350
451 462
199 403
217 262
184 208
195 326
47 230
11 40
366 396
165 179
323 347
367 473
170 219
79 306
229 374
21 58
4 140
90 290
449 486
11 464
73 472
272 486
245 429
74 97
236 364
279 383
21 261
204 438
11 80
325 346
198 446
24 110
192 242
167 493
423 483
94 204
38 492
35 271
25 414
14 478
114 343
151 360
287 417
92 206
129 336
248 443
72 356
304 493
208 361
61 293
73 474
169 377
7 360
149 498
241 490
50 85
361 374
52 405
318 320
155 199
226 493
104 378
60 285
216 347
207 272
392 491
163 264
131 172
30 295
25 452
159 490
272 315
346 446
5 433
37 300
108 161
173 384
332 447
12 153
280 363
8 174
225 398
11 194
174 298
51 428
5 248
48 210
22 229
388 472
12 311
17 439
18 228
42 416
355 466
75 213
162 417
132 425
74 303
15 211
51 262
160 465
129 470
83 165
38 161
200 456
87 464
241 295
15 464
12 472
168 482
127 275
189 322
20 344
208 267
187 421
291 295
196 316
345 365
143 265
321 396
181 199
195 279
247 337
146 424
84 198
389 452
275 434
47 260
197 469
1 155
120 388
305 466
191 484
45 428
36 235
44 209
173 406
223 464
182 384
69 253
146 441
32 279
164 303
335 460
211 259
138 265
58 73
196 257
16 478
273 361
127 371
173 298
146 158
151 460
9 249
136 330
231 477
30 35
42 495
14 106
193 431
220 415
391 438
96 439
38 66
45 302
384 433
250 463
93 181
443 464
92 214
221 386
287 318
287 367
184 329
76 213
118 416
310 496
248 461
34 64
76 437
45 494
180 333
293 335
375 494
364 461
88 122
210 465
218 347
189 253
383 402
434 462
91 104
201 461
47 306
219 301
176 277
8 262
130 221
174 336
239 468
377 444
15 31
297 401
13 405
35 237
18 272
98 239
1 335
274 337
319 475
436 440
184 213
58 173
108 356
56 465
150 429
322 345
100 299
226 290
259 474
387 446
22 99
66 121
183 193
62 317
122 480
126 266
300 345
162 281
147 456
54 306
138 491
266 417
165 461
192 291
370 372
104 203
113 346
108 220
234 341
177 247
299 396
291 330
239 309
55 272
351 499
247 257
119 479
177 240
50 150
12 123
14 260
352 420
82 387
190 372
225 425
233 352
25 33
11 46
131 414
213 292
78 176
93 273
151 403
172 215
287 313
35 98
142 343
149 386
26 306
327 362
173 313
117 238
18 471
194 381
276 414
161 472
131 406
117 415
381 490
335 351
435 451
263 398
32 90
53 178
178 348
305 313
24 348
109 461
384 428
22 280
189 459
95 265
113 245
400 411
67 315
149 463
23 173
100 440
331 496
214 373
458 474
90 239
118 256
28 448
134 136
145 387
192 385
98 209
33 294
292 319
295 457
347 361
300 435
14 349
268 380
216 328
116 423
59 187
60 404
155 253
334 439
55 71
412 471
73 479
55 474
128 161
148 321
304 413
250 285
327 452
175 321
85 180
324 339
101 460
40 45
296 366
214 440
19 115
3 166
292 446
168 180
83 271
144 239
116 406
471 494
68 139
235 379
351 439
198 495
146 251
334 485
174 474
19 233
128 338
37 119
71 107
77 86
103 277
145 242
291 347
273 334
118 289
81 399
110 143
30 181
55 371
63 208
254 283
29 477
50 411
18 236
321 464
186 351
159 302
108 245
346 425
59 287
205 428
235 475
69 422
186 406
303 335
210 368
113 118
329 433
147 336
101 433
213 437
279 438
133 424
245 366
122 242
250 416
219 390
161 364
15 274
92 159
194 371
36 396
407 479
381 445
64 269
326 498
282 436
43 414
221 392
200 229
90 270
212 405
91 478
417 443
75 88
176 321
156 345
431 468
60 262
33 298
401 451
215 288
114 419
455 459
74 255
336 370
19 353
326 469
301 480
142 204
161 325
11 420
171 311
40 166
243 434
228 452
44 152
252 437
11 314
67 360
168 454
468 479
1 64
43 394
289 436
168 209
15 152
201 429
15 74
57 80
309 315
235 493
316 348
51 142
391 457
33 402
285 460
41 99
147 210
63 165
357 484
454 462
198 235
148 478
124 140
223 229
53 175
123 486
207 408
165 366
90 333
265 289
174 408
169 434
31 289
68 233
133 253
59 241
242 298
141 180
374 442
361 497
162 479
109 318
94 148
126 149
254 459
67 385
110 292
31 217
29 162
371 413
379 434
30 169
356 485
92 330
493 499
74 134
196 475
250 422
167 187
86 400
78 332
122 473
60 176
91 341
140 280
93 326
4 104
84 87
417 432
29 289
179 416
6 203
111 311
207 318
326 381
27 370
255 400
367 420
63 269
155 418
119 368
30 436
374 477
238 322
191 462
77 274
145 291
195 371
36 62
121 400
101 338
438 461
287 422
76 225
21 84
196 410
70 434
225 498
89 274
230 479
117 436
70 440
16 25
57 166
252 267
198 474
303 400
16 318
412 486
227 452
62 123
14 410
264 443
88 221
337 358
109 181
239 434
162 405
229 237
263 326
163 357
114 234
280 364
354 433
270 428
392 434
205 485
121 424
228 343
247 366
26 286
124 258
39 109
58 293
330 427
148 224
81 161
263 327
408 449
129 413
148 332
329 338
52 348
69 500
117 118
264 494
62 224
158 441
230 355
117 246
300 382
27 159
210 249
79 238
448 471
31 152
94 473
412 482
97 188
3 205
272 468
161 321
133 218
386 401
309 394
238 353
374 410
216 342
25 283
147 303
31 78
57 440
43 455
2 391
183 328
354 419
146 236
238 255
5 392
187 197
280 415
258 464
172 443
72 305
53 149
147 250
5 54
248 439
189 431
149 249
109 304
104 213
61 494
222 445
27 29
87 161
25 77
425 426
193 239
248 486
206 420
2 218
48 493
110 344
357 403
196 311
237 449
194 251
215 363
84 343
83 300
215 383
20 322
122 180
238 344
201 406
80 374
133 467
85 325
122 185
147 239
227 334
392 469
72 346
313 401
5 185
60 375
40 276
198 211
200 396
125 431
112 245
297 320
263 356
90 423
257 323
345 487
211 329
178 218
195 355
162 359
403 407
156 281
472 474
54 216
174 302
23 258
31 276
173 234
313 484
117 208
196 462
181 337
165 405
284 429
68 333
191 224
252 300
195 451
151 288
320 384
132 198
78 465
383 462
38 101
202 419
100 250
18 83
360 380
78 285
173 268
180 460
7 304
462 474
73 334
6 297
333 424
81 444
46 294
348 474
12 104
207 332
137 188
68 119
25 411
127 239
266 314
153 277
286 461
101 224
111 363
300 395
367 409
147 310
340 415
270 406
265 366
87 255
51 265
193 459
128 422
410 482
190 418
258 292
32 493
70 458
88 347
199 419
238 373
164 296
119 304
108 436
252 397
20 305
399 462
258 387
189 446
53 477
139 390
170 394
51 131
123 173
73 298
30 475
141 231
87 235
56 328
103 180
238 339
190 365
166 382
99 385
428 484
78 258
220 489
371 458
287 322
109 487
96 107
248 383
208 441
57 347
78 138
125 315
179 414
373 458
127 400
308 347
114 363
166 477
390 426
222 230
36 263
49 175
21 344
94 354
39 242
153 210
29 319
67 367
138 258
40 250
53 372
132 393
348 389
73 189
77 463
36 132
104 432
279 282
248 425
47 193
99 235
169 222
219 388
183 445
83 125
347 356
327 418
202 380
276 307
199 233
91 480
282 500
238 361
153 371
186 423
444 480
68 494
165 224
141 279
67 359
158 420
218 445
7 251
150 179
429 457
259 376
261 295
67 451
76 419
294 474
245 252
45 88
220 268
139 213
93 251
117 132
63 239
162 200
340 366
404 457
337 343
42 405
247 421
59 327
219 339
135 186
332 384
86 305
9 433
137 392
63 310
391 417
168 313
13 327
149 436
181 219
449 457
64 250
95 425
130 149
162 294
98 229
118 232
216 253
147 442
58 444
57 317
200 326
8 258
284 388
261 491
103 204
350 403
67 354
336 395
56 231
10 296
18 325
397 469
301 450
172 251
236 292
47 302
149 311
136 190
351 402
176 369
174 335
100 397
206 440
85 314
342 390
215 246
21 378
297 351
22 289
78 278
70 178
27 101
107 287
8 331
59 345
393 472
240 393
103 293
269 337
160 309
83 381
207 429
150 467
207 463
189 455
332 464
87 306
54 74
63 218
15 435
87 98
274 348
80 226
135 141
69 294
345 368
327 339
9 108
203 306
74 163
70 237
417 449
265 294
366 466
125 185
16 65
280 442
97 137
61 453
175 325
271 355
50 376
166 186
286 426
328 403
384 461
315 466
405 420
56 437
385 395
76 124
432 436
423 441
119 453
181 217
215 350
110 182
24 230
262 427
47 273
165 287
110 353
162 285
416 473
147 309
251 476
165 297
109 245
77 261
202 454
422 450
88 429
329 368
203 343
296 399
63 258
254 377
301 411
260 482
73 129
30 482
239 384
278 475
158 335
89 483
373 392
123 461
266 349
158 250
477 498
179 313
94 465
96 358
114 115
106 411
67 223
8 123
339 418
236 420
202 220
141 427
9 231
226 230
229 360
442 450
141 326
50 206
100 117
342 414
74 474
254 349
166 463
216 346
228 372
84 315
11 446
96 398
148 400
21 302
56 322
257 387
38 193
65 444
392 427
219 259
177 256
176 406
342 436
18 315
33 412
91 182
218 282
121 317
202 235
88 428
146 348
188 406
90 469
165 270
5 479
69 262
177 251
293 316
221 243
55 453
245 293
122 235
16 434
35 303
213 335
213 492
196 323
307 496
47 71
166 358
384 476
166 315
222 327
211 236
223 355
32 121
46 186
16 389
239 276
301 369
248 302
307 324
41 221
392 455
272 406
486 494
91 463
66 381
467 472
36 342
170 369
12 387
346 493
44 390
131 285
139 384
316 329
73 376
171 322
405 446
55 110
68 167
22 484
267 481
388 406
320 414
341 363
262 313
271 408
262 403
361 414
424 429
115 137
111 403
208 347
87 389
62 102
418 469
380 440
375 499
252 257
144 412
382 384
242 286
89 398
213 344
173 196
100 186
88 291
39 168
217 455
244 272
108 410
250 368
429 484
61 435
210 325
220 356
179 245
24 219
260 345
12 252
103 109
319 398
54 222
68 135
127 456
113 214
98 401
113 181
358 481
252 499
100 245
238 497
88 215
74 215
40 325
119 499
159 471
28 357
158 378
99 206
205 272
90 255
115 154
123 183
297 298
455 498
292 312
244 465
382 489
76 271
340 419
154 326
268 420
49 419
273 327
252 325
233 450
120 124
132 350
453 483
85 313
116 159
2 142
297 378
142 462
238 279
135 278
143 150
83 270
30 350
272 313
75 416
68 141
40 126
195 336
34 430
17 79
171 213
247 471
218 382
13 56
46 354
36 340
116 397
84 424
326 419
229 327
58 499
222 358
197 470
185 395
232 321
328 462
96 418
197 484
334 436
163 413
47 343
357 454
372 475
51 291
304 451
182 493
37 114
140 303
291 410
354 495
150 223
264 299
398 464
71 458
172 316
89 352
269 440
150 258
112 274
347 461
318 500
164 203
105 221
161 254
229 245
401 434
142 335
241 428
51 68
73 245
321 408
275 338
133 379
143 148
80 316
222 253
60 392
75 353
193 298
80 204
390 451
55 469
69 186
291 453
77 356
18 120
251 390
230 487
24 358
264 349
244 490
47 56
235 332
173 485
260 426
66 203
159 426
77 455
146 189
267 402
158 323
42 463
418 453
222 450
172 429
105 365
129 281
156 254
225 347
303 430
143 414
23 336
158 288
130 497
58 430
52 478
43 411
258 298
226 255
211 452
3 19
51 74
202 458
148 152
250 388
176 375
12 377
97 332
20 193
24 378
101 419
115 200
36 474
128 211
33 259
72 230
243 460
171 409
59 382
183 202
281 344
203 301
78 257
109 243
409 495
201 268
164 401
30 425
163 365
24 404
8 295
26 281
34 95
45 100
379 444
337 377
6 294
37 66
185 437
367 371
49 324
25 379
4 185
142 363
50 368
108 268
128 344
42 79
8 25
86 487
235 318
98 424
39 296
63 297
63 184
139 226
22 212
283 312
17 151
28 106
31 151
70 480
51 220
305 431
336 431
161 408
4 112
83 136
68 184
70 173
146 443
10 175
17 395
139 429
249 386
70 188
298 477
241 491
411 465
320 418
7 242
238 245
353 449
209 449
141 147
49 407
34 258
16 392
368 460
191 354
186 197
47 49
199 470
38 257
150 440
269 499
104 481
233 348
25 272
184 308
127 181
167 248
94 297
217 333
292 363
224 485
214 215
55 107
320 470
128 385
155 410
36 423
30 156
71 210
251 323
13 319
29 401
239 433
71 213
123 153
107 137
141 188
290 357
38 54
364 395
315 478
55 479
92 497
165 275
53 214
63 294
39 219
253 450
9 386
59 181
417 486
22 444
140 243
123 349
7 376
159 339
57 468
182 205
103 265
198 295
238 400
157 383
364 372
261 370
217 374
172 190
31 405
197 310
119 261
159 374
307 443
287 358
3 414
17 52
271 323
61 171
304 360
248 388
306 338
14 401
74 226
16 236
156 458
256 486
90 388
80 339
235 368
218 441
84 122
135 439
8 319
277 405
130 477
234 474
48 420
155 313
87 298
18 319
11 418
377 412
337 369
219 245
227 356
169 441
70 91
25 187
353 433
23 241
11 17
126 238
127 391
336 436
40 59
63 274
242 365
434 439
157 161
118 209
182 322
235 255
257 421
95 308
262 443
107 252
224 334
341 366
23 359
32 184
203 364
43 389
68 323
18 479
224 481
249 349
39 420
86 408
121 306
261 330
46 359
355 483
267 483
29 200
208 433
22 54
42 72
80 236
316 499
41 177
88 96
63 282
219 225
179 487
68 310
60 264
38 199
88 160
329 387
332 397
296 422
130 205
118 261
61 83
45 364
10 441
276 386
132 442
170 227
54 318
52 317
460 464
351 397
392 473
332 438
358 500
139 419
53 286
66 448
243 463
89 464
127 355
80 184
172 232
401 421
249 287
267 472
148 340
180 242
202 452
17 458
234 249
415 454
354 474
17 132
96 344
242 433
116 488
318 429
46 281
69 287
9 37
36 181
117 361
99 348
138 200
3 478
16 309
349 432
120 198
45 180
324 460
129 291
442 455
81 333
254 381
236 280
218 400
91 374
261 270
59 198
69 336
45 205
94 240
33 61
8 313
15 360
349 431
330 439
218 339
466 475
45 197
116 138
83 269
345 467
342 466
202 305
24 434
251 321
275 410
378 469
132 480
74 212
127 221
34 170
266 336
14 107
371 459
252 420
171 222
361 401
179 284
66 350
12 334
212 498
426 459
5 339
20 205
331 361
190 457
212 370
31 392
79 340
155 375
238 343
89 91
160 316
223 370
204 242
305 499
23 317
145 279
145 265
22 459
379 388
153 319
198 430
45 322
239 464
2 244
140 368
59 252
384 420
405 418
43 421
53 481
79 376
114 342
20 262
83 418
10 263
247 290
44 481
73 182
1 81
376 465
96 149
454 496
210 267
88 332
25 338
115 483
90 467
94 234
64 357
109 254
206 409
204 343
67 466
33 333
7 390
83 266
74 409
308 487
237 292
261 407
10 261
175 246
116 350
39 271
185 270
58 406
227 500
161 293
161 271
50 84
91 277
114 409
52 328
118 457
224 413
96 277
274 355
204 276
181 482
478 489
384 441
130 290
41 398
169 450
163 330
206 436
5 483
31 416
1 122
245 486
144 336
349 422
254 266
174 413
118 381
283 431
183 244
93 369
57 455
77 451
405 407
106 476
266 500
262 456
50 218
9 186
287 383
192 341
100 305
119 473
51 147
238 378
112 285
171 373
80 377
63 305
317 387
106 359
140 209
321 379
265 417
273 489
444 473
294 379
82 452
38 230
287 348
358 420
88 158
39 321
135 356
71 499
182 387
14 67
110 496
20 22
193 460
298 421
184 379
359 442
399 456
56 80
377 391
27 78
4 79
81 363
333 397
402 404
38 466
47 369
266 285
142 298
25 153
71 154
4 199
8 317
17 185
330 465
300 469
121 255
203 342
313 492
62 270
143 153
315 454
26 404
331 495
165 257
170 412
153 286
387 494
393 473
26 157
6 487
345 385
39 299
20 376
131 160
150 418
287 441
126 356
355 478
54 496
22 44
286 377
230 374
16 334
57 274
277 297
225 306
103 442
66 140
77 190
199 382
135 363
439 440
299 345
138 186
6 474
218 241
51 58
235 391
76 77
323 485
204 420
113 351
173 286
252 462
226 413
124 382
94 311
27 467
92 279
4 244
180 410
225 468
15 30
158 332
7 138
55 234
426 489
127 154
168 359
391 471
76 117
154 467
218 399
135 200
74 458
122 464
125 447
34 121
133 195
8 156
241 405
175 183
17 329
405 444
57 225
31 57
135 271
3 460
35 274
220 277
52 246
168 415
6 228
3 70
83 434
107 357
183 205
36 489
175 390
66 133
78 309
38 497
90 267
77 154
159 410
378 473
89 387
358 360
206 224
57 161
445 484
192 304
151 428
417 489
8 339
200 254
79 197
94 325
290 352
55 254
119 375
50 159
54 137
45 441
121 500
114 223
102 366
42 131
115 191
188 449
72 431
387 487
1 445
61 345
257 340
170 329
43 374
48 139
276 365
11 250
170 373
3 21
28 232
122 158
286 495
80 422
300 302
34 88
124 159
115 239
61 161
353 360
323 337
365 499
204 265
210 245
132 295
132 260
169 458
159 360
178 404
171 394
24 81
338 369
30 344
233 441
56 295
68 341
146 399
148 195
471 488
64 115
290 422
245 357
177 474
281 381
126 267
239 330
5 149
237 332
83 429
80 291
64 291
7 412
163 237
118 137
36 366
270 306
109 360
120 397
114 367
154 337
76 149
24 102
16 436
152 378
354 461
88 416
203 381
351 392
39 377
89 298
280 320
79 228
234 252
141 219
152 277
34 73
46 331
48 110
37 347
372 409
114 446
220 390
430 468
32 81
163 425
9 389
15 49
149 480
130 337
13 237
245 446
131 454
128 376
220 491
271 499
251 442
147 382
347 412
190 223
120 292
76 325
83 306
169 401
8 193
72 147
32 159
322 408
197 389
203 430
149 482
260 297
332 455
163 297
52 132
7 299
58 451
99 500
7 480
48 181
233 338
344 496
205 386
61 409
110 456
257 381
157 489
58 142
253 315
168 333
155 238
224 415
2 77
46 315
439 482
83 333
26 378
168 317
114 472
278 424
120 237
147 400
441 470
121 426
210 218
78 406
389 475
84 161
47 303
314 475
131 238
327 331
16 145
59 80
303 467
106 207
247 399
181 251
184 273
73 415
35 370
127 427
123 396
189 313
114 479
283 430
50 379
18 261
40 408
59 310
102 403
97 481
163 169
124 262
45 83
16 465
139 266
440 485
263 499
86 157
422 465
236 394
202 406
58 121
2 55
394 438
146 267
392 420
111 152
230 471
69 147
66 279
146 359
248 429
239 310
29 167
136 377
84 455
12 162
194 247
31 119
196 281
41 69
217 260
92 386
118 426
75 384
77 354
277 459
178 268
241 484
185 254
97 300
35 415
354 457
201 419
326 472
71 176
387 495
170 367
307 476
69 96
247 343
429 473
129 455
35 221
113 212
39 277
141 453
205 398
134 469
3 176
62 498
148 415
463 465
215 469
12 207
203 350
295 377
31 495
263 399
79 102
44 221
421 480
21 306
142 257
255 258
13 426
42 286
167 314
180 284
274 493
296 342
87 277
2 462
160 163
50 340
382 465
99 370
123 465
140 342
230 371
395 422
100 139
255 296
105 380
73 266
74 265
354 406
203 338
85 499
450 469
14 73
364 432
98 414
44 496
243 303
310 380
416 435
229 395
309 465
69 83
236 465
24 295
324 459
52 275
283 364
171 417
250 471
56 115
320 440
275 373
93 193
51 95
232 344
211 243
88 89
118 349
181 227
393 483
50 111
18 488
156 431
43 89
121 256
80 120
43 229
223 492
247 326
89 151
116 475
373 377
38 458
317 379
194 204
192 283
403 496
119 220
186 436
332 392
49 454
336 425
153 236
308 415
230 394
30 330
231 339
269 394
89 192
241 271
307 382
127 321
181 472
281 283
11 353
165 438
415 470
85 455
428 471
50 333
3 119
322 485
17 59
65 272
280 498
299 317
131 457
293 382
61 219
163 412
44 453
88 288
19 245
216 259
77 248
147 470
185 289
182 323
335 489
40 410
207 218
404 500
154 299
99 464
53 128
2 331
307 469
286 304
45 144
311 373
388 414
111 258
35 159
126 387
91 301
350 473
27 388
121 273
44 74
148 454
204 349
304 348
290 469
11 24
55 467
121 394
81 286
90 347
48 277
339 386
86 253
70 195
213 242
186 471
69 89
94 248
101 270
105 201
291 441
89 106
257 431
32 115
293 302
204 339
41 445
214 355
174 235
9 61
209 402
331 431
380 454
146 450
7 45
23 249
131 274
305 484
99 104
267 352
290 337
430 432
321 391
60 369
423 478
121 415
164 292
83 406
8 385
269 437
196 476
322 392
23 348
215 491
388 473
133 260
38 460
15 350
220 475
76 352
130 195
171 370
47 107
95 278
366 389
408 478
176 425
214 425
208 458
21 487
179 476
125 277
59 387
80 407
4 59
90 306
281 398
281 289
199 471
380 457
126 299
30 303
40 144
104 147
28 221
263 395
117 268
117 211
5 25
74 279
71 109
63 254
225 413
392 409
429 491
85 335
187 470
148 333
118 258
368 480
28 179
92 302
210 438
129 297
245 395
228 318
192 349
330 463
289 399
71 457
65 249
21 224
81 303
217 222
106 385
17 42
177 213
205 288
145 422
18 476
255 356
333 388
108 179
286 291
4 234
317 453
85 452
117 241
153 464
279 493
213 387
80 300
265 382
75 468
157 164
214 231
289 455
28 117
412 455
19 152
41 63
347 410
113 438
159 328
150 182
147 214
183 382
378 407
276 355
64 173
234 413
312 384
85 407
99 192
412 459
134 358
68 491
199 267
381 459
24 47
17 127
188 292
153 455
76 254
113 300
95 404
359 484
189 366
269 296
358 407
32 442
353 362
121 333
268 465
100 477
82 285
144 196
42 496
276 366
413 495
146 218
102 414
342 350
81 490
170 450
320 398
80 309
44 141
6 172
85 243
356 358
81 431
158 412
183 203
24 359
398 447
10 285
242 489
170 213
22 37
217 362
69 272
224 375
28 115
310 458
243 468
101 277
440 486
178 223
248 405
231 357
316 357
150 268
244 398
305 474
17 310
95 255
264 488
96 143
63 68
119 306
33 43
82 298
413 449
416 499
37 215
485 500
68 330
134 350
191 425
207 470
261 381
91 168
189 206
179 193
59 450
392 430
129 360
238 413
148 242
135 168
21 37
139 461
368 478
272 487
320 413
106 293
142 168
68 325
292 302
177 311
246 404
309 361
404 470
49 55
93 167
273 374
42 87
164 226
228 465
201 271
386 448
243 279
41 415
180 292
435 481
58 410
94 351
37 218
118 310
97 265
339 391
241 382
4 402
83 344
78 232
274 323
204 468
124 466
41 182
130 158
125 368
102 461
243 326
123 163
16 461
124 324
301 499
148 316
124 407
285 370
369 492
322 449
99 418
87 391
110 369
227 329
50 446
143 445
219 425
65 335
331 421
219 382
96 364
163 175
111 280
222 283
184 321
224 244
11 223
66 89
65 269
225 284
147 494
226 345
191 359
193 399
132 365
398 406
346 482
130 155
66 287
165 416
110 180
54 337
55 178
180 213
197 233
92 367
30 239
151 444
107 293
54 497
54 473
221 282
196 457
340 491
70 333
287 464
58 323
20 466
206 221
166 239
275 495
178 417
218 425
171 449
76 141
82 343
59 194
16 370
209 343
189 295
64 174
464 474
6 157
135 293
287 338
30 256
12 48
317 333
46 379
441 500
271 406
36 93
353 424
267 427
244 438
106 136
49 50
198 486
77 465
294 416
356 372
245 268
126 139
51 251
98 435
34 146
91 126
27 453
48 67
123 364
316 389
167 253
135 332
150 363
23 136
98 325
226 434
305 350
317 414
137 299
13 140
126 391
81 148
95 123
57 329
344 463
237 446
453 470
139 323
313 391
11 447
41 407
132 437
53 456
37 388
108 244
200 406
66 112
154 244
133 468
348 440
244 420
15 415
50 243
130 439
231 427
53 239
142 375
169 205
149 461
85 233
159 242
263 402
256 469
397 487
40 323
23 464
43 104
89 121
53 346
19 470
148 460
157 346
286 404
195 236
65 492
263 475
113 117
57 361
180 462
307 419
240 374
120 361
86 385
26 195
236 270
339 477
211 402
6 232
67 485
405 458
260 267
279 346
127 205
51 333
10 377
36 395
86 149
230 421
119 478
106 121
258 490
199 490
355 460
22 102
113 484
424 487
407 447
379 415
224 380
37 166
176 271
105 499
95 382
302 381
77 424
163 340
8 228
77 113
301 391
102 453
282 372
232 269
218 377
250 413
58 119
201 375
77 338
386 492
25 485
155 226
50 62
69 384
39 500
138 407
209 446
96 399
141 156
240 499
206 222
133 254
13 394
267 268
67 296
152 486
375 480
165 487
174 236
82 317
31 426
35 162
52 456
9 455
7 153
152 177
36 206
85 155
199 309
308 498
314 354
440 475
68 472
440 462
187 242
464 468
328 475
43 200
144 224
220 492
32 65
43 187
57 207
236 499
8 408
144 448
23 287
323 400
2 312
106 312
98 384
127 307
49 180
339 498
296 305
70 361
40 272
120 308
56 474
86 379
219 333
372 437
76 435
342 472
140 186
26 444
332 405
305 433
247 348
5 267
24 352
195 238
408 476
171 253
267 328
32 424
196 379
275 301
113 379
63 368
68 384
67 449
339 352
216 474
382 480
34 236
6 219
200 476
242 384
146 285
24 424
22 399
34 341
196 243
294 367
50 357
85 295
157 454
7 78
282 433
152 370
106 246
380 422
422 466
143 308
34 497
245 384
230 432
61 271
129 458
446 459
16 144
267 447
128 493
398 417
126 216
462 492
256 428
255 381
189 490
151 247
33 159
232 336
230 427
152 180
233 355
20 52
444 477
4 237
419 422
385 438
4 192
34 292
224 339
151 199
49 415
10 90
229 378
99 190
1 237
147 426
140 445
103 189
1 162
146 283
454 482
45 348
56 277
320 364
50 179
40 441
249 278
424 489
76 109
31 306
66 497
172 189
365 486
148 408
337 470
94 464
68 334
173 497
30 160
194 369
122 349
189 464
293 429
83 472
143 232
216 239
104 279
110 187
72 199
63 387
88 253
77 206
92 413
316 323
290 425
178 422
246 262
35 302
289 481
248 270
99 335
267 468
70 153
168 375
39 447
164 180
238 351
345 421
220 422
157 173
74 364
313 403
322 393
67 301
80 146
153 382
105 387
33 231
71 98
97 476
92 492
27 396
186 498
269 275
278 496
131 277
469 499
254 488
267 433
402 459
409 456
133 405
30 168
27 363
63 317
192 303
416 439
264 473
297 393
217 361
1 330
124 400
200 490
425 485
157 239
54 370
15 209
78 201
147 365
125 491
65 153
35 115
304 305
185 365
197 388
303 439
241 300
88 492
179 392
159 320
129 340
154 354
92 265
13 333
26 230
164 256
376 439
261 366
7 16
265 271
259 400
67 183
389 478
390 454
314 455
139 415
75 479
415 437
202 357
438 444
145 170
310 421
131 301
159 324
334 476
287 421
83 388
328 465
289 470
149 471
7 444
246 333
27 476
440 490
48 297
50 251
394 434
92 106
154 345
214 262
7 202
178 272
169 337
97 488
228 492
67 484
5 302
104 159
31 76
23 61
28 183
135 471
121 166
55 328
94 483
54 249
192 355
300 416
231 324
33 273
75 407
351 429
33 282
7 228
98 258
184 257
22 210
147 488
17 397
183 298
269 348
115 181
64 446
317 397
5 150
81 372
287 379
229 380
221 494
371 374
376 377
131 291
384 455
210 448
99 397
109 156
170 471
339 428
12 282
152 248
215 299
110 157
119 363
480 490
4 56
132 312
148 481
83 103
72 226
149 192
133 182
85 165
63 421
128 167
33 128
35 230
166 278
446 496
265 293
51 497
175 437
143 468
15 376
61 289
57 132
454 497
231 285
215 464
267 421
113 147
194 292
83 177
148 472
7 145
38 144
179 331
223 359
63 85
31 413
415 465
174 401
399 431
251 474
256 304
154 483
72 239
115 491
184 362
242 302
132 256
203 469
142 356
278 396
18 367
431 436
140 176
89 412
12 316
195 495
107 115
14 230
109 279
61 284
150 383
96 205
285 302
111 331
16 48
86 105
56 265
35 403
121 272
115 256
140 215
243 440
138 405
183 490
46 389
146 480
388 399
40 366
2 245
2 31
264 400
38 483
91 231
103 162
284 314
117 279
272 355
112 217
180 260
119 159
226 498
298 299
104 207
229 277
70 287
294 447
181 388
136 449
132 450
260 321
353 456
105 343
63 458
460 488
133 239
266 487
248 382
431 460
45 485
7 13
482 492
18 407
54 275
434 455
298 405
274 465
331 396
104 435
101 114
51 304
195 288
274 284
102 384
151 479
89 384
198 471
291 439
388 477
105 284
36 497
203 273
176 355
225 328
342 440
42 287
17 188
218 251
37 134
39 475
117 173
260 307
183 402
85 405
58 391
117 401
232 279
228 463
147 211
248 488
131 453
462 482
114 445
138 160
396 414
215 440
292 354
170 465
329 395
170 300
207 401
197 400
372 422
139 217
302 450
296 319
79 223
6 389
139 427
90 410
237 388
416 475
15 352
141 446
143 209
154 375
22
1 2
2 3
3 4
4 5
5 6
6 7
7 8
8 9
9 10
10 11
11 12
12 13
13 14
14 15
15 16
16 17
17 18
18 19
19 20
20 21
21 22
22
1 2
2 3
3 4
4 5
5 6
6 7
7 8
8 9
9 10
10 11
11 12
12 13
13 14
14 15
15 16
16 17
17 18
18 19
19 20
20 21
21 22
22
1 2
2 3
3 4
4 5
5 6
6 7
7 8
8 9
9 10
10 11
11 12
12 13
13 14
14 15
15 16
16 17
17 18
18 19
19 20
20 21
21 22
22
1 2
2 3
3 4
4 5
5 6
6 7
7 8
8 9
9 10
10 11
11 12
12 13
13 14
14 15
15 16
16 17
17 18
18 19
19 20
20 21
21 22
22
1 2
2 3
3 4
4 5
5 6
6 7
7 8
8 9
9 10
10 11
11 12
12 13
13 14
14 15
15 16
16 17
17 18
18 19
19 20
20 21
21 22
22
1 2
2 3
3 4
4 5
5 6
6 7
7 8
8 9
9 10
10 11
11 12
12 13
13 14
14 15
15 16
16 17
17 18
18 19
19 20
20 21
21 22
22
1 2
2 3
3 4
4 5
5 6
6 7
7 8
8 9
9 10
10 11
11 12
12 13
13 14
14 15
15 16
16 17
17 18
18 19
19 20
20 21
21 22
22
1 2
2 3
3 4
4 5
5 6
6 7
7 8
8 9
9 10
10 11
11 12
12 13
13 14
14 15
15 16
16 17
17 18
18 19
19 20
20 21
21 22
22
1 2
2 3
3 4
4 5
5 6
6 7
7 8
8 9
9 10
10 11
11 12
12 13
13 14
14 15
15 16
16 17
17 18
18 19
19 20
20 21
21 22
22
1 2
2 3
3 4
4 5
5 6
6 7
7 8
8 9
9 10
10 11
11 12
12 13
13 14
14 15
15 16
16 17
17 18
18 19
19 20
20 21
21 22
22
1 2
2 3
3 4
4 5
5 6
6 7
7 8
8 9
9 10
10 11
11 12
12 13
13 14
14 15
15 16
16 17
17 18
18 19
19 20
20 21
21 22
22
1 2
2 3
3 4
4 5
5 6
6 7
7 8
8 9
9 10
10 11
11 12
12 13
13 14
14 15
15 16
16 17
17 18
18 19
19 20
20 21
21 22
22
1 2
2 3
3 4
4 5
5 6
6 7
7 8
8 9
9 10
10 11
11 12
12 13
13 14
14 15
15 16
16 17
17 18
18 19
19 20
20 21
21 22
22
1 2
2 3
3 4
4 5
5 6
6 7
7 8
8 9
9 10
10 11
11 12
12 13
13 14
14 15
15 16
16 17
17 18
18 19
19 20
20 21
21 22
22
1 2
2 3
3 4
4 5
5 6
6 7
7 8
8 9
9 10
10 11
11 12
12 13
13 14
14 15
15 16
16 17
17 18
18 19
19 20
20 21
21 22
22
1 2
2 3
3 4
4 5
5 6
6 7
7 8
8 9
9 10
10 11
11 12
12 13
13 14
14 15
15 16
16 17
17 18
18 19
19 20
20 21
21 22
22
1 2
2 3
3 4
4 5
5 6
6 7
7 8
8 9
9 10
10 11
11 12
12 13
13 14
14 15
15 16
16 17
17 18
18 19
19 20
20 21
21 22
22
1 2
2 3
3 4
4 5
5 6
6 7
7 8
8 9
9 10
10 11
11 12
12 13
13 14
14 15
15 16
16 17
17 18
18 19
19 20
20 21
21 22
22
1 2
2 3
3 4
4 5
5 6
6 7
7 8
8 9
9 10
10 11
11 12
12 13
13 14
14 15
15 16
16 17
17 18
18 19
19 20
20 21
21 22
22
1 2
2 3
3 4
4 5
5 6
6 7
7 8
8 9
9 10
10 11
11 12
12 13
13 14
14 15
15 16
16 17
17 18
18 19
19 20
20 21
21 22
22
1 2
2 3
3 4
4 5
5 6
6 7
7 8
8 9
9 10
10 11
11 12
12 13
13 14
14 15
15 16
16 17
17 18
18 19
19 20
20 21
21 22
22
1 2
2 3
3 4
4 5
5 6
6 7
7 8
8 9
9 10
10 11
11 12
12 13
13 14
14 15
15 16
16 17
17 18
18 19
19 20
20 21
21 22
22
1 2
2 3
3 4
4 5
5 6
6 7
7 8
8 9
9 10
10 11
11 12
12 13
13 14
14 15
15 16
16 17
17 18
18 19
19 20
20 21
21 22
22
1 2
2 3
3 4
4 5
5 6
6 7
7 8
8 9
9 10
10 11
11 12
12 13
13 14
14 15
15 16
16 17
17 18
18 19
19 20
20 21
21 22
22
1 2
2 3
3 4
4 5
5 6
6 7
7 8
8 9
9 10
10 11
11 12
12 13
13 14
14 15
15 16
16 17
17 18
18 19
19 20
20 21
21 22
22
1 2
2 3
3 4
4 5
5 6
6 7
7 8
8 9
9 10
10 11
11 12
12 13
13 14
14 15
15 16
16 17
17 18
18 19
19 20
20 21
21 22
22
1 2
2 3
3 4
4 5
5 6
6 7
7 8
8 9
9 10
10 11
11 12
12 13
13 14
14 15
15 16
16 17
17 18
18 19
19 20
20 21
21 22
22
1 2
2 3
3 4
4 5
5 6
6 7
7 8
8 9
9 10
10 11
11 12
12 13
13 14
14 15
15 16
16 17
17 18
18 19
19 20
20 21
21 22
22
1 2
2 3
3 4
4 5
5 6
6 7
7 8
8 9
9 10
10 11
11 12
12 13
13 14
14 15
15 16
16 17
17 18
18 19
19 20
20 21
21 22
22
1 2
2 3
3 4
4 5
5 6
6 7
7 8
8 9
9 10
10 11
11 12
12 13
13 14
14 15
15 16
16 17
17 18
18 19
19 20
20 21
21 22
22
1 2
2 3
3 4
4 5
5 6
6 7
7 8
8 9
9 10
10 11
11 12
12 13
13 14
14 15
15 16
16 17
17 18
18 19
19 20
20 21
21 22
22
1 2
2 3
3 4
4 5
5 6
6 7
7 8
8 9
9 10
10 11
11 12
12 13
13 14
14 15
15 16
16 17
17 18
18 19
19 20
20 21
21 22
22
1 2
2 3
3 4
4 5
5 6
6 7
7 8
8 9
9 10
10 11
11 12
12 13
13 14
14 15
15 16
16 17
17 18
18 19
19 20
20 21
21 22
22
1 2
2 3
3 4
4 5
5 6
6 7
7 8
8 9
9 10
10 11
11 12
12 13
13 14
14 15
15 16
16 17
17 18
18 19
19 20
20 21
21 22
22
1 2
2 3
3 4
4 5
5 6
6 7
7 8
8 9
9 10
10 11
11 12
12 13
13 14
14 15
15 16
16 17
17 18
18 19
19 20
20 21
21 22
22
1 2
2 3
3 4
4 5
5 6
6 7
7 8
8 9
9 10
10 11
11 12
12 13
13 14
14 15
15 16
16 17
17 18
18 19
19 20
20 21
21 22
22
1 2
2 3
3 4
4 5
5 6
6 7
7 8
8 9
9 10
10 11
11 12
12 13
13 14
14 15
15 16
16 17
17 18
18 19
19 20
20 21
21 22
22
1 2
2 3
3 4
4 5
5 6
6 7
7 8
8 9
9 10
10 11
11 12
12 13
13 14
14 15
15 16
16 17
17 18
18 19
19 20
20 21
21 22
22
1 2
2 3
3 4
4 5
5 6
6 7
7 8
8 9
9 10
10 11
11 12
12 13
13 14
14 15
15 16
16 17
17 18
18 19
19 20
20 21
21 22
22
1 2
2 3
3 4
4 5
5 6
6 7
7 8
8 9
9 10
10 11
11 12
12 13
13 14
14 15
15 16
16 17
17 18
18 19
19 20
20 21
21 22
22
1 2
2 3
3 4
4 5
5 6
6 7
7 8
8 9
9 10
10 11
11 12
12 13
13 14
14 15
15 16
16 17
17 18
18 19
19 20
20 21
21 22
22
1 2
2 3
3 4
4 5
5 6
6 7
7 8
8 9
9 10
10 11
11 12
12 13
13 14
14 15
15 16
16 17
17 18
18 19
19 20
20 21
21 22
22
1 2
2 3
3 4
4 5
5 6
6 7
7 8
8 9
9 10
10 11
11 12
12 13
13 14
14 15
15 16
16 17
17 18
18 19
19 20
20 21
21 22
22
1 2
2 3
3 4
4 5
5 6
6 7
7 8
8 9
9 10
10 11
11 12
12 13
13 14
14 15
15 16
16 17
17 18
18 19
19 20
20 21
21 22
22
1 2
2 3
3 4
4 5
5 6
6 7
7 8
8 9
9 10
10 11
11 12
12 13
13 14
14 15
15 16
16 17
17 18
18 19
19 20
20 21
21 22
22
1 2
2 3
3 4
4 5
5 6
6 7
7 8
8 9
9 10
10 11
11 12
12 13
13 14
14 15
15 16
16 17
17 18
18 19
19 20
20 21
21 22
22
1 2
2 3
3 4
4 5
5 6
6 7
7 8
8 9
9 10
10 11
11 12
12 13
13 14
14 15
15 16
16 17
17 18
18 19
19 20
20 21
21 22
22
1 2
2 3
3 4
4 5
5 6
6 7
7 8
8 9
9 10
10 11
11 12
12 13
13 14
14 15
15 16
16 17
17 18
18 19
19 20
20 21
21 22
22
1 2
2 3
3 4
4 5
5 6
6 7
7 8
8 9
9 10
10 11
11 12
12 13
13 14
14 15
15 16
16 17
17 18
18 19
19 20
20 21
21 22
22
1 2
2 3
3 4
4 5
5 6
6 7
7 8
8 9
9 10
10 11
11 12
12 13
13 14
14 15
15 16
16 17
17 18
18 19
19 20
20 21
21 22
22
1 2
2 3
3 4
4 5
5 6
6 7
7 8
8 9
9 10
10 11
11 12
12 13
13 14
14 15
15 16
16 17
17 18
18 19
19 20
20 21
21 22
22
1 2
2 3
3 4
4 5
5 6
6 7
7 8
8 9
9 10
10 11
11 12
12 13
13 14
14 15
15 16
16 17
17 18
18 19
19 20
20 21
21 22
22
1 2
2 3
3 4
4 5
5 6
6 7
7 8
8 9
9 10
10 11
11 12
12 13
13 14
14 15
15 16
16 17
17 18
18 19
19 20
20 21
21 22
22
1 2
2 3
3 4
4 5
5 6
6 7
7 8
8 9
9 10
10 11
11 12
12 13
13 14
14 15
15 16
16 17
17 18
18 19
19 20
20 21
21 22
22
1 2
2 3
3 4
4 5
5 6
6 7
7 8
8 9
9 10
10 11
11 12
12 13
13 14
14 15
15 16
16 17
17 18
18 19
19 20
20 21
21 22
22
1 2
2 3
3 4
4 5
5 6
6 7
7 8
8 9
9 10
10 11
11 12
12 13
13 14
14 15
15 16
16 17
17 18
18 19
19 20
20 21
21 22
22
1 2
2 3
3 4
4 5
5 6
6 7
7 8
8 9
9 10
10 11
11 12
12 13
13 14
14 15
15 16
16 17
17 18
18 19
19 20
20 21
21 22
22
1 2
2 3
3 4
4 5
5 6
6 7
7 8
8 9
9 10
10 11
11 12
12 13
13 14
14 15
15 16
16 17
17 18
18 19
19 20
20 21
21 22
22
1 2
2 3
3 4
4 5
5 6
6 7
7 8
8 9
9 10
10 11
11 12
12 13
13 14
14 15
15 16
16 17
17 18
18 19
19 20
20 21
21 22
22
1 2
2 3
3 4
4 5
5 6
6 7
7 8
8 9
9 10
10 11
11 12
12 13
13 14
14 15
15 16
16 17
17 18
18 19
19 20
20 21
21 22
22
1 2
2 3
3 4
4 5
5 6
6 7
7 8
8 9
9 10
10 11
11 12
12 13
13 14
14 15
15 16
16 17
17 18
18 19
19 20
20 21
21 22
22
1 2
2 3
3 4
4 5
5 6
6 7
7 8
8 9
9 10
10 11
11 12
12 13
13 14
14 15
15 16
16 17
17 18
18 19
19 20
20 21
21 22
22
1 2
2 3
3 4
4 5
5 6
6 7
7 8
8 9
9 10
10 11
11 12
12 13
13 14
14 15
15 16
16 17
17 18
18 19
19 20
20 21
21 22
22
1 2
2 3
3 4
4 5
5 6
6 7
7 8
8 9
9 10
10 11
11 12
12 13
13 14
14 15
15 16
16 17
17 18
18 19
19 20
20 21
21 22
22
1 2
2 3
3 4
4 5
5 6
6 7
7 8
8 9
9 10
10 11
11 12
12 13
13 14
14 15
15 16
16 17
17 18
18 19
19 20
20 21
21 22
22
1 2
2 3
3 4
4 5
5 6
6 7
7 8
8 9
9 10
10 11
11 12
12 13
13 14
14 15
15 16
16 17
17 18
18 19
19 20
20 21
21 22
22
1 2
2 3
3 4
4 5
5 6
6 7
7 8
8 9
9 10
10 11
11 12
12 13
13 14
14 15
15 16
16 17
17 18
18 19
19 20
20 21
21 22
22
1 2
2 3
3 4
4 5
5 6
6 7
7 8
8 9
9 10
10 11
11 12
12 13
13 14
14 15
15 16
16 17
17 18
18 19
19 20
20 21
21 22
22
1 2
2 3
3 4
4 5
5 6
6 7
7 8
8 9
9 10
10 11
11 12
12 13
13 14
14 15
15 16
16 17
17 18
18 19
19 20
20 21
21 22
22
1 2
2 3
3 4
4 5
5 6
6 7
7 8
8 9
9 10
10 11
11 12
12 13
13 14
14 15
15 16
16 17
17 18
18 19
19 20
20 21
21 22
22
1 2
2 3
3 4
4 5
5 6
6 7
7 8
8 9
9 10
10 11
11 12
12 13
13 14
14 15
15 16
16 17
17 18
18 19
19 20
20 21
21 22
22
1 2
2 3
3 4
4 5
5 6
6 7
7 8
8 9
9 10
10 11
11 12
12 13
13 14
14 15
15 16
16 17
17 18
18 19
19 20
20 21
21 22
22
1 2
2 3
3 4
4 5
5 6
6 7
7 8
8 9
9 10
10 11
11 12
12 13
13 14
14 15
15 16
16 17
17 18
18 19
19 20
20 21
21 22
22
1 2
2 3
3 4
4 5
5 6
6 7
7 8
8 9
9 10
10 11
11 12
12 13
13 14
14 15
15 16
16 17
17 18
18 19
19 20
20 21
21 22
22
1 2
2 3
3 4
4 5
5 6
6 7
7 8
8 9
9 10
10 11
11 12
12 13
13 14
14 15
15 16
16 17
17 18
18 19
19 20
20 21
21 22
22
1 2
2 3
3 4
4 5
5 6
6 7
7 8
8 9
9 10
10 11
11 12
12 13
13 14
14 15
15 16
16 17
17 18
18 19
19 20
20 21
21 22
22
1 2
2 3
3 4
4 5
5 6
6 7
7 8
8 9
9 10
10 11
11 12
12 13
13 14
14 15
15 16
16 17
17 18
18 19
19 20
20 21
21 22
22
1 2
2 3
3 4
4 5
5 6
6 7
7 8
8 9
9 10
10 11
11 12
12 13
13 14
14 15
15 16
16 17
17 18
18 19
19 20
20 21
21 22
22
1 2
2 3
3 4
4 5
5 6
6 7
7 8
8 9
9 10
10 11
11 12
12 13
13 14
14 15
15 16
16 17
17 18
18 19
19 20
20 21
21 22
22
1 2
2 3
3 4
4 5
5 6
6 7
7 8
8 9
9 10
10 11
11 12
12 13
13 14
14 15
15 16
16 17
17 18
18 19
19 20
20 21
21 22
22
1 2
2 3
3 4
4 5
5 6
6 7
7 8
8 9
9 10
10 11
11 12
12 13
13 14
14 15
15 16
16 17
17 18
18 19
19 20
20 21
21 22
22
1 2
2 3
3 4
4 5
5 6
6 7
7 8
8 9
9 10
10 11
11 12
12 13
13 14
14 15
15 16
16 17
17 18
18 19
19 20
20 21
21 22
22
1 2
2 3
3 4
4 5
5 6
6 7
7 8
8 9
9 10
10 11
11 12
12 13
13 14
14 15
15 16
16 17
17 18
18 19
19 20
20 21
21 22
22
1 2
2 3
3 4
4 5
5 6
6 7
7 8
8 9
9 10
10 11
11 12
12 13
13 14
14 15
15 16
16 17
17 18
18 19
19 20
20 21
21 22
22
1 2
2 3
3 4
4 5
5 6
6 7
7 8
8 9
9 10
10 11
11 12
12 13
13 14
14 15
15 16
16 17
17 18
18 19
19 20
20 21
21 22
22
1 2
2 3
3 4
4 5
5 6
6 7
7 8
8 9
9 10
10 11
11 12
12 13
13 14
14 15
15 16
16 17
17 18
18 19
19 20
20 21
21 22
22
1 2
2 3
3 4
4 5
5 6
6 7
7 8
8 9
9 10
10 11
11 12
12 13
13 14
14 15
15 16
16 17
17 18
18 19
19 20
20 21
21 22
22
1 2
2 3
3 4
4 5
5 6
6 7
7 8
8 9
9 10
10 11
11 12
12 13
13 14
14 15
15 16
16 17
17 18
18 19
19 20
20 21
21 22
22
1 2
2 3
3 4
4 5
5 6
6 7
7 8
8 9
9 10
10 11
11 12
12 13
13 14
14 15
15 16
16 17
17 18
18 19
19 20
20 21
21 22
22
1 2
2 3
3 4
4 5
5 6
6 7
7 8
8 9
9 10
10 11
11 12
12 13
13 14
14 15
15 16
16 17
17 18
18 19
19 20
20 21
21 22
22
1 2
2 3
3 4
4 5
5 6
6 7
7 8
8 9
9 10
10 11
11 12
12 13
13 14
14 15
15 16
16 17
17 18
18 19
19 20
20 21
21 22
22
1 2
2 3
3 4
4 5
5 6
6 7
7 8
8 9
9 10
10 11
11 12
12 13
13 14
14 15
15 16
16 17
17 18
18 19
19 20
20 21
21 22
22
1 2
2 3
3 4
4 5
5 6
6 7
7 8
8 9
9 10
10 11
11 12
12 13
13 14
14 15
15 16
16 17
17 18
18 19
19 20
20 21
21 22
22
1 2
2 3
3 4
4 5
5 6
6 7
7 8
8 9
9 10
10 11
11 12
12 13
13 14
14 15
15 16
16 17
17 18
18 19
19 20
20 21
21 22
22
1 2
2 3
3 4
4 5
5 6
6 7
7 8
8 9
9 10
10 11
11 12
12 13
13 14
14 15
15 16
16 17
17 18
18 19
19 20
20 21
21 22
22
1 2
2 3
3 4
4 5
5 6
6 7
7 8
8 9
9 10
10 11
11 12
12 13
13 14
14 15
15 16
16 17
17 18
18 19
19 20
20 21
21 22
22
1 2
2 3
3 4
4 5
5 6
6 7
7 8
8 9
9 10
10 11
11 12
12 13
13 14
14 15
15 16
16 17
17 18
18 19
19 20
20 21
21 22
22
1 2
2 3
3 4
4 5
5 6
6 7
7 8
8 9
9 10
10 11
11 12
12 13
13 14
14 15
15 16
16 17
17 18
18 19
19 20
20 21
21 22
22
1 2
2 3
3 4
4 5
5 6
6 7
7 8
8 9
9 10
10 11
11 12
12 13
13 14
14 15
15 16
16 17
17 18
18 19
19 20
20 21
21 22
22
1 2
2 3
3 4
4 5
5 6
6 7
7 8
8 9
9 10
10 11
11 12
12 13
13 14
14 15
15 16
16 17
17 18
18 19
19 20
20 21
21 22
22
1 2
2 3
3 4
4 5
5 6
6 7
7 8
8 9
9 10
10 11
11 12
12 13
13 14
14 15
15 16
16 17
17 18
18 19
19 20
20 21
21 22
22
1 2
2 3
3 4
4 5
5 6
6 7
7 8
8 9
9 10
10 11
11 12
12 13
13 14
14 15
15 16
16 17
17 18
18 19
19 20
20 21
21 22
22
1 2
2 3
3 4
4 5
5 6
6 7
7 8
8 9
9 10
10 11
11 12
12 13
13 14
14 15
15 16
16 17
17 18
18 19
19 20
20 21
21 22
22
1 2
2 3
3 4
4 5
5 6
6 7
7 8
8 9
9 10
10 11
11 12
12 13
13 14
14 15
15 16
16 17
17 18
18 19
19 20
20 21
21 22
22
1 2
2 3
3 4
4 5
5 6
6 7
7 8
8 9
9 10
10 11
11 12
12 13
13 14
14 15
15 16
16 17
17 18
18 19
19 20
20 21
21 22
22
1 2
2 3
3 4
4 5
5 6
6 7
7 8
8 9
9 10
10 11
11 12
12 13
13 14
14 15
15 16
16 17
17 18
18 19
19 20
20 21
21 22
22
1 2
2 3
3 4
4 5
5 6
6 7
7 8
8 9
9 10
10 11
11 12
12 13
13 14
14 15
15 16
16 17
17 18
18 19
19 20
20 21
21 22
22
1 2
2 3
3 4
4 5
5 6
6 7
7 8
8 9
9 10
10 11
11 12
12 13
13 14
14 15
15 16
16 17
17 18
18 19
19 20
20 21
21 22
22
1 2
2 3
3 4
4 5
5 6
6 7
7 8
8 9
9 10
10 11
11 12
12 13
13 14
14 15
15 16
16 17
17 18
18 19
19 20
20 21
21 22
22
1 2
2 3
3 4
4 5
5 6
6 7
7 8
8 9
9 10
10 11
11 12
12 13
13 14
14 15
15 16
16 17
17 18
18 19
19 20
20 21
21 22
22
1 2
2 3
3 4
4 5
5 6
6 7
7 8
8 9
9 10
10 11
11 12
12 13
13 14
14 15
15 16
16 17
17 18
18 19
19 20
20 21
21 22
22
1 2
2 3
3 4
4 5
5 6
6 7
7 8
8 9
9 10
10 11
11 12
12 13
13 14
14 15
15 16
16 17
17 18
18 19
19 20
20 21
21 22
22
1 2
2 3
3 4
4 5
5 6
6 7
7 8
8 9
9 10
10 11
11 12
12 13
13 14
14 15
15 16
16 17
17 18
18 19
19 20
20 21
21 22
22
1 2
2 3
3 4
4 5
5 6
6 7
7 8
8 9
9 10
10 11
11 12
12 13
13 14
14 15
15 16
16 17
17 18
18 19
19 20
20 21
21 22
22
1 2
2 3
3 4
4 5
5 6
6 7
7 8
8 9
9 10
10 11
11 12
12 13
13 14
14 15
15 16
16 17
17 18
18 19
19 20
20 21
21 22
22
1 2
2 3
3 4
4 5
5 6
6 7
7 8
8 9
9 10
10 11
11 12
12 13
13 14
14 15
15 16
16 17
17 18
18 19
19 20
20 21
21 22
22
1 2
2 3
3 4
4 5
5 6
6 7
7 8
8 9
9 10
10 11
11 12
12 13
13 14
14 15
15 16
16 17
17 18
18 19
19 20
20 21
21 22
22
1 2
2 3
3 4
4 5
5 6
6 7
7 8
8 9
9 10
10 11
11 12
12 13
13 14
14 15
15 16
16 17
17 18
18 19
19 20
20 21
21 22
22
1 2
2 3
3 4
4 5
5 6
6 7
7 8
8 9
9 10
10 11
11 12
12 13
13 14
14 15
15 16
16 17
17 18
18 19
19 20
20 21
21 22
22
1 2
2 3
3 4
4 5
5 6
6 7
7 8
8 9
9 10
10 11
11 12
12 13
13 14
14 15
15 16
16 17
17 18
18 19
19 20
20 21
21 22
22
1 2
2 3
3 4
4 5
5 6
6 7
7 8
8 9
9 10
10 11
11 12
12 13
13 14
14 15
15 16
16 17
17 18
18 19
19 20
20 21
21 22
22
1 2
2 3
3 4
4 5
5 6
6 7
7 8
8 9
9 10
10 11
11 12
12 13
13 14
14 15
15 16
16 17
17 18
18 19
19 20
20 21
21 22
22
1 2
2 3
3 4
4 5
5 6
6 7
7 8
8 9
9 10
10 11
11 12
12 13
13 14
14 15
15 16
16 17
17 18
18 19
19 20
20 21
21 22
22
1 2
2 3
3 4
4 5
5 6
6 7
7 8
8 9
9 10
10 11
11 12
12 13
13 14
14 15
15 16
16 17
17 18
18 19
19 20
20 21
21 22
22
1 2
2 3
3 4
4 5
5 6
6 7
7 8
8 9
9 10
10 11
11 12
12 13
13 14
14 15
15 16
16 17
17 18
18 19
19 20
20 21
21 22
22
1 2
2 3
3 4
4 5
5 6
6 7
7 8
8 9
9 10
10 11
11 12
12 13
13 14
14 15
15 16
16 17
17 18
18 19
19 20
20 21
21 22
22
1 2
2 3
3 4
4 5
5 6
6 7
7 8
8 9
9 10
10 11
11 12
12 13
13 14
14 15
15 16
16 17
17 18
18 19
19 20
20 21
21 22
22
1 2
2 3
3 4
4 5
5 6
6 7
7 8
8 9
9 10
10 11
11 12
12 13
13 14
14 15
15 16
16 17
17 18
18 19
19 20
20 21
21 22
22
1 2
2 3
3 4
4 5
5 6
6 7
7 8
8 9
9 10
10 11
11 12
12 13
13 14
14 15
15 16
16 17
17 18
18 19
19 20
20 21
21 22
22
1 2
2 3
3 4
4 5
5 6
6 7
7 8
8 9
9 10
10 11
11 12
12 13
13 14
14 15
15 16
16 17
17 18
18 19
19 20
20 21
21 22
22
1 2
2 3
3 4
4 5
5 6
6 7
7 8
8 9
9 10
10 11
11 12
12 13
13 14
14 15
15 16
16 17
17 18
18 19
19 20
20 21
21 22
22
1 2
2 3
3 4
4 5
5 6
6 7
7 8
8 9
9 10
10 11
11 12
12 13
13 14
14 15
15 16
16 17
17 18
18 19
19 20
20 21
21 22
22
1 2
2 3
3 4
4 5
5 6
6 7
7 8
8 9
9 10
10 11
11 12
12 13
13 14
14 15
15 16
16 17
17 18
18 19
19 20
20 21
21 22
22
1 2
2 3
3 4
4 5
5 6
6 7
7 8
8 9
9 10
10 11
11 12
12 13
13 14
14 15
15 16
16 17
17 18
18 19
19 20
20 21
21 22
22
1 2
2 3
3 4
4 5
5 6
6 7
7 8
8 9
9 10
10 11
11 12
12 13
13 14
14 15
15 16
16 17
17 18
18 19
19 20
20 21
21 22
22
1 2
2 3
3 4
4 5
5 6
6 7
7 8
8 9
9 10
10 11
11 12
12 13
13 14
14 15
15 16
16 17
17 18
18 19
19 20
20 21
21 22
22
1 2
2 3
3 4
4 5
5 6
6 7
7 8
8 9
9 10
10 11
11 12
12 13
13 14
14 15
15 16
16 17
17 18
18 19
19 20
20 21
21 22
22
1 2
2 3
3 4
4 5
5 6
6 7
7 8
8 9
9 10
10 11
11 12
12 13
13 14
14 15
15 16
16 17
17 18
18 19
19 20
20 21
21 22
22
1 2
2 3
3 4
4 5
5 6
6 7
7 8
8 9
9 10
10 11
11 12
12 13
13 14
14 15
15 16
16 17
17 18
18 19
19 20
20 21
21 22
22
1 2
2 3
3 4
4 5
5 6
6 7
7 8
8 9
9 10
10 11
11 12
12 13
13 14
14 15
15 16
16 17
17 18
18 19
19 20
20 21
21 22
22
1 2
2 3
3 4
4 5
5 6
6 7
7 8
8 9
9 10
10 11
11 12
12 13
13 14
14 15
15 16
16 17
17 18
18 19
19 20
20 21
21 22
22
1 2
2 3
3 4
4 5
5 6
6 7
7 8
8 9
9 10
10 11
11 12
12 13
13 14
14 15
15 16
16 17
17 18
18 19
19 20
20 21
21 22
22
1 2
2 3
3 4
4 5
5 6
6 7
7 8
8 9
9 10
10 11
11 12
12 13
13 14
14 15
15 16
16 17
17 18
18 19
19 20
20 21
21 22
22
1 2
2 3
3 4
4 5
5 6
6 7
7 8
8 9
9 10
10 11
11 12
12 13
13 14
14 15
15 16
16 17
17 18
18 19
19 20
20 21
21 22
22
1 2
2 3
3 4
4 5
5 6
6 7
7 8
8 9
9 10
10 11
11 12
12 13
13 14
14 15
15 16
16 17
17 18
18 19
19 20
20 21
21 22
22
1 2
2 3
3 4
4 5
5 6
6 7
7 8
8 9
9 10
10 11
11 12
12 13
13 14
14 15
15 16
16 17
17 18
18 19
19 20
20 21
21 22
22
1 2
2 3
3 4
4 5
5 6
6 7
7 8
8 9
9 10
10 11
11 12
12 13
13 14
14 15
15 16
16 17
17 18
18 19
19 20
20 21
21 22
22
1 2
2 3
3 4
4 5
5 6
6 7
7 8
8 9
9 10
10 11
11 12
12 13
13 14
14 15
15 16
16 17
17 18
18 19
19 20
20 21
21 22
22
1 2
2 3
3 4
4 5
5 6
6 7
7 8
8 9
9 10
10 11
11 12
12 13
13 14
14 15
15 16
16 17
17 18
18 19
19 20
20 21
21 22
22
1 2
2 3
3 4
4 5
5 6
6 7
7 8
8 9
9 10
10 11
11 12
12 13
13 14
14 15
15 16
16 17
17 18
18 19
19 20
20 21
21 22
22
1 2
2 3
3 4
4 5
5 6
6 7
7 8
8 9
9 10
10 11
11 12
12 13
13 14
14 15
15 16
16 17
17 18
18 19
19 20
20 21
21 22
22
1 2
2 3
3 4
4 5
5 6
6 7
7 8
8 9
9 10
10 11
11 12
12 13
13 14
14 15
15 16
16 17
17 18
18 19
19 20
20 21
21 22
22
1 2
2 3
3 4
4 5
5 6
6 7
7 8
8 9
9 10
10 11
11 12
12 13
13 14
14 15
15 16
16 17
17 18
18 19
19 20
20 21
21 22
22
1 2
2 3
3 4
4 5
5 6
6 7
7 8
8 9
9 10
10 11
11 12
12 13
13 14
14 15
15 16
16 17
17 18
18 19
19 20
20 21
21 22
22
1 2
2 3
3 4
4 5
5 6
6 7
7 8
8 9
9 10
10 11
11 12
12 13
13 14
14 15
15 16
16 17
17 18
18 19
19 20
20 21
21 22
22
1 2
2 3
3 4
4 5
5 6
6 7
7 8
8 9
9 10
10 11
11 12
12 13
13 14
14 15
15 16
16 17
17 18
18 19
19 20
20 21
21 22
22
1 2
2 3
3 4
4 5
5 6
6 7
7 8
8 9
9 10
10 11
11 12
12 13
13 14
14 15
15 16
16 17
17 18
18 19
19 20
20 21
21 22
22
1 2
2 3
3 4
4 5
5 6
6 7
7 8
8 9
9 10
10 11
11 12
12 13
13 14
14 15
15 16
16 17
17 18
18 19
19 20
20 21
21 22
22
1 2
2 3
3 4
4 5
5 6
6 7
7 8
8 9
9 10
10 11
11 12
12 13
13 14
14 15
15 16
16 17
17 18
18 19
19 20
20 21
21 22
22
1 2
2 3
3 4
4 5
5 6
6 7
7 8
8 9
9 10
10 11
11 12
12 13
13 14
14 15
15 16
16 17
17 18
18 19
19 20
20 21
21 22
22
1 2
2 3
3 4
4 5
5 6
6 7
7 8
8 9
9 10
10 11
11 12
12 13
13 14
14 15
15 16
16 17
17 18
18 19
19 20
20 21
21 22
22
1 2
2 3
3 4
4 5
5 6
6 7
7 8
8 9
9 10
10 11
11 12
12 13
13 14
14 15
15 16
16 17
17 18
18 19
19 20
20 21
21 22
22
1 2
2 3
3 4
4 5
5 6
6 7
7 8
8 9
9 10
10 11
11 12
12 13
13 14
14 15
15 16
16 17
17 18
18 19
19 20
20 21
21 22
22
1 2
2 3
3 4
4 5
5 6
6 7
7 8
8 9
9 10
10 11
11 12
12 13
13 14
14 15
15 16
16 17
17 18
18 19
19 20
20 21
21 22
22
1 2
2 3
3 4
4 5
5 6
6 7
7 8
8 9
9 10
10 11
11 12
12 13
13 14
14 15
15 16
16 17
17 18
18 19
19 20
20 21
21 22
22
1 2
2 3
3 4
4 5
5 6
6 7
7 8
8 9
9 10
10 11
11 12
12 13
13 14
14 15
15 16
16 17
17 18
18 19
19 20
20 21
21 22
22
1 2
2 3
3 4
4 5
5 6
6 7
7 8
8 9
9 10
10 11
11 12
12 13
13 14
14 15
15 16
16 17
17 18
18 19
19 20
20 21
21 22
22
1 2
2 3
3 4
4 5
5 6
6 7
7 8
8 9
9 10
10 11
11 12
12 13
13 14
14 15
15 16
16 17
17 18
18 19
19 20
20 21
21 22
22
1 2
2 3
3 4
4 5
5 6
6 7
7 8
8 9
9 10
10 11
11 12
12 13
13 14
14 15
15 16
16 17
17 18
18 19
19 20
20 21
21 22
22
1 2
2 3
3 4
4 5
5 6
6 7
7 8
8 9
9 10
10 11
11 12
12 13
13 14
14 15
15 16
16 17
17 18
18 19
19 20
20 21
21 22
22
1 2
2 3
3 4
4 5
5 6
6 7
7 8
8 9
9 10
10 11
11 12
12 13
13 14
14 15
15 16
16 17
17 18
18 19
19 20
20 21
21 22
22
1 2
2 3
3 4
4 5
5 6
6 7
7 8
8 9
9 10
10 11
11 12
12 13
13 14
14 15
15 16
16 17
17 18
18 19
19 20
20 21
21 22
22
1 2
2 3
3 4
4 5
5 6
6 7
7 8
8 9
9 10
10 11
11 12
12 13
13 14
14 15
15 16
16 17
17 18
18 19
19 20
20 21
21 22
22
1 2
2 3
3 4
4 5
5 6
6 7
7 8
8 9
9 10
10 11
11 12
12 13
13 14
14 15
15 16
16 17
17 18
18 19
19 20
20 21
21 22
22
1 2
2 3
3 4
4 5
5 6
6 7
7 8
8 9
9 10
10 11
11 12
12 13
13 14
14 15
15 16
16 17
17 18
18 19
19 20
20 21
21 22
22
1 2
2 3
3 4
4 5
5 6
6 7
7 8
8 9
9 10
10 11
11 12
12 13
13 14
14 15
15 16
16 17
17 18
18 19
19 20
20 21
21 22
22
1 2
2 3
3 4
4 5
5 6
6 7
7 8
8 9
9 10
10 11
11 12
12 13
13 14
14 15
15 16
16 17
17 18
18 19
19 20
20 21
21 22
22
1 2
2 3
3 4
4 5
5 6
6 7
7 8
8 9
9 10
10 11
11 12
12 13
13 14
14 15
15 16
16 17
17 18
18 19
19 20
20 21
21 22
22
1 2
2 3
3 4
4 5
5 6
6 7
7 8
8 9
9 10
10 11
11 12
12 13
13 14
14 15
15 16
16 17
17 18
18 19
19 20
20 21
21 22
22
1 2
2 3
3 4
4 5
5 6
6 7
7 8
8 9
9 10
10 11
11 12
12 13
13 14
14 15
15 16
16 17
17 18
18 19
19 20
20 21
21 22
22
1 2
2 3
3 4
4 5
5 6
6 7
7 8
8 9
9 10
10 11
11 12
12 13
13 14
14 15
15 16
16 17
17 18
18 19
19 20
20 21
21 22
22
1 2
2 3
3 4
4 5
5 6
6 7
7 8
8 9
9 10
10 11
11 12
12 13
13 14
14 15
15 16
16 17
17 18
18 19
19 20
20 21
21 22
22
1 2
2 3
3 4
4 5
5 6
6 7
7 8
8 9
9 10
10 11
11 12
12 13
13 14
14 15
15 16
16 17
17 18
18 19
19 20
20 21
21 22
22
1 2
2 3
3 4
4 5
5 6
6 7
7 8
8 9
9 10
10 11
11 12
12 13
13 14
14 15
15 16
16 17
17 18
18 19
19 20
20 21
21 22
22
1 2
2 3
3 4
4 5
5 6
6 7
7 8
8 9
9 10
10 11
11 12
12 13
13 14
14 15
15 16
16 17
17 18
18 19
19 20
20 21
21 22
22
1 2
2 3
3 4
4 5
5 6
6 7
7 8
8 9
9 10
10 11
11 12
12 13
13 14
14 15
15 16
16 17
17 18
18 19
19 20
20 21
21 22
22
1 2
2 3
3 4
4 5
5 6
6 7
7 8
8 9
9 10
10 11
11 12
12 13
13 14
14 15
15 16
16 17
17 18
18 19
19 20
20 21
21 22
22
1 2
2 3
3 4
4 5
5 6
6 7
7 8
8 9
9 10
10 11
11 12
12 13
13 14
14 15
15 16
16 17
17 18
18 19
19 20
20 21
21 22
22
1 2
2 3
3 4
4 5
5 6
6 7
7 8
8 9
9 10
10 11
11 12
12 13
13 14
14 15
15 16
16 17
17 18
18 19
19 20
20 21
21 22
22
1 2
2 3
3 4
4 5
5 6
6 7
7 8
8 9
9 10
10 11
11 12
12 13
13 14
14 15
15 16
16 17
17 18
18 19
19 20
20 21
21 22
22
1 2
2 3
3 4
4 5
5 6
6 7
7 8
8 9
9 10
10 11
11 12
12 13
13 14
14 15
15 16
16 17
17 18
18 19
19 20
20 21
21 22
22
1 2
2 3
3 4
4 5
5 6
6 7
7 8
8 9
9 10
10 11
11 12
12 13
13 14
14 15
15 16
16 17
17 18
18 19
19 20
20 21
21 22
22
1 2
2 3
3 4
4 5
5 6
6 7
7 8
8 9
9 10
10 11
11 12
12 13
13 14
14 15
15 16
16 17
17 18
18 19
19 20
20 21
21 22
22
1 2
2 3
3 4
4 5
5 6
6 7
7 8
8 9
9 10
10 11
11 12
12 13
13 14
14 15
15 16
16 17
17 18
18 19
19 20
20 21
21 22
22
1 2
2 3
3 4
4 5
5 6
6 7
7 8
8 9
9 10
10 11
11 12
12 13
13 14
14 15
15 16
16 17
17 18
18 19
19 20
20 21
21 22
22
1 2
2 3
3 4
4 5
5 6
6 7
7 8
8 9
9 10
10 11
11 12
12 13
13 14
14 15
15 16
16 17
17 18
18 19
19 20
20 21
21 22
22
1 2
2 3
3 4
4 5
5 6
6 7
7 8
8 9
9 10
10 11
11 12
12 13
13 14
14 15
15 16
16 17
17 18
18 19
19 20
20 21
21 22
22
1 2
2 3
3 4
4 5
5 6
6 7
7 8
8 9
9 10
10 11
11 12
12 13
13 14
14 15
15 16
16 17
17 18
18 19
19 20
20 21
21 22
22
1 2
2 3
3 4
4 5
5 6
6 7
7 8
8 9
9 10
10 11
11 12
12 13
13 14
14 15
15 16
16 17
17 18
18 19
19 20
20 21
21 22
22
1 2
2 3
3 4
4 5
5 6
6 7
7 8
8 9
9 10
10 11
11 12
12 13
13 14
14 15
15 16
16 17
17 18
18 19
19 20
20 21
21 22
22
1 2
2 3
3 4
4 5
5 6
6 7
7 8
8 9
9 10
10 11
11 12
12 13
13 14
14 15
15 16
16 17
17 18
18 19
19 20
20 21
21 22
22
1 2
2 3
3 4
4 5
5 6
6 7
7 8
8 9
9 10
10 11
11 12
12 13
13 14
14 15
15 16
16 17
17 18
18 19
19 20
20 21
21 22
22
1 2
2 3
3 4
4 5
5 6
6 7
7 8
8 9
9 10
10 11
11 12
12 13
13 14
14 15
15 16
16 17
17 18
18 19
19 20
20 21
21 22
22
1 2
2 3
3 4
4 5
5 6
6 7
7 8
8 9
9 10
10 11
11 12
12 13
13 14
14 15
15 16
16 17
17 18
18 19
19 20
20 21
21 22
22
1 2
2 3
3 4
4 5
5 6
6 7
7 8
8 9
9 10
10 11
11 12
12 13
13 14
14 15
15 16
16 17
17 18
18 19
19 20
20 21
21 22
22
1 2
2 3
3 4
4 5
5 6
6 7
7 8
8 9
9 10
10 11
11 12
12 13
13 14
14 15
15 16
16 17
17 18
18 19
19 20
20 21
21 22
22
1 2
2 3
3 4
4 5
5 6
6 7
7 8
8 9
9 10
10 11
11 12
12 13
13 14
14 15
15 16
16 17
17 18
18 19
19 20
20 21
21 22
22
1 2
2 3
3 4
4 5
5 6
6 7
7 8
8 9
9 10
10 11
11 12
12 13
13 14
14 15
15 16
16 17
17 18
18 19
19 20
20 21
21 22
22
1 2
2 3
3 4
4 5
5 6
6 7
7 8
8 9
9 10
10 11
11 12
12 13
13 14
14 15
15 16
16 17
17 18
18 19
19 20
20 21
21 22
22
1 2
2 3
3 4
4 5
5 6
6 7
7 8
8 9
9 10
10 11
11 12
12 13
13 14
14 15
15 16
16 17
17 18
18 19
19 20
20 21
21 22
22
1 2
2 3
3 4
4 5
5 6
6 7
7 8
8 9
9 10
10 11
11 12
12 13
13 14
14 15
15 16
16 17
17 18
18 19
19 20
20 21
21 22
22
1 2
2 3
3 4
4 5
5 6
6 7
7 8
8 9
9 10
10 11
11 12
12 13
13 14
14 15
15 16
16 17
17 18
18 19
19 20
20 21
21 22
22
1 2
2 3
3 4
4 5
5 6
6 7
7 8
8 9
9 10
10 11
11 12
12 13
13 14
14 15
15 16
16 17
17 18
18 19
19 20
20 21
21 22
22
1 2
2 3
3 4
4 5
5 6
6 7
7 8
8 9
9 10
10 11
11 12
12 13
13 14
14 15
15 16
16 17
17 18
18 19
19 20
20 21
21 22
22
1 2
2 3
3 4
4 5
5 6
6 7
7 8
8 9
9 10
10 11
11 12
12 13
13 14
14 15
15 16
16 17
17 18
18 19
19 20
20 21
21 22
22
1 2
2 3
3 4
4 5
5 6
6 7
7 8
8 9
9 10
10 11
11 12
12 13
13 14
14 15
15 16
16 17
17 18
18 19
19 20
20 21
21 22
22
1 2
2 3
3 4
4 5
5 6
6 7
7 8
8 9
9 10
10 11
11 12
12 13
13 14
14 15
15 16
16 17
17 18
18 19
19 20
20 21
21 22
22
1 2
2 3
3 4
4 5
5 6
6 7
7 8
8 9
9 10
10 11
11 12
12 13
13 14
14 15
15 16
16 17
17 18
18 19
19 20
20 21
21 22
22
1 2
2 3
3 4
4 5
5 6
6 7
7 8
8 9
9 10
10 11
11 12
12 13
13 14
14 15
15 16
16 17
17 18
18 19
19 20
20 21
21 22
22
1 2
2 3
3 4
4 5
5 6
6 7
7 8
8 9
9 10
10 11
11 12
12 13
13 14
14 15
15 16
16 17
17 18
18 19
19 20
20 21
21 22
22
1 2
2 3
3 4
4 5
5 6
6 7
7 8
8 9
9 10
10 11
11 12
12 13
13 14
14 15
15 16
16 17
17 18
18 19
19 20
20 21
21 22
22
1 2
2 3
3 4
4 5
5 6
6 7
7 8
8 9
9 10
10 11
11 12
12 13
13 14
14 15
15 16
16 17
17 18
18 19
19 20
20 21
21 22
22
1 2
2 3
3 4
4 5
5 6
6 7
7 8
8 9
9 10
10 11
11 12
12 13
13 14
14 15
15 16
16 17
17 18
18 19
19 20
20 21
21 22
22
1 2
2 3
3 4
4 5
5 6
6 7
7 8
8 9
9 10
10 11
11 12
12 13
13 14
14 15
15 16
16 17
17 18
18 19
19 20
20 21
21 22
22
1 2
2 3
3 4
4 5
5 6
6 7
7 8
8 9
9 10
10 11
11 12
12 13
13 14
14 15
15 16
16 17
17 18
18 19
19 20
20 21
21 22
22
1 2
2 3
3 4
4 5
5 6
6 7
7 8
8 9
9 10
10 11
11 12
12 13
13 14
14 15
15 16
16 17
17 18
18 19
19 20
20 21
21 22
22
1 2
2 3
3 4
4 5
5 6
6 7
7 8
8 9
9 10
10 11
11 12
12 13
13 14
14 15
15 16
16 17
17 18
18 19
19 20
20 21
21 22
22
1 2
2 3
3 4
4 5
5 6
6 7
7 8
8 9
9 10
10 11
11 12
12 13
13 14
14 15
15 16
16 17
17 18
18 19
19 20
20 21
21 22
22
1 2
2 3
3 4
4 5
5 6
6 7
7 8
8 9
9 10
10 11
11 12
12 13
13 14
14 15
15 16
16 17
17 18
18 19
19 20
20 21
21 22
22
1 2
2 3
3 4
4 5
5 6
6 7
7 8
8 9
9 10
10 11
11 12
12 13
13 14
14 15
15 16
16 17
17 18
18 19
19 20
20 21
21 22
22
1 2
2 3
3 4
4 5
5 6
6 7
7 8
8 9
9 10
10 11
11 12
12 13
13 14
14 15
15 16
16 17
17 18
18 19
19 20
20 21
21 22
22
1 2
2 3
3 4
4 5
5 6
6 7
7 8
8 9
9 10
10 11
11 12
12 13
13 14
14 15
15 16
16 17
17 18
18 19
19 20
20 21
21 22
22
1 2
2 3
3 4
4 5
5 6
6 7
7 8
8 9
9 10
10 11
11 12
12 13
13 14
14 15
15 16
16 17
17 18
18 19
19 20
20 21
21 22
22
1 2
2 3
3 4
4 5
5 6
6 7
7 8
8 9
9 10
10 11
11 12
12 13
13 14
14 15
15 16
16 17
17 18
18 19
19 20
20 21
21 22
22
1 2
2 3
3 4
4 5
5 6
6 7
7 8
8 9
9 10
10 11
11 12
12 13
13 14
14 15
15 16
16 17
17 18
18 19
19 20
20 21
21 22
22
1 2
2 3
3 4
4 5
5 6
6 7
7 8
8 9
9 10
10 11
11 12
12 13
13 14
14 15
15 16
16 17
17 18
18 19
19 20
20 21
21 22
22
1 2
2 3
3 4
4 5
5 6
6 7
7 8
8 9
9 10
10 11
11 12
12 13
13 14
14 15
15 16
16 17
17 18
18 19
19 20
20 21
21 22
22
1 2
2 3
3 4
4 5
5 6
6 7
7 8
8 9
9 10
10 11
11 12
12 13
13 14
14 15
15 16
16 17
17 18
18 19
19 20
20 21
21 22
22
1 2
2 3
3 4
4 5
5 6
6 7
7 8
8 9
9 10
10 11
11 12
12 13
13 14
14 15
15 16
16 17
17 18
18 19
19 20
20 21
21 22
22
1 2
2 3
3 4
4 5
5 6
6 7
7 8
8 9
9 10
10 11
11 12
12 13
13 14
14 15
15 16
16 17
17 18
18 19
19 20
20 21
21 22
22
1 2
2 3
3 4
4 5
5 6
6 7
7 8
8 9
9 10
10 11
11 12
12 13
13 14
14 15
15 16
16 17
17 18
18 19
19 20
20 21
21 22
22
1 2
2 3
3 4
4 5
5 6
6 7
7 8
8 9
9 10
10 11
11 12
12 13
13 14
14 15
15 16
16 17
17 18
18 19
19 20
20 21
21 22
22
1 2
2 3
3 4
4 5
5 6
6 7
7 8
8 9
9 10
10 11
11 12
12 13
13 14
14 15
15 16
16 17
17 18
18 19
19 20
20 21
21 22
22
1 2
2 3
3 4
4 5
5 6
6 7
7 8
8 9
9 10
10 11
11 12
12 13
13 14
14 15
15 16
16 17
17 18
18 19
19 20
20 21
21 22
22
1 2
2 3
3 4
4 5
5 6
6 7
7 8
8 9
9 10
10 11
11 12
12 13
13 14
14 15
15 16
16 17
17 18
18 19
19 20
20 21
21 22
22
1 2
2 3
3 4
4 5
5 6
6 7
7 8
8 9
9 10
10 11
11 12
12 13
13 14
14 15
15 16
16 17
17 18
18 19
19 20
20 21
21 22
22
1 2
2 3
3 4
4 5
5 6
6 7
7 8
8 9
9 10
10 11
11 12
12 13
13 14
14 15
15 16
16 17
17 18
18 19
19 20
20 21
21 22
22
1 2
2 3
3 4
4 5
5 6
6 7
7 8
8 9
9 10
10 11
11 12
12 13
13 14
14 15
15 16
16 17
17 18
18 19
19 20
20 21
21 22
22
1 2
2 3
3 4
4 5
5 6
6 7
7 8
8 9
9 10
10 11
11 12
12 13
13 14
14 15
15 16
16 17
17 18
18 19
19 20
20 21
21 22
22
1 2
2 3
3 4
4 5
5 6
6 7
7 8
8 9
9 10
10 11
11 12
12 13
13 14
14 15
15 16
16 17
17 18
18 19
19 20
20 21
21 22
22
1 2
2 3
3 4
4 5
5 6
6 7
7 8
8 9
9 10
10 11
11 12
12 13
13 14
14 15
15 16
16 17
17 18
18 19
19 20
20 21
21 22
22
1 2
2 3
3 4
4 5
5 6
6 7
7 8
8 9
9 10
10 11
11 12
12 13
13 14
14 15
15 16
16 17
17 18
18 19
19 20
20 21
21 22
22
1 2
2 3
3 4
4 5
5 6
6 7
7 8
8 9
9 10
10 11
11 12
12 13
13 14
14 15
15 16
16 17
17 18
18 19
19 20
20 21
21 22
22
1 2
2 3
3 4
4 5
5 6
6 7
7 8
8 9
9 10
10 11
11 12
12 13
13 14
14 15
15 16
16 17
17 18
18 19
19 20
20 21
21 22
22
1 2
2 3
3 4
4 5
5 6
6 7
7 8
8 9
9 10
10 11
11 12
12 13
13 14
14 15
15 16
16 17
17 18
18 19
19 20
20 21
21 22
22
1 2
2 3
3 4
4 5
5 6
6 7
7 8
8 9
9 10
10 11
11 12
12 13
13 14
14 15
15 16
16 17
17 18
18 19
19 20
20 21
21 22
22
1 2
2 3
3 4
4 5
5 6
6 7
7 8
8 9
9 10
10 11
11 12
12 13
13 14
14 15
15 16
16 17
17 18
18 19
19 20
20 21
21 22
22
1 2
2 3
3 4
4 5
5 6
6 7
7 8
8 9
9 10
10 11
11 12
12 13
13 14
14 15
15 16
16 17
17 18
18 19
19 20
20 21
21 22
22
1 2
2 3
3 4
4 5
5 6
6 7
7 8
8 9
9 10
10 11
11 12
12 13
13 14
14 15
15 16
16 17
17 18
18 19
19 20
20 21
21 22
22
1 2
2 3
3 4
4 5
5 6
6 7
7 8
8 9
9 10
10 11
11 12
12 13
13 14
14 15
15 16
16 17
17 18
18 19
19 20
20 21
21 22
22
1 2
2 3
3 4
4 5
5 6
6 7
7 8
8 9
9 10
10 11
11 12
12 13
13 14
14 15
15 16
16 17
17 18
18 19
19 20
20 21
21 22
22
1 2
2 3
3 4
4 5
5 6
6 7
7 8
8 9
9 10
10 11
11 12
12 13
13 14
14 15
15 16
16 17
17 18
18 19
19 20
20 21
21 22
22
1 2
2 3
3 4
4 5
5 6
6 7
7 8
8 9
9 10
10 11
11 12
12 13
13 14
14 15
15 16
16 17
17 18
18 19
19 20
20 21
21 22
22
1 2
2 3
3 4
4 5
5 6
6 7
7 8
8 9
9 10
10 11
11 12
12 13
13 14
14 15
15 16
16 17
17 18
18 19
19 20
20 21
21 22
22
1 2
2 3
3 4
4 5
5 6
6 7
7 8
8 9
9 10
10 11
11 12
12 13
13 14
14 15
15 16
16 17
17 18
18 19
19 20
20 21
21 22
22
1 2
2 3
3 4
4 5
5 6
6 7
7 8
8 9
9 10
10 11
11 12
12 13
13 14
14 15
15 16
16 17
17 18
18 19
19 20
20 21
21 22
22
1 2
2 3
3 4
4 5
5 6
6 7
7 8
8 9
9 10
10 11
11 12
12 13
13 14
14 15
15 16
16 17
17 18
18 19
19 20
20 21
21 22
22
1 2
2 3
3 4
4 5
5 6
6 7
7 8
8 9
9 10
10 11
11 12
12 13
13 14
14 15
15 16
16 17
17 18
18 19
19 20
20 21
21 22
22
1 2
2 3
3 4
4 5
5 6
6 7
7 8
8 9
9 10
10 11
11 12
12 13
13 14
14 15
15 16
16 17
17 18
18 19
19 20
20 21
21 22
22
1 2
2 3
3 4
4 5
5 6
6 7
7 8
8 9
9 10
10 11
11 12
12 13
13 14
14 15
15 16
16 17
17 18
18 19
19 20
20 21
21 22
22
1 2
2 3
3 4
4 5
5 6
6 7
7 8
8 9
9 10
10 11
11 12
12 13
13 14
14 15
15 16
16 17
17 18
18 19
19 20
20 21
21 22
22
1 2
2 3
3 4
4 5
5 6
6 7
7 8
8 9
9 10
10 11
11 12
12 13
13 14
14 15
15 16
16 17
17 18
18 19
19 20
20 21
21 22
22
1 2
2 3
3 4
4 5
5 6
6 7
7 8
8 9
9 10
10 11
11 12
12 13
13 14
14 15
15 16
16 17
17 18
18 19
19 20
20 21
21 22
22
1 2
2 3
3 4
4 5
5 6
6 7
7 8
8 9
9 10
10 11
11 12
12 13
13 14
14 15
15 16
16 17
17 18
18 19
19 20
20 21
21 22
22
1 2
2 3
3 4
4 5
5 6
6 7
7 8
8 9
9 10
10 11
11 12
12 13
13 14
14 15
15 16
16 17
17 18
18 19
19 20
20 21
21 22
22
1 2
2 3
3 4
4 5
5 6
6 7
7 8
8 9
9 10
10 11
11 12
12 13
13 14
14 15
15 16
16 17
17 18
18 19
19 20
20 21
21 22
22
1 2
2 3
3 4
4 5
5 6
6 7
7 8
8 9
9 10
10 11
11 12
12 13
13 14
14 15
15 16
16 17
17 18
18 19
19 20
20 21
21 22
22
1 2
2 3
3 4
4 5
5 6
6 7
7 8
8 9
9 10
10 11
11 12
12 13
13 14
14 15
15 16
16 17
17 18
18 19
19 20
20 21
21 22
22
1 2
2 3
3 4
4 5
5 6
6 7
7 8
8 9
9 10
10 11
11 12
12 13
13 14
14 15
15 16
16 17
17 18
18 19
19 20
20 21
21 22
22
1 2
2 3
3 4
4 5
5 6
6 7
7 8
8 9
9 10
10 11
11 12
12 13
13 14
14 15
15 16
16 17
17 18
18 19
19 20
20 21
21 22
22
1 2
2 3
3 4
4 5
5 6
6 7
7 8
8 9
9 10
10 11
11 12
12 13
13 14
14 15
15 16
16 17
17 18
18 19
19 20
20 21
21 22
22
1 2
2 3
3 4
4 5
5 6
6 7
7 8
8 9
9 10
10 11
11 12
12 13
13 14
14 15
15 16
16 17
17 18
18 19
19 20
20 21
21 22
22
1 2
2 3
3 4
4 5
5 6
6 7
7 8
8 9
9 10
10 11
11 12
12 13
13 14
14 15
15 16
16 17
17 18
18 19
19 20
20 21
21 22
22
1 2
2 3
3 4
4 5
5 6
6 7
7 8
8 9
9 10
10 11
11 12
12 13
13 14
14 15
15 16
16 17
17 18
18 19
19 20
20 21
21 22
22
1 2
2 3
3 4
4 5
5 6
6 7
7 8
8 9
9 10
10 11
11 12
12 13
13 14
14 15
15 16
16 17
17 18
18 19
19 20
20 21
21 22
22
1 2
2 3
3 4
4 5
5 6
6 7
7 8
8 9
9 10
10 11
11 12
12 13
13 14
14 15
15 16
16 17
17 18
18 19
19 20
20 21
21 22
22
1 2
2 3
3 4
4 5
5 6
6 7
7 8
8 9
9 10
10 11
11 12
12 13
13 14
14 15
15 16
16 17
17 18
18 19
19 20
20 21
21 22
22
1 2
2 3
3 4
4 5
5 6
6 7
7 8
8 9
9 10
10 11
11 12
12 13
13 14
14 15
15 16
16 17
17 18
18 19
19 20
20 21
21 22
22
1 2
2 3
3 4
4 5
5 6
6 7
7 8
8 9
9 10
10 11
11 12
12 13
13 14
14 15
15 16
16 17
17 18
18 19
19 20
20 21
21 22
22
1 2
2 3
3 4
4 5
5 6
6 7
7 8
8 9
9 10
10 11
11 12
12 13
13 14
14 15
15 16
16 17
17 18
18 19
19 20
20 21
21 22
22
1 2
2 3
3 4
4 5
5 6
6 7
7 8
8 9
9 10
10 11
11 12
12 13
13 14
14 15
15 16
16 17
17 18
18 19
19 20
20 21
21 22
22
1 2
2 3
3 4
4 5
5 6
6 7
7 8
8 9
9 10
10 11
11 12
12 13
13 14
14 15
15 16
16 17
17 18
18 19
19 20
20 21
21 22
22
1 2
2 3
3 4
4 5
5 6
6 7
7 8
8 9
9 10
10 11
11 12
12 13
13 14
14 15
15 16
16 17
17 18
18 19
19 20
20 21
21 22
22
1 2
2 3
3 4
4 5
5 6
6 7
7 8
8 9
9 10
10 11
11 12
12 13
13 14
14 15
15 16
16 17
17 18
18 19
19 20
20 21
21 22
22
1 2
2 3
3 4
4 5
5 6
6 7
7 8
8 9
9 10
10 11
11 12
12 13
13 14
14 15
15 16
16 17
17 18
18 19
19 20
20 21
21 22
22
1 2
2 3
3 4
4 5
5 6
6 7
7 8
8 9
9 10
10 11
11 12
12 13
13 14
14 15
15 16
16 17
17 18
18 19
19 20
20 21
21 22
22
1 2
2 3
3 4
4 5
5 6
6 7
7 8
8 9
9 10
10 11
11 12
12 13
13 14
14 15
15 16
16 17
17 18
18 19
19 20
20 21
21 22
22
1 2
2 3
3 4
4 5
5 6
6 7
7 8
8 9
9 10
10 11
11 12
12 13
13 14
14 15
15 16
16 17
17 18
18 19
19 20
20 21
21 22
22
1 2
2 3
3 4
4 5
5 6
6 7
7 8
8 9
9 10
10 11
11 12
12 13
13 14
14 15
15 16
16 17
17 18
18 19
19 20
20 21
21 22
22
1 2
2 3
3 4
4 5
5 6
6 7
7 8
8 9
9 10
10 11
11 12
12 13
13 14
14 15
15 16
16 17
17 18
18 19
19 20
20 21
21 22
22
1 2
2 3
3 4
4 5
5 6
6 7
7 8
8 9
9 10
10 11
11 12
12 13
13 14
14 15
15 16
16 17
17 18
18 19
19 20
20 21
21 22
22
1 2
2 3
3 4
4 5
5 6
6 7
7 8
8 9
9 10
10 11
11 12
12 13
13 14
14 15
15 16
16 17
17 18
18 19
19 20
20 21
21 22
22
1 2
2 3
3 4
4 5
5 6
6 7
7 8
8 9
9 10
10 11
11 12
12 13
13 14
14 15
15 16
16 17
17 18
18 19
19 20
20 21
21 22
22
1 2
2 3
3 4
4 5
5 6
6 7
7 8
8 9
9 10
10 11
11 12
12 13
13 14
14 15
15 16
16 17
17 18
18 19
19 20
20 21
21 22
22
1 2
2 3
3 4
4 5
5 6
6 7
7 8
8 9
9 10
10 11
11 12
12 13
13 14
14 15
15 16
16 17
17 18
18 19
19 20
20 21
21 22
22
1 2
2 3
3 4
4 5
5 6
6 7
7 8
8 9
9 10
10 11
11 12
12 13
13 14
14 15
15 16
16 17
17 18
18 19
19 20
20 21
21 22
22
1 2
2 3
3 4
4 5
5 6
6 7
7 8
8 9
9 10
10 11
11 12
12 13
13 14
14 15
15 16
16 17
17 18
18 19
19 20
20 21
21 22
22
1 2
2 3
3 4
4 5
5 6
6 7
7 8
8 9
9 10
10 11
11 12
12 13
13 14
14 15
15 16
16 17
17 18
18 19
19 20
20 21
21 22
22
1 2
2 3
3 4
4 5
5 6
6 7
7 8
8 9
9 10
10 11
11 12
12 13
13 14
14 15
15 16
16 17
17 18
18 19
19 20
20 21
21 22
22
1 2
2 3
3 4
4 5
5 6
6 7
7 8
8 9
9 10
10 11
11 12
12 13
13 14
14 15
15 16
16 17
17 18
18 19
19 20
20 21
21 22
22
1 2
2 3
3 4
4 5
5 6
6 7
7 8
8 9
9 10
10 11
11 12
12 13
13 14
14 15
15 16
16 17
17 18
18 19
19 20
20 21
21 22
22
1 2
2 3
3 4
4 5
5 6
6 7
7 8
8 9
9 10
10 11
11 12
12 13
13 14
14 15
15 16
16 17
17 18
18 19
19 20
20 21
21 22
22
1 2
2 3
3 4
4 5
5 6
6 7
7 8
8 9
9 10
10 11
11 12
12 13
13 14
14 15
15 16
16 17
17 18
18 19
19 20
20 21
21 22
22
1 2
2 3
3 4
4 5
5 6
6 7
7 8
8 9
9 10
10 11
11 12
12 13
13 14
14 15
15 16
16 17
17 18
18 19
19 20
20 21
21 22
22
1 2
2 3
3 4
4 5
5 6
6 7
7 8
8 9
9 10
10 11
11 12
12 13
13 14
14 15
15 16
16 17
17 18
18 19
19 20
20 21
21 22
22
1 2
2 3
3 4
4 5
5 6
6 7
7 8
8 9
9 10
10 11
11 12
12 13
13 14
14 15
15 16
16 17
17 18
18 19
19 20
20 21
21 22
22
1 2
2 3
3 4
4 5
5 6
6 7
7 8
8 9
9 10
10 11
11 12
12 13
13 14
14 15
15 16
16 17
17 18
18 19
19 20
20 21
21 22
22
1 2
2 3
3 4
4 5
5 6
6 7
7 8
8 9
9 10
10 11
11 12
12 13
13 14
14 15
15 16
16 17
17 18
18 19
19 20
20 21
21 22
22
1 2
2 3
3 4
4 5
5 6
6 7
7 8
8 9
9 10
10 11
11 12
12 13
13 14
14 15
15 16
16 17
17 18
18 19
19 20
20 21
21 22
22
1 2
2 3
3 4
4 5
5 6
6 7
7 8
8 9
9 10
10 11
11 12
12 13
13 14
14 15
15 16
16 17
17 18
18 19
19 20
20 21
21 22
22
1 2
2 3
3 4
4 5
5 6
6 7
7 8
8 9
9 10
10 11
11 12
12 13
13 14
14 15
15 16
16 17
17 18
18 19
19 20
20 21
21 22
22
1 2
2 3
3 4
4 5
5 6
6 7
7 8
8 9
9 10
10 11
11 12
12 13
13 14
14 15
15 16
16 17
17 18
18 19
19 20
20 21
21 22
22
1 2
2 3
3 4
4 5
5 6
6 7
7 8
8 9
9 10
10 11
11 12
12 13
13 14
14 15
15 16
16 17
17 18
18 19
19 20
20 21
21 22
22
1 2
2 3
3 4
4 5
5 6
6 7
7 8
8 9
9 10
10 11
11 12
12 13
13 14
14 15
15 16
16 17
17 18
18 19
19 20
20 21
21 22
22
1 2
2 3
3 4
4 5
5 6
6 7
7 8
8 9
9 10
10 11
11 12
12 13
13 14
14 15
15 16
16 17
17 18
18 19
19 20
20 21
21 22
22
1 2
2 3
3 4
4 5
5 6
6 7
7 8
8 9
9 10
10 11
11 12
12 13
13 14
14 15
15 16
16 17
17 18
18 19
19 20
20 21
21 22
22
1 2
2 3
3 4
4 5
5 6
6 7
7 8
8 9
9 10
10 11
11 12
12 13
13 14
14 15
15 16
16 17
17 18
18 19
19 20
20 21
21 22
22
1 2
2 3
3 4
4 5
5 6
6 7
7 8
8 9
9 10
10 11
11 12
12 13
13 14
14 15
15 16
16 17
17 18
18 19
19 20
20 21
21 22
22
1 2
2 3
3 4
4 5
5 6
6 7
7 8
8 9
9 10
10 11
11 12
12 13
13 14
14 15
15 16
16 17
17 18
18 19
19 20
20 21
21 22
22
1 2
2 3
3 4
4 5
5 6
6 7
7 8
8 9
9 10
10 11
11 12
12 13
13 14
14 15
15 16
16 17
17 18
18 19
19 20
20 21
21 22
22
1 2
2 3
3 4
4 5
5 6
6 7
7 8
8 9
9 10
10 11
11 12
12 13
13 14
14 15
15 16
16 17
17 18
18 19
19 20
20 21
21 22
22
1 2
2 3
3 4
4 5
5 6
6 7
7 8
8 9
9 10
10 11
11 12
12 13
13 14
14 15
15 16
16 17
17 18
18 19
19 20
20 21
21 22
22
1 2
2 3
3 4
4 5
5 6
6 7
7 8
8 9
9 10
10 11
11 12
12 13
13 14
14 15
15 16
16 17
17 18
18 19
19 20
20 21
21 22
22
1 2
2 3
3 4
4 5
5 6
6 7
7 8
8 9
9 10
10 11
11 12
12 13
13 14
14 15
15 16
16 17
17 18
18 19
19 20
20 21
21 22
22
1 2
2 3
3 4
4 5
5 6
6 7
7 8
8 9
9 10
10 11
11 12
12 13
13 14
14 15
15 16
16 17
17 18
18 19
19 20
20 21
21 22
22
1 2
2 3
3 4
4 5
5 6
6 7
7 8
8 9
9 10
10 11
11 12
12 13
13 14
14 15
15 16
16 17
17 18
18 19
19 20
20 21
21 22
22
1 2
2 3
3 4
4 5
5 6
6 7
7 8
8 9
9 10
10 11
11 12
12 13
13 14
14 15
15 16
16 17
17 18
18 19
19 20
20 21
21 22
22
1 2
2 3
3 4
4 5
5 6
6 7
7 8
8 9
9 10
10 11
11 12
12 13
13 14
14 15
15 16
16 17
17 18
18 19
19 20
20 21
21 22
22
1 2
2 3
3 4
4 5
5 6
6 7
7 8
8 9
9 10
10 11
11 12
12 13
13 14
14 15
15 16
16 17
17 18
18 19
19 20
20 21
21 22
22
1 2
2 3
3 4
4 5
5 6
6 7
7 8
8 9
9 10
10 11
11 12
12 13
13 14
14 15
15 16
16 17
17 18
18 19
19 20
20 21
21 22
22
1 2
2 3
3 4
4 5
5 6
6 7
7 8
8 9
9 10
10 11
11 12
12 13
13 14
14 15
15 16
16 17
17 18
18 19
19 20
20 21
21 22
22
1 2
2 3
3 4
4 5
5 6
6 7
7 8
8 9
9 10
10 11
11 12
12 13
13 14
14 15
15 16
16 17
17 18
18 19
19 20
20 21
21 22
22
1 2
2 3
3 4
4 5
5 6
6 7
7 8
8 9
9 10
10 11
11 12
12 13
13 14
14 15
15 16
16 17
17 18
18 19
19 20
20 21
21 22
22
1 2
2 3
3 4
4 5
5 6
6 7
7 8
8 9
9 10
10 11
11 12
12 13
13 14
14 15
15 16
16 17
17 18
18 19
19 20
20 21
21 22
22
1 2
2 3
3 4
4 5
5 6
6 7
7 8
8 9
9 10
10 11
11 12
12 13
13 14
14 15
15 16
16 17
17 18
18 19
19 20
20 21
21 22
22
1 2
2 3
3 4
4 5
5 6
6 7
7 8
8 9
9 10
10 11
11 12
12 13
13 14
14 15
15 16
16 17
17 18
18 19
19 20
20 21
21 22
22
1 2
2 3
3 4
4 5
5 6
6 7
7 8
8 9
9 10
10 11
11 12
12 13
13 14
14 15
15 16
16 17
17 18
18 19
19 20
20 21
21 22
22
1 2
2 3
3 4
4 5
5 6
6 7
7 8
8 9
9 10
10 11
11 12
12 13
13 14
14 15
15 16
16 17
17 18
18 19
19 20
20 21
21 22
22
1 2
2 3
3 4
4 5
5 6
6 7
7 8
8 9
9 10
10 11
11 12
12 13
13 14
14 15
15 16
16 17
17 18
18 19
19 20
20 21
21 22
22
1 2
2 3
3 4
4 5
5 6
6 7
7 8
8 9
9 10
10 11
11 12
12 13
13 14
14 15
15 16
16 17
17 18
18 19
19 20
20 21
21 22
22
1 2
2 3
3 4
4 5
5 6
6 7
7 8
8 9
9 10
10 11
11 12
12 13
13 14
14 15
15 16
16 17
17 18
18 19
19 20
20 21
21 22
22
1 2
2 3
3 4
4 5
5 6
6 7
7 8
8 9
9 10
10 11
11 12
12 13
13 14
14 15
15 16
16 17
17 18
18 19
19 20
20 21
21 22
22
1 2
2 3
3 4
4 5
5 6
6 7
7 8
8 9
9 10
10 11
11 12
12 13
13 14
14 15
15 16
16 17
17 18
18 19
19 20
20 21
21 22
22
1 2
2 3
3 4
4 5
5 6
6 7
7 8
8 9
9 10
10 11
11 12
12 13
13 14
14 15
15 16
16 17
17 18
18 19
19 20
20 21
21 22
22
1 2
2 3
3 4
4 5
5 6
6 7
7 8
8 9
9 10
10 11
11 12
12 13
13 14
14 15
15 16
16 17
17 18
18 19
19 20
20 21
21 22
22
1 2
2 3
3 4
4 5
5 6
6 7
7 8
8 9
9 10
10 11
11 12
12 13
13 14
14 15
15 16
16 17
17 18
18 19
19 20
20 21
21 22
22
1 2
2 3
3 4
4 5
5 6
6 7
7 8
8 9
9 10
10 11
11 12
12 13
13 14
14 15
15 16
16 17
17 18
18 19
19 20
20 21
21 22
22
1 2
2 3
3 4
4 5
5 6
6 7
7 8
8 9
9 10
10 11
11 12
12 13
13 14
14 15
15 16
16 17
17 18
18 19
19 20
20 21
21 22
22
1 2
2 3
3 4
4 5
5 6
6 7
7 8
8 9
9 10
10 11
11 12
12 13
13 14
14 15
15 16
16 17
17 18
18 19
19 20
20 21
21 22
22
1 2
2 3
3 4
4 5
5 6
6 7
7 8
8 9
9 10
10 11
11 12
12 13
13 14
14 15
15 16
16 17
17 18
18 19
19 20
20 21
21 22
22
1 2
2 3
3 4
4 5
5 6
6 7
7 8
8 9
9 10
10 11
11 12
12 13
13 14
14 15
15 16
16 17
17 18
18 19
19 20
20 21
21 22
22
1 2
2 3
3 4
4 5
5 6
6 7
7 8
8 9
9 10
10 11
11 12
12 13
13 14
14 15
15 16
16 17
17 18
18 19
19 20
20 21
21 22
22
1 2
2 3
3 4
4 5
5 6
6 7
7 8
8 9
9 10
10 11
11 12
12 13
13 14
14 15
15 16
16 17
17 18
18 19
19 20
20 21
21 22
22
1 2
2 3
3 4
4 5
5 6
6 7
7 8
8 9
9 10
10 11
11 12
12 13
13 14
14 15
15 16
16 17
17 18
18 19
19 20
20 21
21 22
22
1 2
2 3
3 4
4 5
5 6
6 7
7 8
8 9
9 10
10 11
11 12
12 13
13 14
14 15
15 16
16 17
17 18
18 19
19 20
20 21
21 22
22
1 2
2 3
3 4
4 5
5 6
6 7
7 8
8 9
9 10
10 11
11 12
12 13
13 14
14 15
15 16
16 17
17 18
18 19
19 20
20 21
21 22
22
1 2
2 3
3 4
4 5
5 6
6 7
7 8
8 9
9 10
10 11
11 12
12 13
13 14
14 15
15 16
16 17
17 18
18 19
19 20
20 21
21 22
22
1 2
2 3
3 4
4 5
5 6
6 7
7 8
8 9
9 10
10 11
11 12
12 13
13 14
14 15
15 16
16 17
17 18
18 19
19 20
20 21
21 22
22
1 2
2 3
3 4
4 5
5 6
6 7
7 8
8 9
9 10
10 11
11 12
12 13
13 14
14 15
15 16
16 17
17 18
18 19
19 20
20 21
21 22
22
1 2
2 3
3 4
4 5
5 6
6 7
7 8
8 9
9 10
10 11
11 12
12 13
13 14
14 15
15 16
16 17
17 18
18 19
19 20
20 21
21 22
22
1 2
2 3
3 4
4 5
5 6
6 7
7 8
8 9
9 10
10 11
11 12
12 13
13 14
14 15
15 16
16 17
17 18
18 19
19 20
20 21
21 22
22
1 2
2 3
3 4
4 5
5 6
6 7
7 8
8 9
9 10
10 11
11 12
12 13
13 14
14 15
15 16
16 17
17 18
18 19
19 20
20 21
21 22
22
1 2
2 3
3 4
4 5
5 6
6 7
7 8
8 9
9 10
10 11
11 12
12 13
13 14
14 15
15 16
16 17
17 18
18 19
19 20
20 21
21 22
22
1 2
2 3
3 4
4 5
5 6
6 7
7 8
8 9
9 10
10 11
11 12
12 13
13 14
14 15
15 16
16 17
17 18
18 19
19 20
20 21
21 22
22
1 2
2 3
3 4
4 5
5 6
6 7
7 8
8 9
9 10
10 11
11 12
12 13
13 14
14 15
15 16
16 17
17 18
18 19
19 20
20 21
21 22
22
1 2
2 3
3 4
4 5
5 6
6 7
7 8
8 9
9 10
10 11
11 12
12 13
13 14
14 15
15 16
16 17
17 18
18 19
19 20
20 21
21 22
22
1 2
2 3
3 4
4 5
5 6
6 7
7 8
8 9
9 10
10 11
11 12
12 13
13 14
14 15
15 16
16 17
17 18
18 19
19 20
20 21
21 22
22
1 2
2 3
3 4
4 5
5 6
6 7
7 8
8 9
9 10
10 11
11 12
12 13
13 14
14 15
15 16
16 17
17 18
18 19
19 20
20 21
21 22
22
1 2
2 3
3 4
4 5
5 6
6 7
7 8
8 9
9 10
10 11
11 12
12 13
13 14
14 15
15 16
16 17
17 18
18 19
19 20
20 21
21 22
22
1 2
2 3
3 4
4 5
5 6
6 7
7 8
8 9
9 10
10 11
11 12
12 13
13 14
14 15
15 16
16 17
17 18
18 19
19 20
20 21
21 22
22
1 2
2 3
3 4
4 5
5 6
6 7
7 8
8 9
9 10
10 11
11 12
12 13
13 14
14 15
15 16
16 17
17 18
18 19
19 20
20 21
21 22
22
1 2
2 3
3 4
4 5
5 6
6 7
7 8
8 9
9 10
10 11
11 12
12 13
13 14
14 15
15 16
16 17
17 18
18 19
19 20
20 21
21 22
22
1 2
2 3
3 4
4 5
5 6
6 7
7 8
8 9
9 10
10 11
11 12
12 13
13 14
14 15
15 16
16 17
17 18
18 19
19 20
20 21
21 22
22
1 2
2 3
3 4
4 5
5 6
6 7
7 8
8 9
9 10
10 11
11 12
12 13
13 14
14 15
15 16
16 17
17 18
18 19
19 20
20 21
21 22
22
1 2
2 3
3 4
4 5
5 6
6 7
7 8
8 9
9 10
10 11
11 12
12 13
13 14
14 15
15 16
16 17
17 18
18 19
19 20
20 21
21 22
22
1 2
2 3
3 4
4 5
5 6
6 7
7 8
8 9
9 10
10 11
11 12
12 13
13 14
14 15
15 16
16 17
17 18
18 19
19 20
20 21
21 22
22
1 2
2 3
3 4
4 5
5 6
6 7
7 8
8 9
9 10
10 11
11 12
12 13
13 14
14 15
15 16
16 17
17 18
18 19
19 20
20 21
21 22
22
1 2
2 3
3 4
4 5
5 6
6 7
7 8
8 9
9 10
10 11
11 12
12 13
13 14
14 15
15 16
16 17
17 18
18 19
19 20
20 21
21 22
22
1 2
2 3
3 4
4 5
5 6
6 7
7 8
8 9
9 10
10 11
11 12
12 13
13 14
14 15
15 16
16 17
17 18
18 19
19 20
20 21
21 22
22
1 2
2 3
3 4
4 5
5 6
6 7
7 8
8 9
9 10
10 11
11 12
12 13
13 14
14 15
15 16
16 17
17 18
18 19
19 20
20 21
21 22
22
1 2
2 3
3 4
4 5
5 6
6 7
7 8
8 9
9 10
10 11
11 12
12 13
13 14
14 15
15 16
16 17
17 18
18 19
19 20
20 21
21 22
22
1 2
2 3
3 4
4 5
5 6
6 7
7 8
8 9
9 10
10 11
11 12
12 13
13 14
14 15
15 16
16 17
17 18
18 19
19 20
20 21
21 22
22
1 2
2 3
3 4
4 5
5 6
6 7
7 8
8 9
9 10
10 11
11 12
12 13
13 14
14 15
15 16
16 17
17 18
18 19
19 20
20 21
21 22
22
1 2
2 3
3 4
4 5
5 6
6 7
7 8
8 9
9 10
10 11
11 12
12 13
13 14
14 15
15 16
16 17
17 18
18 19
19 20
20 21
21 22
22
1 2
2 3
3 4
4 5
5 6
6 7
7 8
8 9
9 10
10 11
11 12
12 13
13 14
14 15
15 16
16 17
17 18
18 19
19 20
20 21
21 22
22
1 2
2 3
3 4
4 5
5 6
6 7
7 8
8 9
9 10
10 11
11 12
12 13
13 14
14 15
15 16
16 17
17 18
18 19
19 20
20 21
21 22
22
1 2
2 3
3 4
4 5
5 6
6 7
7 8
8 9
9 10
10 11
11 12
12 13
13 14
14 15
15 16
16 17
17 18
18 19
19 20
20 21
21 22
22
1 2
2 3
3 4
4 5
5 6
6 7
7 8
8 9
9 10
10 11
11 12
12 13
13 14
14 15
15 16
16 17
17 18
18 19
19 20
20 21
21 22
22
1 2
2 3
3 4
4 5
5 6
6 7
7 8
8 9
9 10
10 11
11 12
12 13
13 14
14 15
15 16
16 17
17 18
18 19
19 20
20 21
21 22
22
1 2
2 3
3 4
4 5
5 6
6 7
7 8
8 9
9 10
10 11
11 12
12 13
13 14
14 15
15 16
16 17
17 18
18 19
19 20
20 21
21 22
22
1 2
2 3
3 4
4 5
5 6
6 7
7 8
8 9
9 10
10 11
11 12
12 13
13 14
14 15
15 16
16 17
17 18
18 19
19 20
20 21
21 22
22
1 2
2 3
3 4
4 5
5 6
6 7
7 8
8 9
9 10
10 11
11 12
12 13
13 14
14 15
15 16
16 17
17 18
18 19
19 20
20 21
21 22
22
1 2
2 3
3 4
4 5
5 6
6 7
7 8
8 9
9 10
10 11
11 12
12 13
13 14
14 15
15 16
16 17
17 18
18 19
19 20
20 21
21 22
22
1 2
2 3
3 4
4 5
5 6
6 7
7 8
8 9
9 10
10 11
11 12
12 13
13 14
14 15
15 16
16 17
17 18
18 19
19 20
20 21
21 22
22
1 2
2 3
3 4
4 5
5 6
6 7
7 8
8 9
9 10
10 11
11 12
12 13
13 14
14 15
15 16
16 17
17 18
18 19
19 20
20 21
21 22
22
1 2
2 3
3 4
4 5
5 6
6 7
7 8
8 9
9 10
10 11
11 12
12 13
13 14
14 15
15 16
16 17
17 18
18 19
19 20
20 21
21 22
22
1 2
2 3
3 4
4 5
5 6
6 7
7 8
8 9
9 10
10 11
11 12
12 13
13 14
14 15
15 16
16 17
17 18
18 19
19 20
20 21
21 22
22
1 2
2 3
3 4
4 5
5 6
6 7
7 8
8 9
9 10
10 11
11 12
12 13
13 14
14 15
15 16
16 17
17 18
18 19
19 20
20 21
21 22
22
1 2
2 3
3 4
4 5
5 6
6 7
7 8
8 9
9 10
10 11
11 12
12 13
13 14
14 15
15 16
16 17
17 18
18 19
19 20
20 21
21 22
22
1 2
2 3
3 4
4 5
5 6
6 7
7 8
8 9
9 10
10 11
11 12
12 13
13 14
14 15
15 16
16 17
17 18
18 19
19 20
20 21
21 22
22
1 2
2 3
3 4
4 5
5 6
6 7
7 8
8 9
9 10
10 11
11 12
12 13
13 14
14 15
15 16
16 17
17 18
18 19
19 20
20 21
21 22
22
1 2
2 3
3 4
4 5
5 6
6 7
7 8
8 9
9 10
10 11
11 12
12 13
13 14
14 15
15 16
16 17
17 18
18 19
19 20
20 21
21 22
22
1 2
2 3
3 4
4 5
5 6
6 7
7 8
8 9
9 10
10 11
11 12
12 13
13 14
14 15
15 16
16 17
17 18
18 19
19 20
20 21
21 22
22
1 2
2 3
3 4
4 5
5 6
6 7
7 8
8 9
9 10
10 11
11 12
12 13
13 14
14 15
15 16
16 17
17 18
18 19
19 20
20 21
21 22
22
1 2
2 3
3 4
4 5
5 6
6 7
7 8
8 9
9 10
10 11
11 12
12 13
13 14
14 15
15 16
16 17
17 18
18 19
19 20
20 21
21 22
22
1 2
2 3
3 4
4 5
5 6
6 7
7 8
8 9
9 10
10 11
11 12
12 13
13 14
14 15
15 16
16 17
17 18
18 19
19 20
20 21
21 22
22
1 2
2 3
3 4
4 5
5 6
6 7
7 8
8 9
9 10
10 11
11 12
12 13
13 14
14 15
15 16
16 17
17 18
18 19
19 20
20 21
21 22
22
1 2
2 3
3 4
4 5
5 6
6 7
7 8
8 9
9 10
10 11
11 12
12 13
13 14
14 15
15 16
16 17
17 18
18 19
19 20
20 21
21 22
22
1 2
2 3
3 4
4 5
5 6
6 7
7 8
8 9
9 10
10 11
11 12
12 13
13 14
14 15
15 16
16 17
17 18
18 19
19 20
20 21
21 22
22
1 2
2 3
3 4
4 5
5 6
6 7
7 8
8 9
9 10
10 11
11 12
12 13
13 14
14 15
15 16
16 17
17 18
18 19
19 20
20 21
21 22
22
1 2
2 3
3 4
4 5
5 6
6 7
7 8
8 9
9 10
10 11
11 12
12 13
13 14
14 15
15 16
16 17
17 18
18 19
19 20
20 21
21 22
22
1 2
2 3
3 4
4 5
5 6
6 7
7 8
8 9
9 10
10 11
11 12
12 13
13 14
14 15
15 16
16 17
17 18
18 19
19 20
20 21
21 22
22
1 2
2 3
3 4
4 5
5 6
6 7
7 8
8 9
9 10
10 11
11 12
12 13
13 14
14 15
15 16
16 17
17 18
18 19
19 20
20 21
21 22
22
1 2
2 3
3 4
4 5
5 6
6 7
7 8
8 9
9 10
10 11
11 12
12 13
13 14
14 15
15 16
16 17
17 18
18 19
19 20
20 21
21 22
22
1 2
2 3
3 4
4 5
5 6
6 7
7 8
8 9
9 10
10 11
11 12
12 13
13 14
14 15
15 16
16 17
17 18
18 19
19 20
20 21
21 22
22
1 2
2 3
3 4
4 5
5 6
6 7
7 8
8 9
9 10
10 11
11 12
12 13
13 14
14 15
15 16
16 17
17 18
18 19
19 20
20 21
21 22
22
1 2
2 3
3 4
4 5
5 6
6 7
7 8
8 9
9 10
10 11
11 12
12 13
13 14
14 15
15 16
16 17
17 18
18 19
19 20
20 21
21 22
22
1 2
2 3
3 4
4 5
5 6
6 7
7 8
8 9
9 10
10 11
11 12
12 13
13 14
14 15
15 16
16 17
17 18
18 19
19 20
20 21
21 22
22
1 2
2 3
3 4
4 5
5 6
6 7
7 8
8 9
9 10
10 11
11 12
12 13
13 14
14 15
15 16
16 17
17 18
18 19
19 20
20 21
21 22
22
1 2
2 3
3 4
4 5
5 6
6 7
7 8
8 9
9 10
10 11
11 12
12 13
13 14
14 15
15 16
16 17
17 18
18 19
19 20
20 21
21 22
22
1 2
2 3
3 4
4 5
5 6
6 7
7 8
8 9
9 10
10 11
11 12
12 13
13 14
14 15
15 16
16 17
17 18
18 19
19 20
20 21
21 22
22
1 2
2 3
3 4
4 5
5 6
6 7
7 8
8 9
9 10
10 11
11 12
12 13
13 14
14 15
15 16
16 17
17 18
18 19
19 20
20 21
21 22
22
1 2
2 3
3 4
4 5
5 6
6 7
7 8
8 9
9 10
10 11
11 12
12 13
13 14
14 15
15 16
16 17
17 18
18 19
19 20
20 21
21 22
22
1 2
2 3
3 4
4 5
5 6
6 7
7 8
8 9
9 10
10 11
11 12
12 13
13 14
14 15
15 16
16 17
17 18
18 19
19 20
20 21
21 22
22
1 2
2 3
3 4
4 5
5 6
6 7
7 8
8 9
9 10
10 11
11 12
12 13
13 14
14 15
15 16
16 17
17 18
18 19
19 20
20 21
21 22
22
1 2
2 3
3 4
4 5
5 6
6 7
7 8
8 9
9 10
10 11
11 12
12 13
13 14
14 15
15 16
16 17
17 18
18 19
19 20
20 21
21 22
22
1 2
2 3
3 4
4 5
5 6
6 7
7 8
8 9
9 10
10 11
11 12
12 13
13 14
14 15
15 16
16 17
17 18
18 19
19 20
20 21
21 22
22
1 2
2 3
3 4
4 5
5 6
6 7
7 8
8 9
9 10
10 11
11 12
12 13
13 14
14 15
15 16
16 17
17 18
18 19
19 20
20 21
21 22
22
1 2
2 3
3 4
4 5
5 6
6 7
7 8
8 9
9 10
10 11
11 12
12 13
13 14
14 15
15 16
16 17
17 18
18 19
19 20
20 21
21 22
22
1 2
2 3
3 4
4 5
5 6
6 7
7 8
8 9
9 10
10 11
11 12
12 13
13 14
14 15
15 16
16 17
17 18
18 19
19 20
20 21
21 22
22
1 2
2 3
3 4
4 5
5 6
6 7
7 8
8 9
9 10
10 11
11 12
12 13
13 14
14 15
15 16
16 17
17 18
18 19
19 20
20 21
21 22
22
1 2
2 3
3 4
4 5
5 6
6 7
7 8
8 9
9 10
10 11
11 12
12 13
13 14
14 15
15 16
16 17
17 18
18 19
19 20
20 21
21 22
22
1 2
2 3
3 4
4 5
5 6
6 7
7 8
8 9
9 10
10 11
11 12
12 13
13 14
14 15
15 16
16 17
17 18
18 19
19 20
20 21
21 22
22
1 2
2 3
3 4
4 5
5 6
6 7
7 8
8 9
9 10
10 11
11 12
12 13
13 14
14 15
15 16
16 17
17 18
18 19
19 20
20 21
21 22
22
1 2
2 3
3 4
4 5
5 6
6 7
7 8
8 9
9 10
10 11
11 12
12 13
13 14
14 15
15 16
16 17
17 18
18 19
19 20
20 21
21 22
22
1 2
2 3
3 4
4 5
5 6
6 7
7 8
8 9
9 10
10 11
11 12
12 13
13 14
14 15
15 16
16 17
17 18
18 19
19 20
20 21
21 22
22
1 2
2 3
3 4
4 5
5 6
6 7
7 8
8 9
9 10
10 11
11 12
12 13
13 14
14 15
15 16
16 17
17 18
18 19
19 20
20 21
21 22
22
1 2
2 3
3 4
4 5
5 6
6 7
7 8
8 9
9 10
10 11
11 12
12 13
13 14
14 15
15 16
16 17
17 18
18 19
19 20
20 21
21 22
22
1 2
2 3
3 4
4 5
5 6
6 7
7 8
8 9
9 10
10 11
11 12
12 13
13 14
14 15
15 16
16 17
17 18
18 19
19 20
20 21
21 22
22
1 2
2 3
3 4
4 5
5 6
6 7
7 8
8 9
9 10
10 11
11 12
12 13
13 14
14 15
15 16
16 17
17 18
18 19
19 20
20 21
21 22
22
1 2
2 3
3 4
4 5
5 6
6 7
7 8
8 9
9 10
10 11
11 12
12 13
13 14
14 15
15 16
16 17
17 18
18 19
19 20
20 21
21 22
22
1 2
2 3
3 4
4 5
5 6
6 7
7 8
8 9
9 10
10 11
11 12
12 13
13 14
14 15
15 16
16 17
17 18
18 19
19 20
20 21
21 22
22
1 2
2 3
3 4
4 5
5 6
6 7
7 8
8 9
9 10
10 11
11 12
12 13
13 14
14 15
15 16
16 17
17 18
18 19
19 20
20 21
21 22
22
1 2
2 3
3 4
4 5
5 6
6 7
7 8
8 9
9 10
10 11
11 12
12 13
13 14
14 15
15 16
16 17
17 18
18 19
19 20
20 21
21 22
22
1 2
2 3
3 4
4 5
5 6
6 7
7 8
8 9
9 10
10 11
11 12
12 13
13 14
14 15
15 16
16 17
17 18
18 19
19 20
20 21
21 22
22
1 2
2 3
3 4
4 5
5 6
6 7
7 8
8 9
9 10
10 11
11 12
12 13
13 14
14 15
15 16
16 17
17 18
18 19
19 20
20 21
21 22
22
1 2
2 3
3 4
4 5
5 6
6 7
7 8
8 9
9 10
10 11
11 12
12 13
13 14
14 15
15 16
16 17
17 18
18 19
19 20
20 21
21 22
22
1 2
2 3
3 4
4 5
5 6
6 7
7 8
8 9
9 10
10 11
11 12
12 13
13 14
14 15
15 16
16 17
17 18
18 19
19 20
20 21
21 22
22
1 2
2 3
3 4
4 5
5 6
6 7
7 8
8 9
9 10
10 11
11 12
12 13
13 14
14 15
15 16
16 17
17 18
18 19
19 20
20 21
21 22
22
1 2
2 3
3 4
4 5
5 6
6 7
7 8
8 9
9 10
10 11
11 12
12 13
13 14
14 15
15 16
16 17
17 18
18 19
19 20
20 21
21 22
22
1 2
2 3
3 4
4 5
5 6
6 7
7 8
8 9
9 10
10 11
11 12
12 13
13 14
14 15
15 16
16 17
17 18
18 19
19 20
20 21
21 22
22
1 2
2 3
3 4
4 5
5 6
6 7
7 8
8 9
9 10
10 11
11 12
12 13
13 14
14 15
15 16
16 17
17 18
18 19
19 20
20 21
21 22
22
1 2
2 3
3 4
4 5
5 6
6 7
7 8
8 9
9 10
10 11
11 12
12 13
13 14
14 15
15 16
16 17
17 18
18 19
19 20
20 21
21 22
22
1 2
2 3
3 4
4 5
5 6
6 7
7 8
8 9
9 10
10 11
11 12
12 13
13 14
14 15
15 16
16 17
17 18
18 19
19 20
20 21
21 22
22
1 2
2 3
3 4
4 5
5 6
6 7
7 8
8 9
9 10
10 11
11 12
12 13
13 14
14 15
15 16
16 17
17 18
18 19
19 20
20 21
21 22
22
1 2
2 3
3 4
4 5
5 6
6 7
7 8
8 9
9 10
10 11
11 12
12 13
13 14
14 15
15 16
16 17
17 18
18 19
19 20
20 21
21 22
22
1 2
2 3
3 4
4 5
5 6
6 7
7 8
8 9
9 10
10 11
11 12
12 13
13 14
14 15
15 16
16 17
17 18
18 19
19 20
20 21
21 22
22
1 2
2 3
3 4
4 5
5 6
6 7
7 8
8 9
9 10
10 11
11 12
12 13
13 14
14 15
15 16
16 17
17 18
18 19
19 20
20 21
21 22
22
1 2
2 3
3 4
4 5
5 6
6 7
7 8
8 9
9 10
10 11
11 12
12 13
13 14
14 15
15 16
16 17
17 18
18 19
19 20
20 21
21 22
22
1 2
2 3
3 4
4 5
5 6
6 7
7 8
8 9
9 10
10 11
11 12
12 13
13 14
14 15
15 16
16 17
17 18
18 19
19 20
20 21
21 22
22
1 2
2 3
3 4
4 5
5 6
6 7
7 8
8 9
9 10
10 11
11 12
12 13
13 14
14 15
15 16
16 17
17 18
18 19
19 20
20 21
21 22
22
1 2
2 3
3 4
4 5
5 6
6 7
7 8
8 9
9 10
10 11
11 12
12 13
13 14
14 15
15 16
16 17
17 18
18 19
19 20
20 21
21 22
22
1 2
2 3
3 4
4 5
5 6
6 7
7 8
8 9
9 10
10 11
11 12
12 13
13 14
14 15
15 16
16 17
17 18
18 19
19 20
20 21
21 22
22
1 2
2 3
3 4
4 5
5 6
6 7
7 8
8 9
9 10
10 11
11 12
12 13
13 14
14 15
15 16
16 17
17 18
18 19
19 20
20 21
21 22
22
1 2
2 3
3 4
4 5
5 6
6 7
7 8
8 9
9 10
10 11
11 12
12 13
13 14
14 15
15 16
16 17
17 18
18 19
19 20
20 21
21 22
22
1 2
2 3
3 4
4 5
5 6
6 7
7 8
8 9
9 10
10 11
11 12
12 13
13 14
14 15
15 16
16 17
17 18
18 19
19 20
20 21
21 22
22
1 2
2 3
3 4
4 5
5 6
6 7
7 8
8 9
9 10
10 11
11 12
12 13
13 14
14 15
15 16
16 17
17 18
18 19
19 20
20 21
21 22
22
1 2
2 3
3 4
4 5
5 6
6 7
7 8
8 9
9 10
10 11
11 12
12 13
13 14
14 15
15 16
16 17
17 18
18 19
19 20
20 21
21 22
22
1 2
2 3
3 4
4 5
5 6
6 7
7 8
8 9
9 10
10 11
11 12
12 13
13 14
14 15
15 16
16 17
17 18
18 19
19 20
20 21
21 22
22
1 2
2 3
3 4
4 5
5 6
6 7
7 8
8 9
9 10
10 11
11 12
12 13
13 14
14 15
15 16
16 17
17 18
18 19
19 20
20 21
21 22
22
1 2
2 3
3 4
4 5
5 6
6 7
7 8
8 9
9 10
10 11
11 12
12 13
13 14
14 15
15 16
16 17
17 18
18 19
19 20
20 21
21 22
22
1 2
2 3
3 4
4 5
5 6
6 7
7 8
8 9
9 10
10 11
11 12
12 13
13 14
14 15
15 16
16 17
17 18
18 19
19 20
20 21
21 22
22
1 2
2 3
3 4
4 5
5 6
6 7
7 8
8 9
9 10
10 11
11 12
12 13
13 14
14 15
15 16
16 17
17 18
18 19
19 20
20 21
21 22
22
1 2
2 3
3 4
4 5
5 6
6 7
7 8
8 9
9 10
10 11
11 12
12 13
13 14
14 15
15 16
16 17
17 18
18 19
19 20
20 21
21 22
22
1 2
2 3
3 4
4 5
5 6
6 7
7 8
8 9
9 10
10 11
11 12
12 13
13 14
14 15
15 16
16 17
17 18
18 19
19 20
20 21
21 22
22
1 2
2 3
3 4
4 5
5 6
6 7
7 8
8 9
9 10
10 11
11 12
12 13
13 14
14 15
15 16
16 17
17 18
18 19
19 20
20 21
21 22
22
1 2
2 3
3 4
4 5
5 6
6 7
7 8
8 9
9 10
10 11
11 12
12 13
13 14
14 15
15 16
16 17
17 18
18 19
19 20
20 21
21 22
22
1 2
2 3
3 4
4 5
5 6
6 7
7 8
8 9
9 10
10 11
11 12
12 13
13 14
14 15
15 16
16 17
17 18
18 19
19 20
20 21
21 22
22
1 2
2 3
3 4
4 5
5 6
6 7
7 8
8 9
9 10
10 11
11 12
12 13
13 14
14 15
15 16
16 17
17 18
18 19
19 20
20 21
21 22
22
1 2
2 3
3 4
4 5
5 6
6 7
7 8
8 9
9 10
10 11
11 12
12 13
13 14
14 15
15 16
16 17
17 18
18 19
19 20
20 21
21 22
22
1 2
2 3
3 4
4 5
5 6
6 7
7 8
8 9
9 10
10 11
11 12
12 13
13 14
14 15
15 16
16 17
17 18
18 19
19 20
20 21
21 22
22
1 2
2 3
3 4
4 5
5 6
6 7
7 8
8 9
9 10
10 11
11 12
12 13
13 14
14 15
15 16
16 17
17 18
18 19
19 20
20 21
21 22
22
1 2
2 3
3 4
4 5
5 6
6 7
7 8
8 9
9 10
10 11
11 12
12 13
13 14
14 15
15 16
16 17
17 18
18 19
19 20
20 21
21 22
22
1 2
2 3
3 4
4 5
5 6
6 7
7 8
8 9
9 10
10 11
11 12
12 13
13 14
14 15
15 16
16 17
17 18
18 19
19 20
20 21
21 22
22
1 2
2 3
3 4
4 5
5 6
6 7
7 8
8 9
9 10
10 11
11 12
12 13
13 14
14 15
15 16
16 17
17 18
18 19
19 20
20 21
21 22
22
1 2
2 3
3 4
4 5
5 6
6 7
7 8
8 9
9 10
10 11
11 12
12 13
13 14
14 15
15 16
16 17
17 18
18 19
19 20
20 21
21 22
22
1 2
2 3
3 4
4 5
5 6
6 7
7 8
8 9
9 10
10 11
11 12
12 13
13 14
14 15
15 16
16 17
17 18
18 19
19 20
20 21
21 22
22
1 2
2 3
3 4
4 5
5 6
6 7
7 8
8 9
9 10
10 11
11 12
12 13
13 14
14 15
15 16
16 17
17 18
18 19
19 20
20 21
21 22
22
1 2
2 3
3 4
4 5
5 6
6 7
7 8
8 9
9 10
10 11
11 12
12 13
13 14
14 15
15 16
16 17
17 18
18 19
19 20
20 21
21 22
22
1 2
2 3
3 4
4 5
5 6
6 7
7 8
8 9
9 10
10 11
11 12
12 13
13 14
14 15
15 16
16 17
17 18
18 19
19 20
20 21
21 22
