500 22361 500
427 484
121 317
220 398
292 302
158 279
122 426
62 306
125 468
40 87
464 485
410 430
147 455
315 375
9 403
185 408
164 220
88 243
44 471
193 253
13 457
382 420
53 169
282 338
11 251
3 34
43 314
60 489
168 319
121 416
52 171
358 491
77 319
25 441
166 247
428 494
261 345
150 461
164 488
7 34
41 396
225 462
306 491
6 67
123 257
34 287
27 85
20 146
62 95
26 33
221 383
7 321
60 144
320 423
360 475
48 407
147 457
358 492
147 456
41 386
180 380
235 468
295 397
279 376
173 218
387 482
187 189
6 188
81 239
202 327
100 258
72 422
6 313
305 367
9 172
66 88
70 144
182 195
34 125
2 284
70 221
380 437
30 413
95 368
126 270
191 365
168 484
183 432
148 462
1 117
198 382
25 33
65 309
298 444
217 285
366 466
143 431
258 403
245 314
165 362
74 416
97 207
298 349
6 288
331 451
118 432
264 409
57 484
269 366
417 460
35 108
203 372
354 442
190 278
187 284
44 134
64 91
35 436
231 277
63 67
216 254
186 275
244 320
189 214
179 468
332 497
457 499
311 378
5 408
89 136
207 384
76 87
402 433
131 159
378 427
75 364
137 364
146 335
8 356
6 390
278 315
4 58
219 451
152 154
165 500
185 291
230 259
164 192
32 398
72 200
184 442
209 471
100 133
245 319
298 337
91 279
119 489
21 52
21 496
110 142
8 131
111 326
119 287
182 432
57 168
281 344
263 409
349 481
56 366
22 52
378 415
183 433
85 390
133 438
115 281
47 117
108 163
107 328
35 313
97 487
221 260
144 210
136 261
203 204
87 160
355 447
336 451
122 417
331 448
284 369
458 480
398 455
74 204
168 431
46 498
244 357
221 418
185 238
7 427
86 462
79 207
219 280
37 203
146 451
400 423
153 475
67 397
52 381
204 421
338 414
35 113
266 388
110 284
83 84
228 308
35 399
189 457
106 416
240 432
49 406
182 497
395 447
291 390
417 431
124 387
388 487
200 291
142 483
29 273
380 388
108 430
128 368
168 395
354 455
21 136
331 486
1 259
45 431
57 167
315 332
63 410
274 497
246 451
230 418
285 492
180 182
202 226
7 182
61 112
199 321
53 86
16 70
6 233
258 348
227 440
8 72
4 360
269 377
276 323
68 313
148 446
145 409
16 358
368 418
210 219
50 186
334 415
101 230
168 310
340 461
239 328
42 363
24 239
339 445
194 500
7 486
142 391
17 208
227 470
138 494
310 357
248 441
194 301
168 353
67 354
195 338
220 340
119 286
52 352
205 310
378 406
231 271
50 424
197 420
233 263
219 308
79 225
286 447
15 415
131 360
218 296
282 347
39 85
110 282
206 223
463 467
164 195
221 233
44 484
170 465
150 155
8 127
144 281
156 237
277 402
38 190
257 362
167 465
87 392
152 480
203 467
215 258
293 386
317 393
30 277
223 496
223 493
79 340
157 321
2 479
253 443
302 382
3 106
21 41
122 229
193 421
63 311
190 247
99 427
318 440
393 431
188 387
81 142
407 494
450 481
245 279
72 222
105 385
248 253
444 492
50 400
67 437
120 352
211 336
345 406
453 464
169 428
162 316
139 297
213 387
235 327
54 420
47 110
20 102
315 342
253 352
7 15
187 482
147 464
85 113
135 146
368 486
40 182
113 156
280 489
90 370
33 437
136 397
409 470
173 419
44 316
302 497
101 436
66 486
287 424
433 485
1 69
335 355
100 466
195 312
12 339
33 320
192 434
184 458
99 231
36 215
32 41
265 456
166 463
21 26
78 164
19 453
206 454
165 218
102 141
37 206
175 198
50 117
51 317
82 243
295 476
66 300
54 235
324 476
129 276
52 306
22 204
218 475
94 487
182 217
119 249
98 430
301 475
54 105
45 291
23 349
47 381
123 458
314 455
64 471
352 464
169 464
291 323
207 235
21 320
307 346
331 427
79 403
47 207
35 332
35 471
3 12
93 354
32 107
143 237
55 410
123 302
188 483
90 477
319 421
191 289
332 473
90 481
227 488
254 366
250 286
204 227
294 401
155 346
113 321
182 333
66 496
144 474
38 164
113 322
116 480
29 194
183 267
211 302
335 451
120 284
122 235
105 192
105 210
235 316
377 492
176 366
1 481
58 183
95 412
273 443
127 229
87 183
3 314
121 480
270 338
121 344
277 404
96 226
139 372
130 290
287 443
299 452
173 398
191 432
149 293
128 423
201 242
370 482
330 369
84 400
305 487
81 335
60 481
139 181
299 372
203 324
132 135
15 218
119 328
46 414
78 423
149 252
110 117
49 457
354 478
123 158
168 352
234 447
202 401
160 228
213 412
248 261
184 491
31 47
127 469
174 287
95 260
41 344
376 421
357 437
59 438
60 335
95 342
142 428
150 308
81 337
153 449
179 439
75 82
375 408
393 397
79 299
283 379
272 414
83 234
8 270
69 483
213 351
162 292
261 436
63 442
213 299
72 245
101 252
57 329
438 442
221 429
233 430
423 468
195 391
148 456
122 172
63 237
141 281
37 455
140 483
124 467
110 315
75 492
52 343
141 364
201 279
55 479
363 434
235 280
86 198
262 395
174 348
64 115
1 390
115 370
204 438
140 219
238 493
234 279
119 389
46 118
82 264
107 189
199 429
57 448
67 331
203 420
294 430
85 350
247 450
103 277
106 399
357 473
130 284
252 452
144 402
466 482
227 435
71 472
37 426
69 486
129 209
237 297
262 323
132 467
29 137
124 344
8 190
14 337
100 425
29 152
30 335
96 161
42 137
129 388
168 270
155 293
234 306
211 453
37 86
247 371
208 467
253 429
58 172
19 277
357 432
189 294
352 357
56 171
98 394
186 408
326 457
79 336
327 422
6 198
356 424
303 310
58 222
57 213
411 437
51 259
43 158
272 360
100 214
343 394
353 373
330 433
290 447
394 475
112 459
403 421
355 385
179 205
346 373
323 412
155 434
34 339
140 308
435 482
36 127
101 178
101 258
7 145
108 188
255 278
245 446
112 399
112 142
100 326
97 182
136 152
273 325
285 495
335 382
179 277
196 240
92 132
79 139
130 425
223 297
95 239
211 358
4 316
107 149
339 440
100 253
122 303
138 347
18 436
149 276
155 264
347 419
303 365
5 111
154 350
137 153
87 463
278 484
108 147
193 249
206 392
30 415
134 260
151 323
30 147
396 451
195 496
229 352
189 339
40 485
39 473
302 480
69 120
158 423
205 391
219 243
100 177
26 97
426 495
170 356
171 259
409 491
147 184
52 179
148 185
279 311
206 212
9 25
149 222
57 181
314 477
331 366
234 497
328 419
94 198
367 401
230 343
144 263
87 215
251 495
98 365
148 461
360 442
8 382
72 131
253 332
91 119
73 250
296 435
381 399
30 57
9 69
340 465
169 460
92 459
102 311
82 277
330 421
88 389
103 202
290 332
280 364
127 384
148 361
64 134
408 451
261 269
193 230
69 341
114 331
412 433
35 428
217 289
140 450
296 357
40 328
261 493
60 360
283 295
10 440
401 450
432 489
96 421
15 179
385 413
446 456
294 395
201 304
128 358
181 228
106 108
261 357
64 301
18 273
213 225
340 374
343 432
313 320
252 271
298 485
269 376
290 340
212 383
124 391
16 384
119 470
61 297
295 342
218 320
202 326
304 464
439 443
87 414
148 447
80 387
224 277
247 418
338 365
73 471
412 478
361 468
81 417
275 331
323 394
425 490
122 486
111 127
109 255
78 439
148 400
191 274
220 233
21 196
283 387
35 70
90 182
173 493
112 216
151 487
10 416
98 475
105 464
12 141
217 471
37 250
119 299
47 439
127 366
398 428
240 415
5 82
217 374
86 385
78 155
259 285
118 312
46 401
139 358
41 64
221 438
183 365
147 488
45 196
59 209
227 379
371 445
89 289
302 486
86 352
5 169
75 426
36 289
116 354
14 59
425 479
353 372
133 356
100 498
367 392
144 381
46 448
279 308
283 286
35 360
81 431
332 456
113 466
338 443
244 359
60 393
324 358
262 345
290 376
62 315
160 378
428 481
193 329
54 360
327 423
205 295
10 28
107 496
3 14
198 412
24 321
243 345
296 457
9 285
47 191
112 270
94 458
411 448
124 196
297 358
419 447
34 112
203 409
64 198
290 411
133 350
228 486
32 281
240 367
352 372
139 490
23 194
47 446
110 168
492 495
415 486
142 408
11 134
94 103
264 327
370 463
78 172
191 468
50 443
236 397
35 348
79 112
119 265
70 97
16 211
216 225
266 345
132 207
218 326
144 298
379 478
88 482
155 237
34 205
307 443
184 340
234 326
15 448
43 454
38 500
210 222
172 209
287 298
276 491
83 499
157 418
214 344
28 190
72 307
49 129
76 187
257 499
165 490
429 437
97 236
20 266
206 232
123 288
336 373
93 195
215 463
307 485
294 371
322 488
250 479
19 348
219 408
161 473
88 279
41 251
86 167
24 493
40 107
96 487
244 367
253 490
284 456
10 297
70 110
57 319
131 488
47 114
34 283
190 414
134 261
117 386
191 209
222 323
304 310
198 483
64 82
380 450
239 489
40 99
179 384
109 323
104 474
40 202
136 318
164 421
60 108
41 123
13 14
217 312
110 489
267 330
221 486
119 182
149 288
226 321
344 396
175 246
310 461
51 349
317 331
164 315
208 334
201 315
439 462
61 248
269 493
155 461
67 296
29 466
304 476
160 412
31 224
143 346
232 366
197 228
103 109
107 370
99 449
81 306
225 464
115 468
281 359
178 287
150 297
330 457
151 475
238 499
62 224
38 345
29 484
343 406
144 480
68 91
178 194
446 494
15 71
128 446
142 368
52 488
276 407
159 179
178 384
438 446
10 128
258 477
428 454
10 12
231 405
180 185
15 47
80 355
63 172
28 498
289 348
362 466
252 437
85 394
404 484
43 179
14 404
202 361
160 194
297 381
146 393
343 420
41 157
160 349
74 271
148 224
225 321
307 414
88 181
314 348
396 463
268 311
258 461
53 404
59 308
347 470
47 432
54 491
166 204
17 30
218 257
452 464
53 405
204 294
209 356
172 197
32 460
236 500
286 396
33 195
20 260
173 371
63 454
184 362
139 164
60 80
180 351
154 401
152 164
309 425
322 478
300 430
220 324
196 389
160 172
165 390
30 102
71 296
39 341
138 322
342 376
35 284
294 456
8 209
22 223
101 362
33 210
272 456
246 473
116 485
128 342
19 108
44 436
271 321
180 289
153 427
87 320
291 318
278 326
194 275
76 121
322 438
106 398
7 358
124 231
70 493
70 153
66 479
79 473
36 56
261 472
11 186
90 200
334 454
163 293
283 324
64 202
69 318
356 370
198 413
134 325
176 363
24 207
73 460
151 305
18 458
127 374
49 462
113 341
60 244
298 370
113 456
386 410
87 353
219 261
22 296
100 216
168 424
388 397
78 265
360 470
168 379
57 482
115 156
1 180
35 344
457 465
268 462
293 358
194 328
49 180
205 351
107 248
426 428
71 347
490 495
65 191
38 316
73 247
88 365
226 423
44 485
228 291
14 263
59 232
84 221
252 402
246 277
142 303
335 421
255 460
225 475
203 483
408 417
137 306
93 302
57 174
60 334
183 322
11 104
233 295
109 356
308 377
241 486
221 419
266 378
245 305
414 429
168 482
79 488
315 316
14 75
133 364
46 346
39 241
137 220
355 444
242 334
1 368
245 496
256 343
165 407
250 312
411 444
5 232
219 294
13 269
215 349
131 337
162 375
174 440
156 305
13 53
35 157
65 464
4 280
50 233
79 374
241 327
198 246
243 267
231 287
344 450
387 443
63 218
265 498
89 491
5 49
11 202
15 29
83 413
47 276
82 368
69 363
78 464
84 451
90 183
134 406
319 374
147 496
31 34
468 496
217 429
38 136
57 323
277 414
40 116
196 267
270 385
223 375
90 446
102 209
11 337
123 160
437 443
44 255
300 305
22 264
333 362
419 473
225 325
110 253
299 393
18 480
55 106
151 331
110 381
250 336
27 199
67 491
250 302
231 481
167 450
38 251
114 448
269 391
299 337
129 424
45 318
79 245
264 321
120 195
72 199
46 315
13 296
393 484
322 487
152 414
122 139
102 140
48 484
258 297
100 444
118 490
317 430
199 225
95 225
168 393
92 376
66 104
139 452
99 491
157 227
73 376
69 470
228 268
36 86
268 279
93 494
40 128
99 333
152 295
45 59
452 484
390 406
130 349
65 351
39 238
11 417
314 463
353 412
287 488
36 58
51 452
192 446
155 499
28 41
5 441
193 365
204 363
96 329
269 387
136 192
277 496
246 471
45 414
76 124
18 185
213 305
72 109
317 460
91 221
61 301
14 383
63 363
121 222
13 22
190 386
141 465
252 413
93 460
274 436
149 439
52 499
177 415
138 321
15 64
250 421
36 486
68 471
47 304
12 304
264 446
304 363
84 98
233 264
291 425
277 297
176 206
3 225
30 149
112 234
46 217
199 463
364 385
377 438
139 235
215 441
54 118
471 474
30 191
27 205
333 443
53 140
22 128
132 169
64 299
276 303
17 396
52 470
243 328
418 497
166 172
264 412
34 220
188 480
394 402
21 270
8 499
30 214
412 428
3 338
152 450
27 220
124 232
355 431
400 440
34 190
216 296
328 362
73 174
8 375
325 342
197 458
141 377
430 500
159 472
210 475
304 482
184 390
193 435
172 378
165 469
392 494
106 472
256 306
290 368
273 360
6 287
247 453
90 92
172 453
72 256
126 464
361 366
12 330
380 390
50 191
4 92
278 473
34 302
275 301
87 434
26 242
311 485
172 177
108 381
270 495
45 288
9 21
108 476
493 500
188 234
51 398
3 313
18 405
452 488
21 398
190 290
89 256
5 320
252 308
179 199
343 471
83 356
40 72
151 217
55 399
267 461
67 279
114 408
106 440
328 497
129 324
33 245
84 439
48 377
420 498
14 116
363 390
273 279
13 51
287 436
233 298
437 477
91 232
10 367
258 277
101 335
384 490
163 298
209 439
230 464
88 197
247 274
348 437
301 492
304 378
99 234
211 486
361 431
77 180
217 250
41 73
257 369
217 237
137 350
76 442
38 102
297 367
33 318
24 362
239 370
221 332
17 373
303 428
75 103
206 312
79 150
5 229
334 357
37 312
242 280
165 496
55 289
217 286
40 446
118 393
123 495
75 177
16 113
170 383
248 393
151 345
170 210
89 116
121 137
117 331
10 178
301 349
194 427
76 454
246 319
279 449
96 380
17 257
85 139
154 481
130 269
147 168
33 239
171 307
12 272
150 248
121 147
275 410
259 262
159 229
431 469
258 370
87 349
199 237
1 163
254 297
322 481
271 351
17 216
324 448
305 317
43 176
36 228
319 420
20 248
154 300
39 289
131 419
2 367
71 227
276 277
410 484
437 465
63 388
244 249
97 141
117 226
307 454
191 302
215 460
39 281
56 386
25 57
85 103
300 484
33 185
124 481
306 424
202 440
13 85
418 458
181 482
165 279
263 358
378 467
33 107
204 312
36 500
37 389
262 357
221 353
234 448
292 326
105 474
297 492
228 432
92 372
45 156
10 106
42 118
253 487
208 337
158 285
315 367
197 234
12 48
364 403
115 194
294 348
113 429
392 393
234 479
113 350
74 372
351 468
165 338
351 469
43 245
323 440
73 129
144 264
131 411
186 388
369 482
212 483
22 125
123 162
42 177
265 369
2 323
290 344
173 256
254 351
165 493
196 293
162 434
315 475
257 453
253 347
231 492
334 335
230 353
100 186
41 399
133 492
194 483
172 479
113 257
164 377
273 369
274 481
176 496
87 393
179 448
310 470
265 484
321 355
29 226
23 484
329 353
146 180
90 98
224 318
160 414
124 293
46 279
114 150
181 198
128 322
172 332
201 477
140 432
364 418
214 295
248 473
206 260
362 415
231 393
222 383
125 449
52 57
241 311
40 287
255 306
195 498
344 469
52 269
58 312
109 235
254 280
312 485
37 242
28 181
286 304
92 118
194 359
177 277
154 450
147 493
133 284
262 468
135 244
161 347
317 471
255 435
14 428
24 381
367 381
25 351
290 303
423 449
428 500
32 37
135 405
38 487
216 300
48 450
148 355
121 382
244 290
207 362
236 405
206 455
260 319
257 474
40 225
32 40
374 476
276 487
143 467
211 359
118 376
261 319
188 229
223 454
124 282
158 321
17 62
44 184
67 148
368 382
70 393
179 238
90 110
223 339
139 250
111 235
178 356
83 158
102 448
224 357
370 411
70 191
86 399
202 410
166 227
19 361
236 421
369 401
247 255
74 211
172 311
122 196
13 122
12 382
365 421
76 309
4 355
297 374
157 331
59 205
25 128
262 426
387 499
70 499
198 476
289 363
85 137
283 490
243 493
113 404
286 377
329 432
72 124
206 220
164 280
76 483
113 173
98 130
219 381
21 301
154 256
262 456
65 190
215 300
198 293
51 391
16 227
19 364
232 424
182 243
354 493
48 386
338 404
279 474
233 416
31 458
279 352
39 174
57 229
69 473
239 276
382 391
23 133
231 437
120 304
330 378
64 429
175 337
135 216
129 456
116 271
96 366
193 430
160 197
314 394
104 142
311 471
67 461
3 215
174 320
82 351
6 119
215 281
191 380
146 302
78 87
319 429
372 411
81 192
339 467
198 287
366 399
264 293
36 79
149 172
75 453
56 204
23 158
57 475
356 455
81 187
313 472
256 381
310 336
63 162
271 457
307 404
440 486
17 477
23 190
321 330
64 212
55 457
4 41
456 463
238 316
45 110
148 163
22 382
148 487
120 408
161 293
150 500
351 483
86 144
188 250
439 498
143 458
278 485
23 403
401 404
271 450
167 209
373 467
356 474
101 157
275 423
147 471
57 350
109 134
24 25
39 409
415 484
111 468
203 364
13 292
227 292
286 404
33 409
55 389
265 296
196 392
25 491
135 260
91 450
41 316
22 457
166 191
174 226
146 250
131 187
15 56
407 438
2 268
303 405
288 369
76 105
242 321
377 400
221 458
21 418
99 205
148 306
94 304
381 474
205 284
161 360
140 215
47 190
50 325
260 373
37 469
229 280
82 409
17 265
336 382
132 210
14 365
218 447
14 144
112 296
365 487
4 248
101 332
70 175
241 316
283 452
232 466
200 331
377 491
81 281
281 413
220 355
342 371
20 362
5 92
421 457
75 89
74 185
257 361
45 395
61 236
143 318
113 125
262 318
223 353
17 292
63 215
288 398
218 361
225 424
104 392
294 454
172 308
88 407
105 115
176 180
92 451
308 408
89 493
167 494
116 165
133 219
26 270
408 476
20 71
193 464
144 310
262 464
269 478
401 448
13 48
146 166
210 220
79 459
186 380
94 306
31 339
279 382
179 229
133 296
36 89
43 402
255 381
25 496
273 457
102 484
389 486
11 342
84 484
240 491
40 473
74 245
133 188
291 439
3 355
169 301
75 447
276 317
178 290
132 324
310 433
319 332
159 292
355 364
274 474
318 379
83 310
58 321
382 407
271 421
452 465
144 146
48 449
188 432
169 405
90 371
299 426
4 469
70 401
22 29
149 312
232 411
292 372
260 402
168 420
86 158
233 477
166 254
241 424
207 353
53 118
158 161
33 349
104 264
4 268
295 497
239 475
400 410
17 234
10 332
88 200
232 296
67 72
160 400
75 448
106 264
298 368
303 492
315 460
66 215
393 430
10 306
82 472
250 262
281 473
27 236
149 161
40 224
263 352
324 396
9 24
95 440
100 278
156 318
5 208
92 93
191 300
204 211
51 121
232 381
92 350
68 193
143 470
350 450
68 81
164 348
46 199
302 340
226 479
176 462
102 416
368 402
223 384
190 335
37 254
104 137
64 269
395 432
273 375
26 250
159 379
175 220
208 277
273 280
133 332
73 304
364 486
485 499
337 345
84 322
286 432
123 278
23 186
230 365
89 220
80 261
354 444
350 470
24 389
91 499
84 270
75 469
47 473
13 149
472 492
188 191
189 258
152 258
250 475
156 182
43 171
230 431
61 374
104 421
39 247
182 362
193 462
24 412
218 223
22 308
121 235
149 205
232 262
384 437
130 172
44 269
79 379
128 479
284 391
7 261
156 390
164 272
202 369
134 366
189 277
291 303
20 259
41 172
60 315
180 282
129 355
99 157
17 316
79 131
6 110
119 352
332 463
175 183
149 250
391 459
299 319
222 303
111 189
44 225
325 429
56 429
69 259
383 426
271 353
318 366
119 317
88 177
279 321
145 148
235 488
258 438
197 421
23 199
72 473
101 466
268 315
119 391
215 445
113 472
191 423
246 382
55 126
11 206
137 485
229 449
25 281
42 328
81 153
251 407
106 167
268 269
134 410
183 226
341 442
49 167
155 378
85 221
415 457
109 272
44 104
38 88
446 465
44 129
83 500
169 443
52 393
82 332
143 428
30 367
134 407
320 391
183 470
62 345
161 366
42 176
197 414
103 494
99 367
221 350
151 156
73 209
85 490
105 405
27 456
221 379
104 281
6 388
107 450
219 447
26 380
85 264
37 47
144 486
372 427
87 329
114 340
48 61
66 131
26 446
19 500
83 206
134 423
350 405
288 353
266 379
379 432
19 332
296 340
1 208
150 269
14 500
149 194
76 378
243 329
172 487
40 307
178 180
80 185
337 487
378 461
389 400
337 420
10 95
70 324
375 458
92 405
213 445
1 440
109 488
180 312
286 435
87 432
213 346
26 196
286 466
418 453
247 468
33 77
187 325
223 322
244 352
260 451
198 407
37 297
173 423
69 274
207 361
262 498
61 331
85 101
133 325
121 460
200 298
277 450
216 322
107 338
300 427
121 231
300 379
348 363
23 56
265 477
3 453
148 154
435 472
138 268
61 379
111 441
219 499
44 59
180 246
119 120
43 382
13 23
176 376
167 278
276 384
288 383
338 367
331 474
92 260
283 489
125 275
54 398
183 451
233 357
284 419
124 303
42 95
342 363
113 148
142 486
199 470
27 58
77 102
92 460
197 468
412 459
267 360
83 403
421 474
42 241
130 254
102 328
11 22
363 364
71 308
77 207
345 358
5 283
59 450
146 376
320 424
13 441
97 230
164 241
13 222
55 491
468 481
23 296
65 461
1 246
140 427
138 156
236 380
204 260
139 188
229 298
51 409
48 436
319 340
15 202
9 58
313 337
22 405
444 473
169 426
152 290
32 149
162 366
38 385
17 80
3 307
184 435
281 400
285 459
247 387
247 269
199 449
90 287
104 277
154 458
304 389
198 499
163 405
132 425
27 81
229 294
371 470
46 268
98 372
316 455
35 278
30 400
154 377
256 471
172 213
132 391
53 323
14 447
8 156
207 238
88 251
93 217
312 397
22 429
55 243
264 290
251 314
296 348
28 407
328 399
235 464
12 425
282 342
482 487
375 397
66 159
459 497
222 485
108 269
191 400
28 245
9 50
42 79
393 476
82 247
330 430
99 453
138 499
4 323
208 451
277 484
211 223
117 292
99 374
83 174
389 433
274 372
91 196
107 382
42 194
38 117
61 370
15 266
343 433
58 373
28 461
246 377
56 88
37 115
136 335
185 212
253 464
152 184
10 413
20 414
29 328
398 495
71 393
8 244
11 182
67 312
245 298
266 414
280 483
178 223
161 382
112 251
7 445
25 74
171 424
202 471
201 221
151 276
298 440
62 213
125 238
167 417
240 401
143 469
93 259
165 483
437 471
68 482
112 349
14 424
35 424
282 382
341 352
7 497
112 432
39 426
21 457
323 361
213 383
125 487
26 445
113 153
90 296
29 62
241 296
36 388
16 344
8 57
111 248
80 310
31 367
53 258
319 480
275 422
203 250
148 425
248 478
267 387
307 312
194 326
350 482
48 473
3 135
305 498
51 323
17 195
54 351
142 447
217 275
58 483
34 68
395 413
122 366
118 236
28 33
13 218
54 203
140 296
117 160
47 140
91 103
36 248
260 336
288 460
97 458
9 306
117 489
198 469
162 262
33 153
300 359
53 337
308 493
215 256
3 339
138 293
406 436
75 91
395 455
398 441
245 429
444 498
92 201
49 417
323 413
301 355
333 352
483 494
90 326
125 362
273 297
148 480
47 327
121 404
279 489
155 347
14 184
24 208
34 360
239 342
21 279
196 275
186 297
52 339
330 406
165 431
324 473
209 297
171 453
142 253
123 452
157 474
92 420
173 259
29 396
140 291
57 458
181 248
260 432
206 442
336 432
90 344
190 267
156 241
173 331
299 380
107 331
23 189
44 288
38 495
421 467
240 306
240 360
188 252
290 297
325 489
190 344
205 437
99 165
127 274
108 212
30 156
38 90
255 454
11 267
78 328
88 461
12 204
6 186
122 180
103 208
84 344
197 250
96 386
121 228
18 89
224 292
29 33
89 261
73 386
208 307
151 418
168 278
19 173
178 344
6 65
121 379
338 419
393 405
171 345
181 219
14 98
448 463
87 140
45 183
40 416
218 458
376 468
107 303
314 374
255 295
99 288
21 421
37 105
229 467
394 494
87 104
375 495
196 455
86 202
68 176
50 122
109 401
404 483
70 367
56 76
116 279
54 291
130 158
192 230
224 390
11 313
57 180
298 388
309 372
381 396
174 451
8 421
334 366
109 305
443 456
368 473
18 58
106 243
198 347
319 489
381 490
242 285
142 493
356 381
167 252
390 392
484 498
110 442
14 439
171 287
110 357
14 106
158 277
102 455
33 280
48 408
219 366
29 114
81 207
184 360
210 317
272 434
218 346
9 339
159 354
214 262
205 275
82 208
22 121
26 418
56 280
24 384
11 41
61 156
19 24
242 428
332 404
254 305
79 153
5 321
14 28
247 472
130 138
217 446
155 280
129 274
128 364
45 100
370 406
266 480
59 130
172 231
276 344
247 345
1 61
80 384
314 362
289 294
180 425
239 402
365 381
133 152
303 378
357 360
218 363
235 414
100 254
260 294
218 431
79 387
120 491
36 268
76 479
101 364
160 238
264 349
188 302
184 330
49 281
135 172
43 188
198 303
6 179
63 164
224 246
239 495
167 233
5 370
169 319
192 304
32 378
99 154
339 406
57 148
431 468
68 314
238 361
109 492
46 394
256 379
13 407
410 472
383 444
303 478
243 249
267 437
468 473
8 204
73 400
262 425
82 111
244 497
108 416
74 77
34 233
188 407
191 338
327 375
390 500
123 134
130 240
72 378
106 387
226 352
81 97
115 177
74 378
340 460
299 487
254 268
383 480
294 457
39 149
170 235
435 464
120 288
159 193
77 467
160 288
217 498
142 249
403 483
210 347
70 355
126 263
455 476
170 289
209 307
72 137
14 369
239 428
164 422
191 345
188 436
295 452
49 299
9 284
349 371
32 123
66 232
48 332
401 427
148 351
81 87
319 462
145 305
107 490
7 335
84 378
145 481
193 310
190 215
125 366
149 225
264 373
74 323
88 412
89 422
158 341
144 428
137 348
62 330
57 161
133 245
93 324
178 204
140 419
316 451
18 65
69 176
287 314
337 357
83 337
200 324
50 247
113 330
59 472
229 307
153 297
325 404
79 267
155 392
172 345
40 441
183 328
108 241
41 190
288 311
105 129
231 239
197 277
113 338
17 407
89 272
72 249
216 229
67 253
427 480
461 474
90 430
281 385
188 435
52 296
52 54
222 344
264 468
282 385
31 420
300 373
341 446
61 471
359 369
37 370
36 290
442 500
63 402
347 417
276 440
164 340
181 427
163 242
55 355
249 259
95 98
36 385
364 392
337 376
12 483
2 51
66 359
169 230
211 413
359 408
49 264
121 199
262 478
209 302
115 384
61 178
265 396
271 331
165 315
149 203
171 263
108 259
161 266
101 483
94 366
38 414
215 473
189 461
241 298
36 82
415 426
355 411
96 371
5 93
87 326
142 436
15 430
48 52
294 417
17 308
40 353
396 472
172 473
98 131
294 464
457 461
344 463
167 269
68 412
35 38
312 432
250 318
344 360
141 194
19 490
35 337
472 479
21 34
427 431
183 478
367 431
198 359
440 446
184 294
228 334
150 273
299 469
38 246
223 292
161 338
200 405
57 58
231 497
88 373
11 135
44 348
282 374
267 383
46 460
272 364
335 344
195 477
151 381
166 424
457 483
247 396
112 393
322 369
94 428
15 67
231 345
147 357
54 292
241 390
161 264
173 314
88 114
1 414
159 200
290 476
131 462
14 150
352 422
98 280
138 274
84 156
1 106
228 430
114 380
260 325
344 485
238 323
117 195
94 191
46 341
161 273
81 127
52 165
248 390
148 440
185 209
227 299
59 135
26 322
414 473
160 395
155 218
102 435
277 278
91 191
36 372
285 434
418 499
85 207
94 183
197 236
193 486
448 464
11 403
415 465
2 445
12 23
192 228
60 235
167 453
350 490
83 129
320 417
239 302
185 351
74 234
269 440
16 150
28 427
95 435
14 456
122 427
68 253
428 462
13 474
229 261
190 244
53 413
55 111
38 362
31 425
242 487
300 405
358 432
67 125
76 99
192 229
248 346
239 272
215 476
37 141
4 325
365 439
94 211
217 432
60 466
223 279
341 350
222 254
370 393
124 409
1 375
236 472
225 267
3 427
10 90
83 449
54 248
210 324
222 279
246 454
27 422
255 389
314 332
264 372
68 323
327 428
98 336
259 372
281 431
67 202
123 479
139 223
428 437
216 493
474 493
326 369
306 469
44 239
294 397
196 290
56 342
199 340
25 290
228 327
275 442
458 495
225 296
38 354
80 483
74 270
226 266
49 437
123 246
72 465
145 248
111 378
257 481
3 115
99 315
109 286
220 297
49 419
221 243
69 150
221 297
233 401
309 352
266 494
18 350
318 324
307 417
320 497
312 441
128 447
254 299
176 331
18 292
1 281
285 290
95 227
96 409
222 410
112 264
139 225
105 173
17 294
31 443
104 287
35 92
172 240
306 442
292 314
42 368
275 429
36 477
92 370
174 427
140 213
54 268
152 358
278 375
462 493
188 382
58 153
13 46
98 255
124 258
108 267
152 336
19 412
13 159
239 308
249 494
101 270
118 471
304 404
441 487
217 400
173 412
297 375
284 486
69 364
48 427
5 318
188 392
94 467
61 363
77 350
58 247
186 356
6 379
185 399
69 235
62 444
246 337
450 474
12 88
343 359
219 350
296 459
115 128
174 267
63 306
404 451
284 485
182 273
216 378
159 196
182 198
359 430
230 232
321 331
251 486
169 323
115 448
158 476
456 482
159 316
116 482
31 457
179 212
272 305
14 185
54 385
54 253
5 206
195 405
146 448
130 221
63 88
7 298
352 404
202 253
283 425
242 296
136 471
97 296
264 330
348 350
464 468
122 160
90 158
3 44
279 491
84 312
222 414
138 348
132 229
87 422
262 414
226 315
168 490
51 321
7 201
194 259
5 393
456 473
100 234
7 269
78 229
52 334
232 395
60 166
271 338
195 268
215 373
150 486
11 424
177 341
305 322
163 344
125 441
231 457
240 423
343 462
125 151
141 187
162 394
24 403
268 296
317 415
21 429
313 410
3 248
147 312
159 265
143 204
18 343
306 481
46 454
23 373
105 184
133 265
130 244
397 444
370 443
47 155
388 412
234 248
107 350
20 173
222 425
279 476
103 227
412 418
12 222
246 410
268 389
245 425
30 76
180 275
276 433
15 35
101 324
39 464
227 264
11 263
413 435
204 456
340 414
332 427
156 474
192 383
168 277
82 164
21 31
180 281
346 478
32 225
97 390
276 289
40 67
122 179
130 226
205 445
210 307
420 447
116 277
57 298
115 179
4 326
89 424
386 393
160 294
134 475
214 418
351 372
123 233
12 312
128 465
212 216
51 223
159 476
272 368
171 461
104 278
249 367
8 295
64 140
27 246
246 499
281 490
63 445
115 207
400 435
41 401
200 383
97 431
75 379
415 459
148 357
107 321
149 427
326 486
90 321
40 210
329 401
192 289
199 222
128 379
171 423
29 247
35 322
43 392
139 296
254 477
144 145
213 466
342 410
306 367
203 270
115 466
22 158
218 460
152 292
91 139
106 308
402 426
306 365
31 492
61 438
45 251
142 475
92 285
66 425
43 325
91 495
242 473
108 161
268 312
62 289
57 431
444 481
230 408
56 290
130 379
136 447
254 343
199 436
71 163
119 456
41 279
311 328
172 222
243 342
404 457
475 500
239 448
398 482
160 180
137 191
53 372
252 392
157 457
84 437
45 158
38 250
79 399
301 344
83 218
332 346
116 171
145 330
332 434
223 252
176 470
110 199
203 416
408 485
100 390
188 397
167 474
174 404
83 205
46 198
26 496
465 499
83 216
280 424
63 330
204 308
39 471
262 415
313 481
327 331
108 400
112 440
205 314
228 484
50 498
30 336
42 121
217 382
326 488
226 297
297 423
182 234
248 401
70 249
265 494
100 262
341 387
455 459
123 211
390 497
99 129
143 419
249 409
299 465
333 355
81 231
244 390
169 315
256 299
29 322
434 437
16 352
2 141
185 345
85 459
85 314
74 452
163 359
50 494
66 259
239 266
136 372
44 219
79 400
316 325
128 198
188 428
295 353
32 75
56 322
368 422
161 274
68 333
327 453
168 351
191 355
85 195
125 412
256 387
334 497
155 162
54 261
402 411
103 232
195 237
309 363
258 435
60 266
401 458
138 149
329 384
367 432
249 431
350 479
67 346
384 470
207 337
371 451
62 304
177 195
24 449
224 464
12 383
208 236
100 469
265 283
134 310
278 322
275 353
375 407
69 495
2 314
270 356
286 492
176 216
287 368
142 301
36 418
50 178
353 490
399 448
9 331
35 85
303 308
374 402
91 181
25 88
80 487
145 219
116 346
387 402
20 263
111 214
24 38
89 374
375 431
351 433
354 477
132 202
140 236
250 386
158 402
7 284
148 302
28 487
217 457
350 474
221 495
415 441
119 432
405 497
102 258
41 129
216 488
303 403
136 462
251 271
1 133
201 422
8 225
56 208
217 462
121 180
115 339
286 293
64 284
461 465
121 351
181 268
25 262
405 454
382 425
277 343
400 475
88 437
25 145
398 446
344 422
227 367
399 426
344 366
193 332
26 486
290 324
108 295
64 238
205 390
161 439
32 265
185 316
158 293
261 355
231 283
317 394
129 179
254 289
132 431
34 49
136 153
108 220
211 246
29 469
228 247
128 205
110 178
253 338
6 39
17 275
49 381
478 495
135 478
134 238
35 497
32 267
134 466
333 494
306 377
22 33
121 233
456 487
332 368
90 327
39 43
239 424
156 425
318 480
378 478
164 178
59 190
257 260
435 449
128 388
4 19
351 444
229 396
77 397
44 108
221 319
203 439
59 471
268 314
32 490
373 397
164 354
116 368
187 205
107 300
49 317
336 449
29 383
288 295
70 441
65 457
50 148
324 469
152 394
50 158
53 176
46 237
56 417
54 459
290 466
289 420
374 408
190 444
200 304
261 311
258 499
107 108
221 292
247 254
126 190
65 363
369 492
219 458
229 497
298 429
37 318
126 286
139 267
134 403
196 476
110 228
8 301
52 99
185 204
90 339
177 333
32 329
175 478
208 499
146 205
113 480
223 382
96 361
15 427
13 45
79 307
59 365
31 396
133 256
50 273
410 463
23 262
344 354
178 481
319 441
161 304
219 293
389 410
281 453
36 37
17 334
123 169
406 485
156 456
31 132
82 140
46 47
235 381
301 315
165 220
180 242
26 90
24 225
151 456
55 83
209 399
192 407
95 169
66 270
134 315
255 358
70 316
338 376
69 135
175 461
236 256
14 172
305 470
420 488
101 268
270 424
311 409
203 308
406 471
82 191
467 488
171 432
25 158
162 233
191 234
435 455
218 481
297 429
40 212
262 390
40 349
276 437
173 257
320 377
285 359
139 155
161 177
69 105
365 395
87 219
93 119
95 202
382 418
19 252
32 172
111 273
171 193
51 210
109 378
186 389
331 409
94 334
284 484
94 274
320 388
238 389
327 446
257 406
8 142
254 267
97 486
5 455
337 386
301 363
92 197
173 399
158 242
53 486
90 93
86 266
207 496
83 148
470 471
148 403
55 233
309 328
176 392
155 207
59 198
342 436
170 336
469 486
86 340
148 254
57 358
340 469
69 405
353 444
364 466
370 380
39 354
121 423
83 252
9 188
102 123
116 490
22 485
8 366
12 398
185 452
45 76
170 363
413 495
29 248
70 151
223 453
69 89
37 277
79 106
156 195
73 337
207 280
124 191
99 403
27 153
119 318
394 409
31 419
69 308
149 497
22 480
320 359
114 220
31 313
349 386
123 261
60 317
262 466
35 225
107 357
46 437
255 465
121 234
56 472
56 108
146 452
284 433
37 500
184 314
262 361
354 436
387 437
127 319
29 309
79 86
86 495
91 216
183 314
286 388
211 255
321 380
82 355
222 380
348 417
435 448
50 272
400 424
32 296
287 487
255 339
74 143
16 353
487 490
321 352
284 420
252 283
16 366
230 460
70 396
21 241
50 408
371 431
63 308
189 410
266 273
136 331
149 346
304 368
204 246
381 488
163 462
161 445
247 441
206 243
139 379
364 425
66 225
71 313
67 145
11 145
166 412
136 430
335 462
37 355
197 330
211 319
307 365
227 352
408 427
29 158
183 490
230 324
464 471
104 455
85 380
41 102
40 131
17 228
84 453
140 188
168 321
84 101
52 316
6 250
246 435
12 347
162 187
403 478
111 215
81 106
46 68
139 400
182 337
305 456
7 478
183 472
208 394
298 302
225 411
110 475
233 414
118 182
321 382
150 201
10 197
359 451
20 364
384 452
104 177
182 481
10 472
158 166
288 401
234 436
270 361
248 320
119 254
191 349
112 145
80 324
91 351
96 100
385 496
212 449
288 491
31 482
300 353
167 172
181 186
51 120
98 102
109 452
100 190
113 481
110 145
171 192
49 284
218 414
240 411
68 252
334 495
116 424
272 320
178 208
149 462
262 315
19 413
359 471
456 471
173 411
3 266
60 270
307 438
367 390
133 304
162 243
1 37
71 485
157 395
170 325
184 243
204 495
27 397
315 427
110 492
22 322
137 251
101 391
258 322
261 359
434 447
44 358
245 306
60 101
297 419
12 72
208 472
77 294
151 351
184 472
77 218
254 294
426 456
63 488
160 338
75 296
44 312
216 260
230 455
266 426
48 69
335 478
30 33
299 443
200 369
44 305
87 298
159 392
299 308
90 126
251 437
374 432
224 431
180 209
8 63
302 367
106 428
105 386
84 306
373 466
140 225
336 425
73 325
104 420
317 426
170 432
32 312
203 421
26 333
52 397
170 291
362 425
143 485
272 312
281 358
173 284
279 451
43 209
313 351
179 256
164 330
356 485
211 498
108 351
306 427
448 486
198 226
278 424
217 418
48 391
146 382
190 237
56 312
29 453
29 282
173 397
205 339
18 303
274 489
91 250
260 417
43 399
175 344
156 495
191 486
343 438
350 401
282 305
46 258
402 499
153 241
39 414
97 490
97 480
342 428
96 187
274 466
339 377
63 353
346 405
337 460
449 451
82 185
70 487
32 365
141 438
85 432
22 244
94 309
101 310
92 387
77 487
335 377
278 388
34 377
106 375
312 493
285 423
59 499
85 256
10 233
202 374
82 131
212 315
111 289
171 478
198 319
63 335
126 259
231 339
102 294
316 472
207 241
288 355
88 273
92 395
33 96
166 338
350 472
10 319
37 171
88 259
24 415
308 464
178 279
166 241
316 378
339 403
109 187
302 490
242 266
394 486
74 384
75 371
421 445
44 253
179 345
192 331
447 489
382 473
304 387
434 494
4 458
69 385
7 327
215 424
103 309
26 176
258 492
87 243
187 350
205 280
78 287
292 458
376 485
192 382
303 419
74 78
181 246
451 453
100 364
382 408
127 233
96 352
181 415
14 223
238 277
190 463
3 129
21 294
1 303
323 409
159 303
4 371
82 96
285 339
282 455
37 94
246 463
108 403
403 468
37 342
146 241
83 88
410 411
20 361
71 282
193 441
48 447
164 165
92 196
66 135
25 199
124 440
264 299
240 261
69 76
78 285
223 367
128 159
286 473
198 463
156 193
250 409
161 412
315 323
61 353
68 339
121 394
249 497
34 66
275 489
298 340
165 168
170 414
136 176
5 435
252 336
153 327
206 418
49 60
148 177
391 483
140 482
21 340
34 177
259 270
126 476
6 254
328 398
416 468
35 217
78 329
177 287
287 308
69 393
10 428
23 76
324 399
180 457
48 279
11 442
74 186
13 290
101 311
416 497
61 161
88 374
52 115
186 287
180 243
32 77
356 378
296 438
54 276
379 497
405 433
148 251
84 222
203 330
292 389
128 166
114 447
122 130
69 459
74 360
170 457
345 465
104 108
321 496
58 433
125 203
160 427
104 229
171 208
230 301
304 308
25 185
117 497
83 290
417 486
460 487
368 372
420 433
358 473
229 330
93 423
142 239
140 457
102 387
8 361
273 429
10 458
177 390
126 357
78 432
414 466
132 270
47 468
83 318
284 438
263 295
276 405
36 45
113 488
324 437
8 458
138 383
252 401
363 458
270 465
396 481
192 323
5 77
59 310
91 367
318 458
185 307
190 418
474 496
18 487
64 427
97 372
395 439
302 466
79 298
56 397
196 261
14 21
311 357
74 269
18 466
185 297
307 425
351 461
345 470
184 215
212 412
223 312
297 428
32 235
103 244
22 118
234 496
151 428
333 438
339 416
208 468
138 344
427 475
12 188
422 476
320 488
16 496
85 281
23 320
423 465
22 88
237 499
208 308
90 449
409 419
414 426
29 254
40 119
225 435
20 352
29 303
167 194
161 280
212 263
23 36
50 268
415 491
316 398
389 398
187 422
32 115
114 359
150 163
90 310
70 282
142 449
117 371
127 377
135 312
207 274
261 323
269 491
131 139
138 249
180 330
155 384
436 456
121 352
112 451
259 394
74 152
114 464
71 244
160 380
76 151
27 443
1 433
116 416
85 349
236 314
343 425
65 107
89 431
50 125
222 357
73 251
186 236
103 401
258 395
244 329
13 409
156 300
105 357
357 445
73 357
3 155
56 487
14 182
156 491
93 373
19 125
291 295
96 232
242 403
21 265
111 483
75 341
162 200
42 128
130 365
197 498
309 493
330 392
121 347
111 140
181 320
53 414
39 303
245 460
228 306
16 388
309 467
219 401
260 292
379 483
96 477
289 349
104 391
31 234
122 205
384 475
81 143
233 310
369 443
89 480
13 431
74 296
20 418
124 160
78 139
89 428
296 425
180 497
197 268
48 81
33 455
302 328
11 266
239 388
76 227
8 454
80 115
123 299
120 144
142 409
126 222
49 319
186 491
186 293
49 398
139 229
28 186
198 410
312 411
18 358
128 217
79 308
184 339
358 482
76 350
154 329
415 493
29 146
103 433
190 431
9 356
79 428
274 307
279 280
192 464
291 307
263 474
260 322
212 234
103 107
259 289
140 332
201 433
197 402
240 464
125 458
432 457
22 156
195 399
45 481
108 206
28 152
261 344
17 66
4 89
359 402
343 473
39 140
253 313
188 362
246 378
74 156
44 377
254 464
121 340
35 128
304 500
133 435
3 89
159 276
245 405
251 343
352 451
439 488
209 243
412 453
44 406
58 279
219 221
121 408
30 115
152 399
237 377
290 480
250 417
27 114
14 111
49 349
11 175
13 477
19 40
470 500
66 151
55 109
315 386
431 484
98 351
31 382
115 275
453 476
345 354
13 226
28 135
77 391
203 427
77 153
9 429
108 261
357 393
394 416
176 344
381 454
46 114
310 474
28 481
56 120
44 315
251 451
21 402
31 453
4 263
169 248
232 482
204 447
351 476
15 101
87 377
79 414
99 389
57 190
110 154
291 368
202 380
23 353
135 322
89 484
152 447
44 66
215 251
289 298
14 366
113 204
204 300
166 171
39 102
85 190
57 237
60 478
189 259
319 321
277 491
99 209
86 193
46 422
131 327
36 73
126 301
58 354
246 436
306 362
213 464
200 441
74 124
187 203
199 249
46 465
196 285
17 48
102 256
257 282
116 237
48 335
349 492
106 403
2 380
407 500
9 120
26 28
41 489
264 306
12 140
317 337
21 489
17 133
178 441
347 433
255 365
29 228
87 373
13 227
120 138
127 220
105 452
183 341
230 242
416 472
219 283
94 264
11 381
94 459
316 380
306 368
309 388
64 129
365 415
144 246
267 454
3 325
284 374
113 249
229 470
207 356
265 413
103 128
105 213
344 355
117 254
181 301
311 500
215 271
307 426
296 437
154 347
301 378
298 466
298 322
217 333
242 295
342 369
388 403
118 485
98 99
131 167
6 235
100 141
8 249
394 443
32 245
21 493
38 115
124 454
29 437
111 451
63 107
75 319
193 476
91 477
278 434
386 489
43 272
208 495
46 138
1 420
295 458
43 242
30 236
8 352
166 314
21 232
116 248
259 305
21 281
298 477
274 311
56 348
93 478
102 396
34 431
64 251
398 443
187 257
59 75
405 481
170 274
135 164
163 334
89 303
150 372
384 438
81 179
269 496
300 393
304 489
43 310
117 408
37 245
377 384
228 240
252 448
307 462
46 492
146 319
102 157
173 228
332 378
130 147
181 273
120 470
256 485
1 200
351 391
124 285
308 360
68 429
64 171
77 280
326 347
7 299
124 162
167 318
4 217
346 421
304 407
397 428
7 186
18 289
33 64
253 355
388 440
282 331
1 318
137 451
61 332
127 477
11 374
271 442
29 332
251 382
123 137
68 132
25 269
42 351
121 386
169 242
289 464
55 86
1 258
157 228
163 234
311 376
178 360
495 499
338 430
30 455
59 147
86 237
157 336
52 318
290 443
373 496
141 342
60 252
112 396
280 313
41 206
184 191
310 466
248 311
326 333
156 343
309 316
40 325
374 423
143 499
28 48
339 373
53 57
27 202
45 423
143 404
140 167
89 409
16 223
241 318
16 185
61 294
155 240
33 369
403 418
238 321
135 334
393 478
193 220
171 447
238 292
84 381
53 259
59 229
285 411
37 54
88 338
329 385
209 357
299 442
64 112
270 324
111 473
69 107
7 496
214 471
150 427
249 440
251 280
364 433
207 262
65 364
360 494
27 261
85 111
276 469
129 265
163 248
95 472
362 373
291 446
200 412
26 489
184 490
159 365
1 388
27 286
121 144
430 488
167 297
307 322
2 422
55 79
198 321
24 388
2 68
315 377
462 464
163 226
168 309
118 257
391 436
270 450
191 431
150 240
67 223
53 325
91 129
187 392
17 467
159 486
1 333
231 374
132 427
306 487
266 357
423 495
231 247
347 380
87 157
63 296
145 302
279 439
120 430
72 290
16 304
65 420
69 189
6 232
153 353
193 334
158 281
55 453
181 189
28 277
82 227
64 439
298 361
300 319
336 339
344 371
249 269
186 265
13 207
22 259
278 477
162 257
288 350
104 441
300 330
147 397
51 57
295 421
29 112
321 443
56 480
227 278
61 281
390 492
28 122
88 330
431 483
189 228
43 370
253 414
47 149
115 425
165 201
96 454
249 330
22 266
107 164
91 494
132 219
32 425
195 406
78 253
144 459
296 323
350 396
7 123
141 298
55 340
184 237
60 407
81 500
222 337
44 329
153 467
282 432
316 318
176 244
339 490
60 398
164 186
34 212
45 308
222 330
11 275
310 362
152 235
98 263
319 471
438 462
312 353
323 334
45 119
186 243
72 187
264 265
50 449
403 475
11 113
99 244
221 334
78 183
9 328
267 320
68 298
251 389
480 493
336 417
122 262
99 456
19 382
20 73
87 405
278 497
25 236
57 344
144 393
118 202
256 393
155 362
339 353
242 286
427 485
227 404
23 493
260 287
25 77
183 381
382 440
102 196
169 193
53 474
4 85
8 303
219 379
59 280
31 254
114 443
211 353
83 297
6 411
83 300
45 109
95 347
307 362
178 314
282 353
227 347
120 146
21 435
164 209
170 431
309 360
277 411
64 210
269 365
92 177
90 308
9 344
47 79
58 307
111 455
303 391
28 147
185 343
464 486
137 439
256 293
55 160
215 408
312 463
10 258
115 158
413 492
58 412
101 199
41 48
108 462
329 397
20 50
300 473
190 481
70 447
41 347
225 263
368 490
330 374
13 264
484 491
67 80
392 482
313 480
344 476
229 278
184 437
54 96
87 142
320 326
2 178
107 245
140 447
90 293
72 496
5 6
241 484
120 337
124 132
324 486
84 305
231 332
30 427
347 396
309 413
150 431
141 305
265 343
26 42
118 199
74 119
270 332
171 353
157 409
309 422
34 267
132 181
13 492
50 307
219 465
340 454
108 271
290 434
4 279
365 408
400 416
180 205
106 130
75 204
41 327
241 413
108 201
224 285
116 437
203 235
111 363
274 414
430 464
269 434
17 423
167 235
176 195
221 359
67 74
155 165
148 242
130 281
356 416
42 418
276 404
373 393
5 195
67 207
84 183
290 294
97 187
13 237
196 286
163 266
49 485
431 466
179 496
96 431
325 478
102 352
263 368
79 429
212 389
156 388
279 366
38 202
74 225
339 425
128 242
229 406
42 151
5 440
232 391
162 171
145 200
62 269
35 109
128 426
65 186
159 335
203 266
135 165
231 454
324 332
30 456
243 372
33 128
111 226
230 274
130 317
53 224
120 489
155 199
387 488
265 391
307 323
252 299
181 335
270 310
54 299
217 412
451 498
49 201
131 471
101 471
39 283
386 490
10 298
47 396
283 325
34 427
33 316
243 423
23 75
101 404
277 279
44 401
19 363
68 424
117 238
232 496
287 390
18 490
106 326
177 185
30 465
351 473
380 460
27 390
327 378
35 499
441 450
317 368
174 229
134 165
95 157
120 164
280 362
194 485
336 394
52 206
296 409
10 315
282 389
34 393
139 184
147 428
21 401
135 208
450 495
38 310
40 317
179 452
80 148
221 283
343 487
397 427
331 460
107 437
3 184
220 468
319 393
329 445
288 475
18 478
370 414
64 193
42 341
88 224
32 275
443 498
165 203
237 421
354 438
230 444
220 458
284 344
310 324
356 493
258 289
300 448
279 441
136 446
28 115
1 335
140 442
249 460
215 453
145 244
48 142
25 347
58 341
9 74
77 308
101 351
204 397
102 425
91 364
8 439
181 309
11 319
142 201
168 432
79 440
318 354
71 221
85 95
156 436
31 335
144 269
101 354
488 492
16 31
15 393
119 215
196 452
75 192
378 457
161 337
159 306
13 124
5 304
102 373
124 365
58 138
204 249
167 204
69 165
226 233
94 456
248 269
31 294
89 165
77 91
281 343
233 267
211 463
28 184
202 331
136 216
94 239
429 454
59 80
81 489
161 241
436 451
10 465
167 432
54 55
63 419
239 304
77 103
201 248
321 365
89 400
1 262
110 455
73 475
344 372
228 342
46 370
91 475
28 241
8 149
108 391
442 444
138 380
261 457
300 375
335 498
409 490
58 452
393 400
39 397
5 184
344 472
126 354
207 215
112 161
350 489
62 358
152 408
194 267
11 294
23 106
81 399
77 455
239 322
105 270
309 342
32 192
294 433
103 484
70 437
170 481
361 377
4 216
13 19
308 367
175 360
41 80
58 225
195 355
114 321
27 393
321 404
118 402
106 344
184 185
227 353
110 413
371 493
375 384
53 137
224 227
381 403
233 407
181 361
66 339
235 423
241 400
15 208
232 430
34 38
226 341
177 382
135 342
238 294
434 472
317 338
39 440
134 434
172 491
441 451
156 478
44 136
23 288
93 116
12 230
139 193
214 365
226 452
70 303
19 169
124 385
13 174
78 196
95 143
144 489
308 357
283 479
159 444
202 209
54 111
26 323
232 258
25 418
52 186
191 313
93 369
247 471
280 396
121 263
372 489
184 447
234 478
22 224
318 348
6 105
7 339
99 206
357 489
161 278
324 423
16 74
39 117
6 327
343 374
299 473
255 359
127 449
82 358
38 294
66 155
41 492
204 301
44 85
425 486
236 321
28 244
67 407
71 494
46 326
27 321
64 463
58 122
144 163
30 107
226 396
44 437
90 415
5 181
241 425
81 291
146 296
103 389
272 283
88 305
53 211
147 319
326 331
78 83
352 378
42 467
95 494
33 143
356 463
254 349
25 129
239 465
76 279
31 191
173 277
47 218
205 263
88 497
338 432
309 426
287 349
238 248
313 374
136 460
20 357
133 379
129 423
421 486
71 204
121 133
47 338
86 348
65 256
105 172
288 354
157 448
221 222
72 399
98 241
132 157
348 487
16 86
429 453
434 446
410 473
317 422
10 177
21 282
267 350
219 375
246 432
278 368
48 109
39 132
462 497
130 294
285 334
34 164
233 251
331 434
238 303
268 480
98 172
208 364
27 318
69 252
65 277
137 301
51 79
363 399
79 211
4 136
278 348
29 354
20 452
95 432
84 342
203 383
110 328
213 306
261 275
54 480
189 478
27 62
373 375
253 279
200 260
238 482
414 476
209 435
136 358
35 288
302 425
68 246
185 188
298 326
69 104
270 274
20 254
220 433
191 301
236 254
214 360
99 364
82 410
355 398
163 258
273 483
198 366
162 425
400 458
389 421
211 215
347 452
227 287
2 106
114 318
164 450
109 278
76 101
241 251
158 374
158 204
25 243
255 408
161 308
78 443
36 325
59 356
17 289
367 476
105 354
85 192
466 468
288 341
65 103
192 291
394 421
123 130
199 359
221 311
216 479
50 229
94 182
21 267
192 388
88 150
78 445
255 371
194 250
159 437
8 76
161 205
123 482
470 478
178 396
50 86
252 343
233 302
327 338
177 264
174 284
8 161
56 383
160 306
341 362
231 465
441 500
362 469
208 305
135 270
90 474
84 302
187 406
33 414
146 269
133 494
96 336
126 261
112 344
14 157
70 95
57 491
88 225
44 149
60 353
106 459
66 175
20 29
19 381
274 487
23 407
114 296
103 126
42 166
187 433
168 394
233 343
307 394
172 282
233 493
218 311
135 207
329 483
411 483
314 358
404 405
383 436
234 407
29 105
169 408
77 387
67 438
412 447
161 391
324 346
148 303
86 132
231 348
191 307
143 210
120 393
152 233
322 348
53 240
153 406
10 88
303 396
88 180
280 350
251 364
66 374
112 277
232 332
237 366
134 431
60 83
156 444
32 203
238 378
59 325
20 399
145 154
213 217
242 470
51 64
124 413
155 208
332 445
230 492
397 454
127 292
29 445
180 328
63 351
84 205
241 249
121 198
345 410
55 288
240 283
2 326
77 161
3 345
40 268
38 422
130 258
57 374
32 461
121 365
124 455
12 359
79 97
171 475
225 348
232 383
60 160
112 467
19 213
350 487
149 311
75 221
210 398
171 384
83 212
250 254
186 343
250 350
97 418
41 167
257 471
150 401
198 280
71 105
37 240
394 435
290 381
28 188
144 333
143 232
351 413
289 312
93 348
37 225
90 286
360 454
285 473
251 335
41 481
108 346
308 499
25 324
20 181
298 364
56 330
58 192
190 336
268 495
119 135
28 89
105 398
86 238
281 327
18 347
9 204
352 374
324 430
208 476
9 418
346 484
2 129
150 371
299 335
138 432
171 371
280 309
76 440
182 398
38 312
68 249
125 292
78 124
255 414
115 305
312 497
139 406
149 477
181 315
315 455
147 399
364 459
65 129
374 389
327 349
122 493
45 131
339 491
223 365
358 385
148 253
101 171
148 180
307 456
277 345
253 368
342 379
143 181
345 388
10 21
192 325
148 429
232 285
19 66
151 203
37 413
96 273
23 327
7 285
298 461
7 456
90 291
89 472
126 230
274 408
173 347
220 470
167 250
235 403
336 412
377 474
43 455
312 459
418 492
108 121
149 344
189 434
126 200
167 367
93 210
150 406
111 211
7 276
210 500
225 428
99 431
37 437
51 78
281 312
117 318
366 446
288 380
65 456
154 351
384 441
6 102
46 154
90 427
20 64
67 198
204 303
62 398
331 345
36 337
211 260
207 211
376 486
68 197
137 228
64 241
17 369
223 466
164 412
68 343
197 312
101 464
72 499
33 224
46 169
119 235
206 289
85 259
33 197
343 496
258 459
206 419
37 377
94 408
189 250
91 230
41 348
237 428
125 496
323 354
113 368
138 378
48 301
100 247
148 265
127 273
63 347
190 454
185 483
117 327
42 99
173 206
448 497
128 496
155 303
6 410
300 315
56 491
10 480
28 395
29 412
144 420
7 334
141 461
148 427
45 231
42 187
25 215
47 52
112 178
161 222
83 484
434 490
281 376
153 217
174 414
58 352
89 176
155 340
21 129
377 472
306 376
141 231
154 183
248 394
59 98
375 432
34 423
288 298
158 422
173 210
243 346
208 242
470 490
32 133
274 281
28 438
218 261
393 420
31 150
207 355
355 461
322 451
89 385
142 373
78 479
268 471
171 428
137 360
114 377
365 405
70 276
113 240
135 474
74 116
115 491
250 435
43 45
170 309
394 396
52 301
92 259
59 342
134 270
40 50
55 192
316 320
117 277
114 208
130 447
183 500
184 187
171 330
223 253
32 453
281 487
62 462
277 432
12 66
3 210
125 169
311 369
108 362
115 486
214 228
440 463
99 203
22 39
40 401
73 287
318 358
411 500
199 288
107 286
226 359
323 340
24 235
40 130
186 346
67 480
288 456
365 459
59 313
69 123
205 370
86 430
140 252
206 348
30 227
304 365
19 313
96 450
257 452
279 328
228 232
10 91
162 490
322 395
6 118
214 294
44 174
65 113
60 163
218 473
213 470
102 267
266 366
277 289
77 255
139 344
64 386
51 308
162 343
73 91
398 408
243 310
92 493
380 462
142 499
177 251
278 420
218 350
34 225
214 249
121 476
181 401
230 381
21 348
150 316
44 287
100 325
75 274
3 473
103 115
85 181
85 435
348 393
94 416
385 417
385 447
85 297
223 402
163 223
382 479
135 449
379 459
175 488
51 435
205 446
34 43
140 346
12 365
370 410
22 384
188 365
147 311
357 460
335 425
9 54
8 189
49 389
129 342
370 483
177 472
137 393
38 244
54 394
392 422
361 457
272 403
83 348
9 298
41 201
24 374
276 395
196 487
1 279
28 321
4 117
71 255
293 304
168 469
129 165
172 297
234 486
139 318
156 498
24 243
322 414
99 375
73 269
220 417
17 458
351 420
196 248
78 397
227 371
66 358
69 298
147 345
13 367
221 366
165 417
28 64
148 267
93 282
94 273
320 353
250 356
186 499
135 288
102 481
1 403
398 415
43 469
160 301
244 294
162 265
90 193
82 169
254 494
47 188
337 480
32 52
345 445
148 438
122 298
20 93
209 487
34 466
119 273
139 363
163 354
376 478
117 407
268 331
54 498
45 211
71 432
173 475
214 292
138 165
208 346
122 153
221 387
206 398
13 36
236 491
136 314
358 486
95 168
272 407
120 389
341 496
203 237
28 155
202 409
294 453
167 186
315 368
106 382
176 236
27 163
135 400
173 183
41 84
51 246
61 419
175 329
227 421
27 80
179 430
386 416
201 368
167 213
33 492
201 472
20 316
255 438
157 187
170 412
87 395
227 491
49 498
164 496
293 404
146 404
90 434
110 373
44 58
157 362
86 322
259 325
59 266
169 311
92 495
131 212
202 278
54 174
200 279
167 254
305 414
77 293
396 416
137 272
377 422
45 493
327 388
61 137
18 389
155 377
161 267
159 373
123 428
161 211
169 485
105 371
218 488
97 179
265 479
50 239
154 333
12 26
149 458
244 480
238 439
40 177
146 378
340 380
103 326
245 310
12 205
65 319
293 323
191 223
132 482
173 390
46 431
133 418
105 490
65 279
221 235
13 234
144 432
151 462
63 498
379 404
155 306
108 405
91 171
293 427
29 252
454 499
21 334
44 245
143 432
174 394
353 466
84 279
11 302
116 294
491 497
47 71
416 437
337 413
276 324
156 302
278 431
37 166
283 469
119 271
61 212
296 472
13 453
375 385
183 354
50 362
72 120
53 76
72 481
261 318
10 324
40 470
194 320
249 271
254 483
395 423
89 109
81 374
300 470
7 89
199 468
36 232
270 408
240 327
351 449
153 471
355 366
66 239
137 287
170 360
137 158
227 354
363 460
97 366
159 245
46 203
38 392
21 374
4 327
290 384
14 198
387 445
9 63
211 357
221 405
100 152
115 211
125 453
185 476
125 413
156 389
131 450
51 114
319 435
247 438
242 244
457 495
175 456
15 499
31 115
97 352
188 307
173 422
20 131
114 227
268 391
177 467
264 301
26 339
421 497
21 360
325 459
135 143
392 486
45 106
109 497
371 478
183 387
182 196
87 480
16 125
142 267
384 428
129 164
120 187
28 182
385 500
121 253
93 198
108 475
70 223
271 404
61 132
277 323
90 156
59 174
170 345
331 375
123 154
322 471
37 276
284 287
129 389
308 350
39 89
7 389
340 484
177 290
32 399
426 484
71 258
291 418
38 218
188 245
266 439
327 357
467 487
219 349
268 285
25 69
31 37
146 356
6 62
33 314
189 440
19 319
80 125
250 463
260 361
115 125
5 323
3 31
8 35
75 84
227 423
9 150
24 478
233 404
463 464
97 272
195 415
330 416
262 346
219 405
74 470
55 417
188 219
187 196
25 425
144 492
303 364
188 475
235 449
89 242
100 224
191 383
52 331
71 387
187 195
348 398
238 409
191 445
87 279
186 451
229 302
134 397
232 453
6 391
323 480
366 369
130 335
161 371
37 248
280 464
423 494
207 320
19 390
201 212
41 390
13 435
305 342
91 164
172 439
51 432
74 250
110 126
105 216
233 409
383 500
72 374
248 334
232 437
340 409
42 227
100 489
247 312
98 103
263 322
131 482
229 284
109 403
250 357
360 473
213 245
11 325
102 437
4 228
106 482
378 383
69 404
27 90
448 489
87 352
105 494
149 180
73 192
373 405
88 100
388 389
18 174
2 305
69 456
231 278
94 244
160 419
99 265
376 461
286 410
16 32
38 314
259 385
274 278
263 453
65 141
37 223
228 394
123 405
5 495
38 463
248 388
141 350
234 275
189 473
214 225
297 318
337 382
176 456
92 416
190 435
42 319
148 323
268 304
31 290
268 408
19 487
321 444
21 417
68 294
87 399
13 487
147 467
226 340
78 219
42 136
98 398
302 483
10 453
36 105
15 284
38 443
393 452
214 293
252 254
105 293
30 258
68 107
290 478
108 116
227 450
250 455
184 409
157 499
46 143
130 263
211 417
98 185
43 205
131 229
246 421
276 422
95 348
78 386
109 420
148 332
29 333
149 274
32 349
136 309
83 142
133 425
366 390
24 448
3 55
149 271
393 421
100 386
450 491
113 432
108 181
2 157
80 474
460 481
30 430
197 469
127 279
54 155
122 214
229 355
490 492
164 219
181 213
182 357
353 363
410 497
77 446
132 234
351 438
112 439
141 282
29 58
235 475
117 296
147 329
139 302
266 466
11 480
8 396
277 493
215 287
135 460
206 470
197 470
38 279
14 306
163 304
352 452
5 293
154 234
247 414
79 391
276 381
114 292
363 377
91 130
155 420
295 330
84 246
76 369
85 448
64 331
66 500
394 489
72 81
122 445
325 382
210 255
387 486
110 160
432 500
159 471
235 478
40 403
40 420
32 254
36 350
56 466
407 455
443 482
164 445
141 435
250 438
45 171
92 251
390 418
351 377
277 356
249 381
127 143
246 353
16 65
43 471
322 492
212 286
45 155
94 323
217 330
134 289
156 339
101 204
22 452
301 425
278 468
93 385
258 283
198 244
157 454
52 92
307 342
8 102
97 422
246 306
19 235
276 366
281 437
107 243
121 428
27 120
20 373
157 224
52 484
173 350
116 309
406 484
294 352
276 309
13 426
1 190
243 296
436 440
198 477
387 465
73 496
178 218
184 274
55 81
94 259
88 295
59 422
282 328
133 295
29 342
230 432
187 427
180 420
84 467
29 41
260 390
95 338
361 378
53 278
111 354
79 242
402 456
198 417
176 277
69 402
275 357
301 333
33 159
79 261
2 124
60 281
81 491
99 495
259 382
42 489
88 350
13 171
181 468
9 325
346 446
185 319
262 487
317 463
319 453
275 310
42 150
158 464
168 224
32 379
132 403
60 284
144 330
77 138
337 439
167 267
59 343
45 160
226 234
14 438
109 247
138 350
55 214
76 180
398 405
33 418
312 365
300 307
104 226
33 275
173 213
250 470
101 277
177 485
6 296
302 353
311 344
291 491
179 401
277 448
47 347
159 445
5 8
309 391
428 495
152 435
219 358
90 243
107 125
19 45
129 138
19 65
8 337
15 161
41 497
258 355
16 89
242 485
350 362
122 287
233 245
129 190
270 453
439 487
31 217
254 393
309 343
107 217
59 401
158 315
188 413
220 320
117 477
153 415
194 371
83 274
120 433
93 216
283 300
227 322
35 121
135 163
14 229
298 353
266 356
175 184
275 474
354 499
189 279
86 420
42 47
64 389
200 340
134 352
24 229
81 202
286 405
69 437
105 352
96 254
2 232
38 489
157 282
132 400
277 340
159 483
215 288
252 385
235 275
146 285
144 410
171 484
90 221
59 137
333 457
163 394
254 333
184 451
116 200
366 426
68 382
243 245
347 400
281 333
380 408
133 322
89 257
143 248
307 357
253 337
163 441
56 410
369 377
1 126
23 487
263 279
100 265
113 319
79 252
104 208
394 398
129 347
8 346
398 421
64 231
109 392
153 295
62 226
51 191
63 268
196 468
237 359
129 135
138 280
67 371
280 302
164 379
1 448
439 460
196 439
172 239
43 405
160 252
119 147
268 418
194 406
87 407
55 173
4 103
141 440
94 348
95 323
413 466
291 472
158 432
150 204
15 248
64 336
84 372
176 329
74 188
236 283
73 433
139 404
209 274
106 214
186 495
84 141
335 448
123 409
80 402
371 455
109 299
3 332
45 73
155 182
47 301
141 447
115 221
36 323
313 347
16 474
357 449
270 286
254 373
13 424
245 396
103 308
333 372
17 199
18 452
310 480
248 283
148 298
19 307
76 409
115 477
156 263
102 464
110 171
141 473
195 468
18 125
57 338
225 323
17 305
211 291
344 466
364 429
30 139
427 428
92 437
49 443
264 347
109 380
187 227
324 434
36 118
2 312
15 73
169 340
236 298
366 436
57 416
159 215
85 178
283 355
222 356
126 218
54 370
128 432
359 407
117 468
84 253
374 470
13 123
89 328
203 272
116 343
28 84
179 474
135 261
130 256
6 204
63 326
47 325
10 98
22 150
263 355
27 216
359 466
148 155
393 491
75 307
359 483
81 160
230 371
229 410
40 56
44 86
123 172
89 213
320 397
163 332
108 411
44 425
151 271
105 282
408 432
270 317
41 119
3 398
301 455
175 321
242 478
249 439
13 405
71 122
25 213
160 497
87 303
324 375
44 222
94 425
13 221
18 26
213 407
129 227
80 237
104 122
142 456
62 195
17 183
54 326
299 450
83 380
56 390
295 455
23 460
285 352
104 111
166 345
350 485
95 313
8 24
62 457
3 59
11 57
164 256
25 59
175 266
327 406
88 378
82 412
21 153
55 370
114 498
165 491
4 299
136 249
185 394
142 404
49 375
114 475
195 336
58 142
435 498
186 373
162 308
7 205
253 339
173 500
38 337
265 348
13 175
125 460
103 254
262 431
361 458
295 377
74 428
84 399
400 495
253 413
202 367
132 493
212 260
123 339
477 483
25 191
82 379
111 492
348 495
397 406
68 265
5 337
192 309
5 298
444 490
17 281
9 137
314 353
437 485
311 406
184 446
174 311
51 198
229 256
42 333
189 296
43 258
72 492
222 283
132 388
82 184
192 469
68 375
92 178
321 447
135 318
111 380
32 285
146 492
35 255
53 183
206 351
371 447
160 183
37 153
377 388
111 304
170 435
82 372
449 450
26 469
148 386
186 260
252 476
71 134
88 142
108 292
119 248
249 278
55 203
197 242
158 310
272 321
390 430
183 375
212 422
71 482
8 79
160 403
226 453
7 70
40 102
127 203
5 334
101 241
252 305
90 289
129 312
167 199
127 351
1 449
60 352
330 440
71 159
176 223
125 179
291 297
217 428
257 422
114 138
254 468
90 178
306 458
141 409
51 322
110 214
151 481
182 256
33 413
360 468
241 350
292 331
29 361
279 455
225 415
178 404
222 450
39 442
8 84
324 400
197 260
117 159
71 95
306 498
195 377
40 364
417 440
132 273
86 120
434 500
88 196
35 37
176 184
32 454
19 260
93 182
420 473
204 208
34 366
131 275
45 478
193 428
25 121
163 275
57 131
54 313
113 420
468 484
110 496
4 195
9 430
152 160
316 329
61 182
155 436
31 114
69 443
16 226
295 426
150 281
5 379
292 307
207 459
56 276
91 402
168 405
6 260
102 383
410 462
35 339
322 437
38 273
232 409
137 175
202 462
78 182
247 351
263 470
41 141
18 411
118 266
129 422
293 413
169 306
160 431
63 305
318 383
165 386
106 186
68 381
197 429
3 442
41 266
137 154
70 291
147 454
136 146
142 349
47 131
18 304
362 363
42 103
145 352
17 339
226 344
261 335
323 364
109 416
133 267
183 218
137 305
368 369
290 483
427 478
47 219
236 338
172 324
61 192
417 496
328 392
422 442
63 109
75 220
386 475
228 450
273 276
178 296
113 141
125 306
59 386
134 184
135 158
5 135
114 444
221 298
27 328
304 405
143 477
225 244
119 274
331 401
96 482
5 81
169 314
221 286
310 490
9 411
22 68
9 194
275 486
216 247
193 212
349 369
135 413
323 326
66 201
243 269
134 318
286 369
125 334
153 347
81 450
89 394
52 104
186 187
64 168
356 382
179 216
73 252
111 367
66 247
149 233
203 396
236 399
233 303
188 256
27 174
7 328
426 465
274 275
311 448
45 473
83 227
52 451
232 369
414 424
32 341
143 397
183 202
272 433
126 149
59 288
70 335
62 404
314 364
384 496
215 407
207 411
164 358
220 263
190 407
44 54
400 414
125 291
255 403
117 413
126 376
171 402
81 92
9 281
63 441
258 456
204 486
321 414
241 478
158 180
231 270
120 296
272 497
122 218
372 397
267 299
221 491
365 441
210 433
260 311
77 185
33 92
256 320
341 499
25 32
190 434
279 487
230 342
346 434
178 364
291 304
135 311
216 400
41 269
169 281
441 452
14 324
116 282
43 416
28 247
166 188
284 318
61 168
177 216
58 494
6 369
139 157
64 69
265 409
261 494
305 388
148 495
56 117
54 178
113 248
65 93
280 394
73 321
207 233
72 102
8 121
97 413
296 491
126 278
343 488
129 481
133 389
151 341
52 477
110 116
98 288
266 290
73 235
286 412
144 251
324 380
114 381
94 346
193 357
99 250
22 168
33 441
74 481
6 93
216 414
328 393
65 173
81 219
306 443
96 220
24 48
205 220
119 452
149 438
220 235
227 340
168 370
135 385
89 436
177 256
276 492
43 391
219 365
327 465
194 291
217 377
223 487
402 460
146 270
76 391
44 148
21 443
61 386
39 181
145 293
7 409
242 443
215 224
110 476
305 464
164 345
129 491
402 498
99 326
194 209
169 352
76 249
228 474
377 398
255 390
293 372
14 41
145 270
45 229
274 290
69 316
25 275
87 207
120 372
128 222
267 397
50 288
159 319
65 468
68 203
343 453
120 363
292 405
376 440
175 255
165 370
180 491
286 308
203 233
302 446
51 460
33 79
24 401
405 453
192 460
16 195
204 408
422 482
117 372
86 379
26 264
113 247
280 351
90 407
66 291
199 234
244 417
253 264
252 376
203 379
127 376
382 432
92 192
8 332
158 499
290 366
117 295
99 488
204 366
59 357
105 220
136 300
385 391
146 212
174 288
342 398
270 402
264 379
174 231
58 284
87 254
181 261
192 249
62 294
374 435
106 260
96 480
180 417
143 398
42 275
121 453
245 418
35 444
11 387
279 312
359 488
171 254
146 229
27 364
29 215
295 406
89 160
211 361
33 57
410 439
141 455
143 281
284 402
63 348
205 345
256 418
188 309
56 471
29 52
217 378
346 412
142 479
187 314
225 372
250 282
443 464
96 298
51 196
78 402
159 496
104 219
28 185
24 227
110 493
289 323
69 86
226 362
212 297
99 221
284 495
279 350
210 445
246 430
109 200
256 426
2 247
143 466
32 411
92 340
199 367
1 204
12 256
197 481
25 238
5 132
54 298
58 125
160 188
7 391
44 161
181 348
242 399
273 299
176 386
217 443
183 272
214 231
359 459
490 493
466 471
14 132
265 414
15 366
344 416
449 465
355 430
101 468
46 173
221 408
9 406
345 474
203 243
68 201
231 353
67 241
5 404
72 164
175 473
450 494
18 135
410 464
165 458
382 444
399 499
16 71
441 499
112 134
122 211
46 266
90 180
11 17
103 468
76 245
129 255
130 387
75 236
274 416
137 283
33 258
285 431
121 268
253 282
473 495
128 281
114 194
39 463
247 306
109 383
179 245
50 145
126 315
107 209
43 157
340 392
261 390
66 70
126 159
31 152
22 314
53 262
173 438
291 312
238 421
180 266
95 222
275 494
199 207
209 294
135 408
130 199
97 453
48 286
24 416
423 497
45 175
58 61
262 443
170 239
38 206
400 463
45 178
179 270
34 332
11 338
128 338
179 351
42 435
177 377
21 359
174 340
363 476
191 320
360 435
136 140
64 500
225 497
279 416
225 376
98 140
132 359
230 486
54 447
274 471
161 353
106 154
36 468
200 417
66 206
379 457
347 352
130 445
263 266
55 386
45 89
7 222
308 378
276 439
169 346
15 418
313 346
413 487
165 243
298 383
267 493
28 410
170 171
430 440
350 468
385 453
215 265
299 433
324 447
181 339
130 328
156 427
297 333
104 356
75 100
132 247
57 444
47 418
23 208
73 345
68 301
24 500
59 494
359 435
238 271
250 354
7 107
352 433
24 231
329 465
141 423
113 252
205 396
253 444
219 318
126 307
217 231
129 156
166 481
190 291
286 459
2 447
126 178
263 300
57 172
219 299
334 384
184 351
107 128
119 459
163 477
435 479
134 160
113 307
67 431
44 325
175 268
269 456
37 487
116 452
278 381
187 273
217 223
175 341
215 465
83 404
84 495
123 361
287 322
168 349
72 168
120 402
17 297
75 416
91 341
281 319
25 35
348 428
340 408
325 390
296 297
129 352
26 498
38 154
267 372
48 456
4 231
22 392
36 80
49 200
344 440
54 357
106 237
267 280
65 201
13 34
347 473
62 391
28 44
358 465
95 166
3 45
27 379
40 54
102 226
86 159
347 357
5 314
405 470
98 177
260 442
410 466
106 389
221 294
287 296
217 282
35 431
222 259
306 391
66 265
133 282
211 327
10 242
200 261
298 377
2 212
273 455
70 210
18 393
325 331
257 455
71 447
151 371
133 235
193 438
297 483
97 165
7 116
10 97
183 244
4 487
154 382
244 425
116 269
21 170
11 185
374 441
207 232
230 344
312 336
308 335
261 297
1 58
64 426
133 326
88 97
307 400
176 433
4 234
107 218
68 69
387 470
28 345
40 316
94 360
353 378
61 384
162 317
311 441
69 328
204 270
123 469
4 21
33 292
276 332
136 165
70 387
6 111
122 438
291 474
246 303
306 398
232 454
281 293
252 291
179 294
4 66
53 55
28 192
45 90
22 336
333 478
1 49
265 419
224 487
34 85
386 436
432 485
119 217
153 334
307 496
122 250
232 318
175 248
157 451
246 498
308 343
337 390
160 477
181 236
53 453
386 442
116 454
253 397
2 344
181 225
114 446
193 247
209 480
331 491
162 327
37 359
155 350
112 430
7 350
285 330
94 155
336 346
92 418
352 366
317 420
24 210
172 329
154 298
413 425
156 327
137 147
69 122
148 280
20 165
11 277
98 476
226 385
122 453
337 342
170 303
31 185
457 467
153 272
78 337
220 432
224 490
45 328
26 160
403 415
165 219
175 381
25 317
58 378
24 324
10 259
333 486
47 150
39 305
43 131
29 358
1 156
75 407
332 410
169 245
10 137
151 214
270 413
345 496
162 386
378 413
115 258
294 441
266 474
97 243
207 230
78 407
66 160
20 151
25 427
60 322
1 124
420 444
302 350
140 161
34 367
366 430
351 419
10 281
126 444
98 208
73 392
66 310
60 268
179 438
254 402
8 364
26 157
23 65
248 331
388 480
9 372
92 325
33 407
136 414
241 351
144 150
128 157
177 486
208 239
79 95
2 126
167 305
3 358
215 266
140 323
388 427
130 374
172 371
144 415
60 328
275 326
64 421
375 393
80 265
431 487
188 241
70 142
412 489
226 240
70 121
224 460
145 356
8 235
118 167
313 388
224 243
211 247
257 402
75 119
244 441
291 330
51 355
414 431
135 345
127 264
211 461
332 383
251 426
73 298
112 143
36 75
91 340
85 249
144 439
180 433
198 285
182 226
69 256
63 220
18 390
391 432
50 406
169 286
453 477
22 490
136 218
77 444
164 371
348 396
52 95
338 410
147 447
107 399
443 472
383 416
383 495
128 411
10 412
41 283
245 466
120 464
67 211
35 249
96 263
419 436
64 458
54 194
45 406
59 86
315 389
294 307
2 384
76 79
260 436
53 62
16 269
21 233
68 225
154 496
9 320
93 484
201 205
1 391
7 66
210 378
9 186
192 211
134 378
70 78
216 278
74 190
143 145
270 474
217 314
411 479
365 398
112 215
351 462
375 409
117 443
141 345
222 349
292 425
189 368
39 288
217 449
247 360
5 269
88 110
60 134
467 497
63 84
15 376
186 453
101 197
19 132
241 403
140 390
49 78
57 366
438 449
201 369
257 269
19 472
20 76
298 307
244 391
32 428
148 164
148 431
33 137
74 397
199 211
103 363
258 369
80 219
113 402
207 497
53 267
287 362
207 410
370 442
86 145
385 483
179 271
4 114
85 105
34 418
134 151
24 186
113 369
326 363
27 82
377 475
158 425
58 245
4 94
249 459
286 383
176 224
404 500
313 408
145 271
298 396
124 176
285 405
247 299
92 409
117 463
25 497
171 276
58 241
76 253
23 41
308 480
419 428
97 101
130 212
228 311
10 227
152 222
39 189
146 340
146 490
37 279
145 445
130 198
33 52
212 247
23 386
170 348
289 376
108 385
130 401
17 217
82 434
219 467
52 303
18 150
61 491
65 83
138 183
58 131
31 123
300 446
77 372
365 414
107 199
343 381
68 352
370 499
241 485
169 325
24 376
58 453
340 399
190 349
229 259
223 302
167 378
284 320
309 314
91 249
131 499
202 338
247 480
3 258
19 187
271 431
129 486
148 474
378 391
10 336
13 418
18 470
36 283
241 455
33 474
137 390
200 209
180 341
50 311
123 480
166 388
157 433
68 380
200 309
360 396
57 349
206 279
465 491
348 438
155 321
376 443
115 294
343 391
16 197
429 446
264 308
45 111
321 458
107 472
16 425
54 286
143 218
215 229
175 297
35 141
192 285
24 497
176 205
185 388
107 395
61 487
198 334
32 491
439 482
215 325
211 392
189 412
244 450
63 219
41 272
214 342
68 355
2 338
191 240
71 435
159 337
251 492
14 15
480 497
13 300
112 217
90 194
203 398
145 349
186 403
51 132
163 253
277 492
181 323
60 392
313 488
179 311
160 329
76 468
6 27
208 342
23 91
459 465
208 474
349 475
261 473
355 494
291 410
127 372
327 417
409 466
56 190
138 234
154 470
299 321
60 348
344 431
209 365
106 272
58 396
216 351
177 489
166 221
32 280
113 355
221 427
151 454
17 46
94 378
264 401
19 145
209 449
4 377
323 387
305 369
122 289
175 405
61 157
29 306
37 179
72 483
59 125
131 223
466 469
59 217
190 191
18 177
142 171
148 454
320 449
165 186
127 407
104 447
91 294
177 197
142 172
65 159
24 82
229 325
71 403
210 484
77 139
95 499
47 222
157 262
150 429
181 408
421 468
17 348
386 457
175 242
444 495
195 232
240 408
404 453
339 422
305 466
8 158
465 485
204 477
150 389
59 220
29 479
237 394
37 338
71 169
146 370
69 99
302 386
44 130
314 345
72 175
114 163
422 496
113 119
105 450
294 421
456 474
224 498
235 313
97 374
206 360
420 485
130 161
6 492
274 403
217 454
88 489
235 496
83 100
37 400
171 403
210 263
99 425
131 469
302 345
69 336
78 206
194 357
183 211
12 303
219 383
46 444
46 74
129 224
232 470
98 303
107 221
114 158
288 289
120 159
109 177
17 254
259 486
181 249
461 475
83 450
303 328
92 288
233 410
206 493
228 338
94 157
273 427
65 266
23 118
39 183
103 471
428 479
116 244
135 304
386 397
272 373
30 474
271 328
109 157
187 280
198 386
13 445
210 452
199 216
257 322
128 467
88 255
68 414
36 83
214 343
152 256
158 257
164 351
89 162
204 395
263 354
145 162
4 108
158 408
22 218
78 242
23 66
71 410
116 427
267 422
165 251
136 334
143 257
222 431
137 463
19 271
298 432
92 342
25 50
283 352
52 329
1 211
230 490
131 292
335 438
241 383
146 265
90 298
306 497
22 153
172 432
489 491
366 445
185 213
25 349
411 429
103 266
64 184
130 141
99 179
157 458
137 152
336 384
47 431
105 365
9 272
14 283
108 162
224 321
177 420
21 224
224 432
32 212
145 366
250 311
273 338
273 399
131 354
9 286
19 267
39 427
177 492
126 474
152 214
250 376
29 40
232 274
14 155
61 296
34 257
241 422
310 489
202 280
329 411
59 62
42 61
118 392
85 301
182 310
318 427
433 499
60 305
255 375
189 367
161 424
323 434
271 354
77 262
61 104
151 480
65 483
252 406
38 70
130 246
215 228
54 287
304 402
145 232
128 448
52 406
307 321
286 452
198 459
275 403
54 131
309 390
292 432
272 460
90 104
19 347
234 243
63 468
10 37
131 335
279 418
171 495
15 137
126 208
323 347
264 282
129 390
436 484
304 325
139 150
201 341
294 329
204 212
58 495
90 412
167 339
461 494
307 474
340 358
236 479
327 359
35 306
25 393
136 263
210 422
273 380
200 303
157 261
306 441
253 309
317 335
115 345
26 440
271 392
102 342
14 396
76 463
195 416
1 455
309 454
95 399
149 406
205 405
184 441
195 379
17 389
14 174
430 485
59 210
260 376
53 408
255 425
81 292
413 441
396 465
356 360
52 302
229 290
22 90
274 283
73 320
89 153
24 76
295 385
22 134
382 439
246 373
230 475
200 269
135 274
238 241
263 305
24 101
177 376
171 206
137 196
21 171
300 493
11 491
281 452
376 456
229 334
239 488
107 459
138 245
122 307
90 328
157 484
58 292
55 319
410 422
252 315
404 481
412 465
208 267
408 425
147 431
58 67
130 400
195 392
110 125
152 321
100 432
411 488
206 353
85 451
146 380
365 494
256 394
93 180
254 436
367 405
308 379
273 374
23 480
195 279
175 245
148 233
324 492
91 383
316 357
320 410
146 220
63 256
371 392
95 233
43 354
199 306
242 463
148 192
203 484
186 368
34 477
29 92
59 211
145 157
43 65
139 441
74 286
60 193
212 360
28 221
119 354
210 462
306 342
106 148
71 150
102 363
52 78
25 131
144 309
46 254
29 305
58 319
148 476
229 474
88 491
97 356
129 226
212 274
155 454
32 213
444 449
15 192
373 441
195 325
123 344
132 386
347 463
66 368
189 283
57 186
416 500
191 195
2 433
2 105
286 401
118 371
50 132
347 432
11 451
131 483
356 414
95 473
4 319
120 318
282 363
90 272
170 300
48 75
9 244
277 280
85 294
117 383
65 293
276 349
91 183
144 198
18 196
77 415
45 69
263 419
407 409
270 421
394 496
5 205
41 324
11 140
24 304
37 394
151 471
125 137
289 463
331 447
81 359
204 265
185 257
17 76
111 204
331 480
119 244
27 326
272 362
489 495
318 437
221 444
157 220
435 451
36 257
314 381
55 384
130 468
64 236
180 404
405 434
326 344
265 451
72 263
148 413
294 333
357 444
226 394
48 157
108 474
140 145
18 245
307 363
138 255
31 459
26 161
174 241
260 346
285 377
92 269
20 253
32 62
90 292
265 455
246 444
223 479
301 467
186 419
168 456
45 234
171 435
10 52
237 477
20 287
377 495
114 343
3 240
317 479
86 398
40 460
166 348
414 495
406 435
200 429
240 288
53 202
194 374
92 494
280 451
215 436
205 331
5 43
108 234
420 493
237 304
282 494
100 181
175 462
349 372
384 453
13 254
300 301
140 254
110 473
261 362
137 469
375 479
175 400
167 375
369 461
80 178
81 356
65 115
72 447
214 238
67 369
198 395
10 207
92 308
249 382
210 293
130 291
364 419
146 435
95 417
74 96
297 416
56 440
310 399
131 132
41 126
15 485
168 436
326 409
36 403
301 376
113 495
250 430
76 325
84 489
110 470
343 427
240 368
125 379
251 355
207 305
322 463
458 471
204 474
283 493
124 211
193 213
240 311
171 344
69 181
301 464
46 470
116 477
81 351
104 261
59 321
398 411
85 487
88 425
76 487
44 67
58 143
172 263
85 406
302 390
189 385
2 410
29 73
23 282
262 496
95 304
89 154
138 392
267 442
347 384
68 467
406 438
311 427
228 303
11 257
88 219
354 410
19 208
49 297
285 448
308 455
224 263
240 404
297 413
245 451
348 369
100 453
140 165
123 303
13 198
235 281
482 500
317 412
301 348
254 399
214 363
79 330
213 307
232 293
79 468
42 488
97 239
107 424
10 496
386 414
130 293
168 324
17 478
74 315
33 48
42 500
188 336
451 484
88 228
349 453
185 385
151 450
61 411
249 328
131 389
203 474
247 291
126 236
169 341
458 497
368 389
133 343
285 370
150 156
325 479
201 228
194 376
141 419
333 493
86 403
64 136
276 424
170 214
422 433
203 303
94 234
171 327
216 452
199 451
440 464
410 488
80 472
138 324
62 83
262 306
252 320
179 428
113 224
96 147
2 414
27 207
383 395
162 342
291 324
134 413
52 138
279 337
31 119
473 489
92 404
107 168
424 452
92 436
132 416
72 296
183 407
60 118
79 99
15 454
167 469
283 465
85 90
106 235
232 446
221 291
68 174
119 314
137 291
182 227
414 436
230 340
96 150
447 460
251 362
180 233
228 478
73 177
82 120
60 304
27 474
77 318
384 489
121 305
213 416
104 228
27 424
55 276
43 386
100 451
411 465
187 355
61 407
84 411
57 280
80 266
65 225
79 241
82 263
142 285
93 125
9 181
170 245
92 136
440 470
189 196
30 237
38 249
42 55
270 484
138 240
127 230
221 382
22 131
237 270
9 377
110 366
69 70
372 469
70 479
185 464
120 135
77 114
175 264
420 427
364 464
177 323
167 185
228 261
38 303
241 466
110 391
105 387
86 224
418 466
233 421
24 377
24 58
235 422
247 276
83 173
369 440
182 297
283 410
299 437
396 450
94 427
248 419
301 417
262 301
244 305
66 455
126 446
193 287
167 281
228 296
256 478
137 173
118 124
10 326
203 276
64 255
21 466
37 416
170 372
98 211
230 398
1 112
27 165
199 342
168 327
97 348
200 381
292 380
407 456
110 260
23 472
296 419
281 352
193 219
202 417
50 270
266 301
391 404
123 341
155 292
236 246
334 378
2 66
183 207
113 335
214 241
13 106
310 429
278 438
279 291
19 241
327 340
117 155
88 488
3 186
292 409
264 273
96 274
213 465
151 446
143 193
186 261
48 320
68 219
116 470
27 206
180 194
25 265
175 204
195 481
47 75
135 329
22 209
162 470
402 458
149 155
234 462
223 388
304 420
76 413
163 321
89 205
200 229
13 473
329 436
64 357
36 267
281 458
276 372
327 449
50 377
226 345
106 118
358 442
109 155
25 152
83 326
21 394
33 194
252 279
30 82
298 464
237 464
84 327
255 378
230 417
52 153
219 290
209 317
328 480
61 219
11 328
95 127
246 345
278 313
60 345
42 294
317 469
359 398
335 359
180 415
155 368
54 106
293 337
13 100
317 395
413 485
43 484
199 272
14 446
435 439
95 430
77 459
431 458
237 273
173 409
268 342
172 418
73 338
426 500
117 375
164 374
6 257
77 323
299 413
25 150
438 468
57 84
29 481
13 259
11 478
80 283
30 266
210 214
195 446
116 413
174 243
123 309
266 279
232 267
34 473
378 483
380 432
346 474
235 303
129 498
55 251
111 322
346 353
47 214
268 468
477 500
254 385
115 139
51 184
274 326
79 205
217 222
64 379
123 181
286 365
137 369
92 170
59 101
190 241
140 176
26 372
420 471
333 359
37 307
199 316
3 489
179 230
66 93
155 164
267 476
65 84
242 454
12 30
139 263
33 35
132 245
96 197
169 436
35 400
215 444
138 223
183 373
346 371
111 325
108 249
286 491
60 241
289 482
135 477
137 483
185 431
325 415
342 347
3 467
325 473
10 138
280 461
183 209
8 122
13 353
125 260
301 383
178 270
140 224
253 299
165 356
73 206
149 313
47 72
44 69
9 222
249 490
130 163
95 451
275 290
65 144
158 297
129 166
434 485
198 216
34 299
28 139
97 285
38 276
176 322
235 388
416 436
399 432
145 461
158 218
39 59
255 294
8 422
86 209
333 479
343 454
41 252
3 444
61 480
221 489
78 216
242 391
314 391
94 298
154 494
2 14
64 147
340 365
85 107
62 326
4 59
147 313
3 71
103 467
81 400
19 263
224 407
24 128
27 179
309 499
163 211
310 444
55 255
188 456
35 100
203 392
199 410
60 89
325 360
264 458
210 376
71 77
179 404
288 360
71 307
301 469
153 306
14 344
396 422
234 476
147 179
191 269
235 329
4 374
48 180
223 300
339 363
73 207
39 486
175 219
119 480
114 202
37 461
116 231
209 249
323 397
394 419
73 122
40 469
275 498
223 298
171 282
130 225
369 383
136 373
357 391
119 130
169 228
165 488
119 152
250 481
33 133
35 460
308 375
283 484
34 290
274 368
286 414
160 336
169 407
68 362
368 410
416 465
55 488
28 341
246 379
364 497
139 446
362 478
222 269
124 276
358 363
236 385
67 333
121 218
132 208
58 389
150 387
123 444
83 382
304 347
246 383
44 491
107 142
440 450
46 175
205 355
108 444
177 211
387 413
35 197
45 295
218 287
144 380
232 398
160 353
187 328
23 35
138 428
105 436
110 390
86 337
53 66
201 276
111 415
79 392
450 455
308 484
23 326
171 379
227 238
154 307
49 114
183 460
283 419
256 499
343 396
20 196
249 466
70 172
207 399
266 432
125 256
146 427
71 357
73 198
27 402
177 348
59 159
254 395
129 500
172 281
99 310
191 258
228 361
91 286
168 318
194 220
287 454
118 119
423 425
365 401
129 278
6 353
158 370
17 219
241 347
5 105
18 227
25 337
16 407
383 458
231 323
23 427
213 265
268 464
91 420
275 378
152 389
111 288
157 480
214 387
211 449
334 405
458 460
277 334
31 59
214 358
78 147
199 220
324 373
260 313
239 277
87 341
183 222
68 114
181 363
187 326
263 422
70 146
257 418
16 288
124 190
170 328
208 293
244 325
195 402
12 361
299 373
201 313
128 238
389 406
317 434
282 419
105 414
9 368
131 433
221 251
65 131
34 114
75 298
82 417
3 261
308 386
59 115
140 443
131 330
338 469
481 499
219 466
84 353
366 407
216 386
295 442
210 216
66 452
29 468
92 267
71 323
30 338
337 432
24 49
248 364
244 443
8 13
328 379
255 393
57 391
31 422
191 225
124 484
155 243
100 270
295 404
34 86
171 321
175 374
407 464
409 414
254 400
209 414
46 295
142 331
49 420
173 476
120 492
31 54
138 205
16 79
74 497
46 232
273 425
71 140
7 157
339 364
51 388
129 492
233 485
150 481
144 485
160 361
233 329
112 478
32 344
169 185
153 457
163 498
228 356
159 277
14 130
281 492
144 468
1 445
61 190
291 397
29 245
6 14
246 400
229 444
86 417
56 293
255 467
49 128
443 445
97 208
265 443
118 422
126 297
231 272
229 400
122 230
201 376
136 478
164 332
26 225
116 247
66 266
374 419
3 221
250 316
85 148
129 354
19 315
12 246
113 452
61 362
95 102
356 406
95 104
132 253
190 400
109 443
166 196
176 252
32 302
23 175
360 464
23 341
113 459
134 311
174 187
115 311
138 232
3 166
139 425
101 180
73 218
256 464
394 417
279 424
182 186
321 368
185 375
68 228
123 474
112 237
62 365
29 301
97 324
415 479
211 272
345 480
72 176
302 444
75 398
266 270
255 258
377 493
196 309
291 386
176 220
46 145
27 108
122 343
136 365
50 154
22 473
396 429
316 392
56 163
214 400
180 213
145 440
57 126
103 455
335 405
97 446
376 471
167 298
64 94
240 407
95 230
256 348
53 248
39 255
221 413
8 195
308 483
110 422
81 290
240 287
172 303
236 434
337 429
313 331
178 185
370 383
243 421
28 47
83 418
175 260
305 354
55 467
226 245
216 445
11 105
23 418
27 157
288 366
47 289
177 225
414 417
196 329
397 490
174 398
174 481
3 244
23 163
94 263
172 283
198 368
1 369
46 102
33 257
229 359
137 208
92 137
298 367
131 464
53 119
285 476
19 286
183 246
413 453
60 273
473 488
329 479
220 448
157 303
153 391
15 472
56 413
350 428
32 316
332 408
240 260
276 375
115 371
250 473
304 410
322 385
35 372
1 51
363 366
201 268
327 373
121 176
133 371
234 296
178 224
207 406
386 426
350 390
106 394
27 378
403 434
253 494
279 406
392 472
34 232
237 298
352 382
103 346
16 106
8 77
162 194
73 217
312 465
144 199
56 215
119 458
163 225
213 429
22 290
42 292
205 225
142 207
310 445
240 337
304 442
93 466
113 468
122 125
371 498
162 441
78 349
291 329
162 465
17 352
154 267
53 329
42 355
129 340
4 415
78 127
368 496
33 71
102 388
3 127
155 336
135 224
165 213
249 463
39 235
76 438
117 294
34 415
351 370
29 378
135 178
284 304
94 115
103 161
158 488
7 308
282 430
460 494
8 110
288 309
126 302
123 227
67 492
19 262
147 277
137 490
1 155
434 449
63 290
160 325
28 263
46 265
12 291
123 445
96 205
176 497
89 177
193 424
69 138
16 431
198 238
278 448
401 491
459 496
333 453
146 315
287 433
363 382
232 303
129 439
14 332
67 114
302 342
97 304
125 319
5 118
387 475
159 205
137 198
248 282
149 431
205 441
34 236
173 484
61 395
169 473
311 425
77 476
71 202
265 434
143 325
74 442
249 477
97 188
294 325
229 255
443 474
414 418
223 327
305 457
486 493
32 441
247 490
354 458
329 408
257 414
32 158
328 348
143 447
41 420
12 374
110 339
46 386
133 247
340 458
487 499
90 408
198 330
202 332
206 358
34 245
14 485
239 294
133 408
58 159
79 479
280 497
228 473
24 150
50 464
80 500
65 447
276 350
132 481
143 379
440 445
4 173
265 318
101 149
136 492
83 204
62 93
104 351
111 175
148 471
254 261
59 148
110 398
423 445
29 102
170 232
326 468
416 477
17 437
34 57
127 307
123 283
397 493
234 349
65 416
368 488
140 328
91 440
107 112
33 281
218 410
1 175
236 400
416 461
329 336
100 104
250 459
36 475
280 281
53 197
144 475
18 401
43 479
171 283
141 347
96 139
172 313
33 88
168 342
59 478
192 234
139 409
79 376
360 481
206 467
66 352
350 387
181 486
152 254
23 410
359 417
86 176
228 410
274 447
61 84
74 159
50 77
59 104
150 358
198 333
370 490
77 141
5 477
192 494
155 331
157 229
279 498
61 188
315 391
25 436
437 458
282 316
229 499
169 338
58 126
127 473
174 471
66 416
105 145
215 495
56 336
81 151
314 490
293 389
279 493
225 369
21 22
124 219
121 168
173 443
123 301
296 416
268 336
16 134
17 415
18 98
59 228
237 258
92 292
286 445
81 346
281 485
244 257
467 500
5 464
4 172
169 497
132 498
218 421
143 361
385 494
115 471
313 476
362 451
163 445
110 237
114 481
122 225
255 360
219 495
276 430
9 100
239 399
241 340
375 437
269 331
6 419
138 349
194 493
403 422
25 421
92 111
52 259
168 169
175 349
248 415
428 450
238 453
61 165
73 286
23 121
426 460
433 456
130 241
312 407
119 216
243 439
42 460
12 154
67 319
108 445
126 391
87 366
32 248
19 25
438 477
114 229
129 152
194 215
268 448
50 250
82 233
18 483
236 253
107 473
4 450
65 213
375 434
91 256
374 479
231 371
87 332
44 152
330 444
56 485
35 362
319 500
46 191
322 330
37 305
46 297
41 462
270 386
238 414
50 462
141 477
165 296
255 431
10 454
103 147
189 314
95 353
114 264
261 278
226 472
79 243
24 284
271 308
138 170
217 235
36 213
89 292
54 278
341 464
134 258
136 383
130 338
133 324
52 131
223 305
56 347
78 372
54 467
117 478
101 236
89 214
74 130
188 235
126 421
421 458
101 334
250 380
72 107
20 109
66 315
99 174
212 435
27 344
141 476
165 304
81 103
32 429
416 444
21 30
155 442
233 382
417 438
179 349
225 354
432 445
95 186
69 406
25 383
344 421
252 464
209 281
165 224
15 149
49 235
310 409
357 421
73 92
258 330
174 374
169 372
271 361
234 297
123 235
282 330
63 377
183 312
223 224
76 318
189 407
79 164
106 452
25 460
110 299
379 393
128 141
187 470
96 341
189 487
232 373
92 330
141 241
319 341
251 493
107 352
156 404
327 495
242 389
55 314
33 250
212 374
61 271
322 384
120 348
168 428
144 405
297 477
85 106
34 98
364 420
135 302
141 186
239 340
151 492
27 460
178 283
292 499
29 476
105 158
46 352
24 359
199 437
333 436
464 498
44 474
269 330
186 338
182 431
40 253
63 474
105 111
211 438
254 319
347 370
167 293
176 359
118 460
191 480
4 134
56 443
35 260
171 457
177 465
5 305
11 200
279 488
255 480
89 444
116 223
174 257
2 257
183 380
112 189
117 235
7 265
137 195
131 155
125 286
103 442
6 154
102 153
94 277
94 351
24 151
144 440
153 412
129 359
234 239
26 320
37 366
296 469
187 495
394 478
102 310
40 248
11 250
126 361
360 395
393 401
108 453
55 205
309 322
113 367
11 274
199 419
219 237
190 292
162 211
74 415
416 433
153 437
212 246
332 402
7 16
194 438
441 476
3 414
279 371
24 325
305 323
103 193
35 484
401 432
58 107
473 484
158 338
17 175
64 404
252 427
348 471
321 356
223 412
334 475
5 7
315 416
173 202
196 493
427 492
36 205
83 86
50 306
371 475
48 324
334 427
66 169
253 276
246 434
261 482
142 230
130 171
18 169
65 292
39 229
209 214
370 389
116 339
44 427
100 378
161 394
22 234
22 393
120 482
62 90
11 278
54 166
111 144
49 89
70 136
162 255
215 431
49 304
184 256
172 476
146 227
142 468
266 363
27 204
27 42
292 453
116 211
34 35
217 301
302 465
134 256
255 330
202 215
69 400
84 152
264 322
227 269
109 465
118 406
366 453
152 186
10 260
174 456
380 463
374 477
38 138
91 142
88 94
38 353
80 409
231 369
312 457
107 470
120 463
72 484
393 471
23 83
58 317
265 363
118 131
303 307
389 456
37 178
45 376
75 337
202 407
148 435
271 322
198 269
82 477
206 378
168 313
14 354
153 243
263 353
141 379
17 192
132 380
92 184
219 337
206 460
155 183
2 442
159 446
22 344
179 186
97 405
95 319
302 462
167 346
252 378
370 488
140 355
319 465
278 279
404 477
117 177
237 387
243 432
110 173
188 350
130 388
313 333
264 465
313 450
457 474
23 453
10 299
225 370
341 441
31 229
67 420
168 399
194 269
359 468
263 423
130 481
184 316
63 486
79 173
27 478
351 415
136 200
361 371
38 293
5 361
335 472
268 452
38 58
132 309
195 209
223 424
17 78
50 243
266 344
17 363
20 394
127 231
405 483
8 349
398 442
457 494
241 339
24 194
161 168
291 473
77 419
30 476
113 337
231 485
166 404
333 445
37 52
94 353
376 431
314 452
45 225
97 359
137 315
464 497
391 424
42 233
142 216
358 444
288 349
129 249
170 271
339 400
69 304
214 279
344 415
281 328
301 443
4 389
170 293
13 196
173 369
99 413
21 411
3 368
365 419
345 444
228 263
2 430
113 458
60 69
131 329
138 247
56 67
140 426
119 297
41 46
261 489
346 445
382 450
119 205
64 166
103 453
72 234
160 204
294 338
142 495
249 479
359 469
209 332
108 169
7 224
99 216
272 463
127 140
13 404
203 296
270 302
166 281
430 468
358 496
274 409
469 473
72 188
223 397
12 296
293 475
110 465
286 303
165 379
23 255
283 445
87 314
329 437
1 66
111 418
86 400
379 481
336 372
168 360
241 476
107 337
278 314
132 226
132 301
38 74
37 465
335 394
370 397
155 226
235 435
158 208
271 471
184 227
91 397
313 340
233 345
237 360
215 246
195 484
129 158
158 415
265 327
51 434
255 500
264 448
22 147
135 435
284 425
106 386
53 480
143 269
346 497
80 486
31 355
146 214
242 461
86 465
18 477
244 468
17 403
361 436
35 230
246 395
49 318
251 319
60 189
101 126
368 452
311 450
179 450
32 383
315 322
93 418
115 191
124 404
341 412
387 479
31 259
70 332
14 214
331 425
42 84
303 392
79 273
453 491
399 456
12 245
75 359
58 387
118 137
128 212
156 248
94 473
242 434
246 416
207 380
328 498
340 446
80 135
94 139
66 99
78 108
152 319
43 365
20 276
103 212
15 344
377 465
112 496
64 377
81 275
66 77
87 313
270 320
62 309
216 285
8 470
361 407
24 26
177 252
422 498
325 380
201 204
131 295
182 369
330 419
381 463
107 344
109 113
43 393
245 259
7 29
118 379
291 455
335 365
262 348
85 243
204 223
77 339
100 121
251 327
108 297
49 139
5 89
351 423
90 448
282 426
45 335
273 310
276 345
76 205
271 423
161 310
126 129
345 367
471 478
94 278
294 402
168 211
84 88
245 346
174 482
67 424
109 161
5 180
157 391
289 451
216 349
371 443
300 437
97 204
105 165
406 446
124 466
115 148
129 187
192 212
367 395
58 456
447 494
232 291
261 280
219 245
355 375
305 375
424 473
78 163
96 216
77 148
382 399
8 423
103 269
160 408
379 388
6 371
70 76
118 363
291 310
294 459
90 224
159 434
96 120
229 431
303 369
140 356
97 438
429 478
192 423
164 433
97 158
77 326
88 205
133 288
188 325
108 277
128 443
89 278
186 254
130 326
320 403
104 276
239 418
202 342
185 251
411 464
387 436
92 270
10 270
455 499
50 354
68 350
71 239
154 349
295 409
90 462
108 247
440 456
222 234
92 483
306 489
323 377
285 289
303 414
86 396
303 487
311 316
22 274
246 347
253 310
217 380
49 198
54 373
8 298
186 280
10 435
95 333
127 315
228 390
317 347
103 185
25 378
64 368
208 290
109 455
248 350
137 362
221 441
364 483
32 294
14 329
453 498
70 257
58 371
215 240
285 403
155 450
252 463
384 395
51 136
60 342
323 454
49 426
225 457
55 396
410 494
180 184
130 298
212 367
43 359
309 321
36 353
122 209
247 393
293 400
93 341
327 404
44 435
21 201
102 223
154 430
159 448
70 180
361 389
65 310
166 423
236 307
230 413
326 378
212 395
188 304
38 467
204 423
42 327
165 276
254 491
322 475
104 414
25 44
180 234
230 382
95 477
159 351
30 496
125 426
79 326
391 398
37 332
3 7
472 482
50 184
152 263
1 147
123 317
160 192
282 390
140 190
333 365
158 167
377 428
104 237
62 70
236 267
227 472
27 223
113 146
12 445
27 434
274 291
231 316
379 425
481 492
52 328
332 496
230 449
1 428
99 282
130 154
306 355
85 346
53 306
21 389
297 339
399 405
37 191
209 488
105 457
80 251
70 363
133 470
357 496
233 456
53 328
311 411
48 403
142 316
82 308
436 488
337 424
18 309
261 341
120 354
326 443
373 438
24 111
457 481
105 241
23 167
88 342
294 318
79 141
313 491
270 394
351 439
54 438
358 371
44 388
248 399
92 176
170 447
156 316
186 480
184 212
89 389
84 160
47 464
343 401
230 412
56 481
219 331
240 294
123 213
58 71
195 263
87 400
382 487
104 156
35 275
100 362
453 490
2 100
11 62
190 493
59 404
53 223
82 86
202 291
125 368
274 349
115 132
137 478
26 175
85 493
211 212
75 311
178 316
38 94
145 190
295 490
395 472
322 404
125 219
176 409
107 386
22 386
121 207
82 322
74 233
280 367
235 338
422 457
164 309
45 428
29 283
139 487
110 205
371 474
352 447
37 345
209 334
133 297
192 468
432 492
79 204
237 471
30 230
332 482
147 305
229 337
286 358
33 82
181 264
266 455
4 23
203 491
287 464
328 464
187 412
193 396
103 276
136 450
325 374
371 398
151 484
175 310
159 397
413 421
102 135
174 277
60 282
455 461
40 251
125 189
367 483
163 432
145 314
168 280
128 239
118 215
347 355
106 176
195 229
95 355
311 336
11 312
88 396
337 339
313 326
206 382
35 93
85 237
41 398
181 183
177 293
309 359
68 349
201 429
241 397
153 166
26 500
1 441
24 190
186 379
297 395
110 247
483 490
82 328
246 480
329 474
46 69
280 494
30 390
355 463
25 194
46 86
120 169
109 321
62 382
341 422
98 187
29 311
46 345
172 286
260 371
57 151
51 231
57 199
364 446
39 228
71 86
198 435
225 469
154 410
12 472
20 299
418 474
256 284
141 169
35 302
171 480
280 306
85 473
321 436
213 448
110 463
174 486
34 379
17 210
260 368
239 457
95 253
285 374
140 471
81 130
64 455
38 39
46 403
185 240
7 180
15 389
162 222
87 121
105 411
6 406
286 288
233 334
15 345
22 445
251 468
173 455
5 453
188 264
51 188
227 382
76 89
8 133
40 120
221 227
386 474
155 466
85 499
139 398
212 358
188 303
184 229
295 372
64 307
118 275
29 205
408 500
89 119
66 257
21 200
99 424
185 233
357 366
123 128
173 345
210 226
77 352
330 336
453 493
99 405
73 452
106 311
4 64
174 228
120 494
162 293
212 407
16 402
351 454
160 382
52 417
116 191
122 475
323 396
436 469
152 388
2 254
202 261
255 376
175 476
31 195
372 418
171 414
22 35
124 438
5 463
81 210
166 456
320 405
200 226
349 451
18 346
332 446
23 273
63 277
106 464
309 371
118 278
292 357
166 219
22 26
75 404
247 265
365 483
302 498
338 475
95 211
371 453
40 318
296 331
251 457
24 436
16 325
106 304
144 312
158 433
250 436
197 433
34 244
462 488
229 445
122 216
361 396
7 219
31 222
236 365
309 324
107 285
207 478
298 336
427 473
21 188
211 256
175 332
97 461
72 152
70 452
232 396
63 155
393 432
245 365
313 384
197 257
36 88
60 146
284 350
328 363
70 193
57 490
348 394
325 411
257 420
2 183
105 266
5 448
32 483
159 261
66 110
66 147
269 299
191 354
264 454
273 349
37 271
92 316
62 498
290 331
81 485
126 248
337 368
120 122
43 384
16 390
100 421
131 397
36 133
39 232
223 328
54 112
33 482
196 262
323 456
163 199
353 428
172 342
348 403
214 300
72 453
180 414
133 262
356 418
368 412
63 227
182 302
133 334
410 482
245 394
257 400
283 315
216 478
353 485
143 168
60 86
54 78
268 435
271 334
317 320
374 398
96 476
54 419
55 487
330 407
218 240
165 199
17 393
305 355
35 57
2 43
115 365
82 458
238 297
23 254
119 313
55 461
67 105
174 293
102 272
207 282
173 242
356 466
32 244
125 154
118 426
20 45
70 231
35 439
221 327
266 374
199 331
210 393
218 476
56 467
4 271
279 415
374 433
67 258
331 436
164 430
105 152
216 295
270 404
356 379
126 389
116 298
85 277
188 372
146 408
98 452
120 417
70 299
125 210
5 125
147 301
231 382
94 350
247 263
85 170
157 283
255 455
210 284
102 115
51 395
70 402
114 262
283 482
72 191
187 301
254 383
41 267
334 471
262 441
146 409
44 414
1 165
199 291
44 384
270 489
31 182
182 443
149 401
88 349
36 140
312 478
106 362
40 43
276 473
160 381
219 227
70 105
184 431
167 399
164 480
64 164
427 442
15 419
244 393
470 483
170 368
64 474
124 291
452 477
78 400
19 273
448 492
418 443
84 488
192 422
86 309
107 414
170 282
98 472
203 256
278 415
239 393
174 370
102 169
69 280
208 275
85 488
90 319
448 467
131 371
108 373
138 167
244 369
331 414
199 380
220 427
11 348
208 452
59 76
32 300
67 122
73 134
232 374
169 175
64 207
242 460
134 484
151 281
80 205
262 266
174 198
238 494
293 481
91 447
297 485
88 300
238 419
318 394
190 283
381 419
61 275
204 318
123 189
43 113
45 350
179 403
231 358
10 300
60 117
157 213
125 200
167 401
59 71
84 297
162 429
25 226
430 431
188 247
213 252
77 472
22 242
247 467
273 339
182 393
151 489
8 373
68 214
302 488
326 464
241 480
122 492
106 437
23 192
90 381
281 350
188 396
151 315
17 86
301 324
92 351
424 489
64 250
55 478
80 339
286 500
4 330
96 407
194 218
233 380
98 273
46 209
214 303
232 480
233 370
179 360
185 402
342 457
266 385
264 317
15 105
194 312
185 298
181 347
278 490
42 210
115 474
363 494
287 305
38 255
1 41
12 216
37 143
283 303
59 128
231 255
45 375
187 254
312 476
55 105
171 248
52 473
491 498
334 465
67 267
11 405
23 275
185 346
198 444
64 281
19 272
7 257
109 312
32 93
151 161
182 456
114 453
42 487
186 478
107 375
50 104
362 448
331 494
99 477
168 214
371 399
254 425
78 148
304 376
254 411
241 395
453 469
124 262
160 217
384 407
26 349
145 287
221 364
313 427
118 141
442 457
60 70
13 350
278 412
299 351
302 341
133 369
183 292
41 284
319 336
26 253
309 476
9 283
135 192
95 207
72 479
209 358
209 369
83 144
249 359
58 434
55 460
230 246
51 497
223 495
70 148
124 366
349 446
64 114
117 257
40 62
79 280
160 335
90 403
462 500
127 298
206 381
12 306
246 489
402 490
97 277
28 372
356 423
202 398
221 337
7 73
148 282
39 470
276 425
168 287
346 464
110 280
313 489
423 488
130 238
102 181
93 413
167 477
296 299
323 331
339 442
161 361
62 78
63 440
6 98
218 220
25 89
240 278
208 424
276 291
336 341
79 293
28 297
305 339
201 331
38 54
163 424
191 459
13 349
18 434
71 449
56 309
240 410
67 439
186 458
299 483
105 330
84 492
209 230
51 438
147 270
400 466
432 472
286 471
4 482
321 428
354 359
429 480
55 397
55 238
68 407
138 168
32 186
131 398
20 356
96 420
116 429
374 410
292 443
142 180
20 407
74 193
10 33
125 202
13 50
239 243
60 218
2 425
101 359
211 381
137 447
364 491
118 375
284 431
20 346
113 387
20 264
382 416
60 349
68 204
225 359
69 360
198 249
376 390
380 430
154 325
38 120
163 250
247 422
16 308
325 344
369 476
109 463
189 293
262 347
11 386
49 394
34 402
12 337
189 315
75 111
279 349
301 382
166 293
367 477
118 395
63 114
18 19
153 488
42 251
97 283
46 308
43 175
347 361
98 492
308 427
103 184
282 319
53 105
100 144
330 408
257 374
308 329
139 163
28 368
183 323
50 66
119 484
184 297
321 427
15 403
289 359
179 402
86 338
43 53
33 301
18 354
66 219
101 282
103 328
212 336
173 418
95 107
43 362
11 377
417 468
46 247
61 221
126 336
266 499
30 32
35 328
11 301
205 266
200 372
79 103
89 466
71 315
138 289
101 414
254 313
35 478
194 197
14 235
39 188
379 474
87 95
51 285
392 438
19 54
157 442
84 211
389 488
139 401
169 321
112 238
328 361
157 417
222 245
35 480
81 353
56 400
11 21
15 110
37 208
100 311
307 371
52 363
112 228
155 322
464 482
44 88
105 438
244 388
379 454
322 480
24 292
299 403
427 476
344 412
217 497
244 413
29 118
88 96
67 355
176 259
388 466
203 231
280 311
54 238
343 357
344 402
74 318
36 137
191 375
153 233
117 163
41 476
40 456
322 495
86 345
191 428
184 200
69 108
231 276
180 219
3 67
55 357
436 476
11 167
131 319
33 111
248 495
156 174
32 231
83 320
80 193
247 352
104 465
136 402
36 146
112 262
88 477
182 283
190 365
432 493
185 237
83 312
116 405
253 328
34 425
265 403
16 17
380 415
67 305
28 169
288 357
271 417
321 383
75 344
183 219
408 422
306 356
198 383
127 471
331 385
120 326
110 119
23 345
26 86
34 96
41 120
11 100
246 415
238 252
44 92
103 441
80 344
33 36
221 433
366 393
431 440
344 375
398 487
287 406
335 364
179 290
83 95
115 273
172 385
336 495
253 281
150 496
21 118
120 351
326 467
110 325
243 390
282 454
99 441
42 391
84 336
87 198
122 411
51 216
282 337
475 488
248 491
4 298
14 488
108 419
110 146
5 281
229 442
35 256
24 455
152 416
18 75
169 374
332 370
406 443
8 465
21 331
431 472
168 463
336 420
211 317
145 290
49 393
443 462
7 184
63 439
78 132
138 475
144 164
209 342
119 155
328 439
177 281
33 110
158 463
111 156
185 406
197 225
273 416
96 210
333 408
90 210
252 492
323 464
67 356
209 303
110 170
307 367
327 464
108 167
283 362
321 386
58 220
220 481
57 365
16 50
240 332
99 416
322 379
365 480
3 402
426 430
19 109
351 458
12 101
41 445
447 484
154 177
18 464
70 370
254 460
7 225
223 428
32 313
178 348
406 447
118 165
72 415
395 500
381 425
170 388
215 385
100 291
36 457
36 483
6 226
222 390
197 292
12 113
114 370
133 421
19 426
275 394
48 429
37 273
164 242
250 289
205 241
220 319
60 448
204 468
106 160
158 286
354 448
225 278
303 476
38 212
105 367
347 499
21 406
15 244
72 99
257 283
161 477
105 427
62 167
244 467
201 335
212 282
66 262
160 235
276 410
175 464
241 465
268 359
71 183
32 169
303 313
110 200
184 379
159 235
142 153
408 478
169 431
338 420
40 179
113 278
139 161
49 451
162 373
300 378
102 331
20 31
36 43
246 342
76 427
3 370
106 256
222 274
289 318
50 289
252 321
291 412
155 359
284 488
238 413
27 239
244 283
306 351
81 465
20 191
207 290
42 172
61 447
99 322
70 465
168 483
168 216
23 425
305 391
54 440
70 274
189 310
164 447
155 172
89 266
356 453
292 408
119 250
471 472
164 347
58 325
347 492
312 330
4 80
1 479
25 188
60 309
7 324
227 427
255 315
331 431
480 494
81 322
222 474
167 181
16 411
367 436
476 479
214 364
145 240
116 135
237 423
161 420
182 419
122 301
76 474
40 375
164 409
373 472
172 426
220 426
280 457
345 484
6 177
24 96
287 345
274 411
55 66
53 442
96 437
93 147
303 320
116 370
226 320
129 362
206 396
88 193
75 270
202 318
166 484
131 495
72 475
143 399
26 130
244 498
102 178
7 416
50 351
310 451
317 384
4 138
305 417
111 328
220 382
143 426
191 339
61 292
331 370
54 195
284 331
285 437
62 316
84 394
455 475
42 181
98 215
75 400
87 494
40 320
340 383
126 338
181 206
311 390
16 131
272 365
403 426
22 103
93 250
331 489
106 446
90 102
22 479
36 471
342 385
65 270
34 264
160 377
63 374
133 451
242 475
67 475
159 378
131 486
175 425
93 294
95 264
223 458
234 379
106 412
321 477
255 479
75 118
41 247
149 327
185 472
396 406
46 333
452 457
183 228
41 485
364 372
87 126
298 321
56 369
262 281
161 488
2 395
28 381
20 408
2 67
263 375
98 301
55 118
45 181
105 191
245 321
221 362
200 400
258 346
335 386
115 205
122 388
353 454
47 303
23 385
287 467
116 321
196 440
329 434
60 242
262 311
78 221
244 419
199 241
123 470
83 203
155 258
375 494
113 438
141 234
76 194
465 500
275 434
463 473
312 474
24 105
250 387
116 332
285 338
352 370
28 150
272 428
240 309
174 256
419 470
252 323
95 429
237 438
237 281
34 157
388 417
137 422
286 380
173 380
93 241
61 461
322 338
5 405
59 169
428 448
258 311
240 499
217 489
281 448
122 191
334 436
308 485
223 433
13 344
240 392
47 168
44 267
224 247
176 417
75 190
96 349
43 115
47 126
206 272
125 393
146 405
65 156
12 343
63 221
414 489
228 299
231 496
80 426
106 320
391 496
8 94
149 380
80 306
72 325
76 237
105 308
123 464
28 105
157 276
323 404
88 249
314 350
83 195
83 392
21 342
48 256
86 324
134 427
105 134
130 302
483 492
113 460
63 124
61 291
146 295
50 121
190 216
109 269
19 226
240 489
431 463
252 317
218 324
332 371
200 463
29 496
78 311
297 365
9 206
59 109
51 403
45 263
61 338
267 277
342 459
56 232
107 174
313 342
286 313
65 174
76 284
69 391
418 493
273 302
4 91
253 389
343 430
345 472
257 364
221 388
1 337
127 306
264 431
100 220
66 212
424 460
30 473
200 497
301 358
234 389
21 485
223 289
391 399
470 475
165 298
138 218
163 210
212 308
312 323
208 379
307 424
258 399
93 193
195 489
83 371
126 186
55 161
186 348
150 282
1 135
144 376
247 279
380 485
310 356
60 302
306 415
164 223
154 225
24 93
121 284
239 273
118 206
31 461
36 434
221 248
6 127
112 346
342 354
19 93
458 479
115 135
228 284
459 481
196 370
108 164
338 497
235 279
89 406
114 164
402 489
63 87
9 28
151 162
154 453
8 417
131 340
326 366
242 373
12 75
107 491
60 320
241 398
408 484
234 450
358 494
119 423
193 327
122 270
116 308
11 346
322 470
44 386
1 43
132 283
58 238
333 432
70 419
278 310
176 209
156 268
452 460
219 397
24 92
55 275
171 359
153 213
116 203
259 445
268 284
112 427
34 266
266 425
339 451
189 488
2 16
128 456
168 443
302 312
123 218
318 409
280 340
40 279
281 287
95 339
290 460
83 402
90 197
288 493
264 382
21 254
123 431
247 364
307 406
29 107
83 244
61 95
343 499
295 402
142 210
71 273
152 330
215 264
131 404
73 490
273 371
60 141
9 149
153 274
69 81
77 167
254 384
167 321
58 259
197 271
14 271
303 452
127 467
428 436
13 168
55 466
384 469
104 224
78 234
461 479
160 480
343 370
234 255
19 196
279 467
210 279
99 388
154 500
168 181
392 455
173 382
44 110
50 199
425 456
299 353
87 408
90 299
83 112
247 355
64 285
6 157
49 294
192 401
101 453
245 480
121 205
6 437
21 423
109 379
58 193
12 165
277 301
24 469
25 374
396 405
138 231
253 435
163 179
93 127
127 394
145 171
132 394
93 353
21 290
5 313
212 494
13 365
116 436
82 244
167 454
36 338
130 498
333 428
8 96
222 278
41 253
294 350
137 352
351 407
132 151
357 472
376 422
184 242
315 469
121 388
172 419
23 463
285 498
283 367
275 444
56 129
105 470
254 431
188 453
201 327
138 140
150 370
29 432
307 344
77 289
43 344
95 170
70 206
223 371
200 211
258 287
365 454
278 320
295 376
25 37
199 408
352 392
436 463
253 354
293 414
145 417
333 375
52 227
23 86
39 214
52 123
332 440
192 311
317 355
235 460
31 450
155 400
263 288
229 430
402 416
262 313
78 450
151 403
62 473
46 126
28 259
150 407
105 143
173 243
32 347
211 367
96 459
18 28
174 252
246 443
13 413
215 368
329 428
24 221
50 348
82 230
392 395
420 424
93 443
314 315
320 371
116 170
303 496
30 330
394 411
265 430
260 425
22 408
65 157
257 397
128 376
158 473
1 214
147 453
332 349
76 275
95 185
185 449
166 440
311 402
239 425
56 221
306 495
352 430
91 166
193 244
169 220
12 405
182 336
83 139
57 122
365 393
253 391
330 347
129 338
314 446
70 372
89 269
286 376
132 390
51 479
43 195
189 379
121 390
110 124
112 266
243 484
382 404
275 343
301 385
459 495
128 256
355 416
289 426
3 137
174 491
69 373
118 180
93 123
159 166
142 317
170 379
63 300
143 274
45 486
154 380
67 442
181 369
248 270
105 174
271 369
354 449
182 300
263 268
165 200
45 281
255 329
270 395
117 430
291 366
383 408
11 101
412 455
190 311
221 273
45 180
232 304
118 417
267 485
5 466
142 157
391 394
172 408
467 468
6 335
196 288
334 445
150 227
313 393
204 384
474 481
272 292
165 229
372 400
84 459
25 294
213 336
31 454
173 281
173 318
325 397
68 128
136 456
117 193
80 388
166 237
284 441
95 197
43 332
262 366
255 347
116 176
468 497
398 401
266 364
34 359
64 314
94 95
32 337
74 425
91 152
159 163
83 149
266 389
45 457
58 385
103 395
79 327
61 146
24 299
251 354
237 283
111 286
42 424
204 233
110 332
142 457
49 312
69 281
181 267
364 477
359 457
228 480
126 329
75 328
442 482
40 324
260 262
159 182
64 245
182 298
154 245
214 430
107 198
81 362
218 331
146 487
37 458
1 412
408 492
288 299
50 156
276 454
44 242
234 256
321 429
192 458
98 232
316 369
19 328
35 388
76 476
67 271
264 447
146 479
2 400
448 462
284 395
247 294
89 172
125 239
119 449
322 446
80 146
38 351
200 458
153 393
292 416
99 379
69 464
89 330
157 349
19 75
151 186
239 324
5 302
296 343
275 302
191 496
150 332
375 417
304 453
254 257
38 131
4 22
55 303
182 211
40 59
70 269
101 409
281 495
293 360
215 340
103 425
158 207
118 450
10 139
111 227
137 421
226 257
227 492
238 344
234 322
266 446
121 487
236 301
20 257
223 494
189 364
236 257
275 408
26 45
159 396
353 409
206 252
209 422
172 255
334 419
113 365
56 256
34 352
437 453
63 452
52 213
3 459
129 431
207 234
144 170
322 353
329 488
201 306
353 470
29 491
247 344
105 118
51 241
47 274
158 272
7 337
25 228
286 483
204 279
164 260
131 158
236 348
128 337
204 247
106 261
54 397
44 457
300 400
78 80
434 483
98 151
31 490
383 388
48 293
205 418
126 427
147 263
403 498
64 146
163 412
43 273
170 224
400 460
405 423
33 202
38 137
177 351
319 379
136 150
29 357
97 479
109 198
128 152
397 431
270 328
106 442
74 474
68 136
269 357
211 398
224 435
306 463
391 396
172 469
81 348
149 154
158 481
381 492
73 353
256 301
63 241
184 265
329 354
366 449
66 101
312 470
39 406
124 125
447 482
166 222
18 299
29 214
2 197
328 390
269 370
315 443
162 454
359 373
370 461
200 285
201 260
79 158
53 444
36 269
191 366
294 391
183 360
5 485
125 301
436 481
231 474
112 311
434 482
122 425
167 237
87 151
25 142
39 135
223 310
17 488
33 170
155 261
299 481
145 308
123 485
394 452
112 492
35 357
329 458
200 482
44 396
478 500
173 274
269 343
323 330
20 445
245 267
382 480
69 170
213 353
291 391
289 325
332 347
31 407
140 284
232 253
198 353
28 457
170 416
146 368
29 271
66 344
454 466
446 496
42 201
11 464
199 431
204 326
166 337
84 500
94 122
23 382
95 252
267 316
62 122
329 463
34 102
222 232
183 337
39 257
34 455
243 474
369 438
198 320
41 151
294 369
322 386
202 416
38 454
444 445
12 102
227 477
261 334
8 476
144 155
269 443
257 459
87 271
68 208
446 472
361 422
282 468
139 170
178 313
201 296
145 324
131 428
102 253
142 335
262 370
333 437
131 421
11 16
128 272
409 445
113 194
41 291
193 315
4 488
399 435
131 205
208 257
10 140
390 461
285 363
17 311
35 77
288 461
331 419
92 388
318 485
185 296
167 445
328 477
195 328
5 137
95 326
195 438
135 239
147 295
118 412
414 440
118 232
228 381
188 212
66 146
26 256
236 398
220 366
18 237
37 314
39 107
46 360
188 486
358 466
248 490
317 421
154 275
8 216
163 236
67 444
73 389
191 340
332 409
319 331
61 309
72 392
18 62
481 491
280 345
80 150
109 346
276 304
323 462
116 259
2 85
176 361
39 267
136 386
47 161
153 382
71 329
180 348
58 334
121 245
26 300
19 248
197 335
385 436
217 478
68 393
215 289
38 323
19 172
44 246
225 434
231 470
68 177
277 370
94 447
243 413
25 438
320 454
125 311
119 402
255 317
336 402
104 158
27 447
3 340
339 489
26 32
241 417
356 372
338 496
33 374
46 332
4 335
5 247
72 427
171 247
217 459
200 382
42 244
226 456
352 358
274 457
199 434
48 496
30 424
78 485
50 286
41 413
176 257
183 300
248 477
108 454
195 291
26 163
137 363
217 381
26 483
109 184
102 436
370 430
84 130
108 264
116 462
341 452
164 355
18 99
320 416
224 354
300 332
177 193
22 345
184 493
276 443
239 278
209 273
12 122
64 154
136 415
429 447
372 443
380 384
96 434
123 131
63 127
147 285
103 336
191 382
284 371
139 307
35 149
140 288
7 267
36 493
292 299
188 194
83 110
171 294
175 353
155 167
401 433
189 215
136 147
141 209
140 341
374 490
178 310
275 409
94 112
115 461
29 372
5 148
66 458
285 432
89 222
49 86
285 361
53 290
74 433
65 178
82 369
67 403
120 338
51 153
274 323
264 415
16 192
263 490
103 378
292 370
343 431
29 368
136 311
59 383
91 137
175 492
92 165
151 216
252 297
64 266
440 499
184 278
20 437
392 396
17 39
161 290
69 155
40 414
110 319
56 415
169 356
77 198
64 498
366 471
116 400
399 414
259 272
227 473
95 280
258 337
73 219
356 465
66 109
35 341
64 280
166 395
340 403
339 447
51 369
76 186
44 146
283 447
440 461
13 440
308 344
131 331
61 106
356 461
65 428
15 288
277 446
89 132
158 491
34 274
20 381
357 446
70 225
154 285
397 414
35 216
300 345
163 229
402 487
102 322
264 444
251 255
137 240
142 491
167 248
92 452
191 267
38 428
92 359
92 423
192 226
81 449
24 474
137 237
293 480
54 285
162 269
29 251
201 217
19 56
143 486
86 97
185 189
108 168
302 428
24 407
313 364
126 356
56 302
291 400
250 418
398 490
208 489
105 249
246 446
108 137
57 241
203 336
84 406
144 368
207 444
365 385
111 292
55 373
43 83
168 203
459 491
247 431
155 421
84 260
251 376
301 312
142 487
194 205
306 361
193 500
463 484
181 499
166 206
80 281
174 194
275 374
314 441
143 423
45 287
189 396
28 177
230 471
235 392
368 441
306 483
121 436
180 237
13 343
260 307
39 324
180 226
230 330
39 122
20 119
120 325
421 485
222 288
251 278
356 447
114 362
141 329
114 119
2 38
235 292
76 85
122 206
60 488
289 373
37 313
146 445
340 379
166 396
99 134
43 312
136 207
300 310
162 282
71 300
33 357
279 318
89 102
87 109
31 233
223 254
303 417
289 337
38 360
162 296
187 436
211 335
96 320
267 407
250 341
147 245
43 250
223 413
389 454
146 158
84 329
211 311
237 277
25 483
252 319
209 484
12 268
275 298
116 289
145 214
8 433
9 268
67 388
252 368
137 179
242 364
50 200
4 253
113 228
6 126
200 284
117 447
31 280
101 287
364 449
120 401
70 395
303 415
96 115
9 246
431 452
156 445
293 332
218 304
75 310
9 15
360 394
181 472
86 295
196 255
98 206
16 291
213 500
334 364
103 304
48 192
374 454
66 308
235 255
22 253
129 441
214 483
11 468
17 324
265 266
364 386
98 321
138 438
165 409
157 371
19 228
15 83
248 258
100 424
421 450
414 497
326 360
183 482
76 256
247 346
30 479
17 139
4 119
171 260
229 421
103 170
259 269
247 302
80 268
213 367
14 272
279 364
117 175
138 323
321 480
341 456
171 228
86 489
214 319
15 75
317 468
185 191
380 443
46 491
372 412
52 180
80 247
113 347
26 375
76 115
57 244
106 137
182 272
90 148
4 290
125 495
22 239
176 229
271 456
23 237
325 460
3 197
19 150
320 363
60 318
391 454
236 419
13 26
65 171
227 291
21 268
56 81
332 386
333 439
38 407
208 400
336 347
230 499
252 398
205 359
69 416
156 468
50 197
202 384
252 341
3 299
52 304
143 406
154 197
350 434
244 462
107 433
148 285
170 320
252 396
40 90
11 411
364 397
33 387
117 341
188 458
26 271
211 307
158 262
346 447
169 427
319 415
143 378
299 460
205 215
164 180
100 437
78 97
105 347
200 447
353 415
66 346
45 303
69 425
60 217
11 435
453 473
302 396
14 17
206 283
126 448
27 63
18 38
46 227
134 370
224 342
17 239
162 479
18 365
9 57
226 490
120 293
37 339
49 463
257 394
59 475
315 423
256 386
18 189
192 406
26 179
176 301
108 321
28 108
231 401
313 339
92 289
30 319
63 405
413 493
81 149
8 365
153 446
181 303
10 360
96 135
198 331
65 484
84 311
85 140
67 256
168 391
122 467
134 334
29 498
7 196
309 317
97 341
200 477
134 288
329 415
267 467
185 338
5 188
123 442
12 218
322 349
300 426
167 314
92 367
129 484
245 359
208 345
30 329
16 420
395 415
40 350
26 318
149 416
279 385
245 491
270 468
183 411
143 489
72 456
379 480
266 448
162 471
402 461
349 484
338 466
113 219
41 198
274 465
112 184
160 175
161 497
418 481
41 437
215 274
258 411
39 265
235 305
76 112
181 471
54 72
13 249
29 190
271 314
65 423
229 482
234 295
77 492
46 287
78 321
115 482
211 471
261 354
321 395
145 500
219 394
418 430
133 449
226 317
127 406
65 222
131 216
333 448
24 334
439 451
161 281
98 359
79 432
283 347
361 368
175 330
93 296
281 408
389 391
199 466
369 375
34 297
83 165
112 141
148 367
30 250
8 157
42 371
200 484
161 385
107 272
344 425
135 430
238 250
84 244
226 409
413 433
14 240
58 402
274 496
67 418
30 242
150 460
2 87
147 244
121 165
244 255
60 443
399 488
349 455
3 318
263 374
28 142
283 403
11 159
46 429
388 495
270 370
314 360
187 398
124 310
237 349
131 431
344 458
363 449
251 455
114 149
377 401
364 430
300 387
298 357
30 378
207 421
283 318
190 253
446 490
4 55
75 269
108 142
144 500
293 300
253 485
277 303
218 246
482 488
308 458
93 486
69 445
35 59
64 306
337 375
403 486
2 70
26 258
278 480
48 444
93 430
275 321
338 386
152 277
165 176
23 140
49 182
310 499
172 465
92 145
32 496
220 309
15 336
488 491
383 404
76 361
309 344
207 401
105 498
45 99
155 484
124 135
189 411
269 311
266 453
146 383
128 276
348 461
69 338
209 485
119 176
245 377
80 120
33 240
107 262
89 248
264 440
386 423
89 349
197 323
128 477
60 170
187 363
66 129
90 245
268 332
306 394
48 273
264 275
329 473
263 487
310 376
86 227
394 438
131 181
203 438
168 221
173 250
8 51
62 268
185 315
13 261
135 251
353 400
109 368
138 182
229 285
218 293
136 348
272 453
320 463
131 359
55 213
352 498
203 232
248 250
4 84
90 295
320 428
106 385
41 234
299 352
108 367
24 328
35 496
15 364
23 182
191 387
181 226
104 413
237 238
384 462
58 454
91 392
380 407
112 166
1 334
188 319
321 387
107 474
88 215
204 466
354 451
11 448
115 500
50 287
211 274
304 406
350 375
174 305
27 448
220 419
52 79
1 321
82 485
274 381
213 298
103 431
26 426
163 200
340 481
363 466
8 242
121 166
99 392
48 360
325 364
47 194
159 500
287 426
191 348
148 483
107 144
78 207
205 499
141 224
25 409
227 301
364 479
85 370
50 274
248 284
158 265
12 171
242 278
100 107
420 465
379 411
59 395
140 440
50 127
277 472
231 422
32 215
196 441
28 471
138 365
69 87
13 341
205 294
47 206
160 478
378 498
286 476
209 434
74 331
8 179
267 322
181 457
15 148
107 312
110 327
391 416
335 345
290 347
385 445
25 64
252 381
188 478
129 188
13 240
222 415
28 285
168 435
105 492
228 427
197 399
228 287
84 412
213 399
5 45
349 470
171 383
262 321
189 456
153 404
329 373
85 373
2 375
55 135
231 246
86 377
40 479
16 166
148 215
278 478
51 361
182 492
119 221
86 190
346 456
39 448
324 463
122 380
127 393
165 190
294 314
277 435
193 303
411 478
431 498
277 355
4 491
24 212
215 230
60 451
164 441
44 486
85 266
20 451
119 127
263 432
18 413
61 110
128 415
37 169
190 380
155 313
49 421
42 264
352 476
247 473
119 165
174 441
160 390
48 97
85 231
182 478
216 415
138 248
86 476
273 434
110 255
48 465
19 217
269 474
119 359
5 429
413 438
201 298
137 212
141 246
42 70
198 254
75 194
265 402
103 251
130 416
109 334
250 275
253 441
90 463
12 33
272 358
287 445
124 445
47 493
340 455
249 290
264 304
278 432
247 285
188 378
393 496
224 419
364 488
44 190
167 342
198 236
31 314
129 199
145 403
76 276
244 287
92 431
150 288
49 194
6 268
303 316
69 345
268 410
232 341
335 379
110 448
246 330
73 348
59 192
325 369
27 323
435 476
107 480
179 476
31 415
229 252
38 118
263 388
271 376
81 258
105 363
74 363
222 367
20 311
15 256
87 302
32 174
425 428
366 429
31 66
191 450
344 376
255 447
232 349
9 384
21 225
285 384
48 108
54 218
59 151
88 145
171 253
94 335
164 253
224 397
56 106
79 82
111 385
301 338
178 226
88 123
222 441
56 329
191 408
220 482
429 448
77 355
117 287
483 493
144 284
157 281
10 232
443 481
27 167
92 345
76 382
84 334
141 443
11 20
333 391
96 142
54 184
57 345
372 396
14 168
343 439
33 358
217 252
443 479
166 496
432 497
261 484
194 464
9 293
99 358
352 496
153 313
23 303
7 188
422 451
18 322
128 492
25 240
287 497
95 344
115 272
47 365
289 398
137 217
26 282
83 405
13 406
51 264
424 481
419 497
485 491
294 335
51 340
11 450
232 477
172 333
25 397
57 233
154 221
69 394
132 279
21 185
109 314
376 416
216 492
314 325
43 448
99 335
110 377
389 392
273 487
25 75
19 151
81 467
150 160
110 274
181 500
98 330
6 491
158 260
193 222
58 474
9 375
419 429
103 216
468 471
138 331
276 283
107 315
380 453
99 387
62 243
154 493
16 359
70 173
111 123
6 368
111 500
27 149
220 247
87 437
259 360
438 476
123 455
238 288
177 201
464 473
228 434
98 143
55 268
115 189
174 239
212 489
415 473
62 352
58 127
16 49
2 428
14 429
104 107
112 232
396 478
309 484
55 291
241 361
143 316
94 292
132 235
256 384
231 320
438 441
231 326
384 409
194 498
133 223
320 331
128 278
215 356
72 236
155 409
188 489
178 405
44 440
305 481
53 146
210 449
252 278
46 483
53 353
53 491
153 402
351 479
318 493
366 403
48 218
236 375
25 459
42 266
267 318
125 380
207 259
192 428
121 240
180 336
4 25
129 404
206 349
277 361
164 281
87 436
179 232
280 363
79 450
294 297
96 433
105 491
363 490
244 439
336 434
256 412
191 329
123 360
269 286
34 365
21 154
58 197
84 128
88 439
278 361
50 404
189 200
98 166
77 296
223 352
316 384
158 182
31 178
238 318
5 13
241 471
31 395
13 270
77 438
104 353
220 369
100 370
20 473
100 407
158 289
88 414
262 319
293 406
433 437
241 380
230 298
71 231
208 412
198 464
264 472
324 495
48 318
117 259
13 87
291 481
248 465
293 319
218 400
93 375
258 324
243 253
194 231
278 337
122 424
268 417
124 312
114 173
224 471
105 120
168 238
218 317
332 487
45 357
103 125
179 369
129 240
14 20
52 158
87 186
251 289
83 364
7 41
197 409
185 186
301 325
357 403
214 465
338 464
2 495
224 225
119 222
98 363
102 376
379 463
316 332
104 343
163 282
102 279
175 257
121 175
68 191
181 387
16 190
56 310
262 379
181 379
271 343
195 359
334 386
263 399
152 493
482 486
241 321
362 409
274 423
6 307
63 252
81 498
362 450
338 485
72 488
7 147
402 457
217 229
386 471
321 491
385 464
68 309
156 447
142 240
226 239
260 261
430 449
171 439
44 202
266 333
141 176
207 467
283 331
280 485
35 232
37 375
196 496
363 443
78 323
249 484
382 441
196 209
184 454
150 409
218 245
247 491
354 428
100 154
60 128
27 51
150 300
250 477
316 470
26 481
375 412
25 81
77 297
172 298
379 394
218 233
78 342
273 411
275 315
428 464
151 265
126 402
27 335
322 474
20 258
51 364
365 471
6 472
251 301
23 27
285 427
41 237
179 227
31 411
14 151
284 392
443 446
158 348
292 423
153 221
189 470
84 227
201 322
166 430
238 278
66 211
202 366
156 309
10 169
48 319
126 287
46 200
124 309
53 194
49 453
129 191
128 453
27 437
231 335
91 388
171 295
202 459
99 402
351 482
374 406
257 427
24 475
141 430
86 440
263 287
108 186
213 337
170 172
279 484
218 334
192 316
111 435
265 378
456 489
307 355
6 266
81 469
148 262
41 122
371 420
120 498
93 255
369 384
276 435
39 212
297 398
217 263
222 387
128 362
270 487
22 325
71 156
25 151
320 346
262 328
135 428
379 391
201 456
12 241
43 240
278 389
12 400
217 307
139 370
108 127
378 469
372 408
262 274
56 261
203 490
296 458
80 170
7 415
173 454
253 311
149 294
29 145
274 425
216 306
143 480
267 416
327 432
429 498
203 410
191 308
120 306
43 217
38 432
169 371
1 28
218 461
61 342
128 319
182 350
80 152
45 300
117 268
129 193
95 139
162 197
352 385
55 450
150 151
351 497
126 193
299 486
191 388
136 223
133 189
78 152
161 309
435 456
77 315
25 306
50 344
3 123
257 380
313 487
78 326
31 387
29 116
264 337
3 293
411 440
262 279
3 262
102 182
160 432
47 48
167 491
289 407
185 322
208 431
23 412
42 312
113 388
120 242
378 399
150 176
111 437
160 415
86 290
26 207
415 494
160 257
72 390
26 62
84 310
189 465
51 385
38 203
1 290
330 487
124 210
46 97
135 350
7 353
1 338
46 473
266 323
45 361
123 135
62 177
32 176
16 152
26 137
57 284
200 359
375 406
127 468
232 323
49 208
31 146
223 317
191 453
190 442
109 302
300 401
247 366
5 414
37 397
180 319
145 373
60 132
44 326
159 371
177 431
172 486
304 445
230 302
211 462
52 183
335 444
126 451
33 203
225 433
229 369
102 490
18 228
246 375
311 377
78 193
54 150
36 64
116 319
155 335
209 219
102 275
193 290
58 203
4 452
378 385
149 206
74 106
294 315
298 413
239 471
10 175
363 403
39 73
2 18
55 367
170 204
17 372
39 438
217 463
349 429
48 175
35 321
354 489
95 218
89 103
344 471
223 498
54 462
34 432
89 156
60 213
19 184
370 432
81 472
189 427
226 244
83 355
234 474
240 267
167 471
30 72
166 301
119 183
101 174
229 265
50 136
155 414
112 293
106 123
100 465
170 288
75 481
11 38
113 314
305 458
189 475
142 360
252 304
300 411
144 323
87 455
133 452
10 316
174 358
37 182
94 207
16 247
7 179
263 411
96 160
130 314
136 221
45 250
137 193
139 346
11 190
227 380
87 176
293 395
189 428
283 463
45 500
39 443
153 260
59 73
158 451
248 360
267 351
36 368
103 385
330 454
108 473
16 447
360 389
358 360
26 277
34 37
176 199
186 361
79 210
305 479
303 401
412 449
231 438
26 331
192 381
125 280
61 255
309 375
6 497
75 127
133 442
421 480
57 159
376 396
161 227
196 470
270 280
52 278
297 449
421 498
312 414
50 465
185 242
201 478
58 73
80 394
30 395
210 212
38 173
379 446
146 164
69 231
25 189
10 304
312 315
263 301
309 483
188 476
55 167
62 197
313 390
20 171
89 194
200 461
2 228
54 443
49 67
56 498
408 413
179 352
367 387
60 269
305 496
83 251
167 183
85 455
74 437
273 377
91 202
198 206
42 303
99 233
19 247
308 496
263 386
176 493
374 381
103 306
78 290
199 478
8 497
394 493
175 342
190 305
102 105
264 471
107 208
40 84
53 390
57 226
141 170
114 423
325 399
75 155
77 85
164 216
12 90
9 297
221 454
421 444
20 496
228 454
69 356
265 425
185 246
94 134
10 243
375 410
154 445
220 490
92 234
142 374
29 473
148 339
209 315
190 484
177 453
66 153
188 332
23 309
217 259
222 264
80 248
50 492
184 350
194 253
263 361
253 409
80 100
324 371
344 377
139 148
62 302
125 134
171 471
28 307
170 420
323 362
164 383
283 432
166 366
324 355
183 332
77 426
141 346
272 348
316 355
82 362
40 331
21 474
261 432
157 491
50 435
194 416
469 483
128 378
161 260
8 255
475 486
34 342
229 403
273 492
370 379
87 327
85 245
136 437
171 177
213 255
283 466
310 387
181 230
172 331
294 449
169 231
104 174
231 463
263 346
16 342
120 361
283 413
253 317
104 412
225 251
47 401
285 381
278 356
343 498
102 161
169 174
135 235
209 444
326 346
193 355
372 483
160 472
169 437
82 215
2 359
72 293
1 466
68 470
267 290
284 322
109 298
362 393
48 216
128 440
140 290
74 346
124 313
10 466
259 281
15 334
198 221
310 472
175 307
122 275
109 273
42 376
149 284
203 314
126 221
346 380
193 262
408 498
166 435
55 388
30 81
180 290
397 409
23 245
8 194
330 390
135 169
169 199
188 290
33 74
244 451
273 462
164 460
12 38
234 470
404 408
67 149
97 425
220 271
429 440
182 386
179 262
88 104
301 406
247 394
14 206
219 400
55 394
333 412
7 406
78 154
148 356
361 373
259 326
151 496
234 400
212 309
19 23
19 463
99 196
210 361
155 277
99 429
143 167
251 290
357 434
259 318
73 258
105 276
19 420
444 453
78 130
147 238
123 365
315 461
142 334
249 282
238 300
357 363
56 173
49 444
39 193
52 185
309 458
319 495
251 478
82 444
18 295
80 349
281 353
93 285
79 457
97 430
72 306
30 188
121 279
75 372
19 182
109 354
263 478
121 466
5 124
307 366
238 385
226 303
266 463
40 71
37 125
32 332
125 172
72 432
116 300
208 429
3 120
51 212
363 397
246 401
65 238
93 464
75 158
111 353
404 414
40 220
162 333
69 389
156 350
366 384
234 284
109 208
237 374
227 425
9 147
303 395
105 274
307 396
67 99
439 479
85 154
12 420
57 140
149 454
197 206
239 377
203 328
167 468
93 386
75 104
91 175
233 301
15 196
197 412
115 296
301 472
16 389
275 286
202 396
92 127
135 340
155 282
144 353
53 490
70 232
360 383
310 479
169 441
19 317
29 267
213 214
307 320
71 241
68 281
2 354
21 478
3 242
35 314
268 420
240 310
71 283
129 140
20 390
57 204
42 455
367 372
238 282
206 400
44 354
94 444
86 218
196 333
67 77
5 381
347 500
76 134
262 294
91 212
191 482
220 299
9 416
99 461
8 461
31 321
390 471
132 356
97 371
497 499
259 364
70 279
38 439
269 375
295 471
22 180
2 25
32 459
277 431
363 388
98 222
112 256
160 198
98 295
43 285
343 363
108 483
48 208
59 378
284 298
381 468
5 234
147 462
191 310
1 48
123 395
281 311
104 169
175 372
157 477
1 346
30 120
59 183
147 359
49 434
203 302
184 332
91 412
26 341
256 292
289 372
167 343
104 150
9 264
129 200
383 434
184 249
403 431
435 499
75 412
183 194
212 448
170 248
254 323
74 276
265 397
67 106
63 282
258 333
39 237
65 327
130 320
177 481
186 192
98 100
103 428
203 442
350 380
482 483
140 392
326 407
90 483
173 338
144 372
86 461
139 410
244 302
78 212
42 97
109 376
231 280
227 464
371 466
63 396
112 242
457 484
220 249
53 204
55 239
53 435
353 476
248 338
222 370
83 255
91 194
385 399
201 348
70 250
171 483
2 353
24 440
365 475
130 366
56 335
141 307
31 83
175 406
114 155
128 168
117 173
4 364
271 433
28 429
125 146
339 452
122 332
129 318
154 274
25 164
218 254
167 449
158 194
120 396
162 415
91 300
80 422
96 262
159 257
20 367
145 472
134 455
1 100
391 478
227 248
81 180
25 472
222 453
23 291
49 330
133 208
99 225
217 352
342 481
43 202
2 379
169 173
470 482
159 328
192 199
57 346
386 441
103 268
272 432
113 359
306 371
289 437
31 198
456 481
125 281
94 312
57 450
184 388
54 417
343 446
58 252
300 346
247 341
23 285
3 291
127 382
17 329
46 285
120 424
21 454
115 265
157 429
34 296
268 372
291 379
264 451
79 105
222 309
151 263
171 179
5 112
45 167
280 326
147 279
64 481
87 184
230 284
205 483
169 190
432 441
281 375
323 408
226 432
20 313
147 286
293 367
246 289
313 468
292 383
166 310
63 379
165 178
95 357
3 198
36 420
122 389
208 324
64 72
387 393
173 276
76 298
373 401
336 486
151 165
237 355
294 423
217 413
17 282
33 87
74 164
328 346
47 108
407 445
131 258
139 252
257 353
219 339
367 391
285 353
296 417
117 135
55 418
101 220
144 159
272 325
38 462
350 394
255 486
334 464
129 348
185 196
240 488
211 328
220 362
181 247
92 334
56 374
333 377
244 308
218 451
296 307
159 320
75 108
120 185
372 389
100 310
44 302
209 424
286 306
108 401
350 425
2 296
79 475
205 223
344 369
294 452
137 454
90 444
254 273
13 147
208 350
125 176
11 19
121 411
169 182
193 392
292 436
38 386
275 337
206 447
190 397
333 499
63 148
38 235
20 179
111 386
23 101
36 369
207 285
6 96
135 269
150 342
100 346
166 362
456 469
88 256
124 450
20 51
62 65
28 59
89 355
17 449
27 156
219 240
105 238
329 345
14 297
301 401
16 94
196 406
26 240
208 428
260 429
249 474
306 364
290 311
21 164
7 404
107 241
378 435
58 207
164 414
89 223
323 443
252 311
192 232
9 138
23 160
467 477
148 190
20 347
379 419
247 365
192 259
124 161
270 373
49 118
221 435
24 465
389 395
98 265
45 439
159 384
115 382
28 81
7 111
209 345
440 443
76 392
248 446
365 369
297 427
182 212
156 346
129 483
43 461
283 358
68 439
269 448
243 285
320 439
191 418
37 301
370 476
22 240
260 270
89 488
259 355
196 294
168 237
47 306
262 336
147 236
235 361
150 219
22 312
317 353
478 486
160 273
219 412
419 486
336 385
88 370
180 235
220 281
115 267
139 286
17 459
76 96
354 363
21 271
236 263
1 142
250 281
305 357
286 305
445 448
1 404
271 304
9 251
63 295
114 172
153 451
248 314
130 206
370 422
14 282
171 421
125 288
43 120
347 442
13 179
322 407
158 186
289 492
414 479
211 219
252 325
304 448
55 462
14 291
168 407
229 360
309 400
52 236
34 149
168 388
183 231
137 401
55 141
71 455
214 464
256 265
119 243
58 186
135 219
195 293
176 371
3 286
48 325
93 164
363 372
114 416
144 442
10 474
208 292
77 489
239 496
146 347
251 291
13 224
260 349
160 181
176 197
52 118
210 283
151 372
71 474
74 257
64 117
19 327
135 280
416 478
54 412
305 406
12 50
96 489
333 496
55 143
112 250
11 60
137 197
199 396
179 446
91 172
28 137
116 472
366 435
129 374
11 110
17 398
303 406
66 263
151 191
236 448
9 93
303 421
181 395
293 402
30 440
105 109
56 112
322 376
278 500
96 227
100 477
344 358
237 493
28 418
86 350
56 262
50 394
234 302
118 459
36 391
195 490
59 423
139 272
175 493
124 260
176 258
39 347
107 351
383 457
196 463
11 91
296 397
319 377
329 435
9 364
238 349
106 470
334 360
168 272
35 43
76 250
51 67
61 304
199 315
52 441
190 487
66 391
66 188
289 297
98 367
99 116
78 317
203 387
384 401
277 341
73 82
49 218
27 210
33 481
138 216
466 486
96 286
202 357
306 380
189 387
24 264
26 186
231 244
265 320
310 392
19 374
342 352
166 305
159 239
98 209
30 54
141 303
156 375
31 329
142 183
158 269
348 360
142 476
72 411
163 413
213 430
209 272
206 261
331 407
459 468
77 295
166 252
96 464
252 277
78 283
298 400
203 431
225 356
323 359
98 462
61 405
83 338
58 291
26 299
235 264
152 361
68 175
111 332
207 484
70 341
299 398
266 451
12 412
114 302
157 209
326 442
301 452
169 268
32 442
54 86
317 362
290 461
188 236
148 469
113 494
224 314
278 330
226 371
64 211
32 152
180 428
109 268
178 434
142 150
12 372
7 303
21 193
48 353
315 357
323 444
318 497
260 446
176 196
143 345
282 491
51 428
5 317
9 439
158 460
95 123
267 335
405 498
51 431
61 77
178 207
57 423
60 182
218 406
155 375
94 303
173 370
93 251
27 201
104 359
36 227
284 447
221 352
359 372
133 249
316 319
178 479
264 360
20 427
259 457
149 417
253 448
46 181
384 421
251 277
74 180
199 390
141 492
327 490
338 413
145 183
266 320
213 423
223 405
1 101
116 150
297 332
127 269
345 382
18 236
111 485
96 164
138 457
87 273
27 99
156 335
128 334
408 461
141 316
47 173
330 422
476 477
211 268
267 331
424 428
104 193
397 439
85 368
121 181
121 355
19 355
258 376
5 75
151 238
9 485
21 425
122 405
203 443
375 475
12 85
162 352
169 496
306 379
300 486
96 474
389 499
9 266
142 441
264 487
360 463
150 262
172 466
388 472
8 412
21 387
23 129
30 244
223 404
132 461
7 256
272 351
228 461
16 490
87 447
93 444
254 428
216 448
18 61
6 183
395 440
236 457
52 178
313 402
248 428
308 331
355 388
79 191
257 328
173 226
222 482
209 330
192 202
369 407
112 207
291 306
93 332
146 199
186 397
329 469
46 71
195 324
156 252
6 182
98 391
123 414
80 497
8 233
62 440
284 421
1 166
24 43
104 436
201 399
32 83
287 338
317 365
9 35
43 153
375 387
170 402
188 414
169 212
272 298
201 441
24 253
129 440
257 412
20 78
30 167
29 153
202 447
221 282
85 476
6 140
86 137
269 414
201 287
50 427
112 446
5 481
92 315
151 294
118 320
21 467
101 472
413 461
83 272
299 387
65 228
364 393
93 212
62 463
235 330
224 281
315 412
29 136
61 175
84 409
74 75
64 476
295 381
50 336
86 110
59 102
460 499
81 302
16 95
20 86
242 424
70 478
190 363
131 448
243 485
157 212
191 342
441 444
90 443
105 278
141 340
352 438
349 365
1 251
53 419
266 303
230 311
146 422
123 276
188 399
39 80
208 266
233 325
86 203
289 329
43 71
67 257
333 348
131 472
338 450
119 390
153 403
94 213
303 491
327 445
177 260
221 464
111 212
81 350
151 243
162 419
63 140
48 454
81 194
135 390
253 298
241 302
117 403
440 485
156 431
314 330
318 448
6 147
94 142
190 221
114 315
271 424
152 497
270 414
269 394
261 393
130 242
324 477
70 183
298 389
358 474
60 81
131 264
270 372
112 413
260 304
338 350
39 444
35 350
215 393
113 403
163 165
55 110
98 418
320 431
302 411
9 462
11 310
50 378
63 130
38 485
68 426
398 499
238 403
166 350
81 262
57 459
23 51
59 105
7 164
24 242
119 433
229 476
15 500
315 333
85 150
142 236
75 169
10 263
185 492
18 431
107 354
257 367
313 441
182 426
300 384
161 184
93 345
51 288
273 421
321 473
238 420
87 281
238 459
212 278
89 474
122 145
127 446
21 453
219 372
40 499
194 227
35 298
71 491
164 333
6 276
133 398
167 292
100 174
33 267
37 311
31 287
257 310
211 399
92 464
32 385
59 149
342 494
78 441
28 436
146 323
325 467
105 408
143 494
221 354
57 322
96 306
191 251
206 344
102 309
141 300
83 137
42 340
198 309
175 394
211 348
254 427
345 432
55 498
285 314
2 97
164 423
137 440
116 180
55 292
198 317
369 381
270 358
375 469
412 439
17 443
176 422
53 388
299 303
183 417
172 344
270 279
8 217
15 497
25 356
109 182
132 475
85 118
139 413
328 347
235 337
183 205
6 378
164 334
97 107
282 346
63 479
136 268
115 343
158 304
90 270
190 233
432 483
146 367
201 412
208 259
11 23
81 233
2 41
8 70
73 268
242 452
218 318
319 412
254 345
308 417
151 224
116 408
181 279
272 291
73 117
1 170
352 484
75 324
100 185
215 448
186 213
92 383
31 160
292 435
17 315
468 492
149 185
170 358
232 329
43 220
253 257
163 291
270 499
203 346
127 484
132 251
136 338
385 497
311 438
123 363
14 225
340 477
75 223
336 441
86 236
198 262
232 335
14 55
71 289
255 446
134 135
182 308
195 210
204 427
305 492
81 426
201 241
349 378
43 280
32 413
215 390
181 376
80 179
168 416
252 293
3 295
123 156
182 438
45 464
117 495
147 423
279 400
160 201
19 31
76 364
362 391
12 408
7 250
67 303
135 156
70 71
58 353
220 239
75 156
80 286
342 487
20 297
152 293
94 440
162 472
13 18
65 476
109 227
23 437
7 57
57 380
146 253
96 445
396 460
407 462
251 316
24 417
106 380
142 269
252 295
39 455
28 494
203 385
381 466
20 56
218 382
372 424
136 308
33 211
65 67
243 379
11 289
270 355
94 347
219 301
86 191
115 316
47 437
31 403
125 284
112 246
193 445
121 189
206 369
254 420
357 370
11 307
144 375
439 491
2 32
132 432
211 402
78 481
176 374
225 407
166 372
92 375
235 441
301 396
13 384
93 130
128 391
49 187
130 339
16 286
37 316
87 233
93 350
252 451
165 497
324 343
463 486
102 440
258 481
46 234
13 314
55 407
309 376
3 230
228 409
77 365
313 483
81 373
157 413
189 317
134 329
427 434
227 241
127 131
286 393
115 120
89 426
95 354
191 485
140 439
47 443
209 379
42 442
164 267
348 436
26 479
427 433
347 383
421 465
52 310
439 465
287 414
396 490
69 124
480 499
12 29
158 355
78 158
11 420
84 324
1 88
82 413
85 128
26 284
212 404
122 323
319 414
80 381
42 403
101 374
19 223
189 408
363 395
131 171
27 362
187 497
89 226
68 90
181 332
248 292
120 373
80 276
70 459
430 455
90 283
374 496
45 336
222 280
369 425
191 461
174 316
318 338
310 345
109 446
217 277
107 134
112 411
45 305
239 318
464 495
12 208
247 483
409 434
254 499
82 223
221 479
340 493
13 456
230 252
128 356
182 356
63 223
131 494
4 461
256 454
22 373
45 254
439 446
261 308
128 208
220 400
154 306
87 165
1 19
104 214
182 397
430 481
300 444
136 403
407 457
349 357
80 467
148 475
332 411
65 199
203 444
252 453
118 317
188 406
38 435
168 392
283 400
143 244
127 395
195 321
360 423
106 165
209 224
61 76
452 498
237 422
471 500
157 447
181 452
202 208
51 233
95 254
235 276
437 499
113 186
167 448
244 440
165 250
229 389
364 379
155 464
187 387
110 151
143 189
22 97
76 184
54 128
111 218
337 366
145 306
157 431
238 412
137 241
180 442
248 293
214 328
66 203
455 485
176 251
151 328
252 432
106 273
137 464
308 409
3 92
176 177
203 289
195 476
109 405
209 464
358 378
29 381
159 271
364 426
314 469
193 209
164 453
1 256
215 369
322 442
376 378
336 362
3 162
401 467
75 486
396 433
95 340
119 201
248 380
43 62
8 401
22 89
31 138
115 454
42 198
142 238
409 446
165 441
247 443
218 387
6 429
133 395
315 485
145 263
54 133
80 282
327 456
167 315
23 200
73 141
105 285
126 157
112 279
24 196
204 370
110 217
141 215
131 197
156 180
406 421
270 448
432 468
140 147
123 215
158 412
1 417
282 427
243 297
8 30
348 433
224 486
100 315
128 495
425 475
227 290
98 257
265 306
96 367
7 395
88 227
73 220
330 489
73 451
305 494
93 126
372 478
296 395
12 471
304 379
20 275
419 441
269 473
126 143
150 493
202 383
174 260
62 278
3 40
83 341
165 413
145 257
162 214
38 159
144 414
239 468
200 356
43 499
458 466
261 460
356 425
83 496
16 45
61 429
90 305
20 85
241 294
55 447
53 87
198 288
245 333
105 340
35 148
14 85
293 432
112 281
71 153
395 410
124 156
61 317
22 333
207 221
41 277
360 458
343 376
134 257
299 400
105 383
172 352
75 390
12 335
176 243
82 262
10 352
159 366
132 345
20 293
100 145
62 325
266 441
112 481
151 343
37 434
368 459
78 204
86 103
123 433
297 493
385 476
286 460
87 203
362 496
12 381
214 445
244 479
136 486
334 462
411 441
372 403
370 479
299 417
146 373
56 100
208 380
103 278
64 330
32 129
88 108
55 257
223 363
287 470
67 90
312 379
157 470
3 385
401 460
169 429
240 252
84 352
211 499
110 121
53 295
80 263
1 446
261 435
38 41
1 249
400 415
248 275
146 412
27 69
94 136
233 238
145 457
263 469
113 444
232 247
290 341
122 227
55 351
354 372
95 151
179 427
307 441
259 482
63 470
157 487
255 318
89 288
147 207
130 488
183 268
160 474
381 424
311 434
17 319
203 360
95 382
4 203
191 361
265 295
302 397
85 475
222 483
269 406
53 139
29 262
277 416
410 427
30 94
363 497
90 164
419 454
64 392
67 471
173 416
261 468
175 327
334 397
212 340
26 31
123 493
96 271
214 388
4 191
146 303
76 354
86 125
230 306
13 195
293 440
133 149
39 441
1 288
39 121
149 265
23 37
9 49
125 252
327 437
272 350
45 187
240 297
321 359
65 477
91 419
34 226
238 325
180 385
33 405
58 301
231 264
220 241
49 56
13 43
36 348
50 183
41 204
205 400
45 247
282 460
203 298
25 136
20 312
85 386
71 348
130 266
346 498
6 324
97 157
244 461
62 266
400 422
39 150
107 430
136 433
28 209
59 175
257 321
304 390
156 299
175 234
224 250
291 298
134 422
12 454
301 447
271 483
350 402
142 480
186 210
201 427
391 405
287 379
12 399
403 464
226 236
329 403
141 192
91 125
215 357
31 310
43 55
139 447
118 235
44 324
55 190
190 339
142 340
8 355
241 415
28 153
236 264
236 496
244 322
164 359
47 122
124 495
79 125
213 379
181 232
90 222
149 336
131 366
181 216
39 450
8 299
58 295
128 381
293 311
123 223
107 485
50 374
18 235
124 152
103 246
133 402
46 72
44 410
77 80
76 154
344 379
256 307
131 302
105 208
57 385
174 395
291 364
12 55
164 451
87 178
348 366
14 450
460 462
24 72
297 403
59 347
234 254
1 385
160 469
27 341
301 410
286 496
162 294
294 372
178 383
82 482
20 294
196 314
278 346
66 439
398 454
77 403
407 417
83 434
28 491
25 359
69 248
79 323
22 157
107 215
300 302
130 435
141 223
485 492
66 488
290 422
292 450
68 261
212 378
225 494
21 414
428 458
240 247
32 405
5 308
171 180
7 451
231 370
11 446
392 452
25 95
222 322
63 156
2 80
82 85
204 374
390 427
110 164
405 421
156 168
307 356
398 466
59 468
186 345
21 157
345 489
277 467
168 293
77 131
46 104
272 438
104 292
243 268
99 219
62 174
178 277
19 82
144 343
335 474
167 171
252 480
159 231
104 206
184 230
56 167
74 341
374 478
79 193
257 426
36 110
126 203
156 465
70 233
159 267
216 496
24 372
313 430
292 438
270 366
7 287
276 330
285 378
172 216
178 263
346 491
296 393
7 215
214 435
264 414
84 155
40 250
205 388
162 242
62 276
85 255
83 256
62 468
30 326
233 257
309 370
161 192
76 131
156 377
262 369
330 351
133 500
193 227
68 479
2 40
223 283
186 235
181 446
232 236
78 416
192 269
308 406
107 120
85 257
116 198
48 476
25 398
306 448
35 303
153 229
47 386
56 179
42 323
175 375
192 461
177 476
298 385
11 422
259 386
8 183
54 251
32 487
47 172
182 223
68 458
67 232
189 442
268 469
112 212
383 499
147 157
355 403
117 168
148 304
27 407
151 366
48 248
266 490
302 304
192 296
420 468
9 165
32 479
55 198
15 329
435 442
207 466
59 107
228 446
105 341
86 427
327 416
399 431
57 243
138 394
251 447
18 200
260 410
330 470
9 450
266 404
56 242
1 380
118 121
33 147
85 180
47 329
186 477
92 154
167 497
315 484
64 176
418 468
256 474
122 288
153 450
212 497
26 47
130 403
235 352
27 240
135 247
33 388
355 370
164 275
232 452
273 368
34 328
122 412
198 203
19 467
224 485
31 328
316 487
90 188
464 472
261 379
184 382
49 106
100 292
327 383
92 238
315 378
241 290
225 436
212 393
132 167
248 306
276 370
353 391
16 69
29 428
246 309
14 18
416 481
8 416
313 433
236 303
269 454
26 266
154 375
207 367
273 388
205 361
271 337
28 352
118 254
14 462
159 232
163 342
216 325
128 291
238 254
217 294
173 452
28 411
182 428
153 346
398 399
6 11
108 356
45 338
148 294
26 135
63 65
263 438
49 467
86 234
264 310
245 357
197 210
207 240
89 317
159 425
52 345
164 339
73 158
123 362
292 492
232 423
8 294
341 378
129 323
263 390
117 132
145 172
30 171
149 220
109 252
90 201
110 399
128 403
4 241
224 336
310 313
105 116
349 395
89 168
428 491
197 464
335 470
341 454
271 292
60 100
98 467
126 450
136 316
70 368
23 135
4 76
46 402
103 463
167 457
69 221
329 419
29 483
180 441
188 376
132 145
198 354
302 372
29 297
486 497
459 477
137 425
230 453
188 281
141 311
166 319
282 478
210 494
433 469
152 349
18 406
24 254
78 137
121 474
453 463
48 222
229 249
52 107
196 400
38 464
30 500
308 495
69 307
310 360
98 156
306 357
233 255
185 491
235 242
45 355
36 270
19 76
415 431
9 479
119 498
313 485
264 272
144 285
97 244
156 172
4 164
324 408
124 256
299 496
35 469
296 317
357 484
113 310
367 448
357 441
168 371
140 444
27 250
217 292
268 460
255 257
297 454
346 351
155 433
70 436
174 236
371 438
14 169
262 367
388 447
286 370
29 417
159 375
109 358
21 33
231 269
32 359
210 383
122 357
157 163
90 429
10 265
114 309
132 303
492 499
427 467
349 465
260 308
130 306
122 348
487 494
4 341
417 470
335 442
66 134
25 258
183 476
121 456
265 405
267 455
208 228
134 172
99 242
36 378
136 209
28 431
123 347
444 465
62 384
57 493
296 490
16 225
85 130
3 361
125 327
143 196
117 207
429 433
172 212
179 340
157 466
56 101
327 420
44 216
247 452
129 230
74 355
71 235
113 282
128 283
115 464
179 397
262 359
111 196
47 90
171 213
32 269
15 314
23 241
147 483
267 345
37 452
462 484
224 363
217 309
13 181
108 494
174 357
98 210
197 284
24 485
154 444
233 482
73 296
361 428
349 498
19 433
127 281
304 412
163 220
66 321
235 344
14 120
140 304
288 365
78 186
254 424
60 350
74 259
51 356
95 201
13 422
320 453
43 470
165 230
143 317
1 114
36 320
358 500
47 266
220 314
91 140
187 264
75 87
251 260
144 226
35 277
246 391
364 462
77 337
56 147
91 375
75 230
285 494
110 185
48 229
70 242
291 415
86 475
94 299
187 343
90 185
68 335
196 325
438 467
21 469
444 478
265 375
64 310
348 426
214 251
155 374
99 230
187 335
23 423
162 444
30 386
447 477
176 467
386 428
16 491
259 413
261 421
153 223
331 398
25 210
6 495
326 461
214 434
99 363
174 373
242 314
291 485
244 426
241 325
163 308
282 488
91 496
71 177
118 315
43 253
83 145
95 421
88 258
361 426
300 331
145 335
409 463
40 458
85 104
196 299
155 190
7 280
67 139
73 328
8 484
391 406
372 394
205 268
139 347
43 269
97 110
126 457
381 416
67 134
135 332
115 174
20 283
276 293
51 209
194 429
335 454
171 210
192 339
54 322
17 416
326 343
230 376
318 486
186 476
91 409
11 59
146 397
301 487
138 418
260 500
251 334
73 152
93 109
206 384
350 382
7 124
63 123
124 215
243 500
157 419
126 403
333 413
203 258
154 443
274 337
112 252
97 442
279 290
48 381
148 198
44 102
389 408
228 490
196 291
212 273
62 288
88 202
144 386
339 468
63 464
224 316
53 417
151 301
118 143
63 314
180 192
322 436
54 144
198 471
300 424
234 281
182 194
158 298
391 456
189 350
39 481
113 130
231 499
319 454
224 448
156 426
115 495
26 477
1 229
116 410
181 475
74 168
162 500
19 292
438 482
478 485
125 313
180 254
231 268
163 371
239 249
188 268
290 386
225 324
235 268
424 433
353 421
64 467
137 486
160 452
77 449
76 287
30 47
10 70
384 498
376 410
119 146
175 477
48 311
205 328
74 308
204 443
29 286
47 201
279 457
277 438
263 332
176 291
46 241
131 278
190 310
134 276
150 231
242 320
191 312
189 392
352 376
236 427
113 250
30 276
389 467
288 428
184 419
317 414
128 225
53 159
244 478
28 463
128 483
155 344
72 172
176 451
290 343
194 201
98 276
59 271
70 135
255 496
264 480
456 470
121 161
27 311
93 468
29 293
201 491
120 210
154 417
2 147
170 231
177 380
339 387
8 376
343 500
82 425
310 311
52 362
53 75
237 345
183 452
87 487
299 490
134 462
411 455
11 492
34 371
43 447
90 373
219 391
224 323
304 333
187 383
58 211
371 412
263 436
40 277
96 279
30 392
272 489
98 268
78 187
136 395
267 373
187 351
330 402
291 326
140 335
261 409
332 442
238 305
146 339
13 479
419 485
188 323
52 472
132 414
202 475
14 255
286 472
99 178
152 199
56 68
47 302
256 449
251 350
23 433
83 229
183 488
233 488
155 489
336 409
40 389
32 119
84 202
35 418
195 278
10 499
157 166
163 481
78 353
322 408
62 376
148 411
154 175
180 207
35 351
6 160
176 431
346 453
155 441
96 303
231 275
102 466
291 453
394 482
38 369
305 384
173 192
106 182
107 169
344 489
134 441
125 429
80 291
49 241
413 462
119 174
53 78
177 188
136 418
206 481
149 498
58 374
108 358
218 467
335 337
28 267
234 442
265 278
182 343
97 429
175 465
97 417
141 190
51 53
59 283
354 415
8 73
215 395
122 204
128 389
265 417
201 366
312 346
104 484
3 300
186 271
83 99
110 336
69 388
20 112
330 484
205 311
424 496
127 321
222 238
329 342
136 440
288 340
401 457
356 417
188 459
397 489
40 79
142 327
128 422
168 444
22 260
102 312
134 443
380 421
272 313
186 240
106 432
239 365
423 493
290 467
258 380
98 178
371 439
109 486
120 316
62 259
39 201
76 448
135 483
386 444
308 374
358 439
61 497
35 127
258 280
112 379
244 338
67 425
151 241
379 431
40 383
162 435
106 131
90 105
294 439
141 359
284 467
374 489
393 474
135 440
200 479
119 298
100 485
157 169
109 188
264 438
170 298
166 330
34 251
195 420
281 349
109 421
109 324
10 254
43 420
250 274
401 498
243 407
133 258
143 221
253 440
64 402
436 486
60 374
172 259
86 141
17 466
51 52
195 488
86 383
53 217
196 481
170 350
49 69
13 385
201 500
188 343
119 325
21 86
278 396
30 389
3 324
56 474
7 108
163 399
69 481
210 271
196 222
168 220
158 365
104 461
14 304
87 363
170 254
127 367
150 343
142 273
117 481
99 395
294 447
74 281
52 311
87 117
213 377
275 325
434 495
70 351
372 407
220 308
66 240
443 496
51 201
345 412
4 351
371 433
91 305
231 321
265 429
217 433
87 355
103 250
314 323
135 157
107 131
149 232
63 331
27 320
2 290
289 385
20 335
193 469
160 278
250 295
94 233
56 460
10 173
13 228
81 375
322 328
253 342
168 489
241 271
146 399
183 345
257 386
117 378
297 452
47 495
132 464
202 498
114 199
16 60
93 398
31 340
154 262
324 459
114 434
148 404
67 126
10 34
343 393
387 396
48 262
26 212
14 61
212 473
18 215
260 401
80 235
57 116
404 416
225 264
201 232
291 365
8 199
190 195
177 421
296 314
138 409
305 371
81 372
198 475
142 198
18 32
109 267
208 352
114 238
80 367
77 388
91 188
15 89
107 453
45 103
2 113
5 198
426 488
85 208
239 344
137 434
43 442
118 491
399 493
107 298
219 483
360 371
127 171
176 317
107 219
158 477
79 313
165 204
142 354
159 274
304 496
238 481
9 367
337 450
6 270
368 475
194 477
414 461
179 467
103 249
25 316
57 452
9 326
207 433
332 399
62 221
5 32
32 387
21 354
486 496
35 105
90 277
266 467
242 357
10 154
170 411
80 346
89 157
164 231
257 413
131 193
48 339
13 498
136 475
67 177
27 349
335 342
8 411
115 373
275 407
144 189
209 363
154 475
85 320
66 399
151 312
35 192
38 431
339 448
255 286
404 410
69 275
104 362
77 292
347 353
124 206
358 461
118 408
273 500
180 389
122 461
83 181
90 418
9 223
17 25
85 286
355 456
219 251
156 240
73 275
82 187
134 307
272 376
115 389
25 132
210 382
243 251
371 485
373 482
94 457
228 400
1 33
63 451
119 369
2 144
218 221
252 449
105 299
180 466
145 317
72 495
60 290
144 349
161 456
43 241
230 392
25 454
29 167
275 380
88 329
181 239
178 196
401 438
24 50
225 295
10 247
61 397
404 445
178 369
168 461
245 380
434 455
104 499
67 251
83 116
69 187
36 236
87 290
24 65
381 495
111 403
85 131
240 285
25 292
56 344
72 95
137 381
314 443
193 293
206 237
128 491
13 315
139 416
329 444
127 444
367 417
292 338
312 364
24 285
55 335
193 338
359 485
199 271
451 462
64 242
29 290
198 492
74 184
2 199
159 248
223 273
191 363
108 191
183 306
391 463
44 438
200 332
74 161
335 417
96 213
49 82
192 390
193 481
234 386
50 386
262 400
437 462
149 361
155 315
121 163
52 89
284 483
56 321
265 401
2 320
160 388
32 346
9 213
261 413
61 74
256 283
53 447
68 160
143 355
391 460
217 240
33 191
34 479
80 427
371 418
22 458
40 197
219 443
230 463
322 491
306 417
257 392
35 423
140 495
122 419
211 213
83 178
66 208
166 251
382 483
105 448
50 218
142 429
183 262
72 408
341 419
7 430
225 330
175 267
317 477
365 490
103 298
248 273
94 462
127 320
245 390
67 144
191 298
122 437
306 345
219 429
5 332
80 418
130 404
420 461
349 412
228 254
284 305
27 117
25 364
70 187
386 395
10 46
388 497
165 240
116 411
18 197
317 498
12 338
267 468
48 341
50 326
74 230
151 451
191 500
194 268
63 118
406 445
228 401
194 402
427 487
68 303
107 468
8 218
59 373
94 143
22 116
78 462
33 271
115 264
61 462
247 454
258 351
47 109
59 388
23 252
56 166
67 189
262 358
360 361
56 377
186 193
296 439
158 447
16 214
81 217
125 339
227 455
261 368
46 55
290 418
50 320
100 124
80 466
270 292
10 80
304 349
176 261
18 427
217 293
236 352
465 494
142 270
48 125
138 297
142 221
4 256
23 483
176 234
204 274
283 401
149 329
181 490
275 450
90 389
50 371
263 296
392 449
17 356
106 339
213 314
173 384
70 188
213 237
48 244
46 112
94 414
207 336
247 435
33 389
21 220
18 332
302 355
120 256
151 453
360 443
133 313
186 358
156 490
198 229
194 309
31 388
93 288
188 357
272 338
161 223
174 306
36 328
245 331
21 163
49 172
117 201
353 471
235 363
40 187
164 391
66 267
298 484
289 393
109 226
36 352
12 92
25 109
69 466
267 391
106 328
182 407
47 371
139 496
250 482
71 146
65 475
7 199
293 450
251 432
234 354
153 314
259 481
287 333
151 427
22 165
248 425
27 435
165 257
18 110
422 478
289 424
229 317
249 393
265 500
234 339
118 128
244 447
23 289
155 457
274 397
94 205
64 428
234 364
222 236
173 245
281 357
223 244
90 143
230 394
289 473
69 171
81 407
239 405
105 170
191 284
221 236
240 377
149 216
88 252
86 470
8 9
139 472
227 243
246 452
25 209
416 476
378 459
183 287
286 495
387 433
315 479
74 237
144 153
353 360
50 339
128 263
382 413
113 390
192 435
22 24
290 490
425 477
119 192
46 453
152 431
6 459
185 243
16 456
327 430
304 372
94 293
13 358
20 444
118 319
263 451
139 227
350 404
233 347
140 198
27 309
339 472
168 292
63 297
15 308
319 349
123 238
48 333
204 399
26 151
336 452
376 387
47 119
198 436
308 332
422 488
74 218
3 83
2 176
319 451
187 267
216 328
35 182
143 148
420 481
159 296
99 186
48 237
459 485
75 435
23 185
183 243
140 233
385 485
427 498
236 426
208 461
47 299
25 36
304 397
209 406
45 496
189 325
282 306
21 330
222 417
292 495
175 301
275 465
60 185
101 325
16 42
116 432
210 237
39 56
172 433
278 452
75 137
139 285
39 403
146 273
263 283
222 291
196 442
199 251
303 460
24 154
60 423
126 299
235 461
12 438
37 195
130 322
45 297
297 439
81 382
122 260
81 260
307 499
157 280
72 477
124 326
156 203
372 482
385 449
220 259
342 383
91 241
410 458
246 376
234 492
33 450
156 191
8 287
9 373
401 412
21 56
134 480
63 173
54 277
199 273
8 357
131 140
167 402
59 381
66 316
62 133
40 126
240 369
91 151
37 256
199 300
338 472
205 286
117 165
31 375
434 470
83 166
334 456
100 338
115 478
363 431
466 474
64 350
137 355
193 477
146 234
180 492
402 484
145 410
301 432
366 490
120 481
142 166
175 486
327 381
372 387
44 375
331 381
130 135
85 481
225 446
7 370
55 316
234 417
145 496
153 337
138 388
317 334
75 183
68 164
335 436
14 294
62 348
215 493
385 438
77 263
49 371
22 321
251 381
389 451
365 478
227 288
256 334
375 451
10 387
112 157
96 462
154 196
340 479
443 473
268 276
59 196
114 387
27 281
107 170
154 259
246 420
318 456
116 123
212 317
473 483
191 292
381 440
151 412
392 406
138 441
146 284
176 455
55 327
113 292
212 397
187 229
169 353
97 313
238 388
158 244
168 355
9 333
289 353
114 128
131 138
320 366
77 120
201 493
18 107
186 272
255 328
27 425
128 224
99 137
341 453
148 434
379 460
65 181
95 176
96 466
94 124
332 353
38 436
315 487
15 481
157 424
62 101
57 277
194 480
90 486
288 463
303 490
159 204
3 357
88 319
128 216
362 387
143 282
138 355
268 441
60 433
70 277
84 296
30 80
66 372
297 298
313 397
232 406
188 314
86 157
173 392
75 413
465 478
312 368
282 463
266 346
199 206
158 306
17 314
199 465
5 267
76 225
101 385
295 457
159 252
199 297
51 280
87 262
351 463
149 330
53 81
183 427
130 180
85 88
292 367
36 392
322 373
379 466
76 379
167 452
102 362
76 472
80 138
290 319
11 401
11 156
199 444
12 194
211 388
399 441
4 405
242 466
184 279
5 376
383 452
455 492
114 132
228 244
116 402
249 400
146 249
30 267
40 290
240 492
180 197
188 248
167 426
224 383
276 451
231 331
131 345
374 463
244 341
183 492
316 373
151 384
291 465
76 162
75 113
107 251
152 365
439 469
251 414
127 327
301 477
235 282
283 285
362 485
94 225
265 275
188 334
273 316
277 380
24 333
45 393
35 194
16 41
86 292
138 436
432 494
130 440
135 262
232 255
121 329
366 413
2 168
260 364
13 80
131 259
46 393
489 490
114 450
30 36
119 196
113 177
94 291
355 495
70 230
6 442
81 482
6 323
138 427
277 338
94 383
93 165
140 396
133 335
118 162
424 478
65 137
65 326
6 444
255 412
158 205
29 54
130 360
174 420
175 446
10 203
201 416
80 196
192 303
111 132
199 294
119 319
363 373
228 307
343 366
70 101
233 390
34 468
35 158
140 157
134 187
45 491
169 484
270 294
60 240
92 157
371 397
219 259
108 159
290 454
150 351
28 458
459 500
111 290
76 119
115 340
191 332
103 288
330 377
119 148
202 233
136 332
121 435
96 244
8 39
32 197
152 338
106 289
103 283
292 369
51 347
138 201
368 463
200 335
166 286
133 230
186 223
1 389
237 268
340 497
57 288
16 392
258 312
149 459
124 143
141 252
15 432
381 386
98 456
138 358
10 322
50 202
136 257
311 498
47 239
138 263
66 297
357 485
113 393
340 381
264 461
186 279
86 226
35 238
280 336
110 484
312 375
240 351
77 353
254 364
290 317
85 317
111 315
31 127
282 335
140 408
200 259
264 485
159 482
172 268
67 266
233 446
238 262
41 227
275 453
115 346
357 359
2 402
278 377
64 451
152 288
186 278
115 433
231 338
192 255
25 62
173 194
111 164
374 480
24 350
141 467
162 350
322 427
118 175
90 398
206 247
215 388
286 349
156 275
264 400
104 146
133 488
229 274
291 466
121 439
180 403
395 451
142 362
109 339
25 282
220 476
49 53
122 151
269 294
445 476
272 301
116 461
117 354
62 136
46 302
158 258
369 386
490 494
197 452
128 179
48 77
122 233
61 455
56 291
120 163
131 135
138 443
120 437
307 370
49 178
104 124
101 355
156 171
91 209
135 177
296 448
213 284
54 309
37 399
263 309
220 485
122 164
97 186
412 462
122 439
236 484
17 169
298 310
219 226
243 246
207 323
134 489
247 261
126 290
72 184
118 249
102 290
35 343
361 478
241 394
133 336
5 72
148 441
244 456
340 474
64 356
194 365
30 110
237 257
93 451
178 260
271 348
260 454
360 456
218 372
89 276
469 493
297 458
272 329
129 408
56 228
174 335
318 473
344 345
268 493
252 454
207 419
18 498
134 401
367 471
110 483
32 324
111 426
111 409
421 478
191 451
211 300
213 340
180 494
187 237
285 357
231 384
336 375
16 208
22 370
22 411
121 157
141 301
67 194
178 334
44 463
204 343
176 489
113 396
8 449
25 371
166 492
144 157
211 452
368 426
130 390
78 452
307 395
365 380
42 298
430 433
27 111
269 324
297 305
12 499
332 447
289 433
131 468
119 139
299 475
278 297
113 349
126 466
88 156
263 348
39 48
86 362
330 420
110 296
63 333
109 450
43 48
96 292
362 439
121 393
336 342
235 257
241 467
215 344
373 444
201 274
102 305
105 355
116 238
221 271
413 454
397 426
110 341
76 183
245 339
132 308
204 284
11 61
70 199
60 492
120 126
97 464
183 250
17 390
6 389
19 473
159 478
128 250
105 227
175 468
328 397
225 422
15 54
252 312
73 491
144 290
359 410
15 129
133 285
442 462
239 339
215 401
276 364
27 365
41 100
68 229
244 326
16 35
145 437
457 478
93 333
468 474
10 44
26 297
141 249
199 376
82 127
58 338
176 230
11 195
213 343
35 202
110 115
89 283
227 311
95 311
141 390
37 396
133 169
64 303
110 375
171 394
303 461
245 456
382 400
15 38
5 248
26 126
26 357
284 427
251 498
438 491
173 463
7 117
88 152
142 276
251 400
243 453
79 360
221 312
48 254
191 304
38 109
211 341
203 335
298 347
74 212
103 177
60 408
172 447
21 303
244 392
120 181
198 454
85 157
37 267
240 444
133 384
125 349
104 372
70 226
91 219
27 461
208 419
38 306
3 113
281 463
32 84
36 134
134 150
12 167
237 492
175 373
333 334
317 496
283 327
179 285
183 379
128 309
377 437
168 296
47 342
82 146
184 253
223 232
218 394
49 454
167 338
48 154
308 428
336 500
7 98
115 232
129 368
305 392
373 477
224 251
232 494
253 365
458 489
66 229
352 373
90 303
14 433
145 201
171 438
2 7
248 280
70 451
22 160
32 368
136 385
106 252
408 480
100 467
120 330
430 447
14 87
95 106
99 200
244 288
117 320
252 352
32 437
357 408
156 387
45 273
129 442
193 444
187 238
160 430
460 477
134 382
22 342
46 134
91 361
307 384
74 217
114 325
213 478
388 482
41 450
68 485
421 433
54 300
92 256
48 474
133 210
330 450
143 342
168 497
196 334
121 210
277 424
359 448
344 442
203 300
80 184
172 401
1 250
4 486
82 481
418 449
61 476
62 234
246 291
204 415
29 341
119 500
18 48
175 291
61 403
2 175
47 241
11 362
166 359
373 456
94 99
18 287
110 276
127 289
169 184
65 331
34 491
309 472
130 458
112 162
249 252
29 209
73 243
472 478
43 132
128 366
229 356
180 398
93 378
121 153
73 388
261 405
198 278
49 121
448 491
281 443
21 471
435 462
182 466
69 477
84 438
327 414
265 364
46 147
66 334
21 408
193 370
280 366
9 329
285 379
166 385
273 379
158 448
220 415
142 282
241 286
122 350
126 375
276 374
326 451
224 264
194 298
228 315
227 273
383 474
13 99
173 495
109 434
170 270
284 437
317 361
159 275
154 392
122 443
105 244
489 500
152 418
37 137
200 419
266 420
73 265
326 334
17 220
167 280
323 494
254 328
220 495
207 249
293 457
38 62
16 183
131 347
368 448
33 391
110 478
348 378
128 405
29 302
318 403
398 427
316 450
226 446
73 236
222 298
141 351
171 284
272 479
80 476
151 318
200 231
201 323
238 373
82 364
155 463
56 437
53 90
48 418
365 484
197 320
83 393
253 446
268 280
96 405
348 451
270 282
64 200
4 206
248 252
372 431
135 233
300 348
55 258
401 445
343 416
15 307
153 308
227 391
220 327
208 449
86 170
102 394
217 451
175 235
95 287
64 433
37 238
15 398
2 29
261 485
39 76
106 401
101 111
371 416
235 318
180 316
86 410
82 340
53 309
160 164
90 124
30 359
122 149
205 439
26 332
34 101
40 188
93 205
1 306
390 462
226 489
422 455
229 415
53 357
286 361
1 457
349 352
17 50
73 230
3 343
103 144
26 108
163 170
223 429
22 300
65 153
32 226
307 484
152 468
59 84
176 476
304 320
52 453
36 294
104 498
154 293
244 454
76 342
168 345
383 454
18 166
71 129
100 450
225 277
108 176
220 389
257 341
32 451
57 317
309 470
166 326
30 128
420 426
79 310
275 499
20 174
46 221
171 499
192 338
248 443
334 368
54 403
227 305
258 272
175 450
419 438
106 479
204 347
265 361
83 275
200 355
192 394
53 63
271 349
15 292
400 421
255 413
482 484
158 371
35 265
396 437
28 225
30 226
74 264
178 437
38 42
129 169
139 412
460 486
175 189
75 262
111 454
303 368
69 472
81 253
96 446
120 409
245 423
411 445
435 461
363 396
106 325
218 380
64 151
196 251
341 450
199 266
121 172
128 486
237 408
156 267
74 494
12 220
92 499
1 91
123 490
276 285
123 178
45 199
124 462
320 429
111 476
52 305
228 350
49 102
90 141
162 431
89 149
83 163
79 462
167 197
20 24
243 340
146 200
243 433
40 388
58 264
70 137
34 239
190 338
177 372
118 456
78 84
184 436
120 399
389 463
55 67
214 500
125 342
269 328
26 391
2 470
128 144
80 162
162 382
16 162
193 285
2 500
44 94
45 105
69 249
131 478
485 500
143 223
407 428
124 163
285 366
104 453
15 239
103 175
162 176
69 479
288 331
194 436
111 124
51 456
60 287
90 433
7 244
145 358
43 489
116 474
35 271
87 470
409 440
93 480
210 410
45 194
234 287
32 227
182 261
317 417
191 317
44 80
327 382
16 219
26 305
318 377
367 466
19 123
341 421
416 498
106 133
184 317
263 286
258 316
164 328
117 498
290 387
424 495
33 323
261 430
340 342
240 346
229 465
274 418
70 361
72 279
66 105
286 366
178 222
141 164
346 382
90 485
234 355
37 367
158 275
310 463
81 433
348 351
200 393
315 462
46 324
81 448
84 120
83 388
141 308
6 477
198 393
471 492
6 466
309 378
284 360
10 414
91 465
231 479
377 408
126 436
69 286
288 363
165 183
53 192
246 374
272 418
51 85
311 389
186 399
150 302
105 380
31 337
57 246
236 322
98 313
223 274
105 228
229 485
407 470
34 347
340 398
339 354
212 228
252 472
140 315
276 478
42 288
289 431
293 426
48 60
99 484
296 440
92 141
222 497
102 361
116 186
218 333
93 167
10 436
17 241
49 55
91 441
181 329
86 116
301 450
217 256
14 468
442 471
263 331
24 427
9 421
62 271
220 378
106 262
33 432
68 233
157 311
463 471
113 490
121 350
327 397
211 288
110 166
54 107
208 234
103 497
185 365
290 399
84 142
65 376
107 210
130 321
70 353
172 275
22 499
29 259
427 471
245 442
52 233
21 93
345 384
43 89
14 110
384 400
221 423
205 479
162 496
357 362
207 294
37 383
178 278
34 291
71 89
180 446
260 334
108 488
387 431
442 494
305 366
76 373
116 467
150 428
191 429
128 441
217 355
83 343
104 466
367 399
412 432
342 351
34 390
19 105
335 416
104 386
159 324
299 406
190 475
50 205
271 371
159 190
86 183
190 446
218 265
143 202
117 162
227 458
70 445
96 379
224 340
29 127
112 271
46 396
212 291
143 478
118 442
206 291
307 385
65 311
100 482
120 319
12 270
203 311
7 311
265 497
56 252
164 174
96 133
166 275
26 453
79 240
232 500
364 415
20 341
384 486
220 292
80 322
190 315
107 451
212 267
315 444
108 203
252 289
49 254
83 156
35 413
363 480
206 251
162 163
81 459
265 427
108 130
368 391
121 389
150 433
290 345
474 480
89 280
228 335
54 63
415 446
1 315
105 430
247 475
363 489
42 362
132 222
32 43
30 354
9 67
229 459
210 404
9 317
147 341
232 432
188 272
10 470
118 401
191 406
163 290
199 460
34 485
208 300
258 485
369 397
323 422
154 201
36 393
75 329
281 496
196 252
145 380
215 471
163 313
104 345
91 473
233 292
400 442
150 213
163 454
54 345
446 453
22 334
266 413
237 239
191 435
358 361
427 483
104 289
178 305
174 494
274 378
141 266
269 310
73 270
12 380
164 484
269 285
324 472
249 255
11 467
31 258
209 481
323 482
42 180
375 456
426 468
5 386
121 398
59 338
292 316
15 94
316 381
290 305
61 448
228 245
37 352
71 386
134 207
241 335
5 261
208 312
107 342
203 315
363 444
85 322
25 119
449 495
294 469
9 161
10 395
101 461
119 393
59 116
171 262
162 332
146 149
117 367
289 468
215 336
45 77
54 140
16 412
147 260
125 324
191 210
12 128
257 350
6 374
308 405
157 313
35 384
237 470
94 214
74 489
436 465
374 499
109 360
250 492
70 268
42 364
150 186
212 414
91 306
209 271
4 289
217 466
176 394
69 320
372 445
47 99
1 376
284 382
225 301
4 477
77 416
412 457
191 379
80 158
304 329
85 292
45 280
465 476
79 174
83 398
373 406
13 374
57 398
192 221
106 329
8 113
107 126
331 374
186 208
170 463
20 349
218 308
5 91
39 500
105 384
197 203
296 316
367 402
344 461
1 171
173 379
127 210
157 426
375 485
124 368
75 206
184 462
27 259
38 451
39 206
236 489
25 402
60 147
141 251
21 138
440 455
5 14
249 318
96 143
124 430
204 410
283 391
226 471
165 255
114 489
96 419
469 499
242 270
74 229
57 158
24 159
362 382
5 384
160 298
119 259
237 287
13 398
109 477
234 372
407 499
196 306
227 351
142 204
316 333
4 433
7 347
194 313
71 201
181 375
18 340
232 254
172 232
36 455
320 495
304 359
235 379
146 185
130 415
62 488
142 192
69 188
104 344
5 155
244 474
166 437
76 312
144 228
439 496
58 97
349 478
151 407
29 57
95 146
329 412
2 167
226 334
51 183
409 436
27 183
39 81
127 168
240 319
72 204
297 438
130 345
5 492
173 175
144 347
69 94
168 212
286 344
52 265
176 288
275 334
416 489
88 275
70 200
244 469
282 401
64 160
142 283
232 288
34 384
69 247
362 440
260 426
32 92
201 378
278 403
252 415
302 378
374 466
46 441
189 356
282 370
151 184
96 301
155 444
37 139
257 264
136 266
97 427
204 320
26 52
372 454
62 202
124 184
79 332
104 252
391 468
96 114
165 242
131 198
141 302
152 457
400 497
226 439
278 476
265 478
239 380
282 453
11 406
387 412
163 375
260 498
197 410
113 424
29 362
55 182
330 476
80 176
196 259
232 338
190 460
315 350
98 421
144 357
249 426
396 420
290 459
34 383
14 80
367 469
54 342
73 401
16 21
36 300
15 201
44 500
155 297
81 303
360 446
263 467
320 499
30 45
150 291
198 432
108 265
133 464
9 434
328 437
179 383
46 321
203 218
285 298
6 168
329 446
138 238
313 475
234 490
312 455
393 422
225 449
49 81
11 106
194 413
36 196
217 422
53 80
36 359
82 155
77 461
100 434
331 463
102 476
116 260
284 387
272 447
14 302
56 364
30 106
356 436
131 481
197 486
148 248
120 236
332 481
12 459
22 172
129 432
56 484
31 305
82 265
190 240
67 433
249 331
1 294
342 358
41 192
252 338
207 248
149 386
169 216
62 146
36 408
311 315
208 357
166 403
51 230
332 422
91 317
97 308
217 487
66 412
227 312
357 383
145 499
290 378
134 308
223 333
35 294
271 425
220 467
162 260
187 230
24 295
158 372
202 341
176 247
366 422
80 137
320 372
343 379
206 406
88 457
2 462
247 405
126 153
65 110
60 354
81 125
8 40
221 347
25 311
38 263
69 409
94 435
259 437
261 487
217 360
77 146
336 365
3 341
8 18
48 144
243 356
443 465
246 450
292 311
292 410
20 428
64 328
290 450
37 405
152 451
354 395
194 198
242 349
12 428
229 314
104 285
298 306
228 457
119 228
285 426
329 375
100 461
149 349
41 486
139 431
142 185
189 357
282 348
127 179
35 459
12 486
94 237
29 394
30 376
290 448
92 161
245 400
66 290
132 458
36 94
300 464
85 110
294 475
178 299
478 483
73 240
96 99
38 347
84 209
147 390
99 466
142 146
420 434
242 420
233 396
27 358
285 386
86 260
474 487
61 250
163 379
396 491
53 180
174 450
250 434
143 375
238 483
113 312
316 375
33 135
197 405
233 387
98 429
243 354
166 380
112 370
54 136
114 338
86 359
204 250
254 440
31 373
305 330
238 476
6 125
108 434
252 393
49 380
49 151
19 77
188 294
62 293
102 217
76 390
51 458
5 16
291 480
434 459
288 445
328 491
308 448
32 36
326 375
130 191
382 395
200 385
69 380
143 267
53 300
332 363
293 419
120 213
238 264
83 474
362 481
275 432
176 408
407 477
64 496
188 440
35 178
210 492
123 358
134 348
112 181
202 249
125 500
148 459
51 236
1 456
373 469
171 325
126 225
1 116
294 484
351 388
124 177
24 385
51 380
134 161
435 459
186 376
17 190
29 386
144 430
60 327
134 281
178 183
34 53
148 240
262 309
89 413
132 472
72 159
133 454
51 134
178 244
66 78
209 306
85 302
427 482
327 361
111 305
103 491
96 312
301 444
477 482
90 273
167 276
146 453
115 312
136 282
67 320
244 489
186 211
152 231
180 286
84 445
215 447
49 65
214 263
96 234
39 465
144 328
17 380
354 370
74 370
417 451
18 111
82 92
166 479
134 345
238 436
174 212
181 388
173 199
317 442
323 368
244 344
331 415
137 320
284 410
208 315
146 375
55 306
12 467
251 419
241 284
166 417
269 348
10 325
104 370
11 472
19 202
72 361
251 371
95 119
75 121
100 491
21 400
161 233
236 248
195 198
241 432
262 435
110 215
11 54
229 341
453 481
8 340
71 396
65 235
89 421
239 383
365 498
13 54
139 438
16 338
94 216
52 145
162 401
115 121
222 399
20 442
25 171
29 130
344 365
278 301
10 236
244 410
296 445
183 364
306 382
242 408
168 297
73 98
280 343
22 283
56 379
108 319
143 241
5 402
77 282
210 388
147 416
98 229
215 275
329 357
79 114
23 441
269 382
78 384
67 329
277 390
204 409
4 305
62 290
17 200
58 223
169 202
199 308
3 63
53 485
310 493
118 400
66 241
155 283
330 435
380 406
22 448
77 377
211 352
86 439
144 214
259 429
114 425
2 61
29 35
148 238
155 411
7 399
427 481
48 463
51 170
41 425
358 418
123 376
91 331
164 426
160 334
31 174
398 491
40 180
191 334
285 421
57 290
152 427
151 275
123 264
401 472
137 190
121 449
71 464
267 385
71 237
154 255
335 422
56 357
137 333
397 440
38 270
213 256
382 406
304 414
7 198
24 356
79 443
10 256
308 359
245 419
121 491
72 317
61 436
342 458
103 318
82 137
87 406
58 393
237 489
43 72
230 316
63 89
119 162
186 384
174 250
63 169
130 457
154 224
6 228
307 448
48 110
257 334
160 245
50 346
39 495
97 214
20 272
34 56
44 432
413 440
65 405
168 299
103 159
34 329
172 407
51 234
128 218
134 285
49 344
311 368
259 436
54 355
331 411
427 463
183 213
191 233
125 206
244 427
18 127
55 223
72 454
218 392
322 396
258 319
137 455
44 186
67 206
207 257
405 426
236 437
421 466
3 492
87 489
67 307
206 306
222 320
154 415
112 284
30 290
195 202
33 446
4 52
24 176
443 447
56 337
184 470
188 341
94 232
42 155
75 490
324 333
292 340
400 417
245 247
27 331
331 354
77 310
223 259
352 470
288 458
156 210
363 391
104 197
54 442
52 117
41 214
411 433
323 428
65 452
51 401
118 340
216 416
324 458
245 248
408 409
294 323
19 291
404 470
56 277
110 303
9 342
81 357
181 208
240 341
216 367
91 399
483 497
251 306
109 221
265 354
267 415
26 370
53 321
277 368
207 393
315 369
89 498
399 407
390 437
78 410
239 306
156 158
323 386
246 393
196 300
42 73
204 278
272 345
13 495
234 403
43 263
103 205
3 367
68 418
434 467
239 287
208 365
241 254
112 424
405 487
260 450
177 330
69 462
271 493
344 356
48 98
71 155
169 219
32 168
2 74
69 191
101 167
336 489
208 232
392 483
126 257
22 269
413 417
199 391
225 318
237 305
13 334
164 432
109 168
33 371
465 473
47 101
125 425
7 414
420 475
107 267
88 113
155 455
134 408
26 378
35 210
54 302
92 303
31 472
57 487
237 445
73 267
292 388
71 79
232 245
115 303
102 289
81 282
309 408
203 440
76 206
115 415
43 395
164 189
103 319
319 432
112 170
94 422
197 448
51 362
94 442
83 286
68 199
74 189
163 231
339 379
17 212
148 369
295 438
20 324
172 405
311 326
97 369
9 177
45 136
6 184
7 240
200 287
32 53
42 492
364 500
268 398
145 412
187 453
156 428
162 374
144 265
249 471
233 270
38 186
169 337
44 280
271 440
440 441
421 488
70 254
3 333
266 438
347 443
264 436
31 155
417 435
288 419
289 474
342 407
101 439
339 411
134 440
214 493
104 337
158 367
89 500
210 326
282 400
114 143
89 478
76 231
241 457
430 444
286 498
61 425
5 210
235 410
50 331
220 441
214 380
234 309
202 489
272 413
149 370
332 451
118 481
58 370
196 265
111 139
227 366
231 301
267 434
175 362
1 247
85 316
95 120
102 243
235 480
48 379
89 410
221 476
156 448
296 461
36 409
186 310
93 124
45 371
185 216
329 453
374 442
332 459
225 308
223 369
376 488
39 69
202 399
305 345
118 252
10 167
61 479
289 496
67 116
232 308
211 433
269 273
318 468
14 51
3 196
387 483
393 428
87 235
21 165
139 478
43 415
230 265
3 380
8 155
148 277
190 404
329 423
37 421
115 172
120 201
294 373
63 139
252 276
142 386
61 135
200 253
160 292
215 481
143 215
200 343
12 108
112 329
83 273
105 123
78 86
44 224
79 124
275 401
136 299
73 285
113 439
415 445
183 237
189 306
348 489
108 218
157 275
317 346
161 172
158 417
54 457
289 409
174 421
44 167
45 107
389 438
382 470
7 59
148 261
106 468
225 283
92 240
1 113
10 430
310 413
179 225
165 425
29 180
304 386
299 368
246 368
15 471
148 405
40 258
164 375
31 71
92 346
99 297
293 472
108 308
37 420
406 465
213 360
331 350
129 217
414 463
72 185
7 455
290 298
29 177
31 307
4 30
137 252
306 447
199 208
202 436
119 212
226 495
386 472
156 185
106 352
298 499
142 298
52 220
183 419
53 351
160 293
442 484
302 364
115 496
228 344
205 493
1 138
157 345
94 332
238 364
7 487
1 427
41 155
301 431
72 274
462 470
49 311
384 424
59 242
9 126
244 284
119 307
480 489
435 475
52 82
299 345
33 262
32 136
303 437
229 266
42 332
223 281
74 471
146 449
305 448
125 408
258 334
205 211
192 472
67 414
63 320
96 108
8 165
94 438
55 208
90 147
172 235
387 414
183 187
237 272
52 422
37 132
17 368
44 390
135 320
168 170
42 173
58 231
11 166
127 156
41 208
231 330
26 373
33 484
56 303
199 260
224 481
111 370
88 213
230 333
107 176
255 331
466 490
76 305
267 300
225 265
43 322
173 365
269 495
42 242
79 447
105 362
48 220
101 376
241 315
193 263
41 428
94 326
118 354
23 164
320 419
73 478
18 414
53 142
65 87
234 315
38 358
20 417
32 423
19 384
35 373
462 471
312 363
235 372
400 429
269 433
58 346
184 217
86 213
287 423
290 308
424 426
243 380
390 449
171 404
25 216
258 450
66 244
185 305
102 415
87 413
139 283
46 418
141 183
193 311
299 412
212 428
32 196
167 409
91 238
341 369
47 395
256 466
246 364
403 408
21 246
220 491
175 203
110 348
140 418
237 462
11 27
244 379
433 477
14 227
215 334
35 273
170 202
371 472
100 496
81 409
16 28
323 499
265 350
38 211
266 405
67 85
102 491
68 278
204 219
362 449
303 330
93 457
197 338
455 470
188 338
26 413
74 141
360 492
290 325
163 190
334 438
71 188
386 473
399 434
36 412
79 372
197 316
20 94
91 155
262 463
167 370
21 415
276 299
330 354
382 453
9 336
93 263
339 421
183 191
167 316
14 305
109 304
94 455
48 246
312 328
369 473
122 285
19 320
111 195
54 311
74 320
302 361
200 388
30 175
203 240
189 483
53 230
258 314
123 292
239 438
165 187
413 424
74 142
240 273
378 411
233 499
68 421
244 408
83 222
365 466
294 360
263 486
196 445
53 232
349 383
287 420
257 401
30 184
133 233
82 395
311 350
251 453
280 291
198 373
316 361
42 80
94 174
140 184
309 496
279 494
262 312
445 478
14 412
417 427
444 457
84 289
157 246
77 475
105 422
203 280
70 124
221 237
189 459
418 478
327 441
6 131
155 477
122 328
13 47
25 172
17 57
129 171
268 461
131 377
149 348
26 169
46 177
349 393
177 426
245 304
86 284
1 192
248 343
5 400
288 318
133 184
24 246
7 197
174 324
309 500
236 382
464 478
177 342
190 385
28 224
220 326
256 452
19 482
13 57
291 339
240 253
304 323
17 130
102 287
253 272
40 494
129 243
41 410
144 427
229 464
323 411
23 392
105 151
359 491
208 289
54 196
408 423
7 11
108 143
158 444
18 371
120 243
40 368
240 301
325 480
239 391
48 188
16 295
177 239
24 178
55 313
223 309
28 119
70 237
24 296
22 48
195 500
153 409
157 411
218 325
207 222
178 397
64 244
404 485
248 276
419 488
7 301
8 440
234 345
9 196
123 151
200 409
6 7
142 371
59 424
201 420
19 451
54 57
55 128
175 382
323 421
17 433
84 254
5 222
22
1 2
2 3
1 4
3 5
1 6
2 7
7 8
3 9
7 10
6 11
6 12
2 13
4 14
4 15
4 16
5 17
15 18
3 19
17 20
2 21
21 22
22
1 2
2 3
1 4
3 5
1 6
6 7
6 8
8 9
7 10
8 11
3 12
5 13
13 14
2 15
13 16
9 17
11 18
18 19
11 20
7 21
8 22
22
1 2
2 3
1 4
4 5
1 6
3 7
7 8
1 9
7 10
1 11
5 12
12 13
8 14
13 15
12 16
16 17
3 18
16 19
19 20
4 21
16 22
22
1 2
1 3
3 4
3 5
4 6
3 7
1 8
5 9
4 10
3 11
7 12
2 13
9 14
10 15
2 16
12 17
12 18
16 19
12 20
8 21
3 22
22
1 2
2 3
3 4
3 5
1 6
4 7
2 8
3 9
4 10
5 11
11 12
3 13
2 14
5 15
11 16
11 17
13 18
16 19
1 20
4 21
13 22
22
1 2
1 3
2 4
2 5
4 6
4 7
2 8
5 9
2 10
2 11
1 12
5 13
6 14
13 15
13 16
9 17
17 18
9 19
8 20
20 21
7 22
22
1 2
1 3
2 4
4 5
3 6
3 7
7 8
1 9
5 10
10 11
1 12
8 13
8 14
4 15
9 16
15 17
17 18
12 19
13 20
7 21
19 22
22
1 2
1 3
1 4
1 5
3 6
5 7
1 8
3 9
6 10
7 11
6 12
3 13
5 14
4 15
7 16
1 17
3 18
4 19
9 20
18 21
19 22
22
1 2
2 3
3 4
1 5
5 6
5 7
7 8
6 9
7 10
8 11
3 12
10 13
6 14
2 15
1 16
16 17
13 18
18 19
16 20
7 21
3 22
22
1 2
2 3
3 4
4 5
1 6
3 7
5 8
6 9
5 10
7 11
5 12
8 13
4 14
10 15
1 16
5 17
14 18
8 19
2 20
5 21
3 22
22
1 2
2 3
3 4
2 5
1 6
4 7
5 8
5 9
7 10
4 11
4 12
2 13
12 14
6 15
11 16
4 17
17 18
4 19
12 20
20 21
6 22
22
1 2
2 3
3 4
1 5
2 6
4 7
7 8
2 9
7 10
8 11
8 12
10 13
11 14
4 15
11 16
8 17
16 18
2 19
15 20
11 21
20 22
22
1 2
2 3
3 4
2 5
4 6
6 7
7 8
3 9
6 10
8 11
11 12
9 13
2 14
10 15
9 16
1 17
3 18
16 19
19 20
9 21
9 22
22
1 2
1 3
1 4
3 5
5 6
6 7
6 8
5 9
5 10
1 11
10 12
7 13
7 14
6 15
9 16
10 17
1 18
1 19
7 20
10 21
13 22
22
1 2
1 3
1 4
3 5
5 6
1 7
7 8
4 9
1 10
4 11
9 12
12 13
6 14
11 15
15 16
8 17
1 18
12 19
10 20
10 21
18 22
22
1 2
2 3
1 4
4 5
1 6
1 7
1 8
5 9
4 10
6 11
8 12
5 13
8 14
1 15
8 16
11 17
13 18
10 19
5 20
8 21
1 22
22
1 2
2 3
2 4
3 5
3 6
5 7
3 8
2 9
7 10
6 11
10 12
7 13
6 14
1 15
3 16
2 17
1 18
18 19
11 20
3 21
17 22
22
1 2
2 3
1 4
2 5
3 6
5 7
6 8
1 9
2 10
10 11
1 12
7 13
2 14
14 15
9 16
8 17
11 18
11 19
19 20
8 21
1 22
22
1 2
1 3
3 4
2 5
4 6
4 7
5 8
7 9
8 10
2 11
5 12
1 13
11 14
11 15
2 16
6 17
15 18
3 19
1 20
15 21
7 22
22
1 2
2 3
2 4
1 5
5 6
4 7
6 8
3 9
7 10
1 11
4 12
7 13
8 14
12 15
7 16
8 17
7 18
6 19
5 20
12 21
13 22
22
1 2
1 3
2 4
1 5
2 6
3 7
4 8
6 9
4 10
7 11
5 12
6 13
12 14
4 15
6 16
2 17
15 18
12 19
5 20
4 21
3 22
22
1 2
2 3
2 4
2 5
5 6
2 7
6 8
2 9
9 10
7 11
11 12
2 13
7 14
8 15
5 16
7 17
4 18
7 19
1 20
20 21
12 22
22
1 2
2 3
2 4
4 5
1 6
5 7
5 8
7 9
2 10
7 11
1 12
8 13
8 14
7 15
10 16
7 17
1 18
12 19
8 20
14 21
16 22
22
1 2
1 3
1 4
3 5
2 6
5 7
1 8
7 9
9 10
3 11
2 12
4 13
6 14
9 15
1 16
12 17
11 18
8 19
12 20
6 21
21 22
22
1 2
1 3
1 4
3 5
2 6
2 7
4 8
2 9
4 10
10 11
10 12
9 13
1 14
11 15
6 16
15 17
16 18
10 19
1 20
11 21
9 22
22
1 2
1 3
3 4
3 5
5 6
3 7
3 8
3 9
2 10
1 11
1 12
1 13
7 14
1 15
2 16
11 17
14 18
17 19
18 20
5 21
8 22
22
1 2
2 3
3 4
1 5
2 6
6 7
2 8
4 9
4 10
8 11
2 12
1 13
3 14
9 15
10 16
5 17
2 18
5 19
10 20
9 21
7 22
22
1 2
2 3
1 4
3 5
3 6
4 7
3 8
6 9
8 10
1 11
2 12
4 13
11 14
11 15
4 16
10 17
13 18
11 19
9 20
2 21
4 22
22
1 2
2 3
1 4
3 5
4 6
3 7
3 8
4 9
3 10
1 11
11 12
4 13
3 14
1 15
1 16
11 17
11 18
2 19
2 20
18 21
16 22
22
1 2
1 3
3 4
4 5
1 6
4 7
1 8
5 9
6 10
1 11
5 12
6 13
1 14
11 15
13 16
10 17
13 18
18 19
1 20
2 21
17 22
22
1 2
1 3
3 4
4 5
1 6
3 7
1 8
4 9
9 10
1 11
5 12
7 13
13 14
14 15
3 16
5 17
14 18
15 19
16 20
8 21
13 22
22
1 2
2 3
1 4
3 5
1 6
2 7
1 8
2 9
5 10
3 11
5 12
4 13
8 14
11 15
14 16
11 17
8 18
2 19
17 20
11 21
9 22
22
1 2
2 3
1 4
3 5
1 6
1 7
5 8
5 9
7 10
6 11
7 12
7 13
3 14
2 15
7 16
16 17
7 18
11 19
10 20
15 21
20 22
22
1 2
1 3
1 4
3 5
2 6
5 7
2 8
8 9
5 10
6 11
4 12
3 13
13 14
3 15
14 16
3 17
2 18
4 19
4 20
10 21
12 22
22
1 2
2 3
2 4
2 5
4 6
6 7
2 8
4 9
4 10
1 11
8 12
7 13
11 14
3 15
3 16
12 17
14 18
4 19
11 20
8 21
21 22
22
1 2
2 3
1 4
4 5
3 6
1 7
6 8
1 9
2 10
1 11
3 12
7 13
2 14
7 15
13 16
10 17
3 18
1 19
15 20
1 21
17 22
22
1 2
1 3
2 4
4 5
1 6
4 7
1 8
4 9
8 10
8 11
8 12
8 13
9 14
12 15
4 16
7 17
8 18
8 19
12 20
4 21
20 22
22
1 2
2 3
1 4
2 5
3 6
2 7
5 8
3 9
6 10
4 11
8 12
2 13
3 14
8 15
5 16
3 17
8 18
1 19
14 20
16 21
16 22
22
1 2
1 3
2 4
1 5
4 6
6 7
3 8
6 9
9 10
5 11
6 12
8 13
4 14
4 15
10 16
15 17
7 18
14 19
3 20
2 21
20 22
22
1 2
2 3
3 4
3 5
5 6
2 7
6 8
5 9
3 10
4 11
10 12
4 13
7 14
14 15
10 16
11 17
11 18
15 19
17 20
19 21
21 22
22
1 2
1 3
3 4
4 5
2 6
1 7
6 8
6 9
5 10
4 11
8 12
8 13
1 14
3 15
14 16
9 17
2 18
8 19
2 20
5 21
6 22
22
1 2
1 3
2 4
4 5
5 6
3 7
1 8
4 9
7 10
7 11
10 12
6 13
1 14
8 15
4 16
8 17
4 18
15 19
1 20
15 21
5 22
22
1 2
1 3
3 4
4 5
4 6
4 7
4 8
6 9
9 10
1 11
11 12
6 13
11 14
1 15
2 16
3 17
12 18
7 19
3 20
15 21
20 22
22
1 2
1 3
1 4
2 5
2 6
3 7
2 8
1 9
4 10
2 11
5 12
2 13
11 14
11 15
9 16
7 17
16 18
15 19
17 20
19 21
18 22
22
1 2
1 3
1 4
2 5
1 6
6 7
4 8
4 9
4 10
1 11
6 12
2 13
4 14
11 15
15 16
13 17
2 18
16 19
15 20
18 21
1 22
22
1 2
1 3
3 4
2 5
1 6
6 7
1 8
3 9
2 10
10 11
7 12
9 13
2 14
1 15
12 16
5 17
2 18
7 19
15 20
7 21
18 22
22
1 2
2 3
2 4
2 5
2 6
3 7
5 8
2 9
8 10
5 11
9 12
10 13
1 14
4 15
8 16
14 17
11 18
14 19
8 20
11 21
19 22
22
1 2
1 3
3 4
4 5
4 6
1 7
1 8
6 9
1 10
10 11
3 12
12 13
13 14
6 15
10 16
3 17
8 18
5 19
13 20
20 21
13 22
22
1 2
1 3
2 4
4 5
1 6
5 7
2 8
2 9
8 10
10 11
3 12
4 13
1 14
14 15
15 16
3 17
3 18
10 19
16 20
5 21
3 22
22
1 2
2 3
1 4
2 5
5 6
5 7
3 8
4 9
8 10
1 11
1 12
11 13
1 14
7 15
8 16
1 17
17 18
11 19
1 20
4 21
20 22
22
1 2
1 3
2 4
3 5
5 6
2 7
6 8
8 9
8 10
10 11
10 12
4 13
13 14
4 15
11 16
10 17
12 18
5 19
8 20
8 21
20 22
22
1 2
1 3
3 4
3 5
2 6
5 7
4 8
8 9
8 10
1 11
4 12
4 13
13 14
2 15
4 16
1 17
5 18
11 19
1 20
11 21
18 22
22
1 2
1 3
2 4
3 5
1 6
4 7
3 8
3 9
4 10
1 11
10 12
3 13
7 14
9 15
7 16
7 17
14 18
9 19
10 20
14 21
15 22
22
1 2
1 3
1 4
4 5
3 6
2 7
7 8
2 9
6 10
2 11
8 12
11 13
4 14
7 15
4 16
8 17
10 18
4 19
7 20
8 21
1 22
22
1 2
1 3
1 4
3 5
5 6
6 7
5 8
4 9
9 10
5 11
8 12
6 13
12 14
7 15
1 16
12 17
5 18
12 19
17 20
3 21
9 22
22
1 2
1 3
1 4
1 5
5 6
3 7
5 8
5 9
5 10
5 11
5 12
11 13
7 14
4 15
15 16
16 17
1 18
7 19
5 20
20 21
2 22
22
1 2
1 3
2 4
2 5
5 6
1 7
5 8
8 9
2 10
6 11
11 12
2 13
13 14
2 15
5 16
15 17
14 18
10 19
10 20
14 21
17 22
22
1 2
1 3
3 4
3 5
2 6
5 7
2 8
5 9
3 10
2 11
1 12
5 13
1 14
2 15
14 16
4 17
5 18
15 19
3 20
15 21
18 22
22
1 2
1 3
1 4
3 5
1 6
2 7
4 8
6 9
9 10
8 11
1 12
11 13
6 14
6 15
14 16
10 17
12 18
14 19
9 20
7 21
1 22
22
1 2
2 3
1 4
2 5
4 6
3 7
3 8
8 9
9 10
8 11
4 12
1 13
10 14
7 15
15 16
5 17
3 18
18 19
11 20
17 21
13 22
22
1 2
1 3
2 4
3 5
1 6
1 7
4 8
5 9
2 10
10 11
10 12
12 13
4 14
5 15
10 16
6 17
15 18
17 19
19 20
10 21
6 22
22
1 2
2 3
2 4
3 5
2 6
6 7
4 8
1 9
2 10
7 11
2 12
8 13
6 14
6 15
12 16
3 17
2 18
6 19
15 20
3 21
6 22
22
1 2
2 3
2 4
4 5
1 6
2 7
3 8
2 9
9 10
6 11
10 12
10 13
11 14
11 15
9 16
4 17
17 18
9 19
5 20
11 21
1 22
22
1 2
2 3
1 4
4 5
5 6
4 7
7 8
4 9
5 10
4 11
10 12
9 13
10 14
6 15
13 16
10 17
1 18
4 19
16 20
11 21
16 22
22
1 2
2 3
3 4
3 5
2 6
5 7
6 8
3 9
5 10
5 11
5 12
5 13
1 14
9 15
8 16
4 17
10 18
17 19
2 20
16 21
8 22
22
1 2
1 3
3 4
4 5
4 6
1 7
5 8
6 9
6 10
8 11
3 12
10 13
7 14
1 15
3 16
10 17
10 18
12 19
2 20
8 21
18 22
22
1 2
2 3
3 4
1 5
3 6
2 7
4 8
3 9
8 10
3 11
2 12
3 13
7 14
11 15
9 16
3 17
2 18
13 19
14 20
1 21
14 22
22
1 2
2 3
2 4
3 5
4 6
6 7
6 8
4 9
4 10
10 11
10 12
5 13
7 14
8 15
14 16
1 17
17 18
10 19
16 20
12 21
13 22
22
1 2
2 3
1 4
2 5
1 6
4 7
5 8
8 9
7 10
9 11
3 12
10 13
5 14
9 15
6 16
3 17
10 18
12 19
17 20
11 21
13 22
22
1 2
1 3
2 4
2 5
2 6
6 7
7 8
8 9
2 10
5 11
3 12
6 13
3 14
13 15
7 16
3 17
16 18
10 19
3 20
15 21
5 22
22
1 2
1 3
3 4
3 5
2 6
3 7
2 8
2 9
5 10
6 11
9 12
8 13
2 14
3 15
8 16
12 17
14 18
13 19
10 20
11 21
13 22
22
1 2
1 3
1 4
2 5
5 6
2 7
7 8
2 9
5 10
9 11
7 12
5 13
10 14
11 15
15 16
12 17
12 18
7 19
16 20
15 21
16 22
22
1 2
1 3
2 4
1 5
1 6
1 7
4 8
6 9
2 10
6 11
2 12
11 13
10 14
10 15
8 16
2 17
8 18
14 19
11 20
18 21
11 22
22
1 2
2 3
2 4
3 5
3 6
4 7
5 8
7 9
3 10
5 11
3 12
12 13
8 14
7 15
4 16
7 17
1 18
1 19
11 20
15 21
19 22
22
1 2
1 3
3 4
1 5
2 6
1 7
2 8
2 9
4 10
1 11
8 12
4 13
11 14
9 15
7 16
2 17
13 18
6 19
17 20
15 21
5 22
22
1 2
1 3
2 4
2 5
5 6
2 7
2 8
1 9
7 10
10 11
8 12
6 13
3 14
10 15
13 16
4 17
16 18
17 19
1 20
11 21
6 22
22
1 2
1 3
3 4
3 5
4 6
6 7
5 8
1 9
8 10
3 11
9 12
6 13
10 14
8 15
11 16
6 17
7 18
13 19
4 20
15 21
17 22
22
1 2
1 3
2 4
4 5
2 6
4 7
3 8
3 9
8 10
10 11
9 12
1 13
4 14
3 15
10 16
13 17
8 18
3 19
10 20
9 21
20 22
22
1 2
1 3
1 4
4 5
2 6
6 7
6 8
4 9
2 10
2 11
5 12
11 13
6 14
4 15
11 16
5 17
10 18
10 19
10 20
3 21
3 22
22
1 2
2 3
2 4
3 5
5 6
3 7
1 8
3 9
1 10
8 11
10 12
12 13
2 14
3 15
8 16
13 17
4 18
5 19
12 20
14 21
12 22
22
1 2
1 3
1 4
2 5
3 6
1 7
5 8
6 9
4 10
3 11
1 12
6 13
10 14
3 15
2 16
15 17
1 18
6 19
15 20
11 21
14 22
22
1 2
2 3
3 4
2 5
5 6
1 7
1 8
6 9
9 10
3 11
5 12
4 13
3 14
12 15
15 16
2 17
11 18
7 19
13 20
18 21
19 22
22
1 2
1 3
3 4
3 5
5 6
5 7
6 8
4 9
2 10
5 11
8 12
9 13
2 14
1 15
1 16
6 17
13 18
2 19
5 20
15 21
2 22
22
1 2
1 3
1 4
3 5
2 6
2 7
3 8
6 9
5 10
8 11
8 12
3 13
6 14
6 15
1 16
11 17
2 18
18 19
19 20
8 21
11 22
22
1 2
1 3
2 4
4 5
3 6
6 7
1 8
7 9
7 10
1 11
5 12
12 13
6 14
6 15
1 16
16 17
8 18
8 19
9 20
15 21
21 22
22
1 2
2 3
2 4
4 5
1 6
4 7
2 8
2 9
7 10
1 11
6 12
4 13
8 14
14 15
7 16
8 17
10 18
15 19
12 20
12 21
6 22
22
1 2
1 3
2 4
1 5
4 6
5 7
7 8
6 9
3 10
7 11
4 12
2 13
11 14
12 15
3 16
7 17
10 18
7 19
15 20
14 21
2 22
22
1 2
2 3
1 4
4 5
1 6
6 7
7 8
6 9
4 10
3 11
8 12
12 13
5 14
4 15
10 16
5 17
9 18
16 19
14 20
4 21
14 22
22
1 2
2 3
2 4
2 5
5 6
6 7
2 8
3 9
5 10
4 11
5 12
6 13
8 14
14 15
5 16
16 17
2 18
10 19
3 20
10 21
7 22
22
1 2
2 3
2 4
1 5
1 6
5 7
5 8
1 9
8 10
3 11
7 12
5 13
8 14
8 15
6 16
2 17
10 18
2 19
11 20
17 21
10 22
22
1 2
2 3
2 4
2 5
2 6
3 7
4 8
2 9
3 10
4 11
8 12
3 13
6 14
4 15
9 16
14 17
1 18
5 19
8 20
18 21
15 22
22
1 2
2 3
3 4
1 5
2 6
5 7
3 8
5 9
9 10
2 11
3 12
5 13
9 14
4 15
7 16
9 17
16 18
12 19
19 20
15 21
1 22
22
1 2
1 3
2 4
3 5
4 6
4 7
6 8
7 9
6 10
5 11
7 12
1 13
7 14
12 15
12 16
1 17
10 18
3 19
3 20
1 21
8 22
22
1 2
2 3
1 4
4 5
5 6
6 7
2 8
6 9
8 10
1 11
6 12
11 13
1 14
14 15
7 16
5 17
12 18
13 19
10 20
6 21
9 22
22
1 2
1 3
2 4
3 5
5 6
4 7
2 8
4 9
8 10
1 11
7 12
5 13
1 14
3 15
8 16
12 17
4 18
15 19
16 20
15 21
21 22
22
1 2
2 3
1 4
3 5
1 6
5 7
3 8
4 9
3 10
6 11
1 12
2 13
6 14
14 15
1 16
14 17
7 18
18 19
10 20
19 21
19 22
22
1 2
2 3
2 4
1 5
2 6
4 7
3 8
6 9
7 10
9 11
2 12
6 13
3 14
4 15
10 16
9 17
6 18
1 19
3 20
20 21
16 22
22
1 2
2 3
1 4
1 5
5 6
3 7
6 8
4 9
5 10
3 11
8 12
8 13
5 14
13 15
7 16
16 17
2 18
4 19
1 20
3 21
17 22
22
1 2
2 3
1 4
3 5
3 6
3 7
3 8
2 9
7 10
1 11
3 12
12 13
2 14
10 15
15 16
15 17
3 18
18 19
7 20
7 21
16 22
22
1 2
1 3
1 4
3 5
1 6
5 7
2 8
6 9
3 10
6 11
1 12
3 13
8 14
2 15
6 16
4 17
15 18
14 19
15 20
6 21
15 22
22
1 2
1 3
1 4
3 5
4 6
3 7
7 8
7 9
2 10
5 11
7 12
7 13
9 14
6 15
8 16
12 17
16 18
4 19
8 20
3 21
1 22
22
1 2
2 3
3 4
2 5
3 6
1 7
2 8
1 9
8 10
5 11
7 12
3 13
10 14
9 15
6 16
16 17
14 18
14 19
7 20
6 21
15 22
22
1 2
1 3
3 4
2 5
5 6
3 7
1 8
5 9
7 10
8 11
9 12
2 13
13 14
13 15
4 16
4 17
14 18
1 19
7 20
13 21
4 22
22
1 2
1 3
3 4
2 5
4 6
1 7
7 8
5 9
1 10
9 11
2 12
6 13
9 14
6 15
2 16
4 17
10 18
14 19
14 20
15 21
21 22
22
1 2
1 3
3 4
3 5
1 6
6 7
7 8
2 9
8 10
6 11
11 12
11 13
12 14
3 15
13 16
15 17
14 18
12 19
13 20
19 21
17 22
22
1 2
1 3
3 4
3 5
5 6
2 7
1 8
7 9
3 10
2 11
7 12
1 13
6 14
2 15
4 16
7 17
1 18
7 19
5 20
11 21
3 22
22
1 2
1 3
2 4
1 5
3 6
3 7
2 8
6 9
8 10
2 11
5 12
1 13
4 14
8 15
7 16
7 17
11 18
6 19
12 20
13 21
13 22
22
1 2
2 3
3 4
1 5
3 6
1 7
1 8
3 9
4 10
1 11
9 12
10 13
2 14
10 15
1 16
7 17
8 18
9 19
4 20
20 21
17 22
22
1 2
1 3
1 4
2 5
4 6
3 7
4 8
6 9
6 10
5 11
10 12
3 13
11 14
14 15
6 16
11 17
13 18
3 19
6 20
1 21
20 22
22
1 2
2 3
1 4
4 5
5 6
5 7
3 8
5 9
7 10
7 11
2 12
4 13
11 14
10 15
15 16
16 17
17 18
12 19
11 20
16 21
7 22
22
1 2
2 3
3 4
3 5
3 6
4 7
3 8
6 9
2 10
3 11
6 12
10 13
10 14
3 15
13 16
8 17
1 18
14 19
7 20
1 21
15 22
22
1 2
1 3
1 4
4 5
2 6
5 7
3 8
5 9
7 10
5 11
10 12
11 13
7 14
12 15
9 16
5 17
14 18
7 19
3 20
8 21
20 22
22
1 2
1 3
1 4
4 5
2 6
1 7
2 8
1 9
7 10
10 11
3 12
10 13
8 14
7 15
13 16
11 17
16 18
16 19
4 20
11 21
5 22
22
1 2
1 3
3 4
4 5
3 6
5 7
1 8
2 9
5 10
9 11
10 12
5 13
1 14
10 15
2 16
14 17
3 18
1 19
9 20
4 21
20 22
22
1 2
1 3
2 4
2 5
1 6
6 7
5 8
5 9
9 10
1 11
7 12
12 13
12 14
3 15
2 16
11 17
14 18
8 19
1 20
19 21
3 22
22
1 2
1 3
2 4
4 5
2 6
4 7
1 8
8 9
2 10
7 11
11 12
11 13
2 14
13 15
1 16
2 17
1 18
3 19
12 20
13 21
17 22
22
1 2
1 3
3 4
3 5
1 6
1 7
4 8
1 9
9 10
9 11
7 12
1 13
6 14
10 15
4 16
5 17
14 18
5 19
2 20
9 21
14 22
22
1 2
2 3
1 4
3 5
4 6
3 7
5 8
5 9
8 10
8 11
9 12
9 13
7 14
5 15
5 16
5 17
14 18
12 19
6 20
9 21
21 22
22
1 2
2 3
1 4
4 5
3 6
6 7
7 8
3 9
8 10
8 11
10 12
10 13
9 14
2 15
5 16
15 17
5 18
11 19
14 20
10 21
1 22
22
1 2
2 3
3 4
3 5
1 6
4 7
6 8
3 9
6 10
2 11
1 12
2 13
3 14
8 15
2 16
1 17
4 18
7 19
4 20
14 21
15 22
22
1 2
2 3
2 4
4 5
4 6
1 7
3 8
3 9
2 10
7 11
1 12
10 13
4 14
8 15
8 16
2 17
11 18
13 19
12 20
9 21
20 22
22
1 2
2 3
1 4
1 5
4 6
2 7
6 8
4 9
8 10
9 11
3 12
5 13
7 14
10 15
8 16
16 17
11 18
18 19
2 20
3 21
16 22
22
1 2
2 3
1 4
2 5
4 6
4 7
4 8
4 9
9 10
7 11
7 12
12 13
11 14
13 15
6 16
2 17
4 18
3 19
10 20
15 21
1 22
22
1 2
2 3
2 4
2 5
5 6
6 7
6 8
3 9
5 10
5 11
10 12
11 13
9 14
13 15
9 16
4 17
8 18
2 19
13 20
2 21
13 22
22
1 2
1 3
2 4
3 5
4 6
5 7
4 8
3 9
3 10
2 11
7 12
1 13
1 14
8 15
15 16
3 17
17 18
14 19
17 20
10 21
16 22
22
1 2
2 3
2 4
4 5
4 6
5 7
5 8
8 9
5 10
6 11
11 12
10 13
6 14
10 15
1 16
2 17
6 18
4 19
11 20
17 21
8 22
22
1 2
2 3
2 4
3 5
3 6
6 7
5 8
1 9
6 10
9 11
1 12
1 13
10 14
4 15
14 16
9 17
12 18
2 19
4 20
15 21
21 22
22
1 2
2 3
2 4
2 5
5 6
3 7
5 8
2 9
5 10
3 11
3 12
9 13
5 14
5 15
7 16
11 17
14 18
17 19
16 20
13 21
8 22
22
1 2
2 3
1 4
2 5
1 6
4 7
1 8
6 9
3 10
7 11
7 12
12 13
3 14
2 15
15 16
4 17
16 18
8 19
12 20
11 21
5 22
22
1 2
2 3
2 4
4 5
2 6
2 7
3 8
8 9
2 10
9 11
1 12
11 13
12 14
13 15
6 16
5 17
7 18
6 19
14 20
18 21
3 22
22
1 2
1 3
2 4
1 5
5 6
5 7
3 8
1 9
1 10
3 11
1 12
5 13
8 14
14 15
10 16
9 17
17 18
6 19
15 20
1 21
8 22
22
1 2
1 3
1 4
3 5
5 6
5 7
3 8
3 9
3 10
2 11
4 12
2 13
11 14
1 15
2 16
6 17
17 18
14 19
13 20
2 21
8 22
22
1 2
2 3
2 4
2 5
2 6
1 7
3 8
6 9
7 10
5 11
8 12
9 13
8 14
11 15
6 16
9 17
6 18
15 19
14 20
16 21
9 22
22
1 2
2 3
3 4
1 5
4 6
3 7
7 8
1 9
1 10
10 11
11 12
9 13
13 14
8 15
10 16
9 17
5 18
5 19
3 20
8 21
16 22
22
1 2
2 3
3 4
2 5
5 6
5 7
6 8
4 9
3 10
1 11
1 12
9 13
3 14
2 15
8 16
7 17
14 18
16 19
7 20
10 21
16 22
22
1 2
1 3
2 4
1 5
3 6
4 7
5 8
8 9
9 10
8 11
2 12
3 13
5 14
9 15
8 16
4 17
3 18
17 19
9 20
6 21
15 22
22
1 2
2 3
2 4
4 5
5 6
4 7
3 8
8 9
5 10
7 11
9 12
10 13
10 14
4 15
15 16
11 17
12 18
3 19
9 20
7 21
11 22
22
1 2
1 3
2 4
3 5
5 6
6 7
7 8
2 9
2 10
10 11
10 12
11 13
13 14
9 15
4 16
4 17
15 18
13 19
2 20
18 21
21 22
22
1 2
1 3
1 4
1 5
1 6
5 7
2 8
1 9
7 10
5 11
5 12
1 13
6 14
1 15
10 16
12 17
7 18
16 19
6 20
10 21
8 22
22
1 2
2 3
2 4
4 5
4 6
2 7
4 8
1 9
3 10
1 11
1 12
6 13
13 14
10 15
14 16
15 17
15 18
17 19
18 20
2 21
9 22
22
1 2
1 3
2 4
3 5
5 6
4 7
2 8
8 9
1 10
10 11
9 12
12 13
10 14
4 15
6 16
1 17
11 18
3 19
11 20
9 21
19 22
22
1 2
2 3
2 4
2 5
2 6
1 7
2 8
8 9
7 10
7 11
2 12
12 13
3 14
9 15
8 16
3 17
9 18
7 19
14 20
10 21
7 22
22
1 2
1 3
3 4
4 5
2 6
3 7
2 8
8 9
4 10
2 11
8 12
10 13
3 14
4 15
8 16
13 17
10 18
3 19
17 20
18 21
6 22
22
1 2
2 3
2 4
2 5
3 6
1 7
3 8
2 9
7 10
10 11
4 12
1 13
9 14
3 15
6 16
15 17
9 18
3 19
3 20
19 21
15 22
22
1 2
2 3
3 4
3 5
4 6
5 7
2 8
6 9
8 10
2 11
10 12
1 13
7 14
10 15
2 16
16 17
6 18
12 19
5 20
1 21
12 22
22
1 2
2 3
3 4
2 5
4 6
6 7
2 8
7 9
6 10
1 11
9 12
11 13
12 14
1 15
1 16
15 17
1 18
2 19
13 20
6 21
15 22
22
1 2
2 3
1 4
4 5
5 6
2 7
3 8
1 9
7 10
10 11
11 12
11 13
12 14
8 15
3 16
6 17
9 18
5 19
18 20
6 21
3 22
22
1 2
2 3
3 4
2 5
5 6
5 7
3 8
2 9
7 10
1 11
3 12
8 13
13 14
12 15
13 16
3 17
3 18
9 19
6 20
8 21
18 22
22
1 2
1 3
2 4
2 5
1 6
1 7
1 8
2 9
8 10
6 11
3 12
3 13
9 14
5 15
6 16
7 17
17 18
12 19
19 20
6 21
20 22
22
1 2
2 3
2 4
4 5
4 6
5 7
5 8
1 9
8 10
6 11
6 12
10 13
10 14
9 15
6 16
7 17
12 18
1 19
17 20
6 21
17 22
22
1 2
1 3
2 4
1 5
4 6
4 7
5 8
8 9
7 10
3 11
11 12
7 13
11 14
6 15
13 16
12 17
13 18
8 19
17 20
16 21
5 22
22
1 2
1 3
1 4
4 5
5 6
5 7
4 8
7 9
7 10
7 11
8 12
2 13
2 14
7 15
4 16
8 17
8 18
2 19
1 20
3 21
1 22
22
1 2
2 3
3 4
4 5
5 6
1 7
6 8
1 9
1 10
2 11
5 12
11 13
4 14
3 15
7 16
15 17
3 18
12 19
4 20
9 21
2 22
22
1 2
1 3
1 4
2 5
5 6
5 7
6 8
2 9
8 10
10 11
4 12
11 13
2 14
11 15
12 16
11 17
16 18
4 19
18 20
19 21
5 22
22
1 2
1 3
2 4
2 5
4 6
2 7
3 8
7 9
9 10
2 11
4 12
3 13
8 14
6 15
13 16
1 17
6 18
11 19
1 20
1 21
13 22
22
1 2
1 3
1 4
4 5
4 6
4 7
2 8
4 9
8 10
1 11
5 12
8 13
5 14
7 15
10 16
14 17
15 18
8 19
11 20
18 21
20 22
22
1 2
2 3
2 4
1 5
3 6
3 7
7 8
1 9
1 10
5 11
8 12
9 13
11 14
12 15
3 16
6 17
2 18
16 19
18 20
13 21
16 22
22
1 2
2 3
1 4
4 5
1 6
3 7
3 8
5 9
5 10
6 11
5 12
1 13
5 14
14 15
14 16
7 17
13 18
17 19
10 20
15 21
2 22
22
1 2
2 3
1 4
3 5
1 6
5 7
7 8
2 9
4 10
3 11
8 12
8 13
11 14
11 15
3 16
12 17
16 18
13 19
1 20
20 21
7 22
22
1 2
1 3
2 4
2 5
5 6
6 7
1 8
1 9
2 10
10 11
2 12
1 13
4 14
13 15
9 16
5 17
1 18
7 19
11 20
17 21
9 22
22
1 2
2 3
3 4
2 5
5 6
1 7
6 8
2 9
1 10
3 11
3 12
1 13
8 14
4 15
3 16
1 17
2 18
1 19
11 20
20 21
10 22
22
1 2
1 3
3 4
1 5
5 6
1 7
7 8
5 9
7 10
9 11
6 12
7 13
4 14
8 15
10 16
12 17
15 18
7 19
2 20
19 21
2 22
22
1 2
1 3
3 4
2 5
4 6
5 7
2 8
3 9
6 10
1 11
3 12
12 13
5 14
10 15
7 16
15 17
9 18
17 19
19 20
13 21
10 22
22
1 2
2 3
1 4
4 5
2 6
4 7
1 8
5 9
3 10
5 11
4 12
1 13
10 14
2 15
14 16
14 17
14 18
2 19
9 20
10 21
5 22
22
1 2
1 3
2 4
3 5
3 6
4 7
7 8
8 9
4 10
5 11
1 12
11 13
6 14
11 15
2 16
13 17
7 18
6 19
12 20
6 21
6 22
22
1 2
1 3
2 4
2 5
2 6
2 7
2 8
2 9
1 10
4 11
5 12
6 13
7 14
3 15
12 16
10 17
11 18
8 19
12 20
5 21
8 22
22
1 2
1 3
2 4
4 5
2 6
5 7
6 8
2 9
3 10
10 11
6 12
5 13
7 14
3 15
3 16
15 17
13 18
5 19
13 20
13 21
16 22
22
1 2
2 3
1 4
3 5
5 6
6 7
1 8
5 9
2 10
5 11
4 12
2 13
3 14
5 15
12 16
4 17
5 18
6 19
4 20
5 21
17 22
22
1 2
2 3
3 4
4 5
2 6
1 7
4 8
1 9
1 10
8 11
10 12
11 13
10 14
10 15
5 16
2 17
13 18
6 19
17 20
15 21
9 22
22
1 2
2 3
3 4
1 5
4 6
3 7
5 8
7 9
8 10
5 11
6 12
2 13
3 14
2 15
8 16
10 17
11 18
5 19
6 20
5 21
3 22
22
1 2
1 3
2 4
1 5
5 6
1 7
3 8
8 9
4 10
7 11
2 12
1 13
6 14
6 15
3 16
5 17
5 18
7 19
6 20
2 21
3 22
22
1 2
2 3
1 4
3 5
4 6
1 7
4 8
5 9
9 10
5 11
2 12
6 13
11 14
6 15
8 16
6 17
5 18
17 19
10 20
15 21
6 22
22
1 2
2 3
3 4
1 5
2 6
2 7
4 8
6 9
4 10
7 11
4 12
5 13
2 14
6 15
9 16
6 17
17 18
6 19
19 20
14 21
4 22
22
1 2
2 3
1 4
2 5
2 6
4 7
7 8
2 9
4 10
7 11
8 12
12 13
10 14
4 15
14 16
12 17
9 18
4 19
10 20
7 21
9 22
22
1 2
2 3
3 4
4 5
1 6
4 7
1 8
8 9
9 10
4 11
11 12
6 13
4 14
8 15
11 16
14 17
8 18
18 19
18 20
13 21
21 22
22
1 2
2 3
1 4
4 5
5 6
6 7
6 8
8 9
6 10
9 11
8 12
5 13
6 14
12 15
14 16
10 17
14 18
5 19
10 20
5 21
13 22
22
1 2
1 3
2 4
1 5
3 6
2 7
4 8
1 9
5 10
6 11
7 12
6 13
8 14
12 15
5 16
11 17
15 18
15 19
2 20
3 21
2 22
22
1 2
1 3
3 4
4 5
2 6
2 7
7 8
6 9
4 10
1 11
7 12
9 13
3 14
11 15
5 16
5 17
5 18
14 19
10 20
7 21
4 22
22
1 2
2 3
1 4
1 5
5 6
1 7
5 8
5 9
2 10
9 11
6 12
5 13
1 14
14 15
7 16
13 17
16 18
9 19
15 20
3 21
6 22
22
1 2
2 3
3 4
2 5
1 6
5 7
4 8
6 9
2 10
3 11
10 12
1 13
2 14
8 15
1 16
11 17
11 18
7 19
18 20
5 21
19 22
22
1 2
1 3
3 4
3 5
4 6
4 7
1 8
6 9
6 10
5 11
7 12
3 13
5 14
5 15
12 16
5 17
17 18
17 19
16 20
8 21
2 22
22
1 2
2 3
1 4
3 5
3 6
5 7
5 8
1 9
6 10
5 11
9 12
5 13
11 14
8 15
5 16
8 17
9 18
9 19
15 20
9 21
7 22
22
1 2
2 3
2 4
3 5
1 6
3 7
2 8
7 9
5 10
9 11
5 12
4 13
2 14
1 15
15 16
4 17
17 18
3 19
7 20
14 21
13 22
22
1 2
1 3
2 4
1 5
3 6
2 7
7 8
4 9
1 10
8 11
9 12
7 13
8 14
4 15
7 16
15 17
12 18
14 19
6 20
12 21
9 22
22
1 2
1 3
1 4
2 5
5 6
2 7
7 8
3 9
5 10
3 11
10 12
12 13
12 14
8 15
9 16
13 17
14 18
7 19
14 20
4 21
6 22
22
1 2
2 3
1 4
4 5
1 6
4 7
4 8
6 9
9 10
10 11
1 12
7 13
3 14
4 15
3 16
6 17
5 18
15 19
19 20
1 21
3 22
22
1 2
1 3
2 4
3 5
2 6
5 7
2 8
5 9
7 10
10 11
7 12
2 13
12 14
6 15
9 16
3 17
13 18
12 19
14 20
5 21
16 22
22
1 2
2 3
3 4
2 5
4 6
3 7
5 8
8 9
5 10
10 11
3 12
8 13
7 14
1 15
11 16
15 17
9 18
8 19
10 20
17 21
2 22
22
1 2
2 3
2 4
4 5
5 6
6 7
7 8
8 9
2 10
8 11
5 12
10 13
5 14
12 15
7 16
5 17
2 18
3 19
2 20
2 21
21 22
22
1 2
2 3
1 4
1 5
1 6
3 7
6 8
2 9
9 10
9 11
4 12
2 13
9 14
12 15
12 16
1 17
13 18
5 19
5 20
2 21
21 22
22
1 2
1 3
1 4
2 5
2 6
1 7
1 8
3 9
9 10
2 11
10 12
10 13
5 14
5 15
2 16
1 17
16 18
1 19
5 20
10 21
10 22
22
1 2
1 3
1 4
2 5
4 6
5 7
5 8
8 9
1 10
7 11
8 12
10 13
13 14
6 15
3 16
15 17
10 18
10 19
1 20
8 21
14 22
22
1 2
1 3
3 4
1 5
4 6
1 7
7 8
3 9
8 10
4 11
5 12
7 13
2 14
8 15
3 16
15 17
17 18
7 19
1 20
20 21
15 22
22
1 2
1 3
2 4
3 5
2 6
6 7
4 8
2 9
1 10
4 11
11 12
11 13
2 14
12 15
13 16
6 17
14 18
9 19
15 20
13 21
20 22
22
1 2
2 3
3 4
2 5
5 6
5 7
4 8
2 9
9 10
7 11
3 12
7 13
13 14
8 15
8 16
6 17
16 18
13 19
8 20
19 21
16 22
22
1 2
1 3
3 4
3 5
1 6
5 7
7 8
4 9
9 10
6 11
9 12
5 13
10 14
11 15
9 16
14 17
9 18
7 19
12 20
3 21
1 22
22
1 2
2 3
1 4
2 5
3 6
4 7
5 8
6 9
3 10
3 11
1 12
1 13
6 14
6 15
10 16
14 17
3 18
12 19
5 20
14 21
6 22
22
1 2
1 3
2 4
1 5
4 6
4 7
7 8
3 9
2 10
6 11
5 12
12 13
7 14
10 15
6 16
2 17
14 18
1 19
15 20
20 21
1 22
22
1 2
2 3
3 4
4 5
3 6
1 7
3 8
4 9
4 10
8 11
9 12
1 13
10 14
9 15
8 16
4 17
14 18
14 19
11 20
12 21
9 22
22
1 2
2 3
3 4
4 5
3 6
5 7
7 8
5 9
8 10
10 11
9 12
3 13
9 14
4 15
1 16
15 17
11 18
18 19
19 20
20 21
19 22
22
1 2
2 3
1 4
4 5
5 6
6 7
1 8
4 9
9 10
2 11
10 12
6 13
3 14
1 15
10 16
6 17
10 18
5 19
9 20
20 21
14 22
22
1 2
1 3
2 4
1 5
2 6
2 7
5 8
2 9
4 10
3 11
9 12
7 13
12 14
11 15
9 16
6 17
2 18
10 19
14 20
4 21
6 22
22
1 2
2 3
1 4
2 5
1 6
5 7
1 8
3 9
8 10
8 11
10 12
8 13
7 14
10 15
13 16
6 17
16 18
11 19
4 20
8 21
4 22
22
1 2
2 3
2 4
2 5
4 6
5 7
1 8
2 9
8 10
5 11
3 12
9 13
1 14
3 15
9 16
4 17
11 18
13 19
11 20
1 21
9 22
22
1 2
1 3
1 4
1 5
1 6
4 7
3 8
1 9
4 10
7 11
11 12
8 13
4 14
14 15
13 16
15 17
15 18
18 19
13 20
4 21
5 22
22
1 2
2 3
3 4
4 5
4 6
3 7
3 8
8 9
1 10
7 11
2 12
5 13
9 14
1 15
15 16
1 17
8 18
9 19
9 20
9 21
14 22
22
1 2
1 3
1 4
1 5
2 6
5 7
2 8
4 9
6 10
10 11
7 12
10 13
10 14
8 15
3 16
13 17
13 18
2 19
1 20
2 21
21 22
22
1 2
2 3
3 4
2 5
5 6
4 7
5 8
2 9
5 10
10 11
6 12
7 13
2 14
10 15
11 16
1 17
17 18
11 19
13 20
20 21
12 22
22
1 2
2 3
2 4
1 5
3 6
3 7
1 8
5 9
8 10
5 11
3 12
6 13
9 14
7 15
10 16
10 17
12 18
7 19
18 20
20 21
14 22
22
1 2
2 3
2 4
3 5
2 6
4 7
4 8
7 9
2 10
4 11
11 12
5 13
12 14
8 15
3 16
3 17
1 18
18 19
8 20
2 21
9 22
22
1 2
1 3
1 4
4 5
1 6
1 7
5 8
8 9
4 10
6 11
1 12
12 13
7 14
6 15
1 16
15 17
2 18
5 19
12 20
2 21
7 22
22
1 2
1 3
3 4
1 5
1 6
2 7
2 8
6 9
7 10
7 11
6 12
6 13
13 14
6 15
15 16
12 17
10 18
18 19
13 20
3 21
14 22
22
1 2
1 3
3 4
4 5
5 6
2 7
1 8
1 9
2 10
3 11
4 12
1 13
2 14
4 15
14 16
15 17
1 18
3 19
9 20
7 21
14 22
22
1 2
2 3
2 4
2 5
5 6
6 7
1 8
1 9
3 10
1 11
10 12
3 13
11 14
11 15
3 16
13 17
2 18
16 19
8 20
5 21
5 22
22
1 2
2 3
2 4
3 5
5 6
2 7
2 8
7 9
4 10
5 11
10 12
10 13
12 14
6 15
8 16
15 17
11 18
12 19
7 20
14 21
5 22
22
1 2
1 3
3 4
1 5
4 6
4 7
7 8
7 9
5 10
8 11
3 12
3 13
2 14
6 15
8 16
3 17
11 18
10 19
6 20
1 21
21 22
22
1 2
1 3
3 4
3 5
3 6
2 7
4 8
2 9
7 10
7 11
2 12
5 13
7 14
5 15
11 16
13 17
5 18
18 19
3 20
18 21
8 22
22
1 2
2 3
2 4
1 5
2 6
2 7
3 8
4 9
7 10
2 11
5 12
12 13
8 14
12 15
15 16
15 17
6 18
13 19
1 20
6 21
9 22
22
1 2
1 3
1 4
1 5
5 6
6 7
6 8
2 9
6 10
3 11
1 12
8 13
3 14
9 15
3 16
2 17
4 18
12 19
19 20
5 21
7 22
22
1 2
2 3
3 4
3 5
2 6
6 7
2 8
1 9
6 10
7 11
7 12
1 13
5 14
4 15
1 16
9 17
15 18
12 19
4 20
1 21
6 22
22
1 2
1 3
1 4
2 5
1 6
6 7
3 8
8 9
1 10
5 11
9 12
1 13
6 14
9 15
7 16
10 17
3 18
16 19
3 20
18 21
11 22
22
1 2
1 3
3 4
3 5
4 6
5 7
1 8
3 9
3 10
8 11
5 12
7 13
6 14
3 15
12 16
4 17
15 18
14 19
2 20
1 21
21 22
22
1 2
1 3
2 4
1 5
4 6
4 7
2 8
3 9
9 10
1 11
5 12
1 13
5 14
8 15
10 16
11 17
8 18
9 19
18 20
4 21
4 22
22
1 2
2 3
2 4
2 5
5 6
4 7
6 8
1 9
5 10
10 11
7 12
7 13
5 14
4 15
2 16
9 17
14 18
5 19
2 20
13 21
4 22
22
1 2
2 3
1 4
2 5
1 6
4 7
5 8
2 9
5 10
1 11
11 12
3 13
2 14
9 15
3 16
12 17
2 18
16 19
6 20
7 21
20 22
22
1 2
2 3
3 4
1 5
1 6
6 7
6 8
6 9
2 10
3 11
5 12
9 13
1 14
2 15
1 16
12 17
15 18
4 19
13 20
3 21
19 22
22
1 2
1 3
2 4
1 5
2 6
6 7
3 8
3 9
2 10
3 11
5 12
4 13
8 14
8 15
2 16
13 17
11 18
1 19
13 20
2 21
16 22
22
1 2
2 3
1 4
2 5
2 6
3 7
7 8
7 9
6 10
7 11
2 12
8 13
2 14
11 15
10 16
12 17
13 18
9 19
7 20
5 21
8 22
22
1 2
2 3
2 4
1 5
4 6
2 7
2 8
2 9
5 10
5 11
1 12
2 13
1 14
8 15
8 16
16 17
12 18
10 19
1 20
8 21
20 22
22
1 2
2 3
1 4
2 5
5 6
5 7
3 8
3 9
7 10
9 11
5 12
5 13
11 14
8 15
8 16
15 17
13 18
2 19
9 20
17 21
12 22
22
1 2
1 3
1 4
4 5
5 6
4 7
5 8
6 9
2 10
2 11
6 12
10 13
7 14
13 15
15 16
6 17
11 18
10 19
11 20
2 21
5 22
22
1 2
1 3
2 4
3 5
1 6
2 7
6 8
7 9
6 10
6 11
11 12
8 13
6 14
3 15
13 16
4 17
12 18
8 19
7 20
10 21
13 22
22
1 2
1 3
2 4
2 5
2 6
3 7
7 8
4 9
9 10
2 11
10 12
6 13
6 14
4 15
4 16
16 17
16 18
11 19
2 20
13 21
10 22
22
1 2
1 3
1 4
2 5
1 6
5 7
2 8
5 9
2 10
5 11
5 12
11 13
3 14
12 15
3 16
15 17
4 18
12 19
11 20
15 21
1 22
22
1 2
1 3
1 4
4 5
4 6
3 7
7 8
1 9
3 10
4 11
9 12
7 13
7 14
4 15
15 16
10 17
14 18
2 19
2 20
7 21
14 22
22
1 2
1 3
1 4
3 5
1 6
2 7
6 8
1 9
4 10
7 11
2 12
1 13
9 14
6 15
8 16
8 17
1 18
4 19
14 20
2 21
4 22
22
1 2
1 3
1 4
2 5
1 6
5 7
6 8
7 9
2 10
8 11
4 12
8 13
2 14
9 15
7 16
2 17
16 18
15 19
4 20
5 21
20 22
22
1 2
2 3
1 4
4 5
4 6
1 7
7 8
6 9
8 10
6 11
1 12
12 13
11 14
6 15
14 16
7 17
5 18
16 19
3 20
9 21
11 22
22
1 2
1 3
2 4
2 5
4 6
4 7
4 8
5 9
9 10
6 11
9 12
10 13
12 14
10 15
6 16
8 17
14 18
6 19
10 20
9 21
9 22
22
1 2
2 3
1 4
1 5
2 6
6 7
2 8
5 9
7 10
2 11
7 12
12 13
13 14
6 15
2 16
6 17
8 18
3 19
14 20
6 21
17 22
22
1 2
1 3
1 4
4 5
5 6
1 7
2 8
1 9
1 10
1 11
7 12
9 13
13 14
12 15
14 16
6 17
15 18
5 19
19 20
12 21
8 22
22
1 2
1 3
2 4
2 5
2 6
3 7
4 8
5 9
4 10
8 11
6 12
4 13
7 14
7 15
14 16
7 17
13 18
13 19
15 20
7 21
6 22
22
1 2
2 3
3 4
2 5
1 6
1 7
4 8
6 9
9 10
1 11
11 12
4 13
12 14
5 15
15 16
4 17
12 18
18 19
15 20
20 21
16 22
22
1 2
2 3
1 4
2 5
1 6
2 7
6 8
5 9
9 10
8 11
6 12
7 13
1 14
14 15
3 16
12 17
7 18
10 19
13 20
3 21
13 22
22
1 2
2 3
2 4
2 5
3 6
1 7
6 8
5 9
9 10
4 11
6 12
10 13
9 14
2 15
7 16
11 17
5 18
2 19
15 20
16 21
3 22
22
1 2
1 3
1 4
4 5
5 6
6 7
4 8
6 9
6 10
1 11
2 12
7 13
12 14
1 15
11 16
5 17
2 18
12 19
9 20
13 21
3 22
22
1 2
1 3
3 4
2 5
2 6
2 7
2 8
3 9
6 10
7 11
1 12
8 13
13 14
4 15
4 16
13 17
4 18
13 19
1 20
16 21
6 22
22
1 2
1 3
2 4
4 5
5 6
6 7
6 8
4 9
9 10
5 11
10 12
11 13
13 14
14 15
5 16
14 17
10 18
8 19
14 20
11 21
5 22
22
1 2
1 3
2 4
1 5
5 6
2 7
3 8
2 9
5 10
5 11
6 12
7 13
2 14
14 15
8 16
4 17
2 18
5 19
3 20
6 21
12 22
22
1 2
2 3
1 4
3 5
2 6
1 7
3 8
6 9
9 10
2 11
2 12
3 13
12 14
1 15
10 16
12 17
5 18
5 19
5 20
7 21
8 22
22
1 2
2 3
3 4
3 5
2 6
3 7
1 8
5 9
1 10
5 11
4 12
2 13
13 14
9 15
2 16
11 17
5 18
1 19
7 20
13 21
11 22
22
1 2
1 3
1 4
1 5
2 6
3 7
2 8
1 9
5 10
6 11
11 12
11 13
1 14
13 15
9 16
15 17
8 18
10 19
9 20
11 21
10 22
22
1 2
2 3
3 4
2 5
3 6
6 7
7 8
1 9
3 10
6 11
3 12
7 13
1 14
1 15
3 16
7 17
11 18
7 19
15 20
14 21
13 22
22
1 2
1 3
1 4
4 5
5 6
4 7
7 8
3 9
9 10
5 11
7 12
11 13
3 14
2 15
14 16
7 17
9 18
4 19
8 20
12 21
12 22
22
1 2
1 3
2 4
3 5
3 6
6 7
4 8
3 9
7 10
6 11
9 12
4 13
12 14
14 15
12 16
5 17
14 18
5 19
5 20
5 21
6 22
22
1 2
1 3
3 4
2 5
3 6
1 7
3 8
8 9
7 10
9 11
6 12
1 13
3 14
11 15
8 16
10 17
14 18
5 19
8 20
3 21
11 22
22
1 2
2 3
2 4
4 5
1 6
5 7
5 8
5 9
1 10
10 11
7 12
5 13
3 14
4 15
1 16
5 17
17 18
4 19
16 20
10 21
13 22
22
1 2
2 3
3 4
2 5
5 6
5 7
1 8
3 9
9 10
6 11
3 12
4 13
13 14
10 15
9 16
8 17
6 18
18 19
11 20
20 21
16 22
22
1 2
1 3
3 4
1 5
5 6
3 7
5 8
3 9
9 10
1 11
9 12
7 13
4 14
9 15
12 16
15 17
1 18
18 19
3 20
4 21
13 22
22
1 2
1 3
1 4
1 5
2 6
3 7
5 8
8 9
7 10
3 11
4 12
6 13
9 14
6 15
15 16
9 17
8 18
16 19
9 20
4 21
6 22
22
1 2
2 3
1 4
1 5
1 6
4 7
4 8
1 9
1 10
1 11
5 12
1 13
7 14
10 15
15 16
14 17
6 18
15 19
13 20
8 21
6 22
22
1 2
2 3
1 4
3 5
1 6
5 7
4 8
4 9
4 10
4 11
8 12
9 13
6 14
9 15
9 16
16 17
3 18
1 19
2 20
4 21
5 22
22
1 2
1 3
3 4
2 5
3 6
6 7
5 8
7 9
8 10
3 11
1 12
6 13
1 14
7 15
1 16
15 17
4 18
9 19
10 20
2 21
2 22
22
1 2
1 3
2 4
4 5
2 6
1 7
6 8
1 9
8 10
10 11
7 12
11 13
8 14
13 15
14 16
7 17
8 18
16 19
4 20
17 21
3 22
22
1 2
1 3
3 4
3 5
4 6
2 7
7 8
6 9
2 10
1 11
10 12
12 13
3 14
4 15
12 16
13 17
13 18
11 19
14 20
8 21
12 22
22
1 2
2 3
3 4
2 5
4 6
6 7
7 8
2 9
9 10
9 11
7 12
8 13
1 14
12 15
1 16
10 17
12 18
18 19
17 20
1 21
18 22
22
1 2
2 3
1 4
3 5
1 6
5 7
7 8
3 9
8 10
8 11
10 12
7 13
7 14
1 15
8 16
11 17
9 18
16 19
12 20
4 21
15 22
22
1 2
1 3
3 4
3 5
3 6
1 7
2 8
6 9
1 10
10 11
6 12
10 13
8 14
12 15
14 16
5 17
16 18
13 19
18 20
6 21
4 22
22
1 2
2 3
3 4
3 5
2 6
6 7
6 8
4 9
3 10
4 11
4 12
2 13
12 14
11 15
12 16
3 17
10 18
10 19
9 20
2 21
11 22
22
1 2
1 3
1 4
3 5
2 6
6 7
4 8
2 9
4 10
9 11
11 12
7 13
8 14
8 15
14 16
3 17
8 18
2 19
15 20
20 21
15 22
22
1 2
2 3
2 4
2 5
1 6
5 7
3 8
1 9
2 10
4 11
1 12
11 13
6 14
9 15
10 16
2 17
9 18
10 19
11 20
18 21
18 22
22
1 2
2 3
3 4
2 5
2 6
5 7
3 8
8 9
5 10
5 11
6 12
5 13
9 14
14 15
11 16
9 17
17 18
10 19
11 20
19 21
14 22
22
1 2
1 3
1 4
4 5
5 6
2 7
5 8
8 9
9 10
7 11
10 12
7 13
10 14
2 15
7 16
3 17
4 18
16 19
11 20
6 21
16 22
22
1 2
2 3
3 4
4 5
2 6
5 7
4 8
6 9
1 10
7 11
8 12
8 13
10 14
14 15
8 16
16 17
7 18
2 19
17 20
16 21
13 22
22
1 2
2 3
2 4
1 5
5 6
5 7
6 8
7 9
1 10
4 11
7 12
4 13
9 14
4 15
9 16
10 17
12 18
13 19
15 20
16 21
21 22
22
1 2
2 3
1 4
1 5
1 6
3 7
2 8
2 9
8 10
7 11
8 12
12 13
6 14
8 15
5 16
8 17
7 18
10 19
8 20
18 21
4 22
22
1 2
2 3
2 4
2 5
1 6
2 7
1 8
6 9
8 10
1 11
10 12
9 13
13 14
7 15
10 16
8 17
16 18
16 19
4 20
5 21
9 22
22
1 2
1 3
3 4
4 5
5 6
4 7
5 8
5 9
9 10
5 11
6 12
6 13
9 14
7 15
13 16
3 17
4 18
17 19
4 20
19 21
2 22
22
1 2
2 3
1 4
3 5
2 6
4 7
5 8
7 9
3 10
10 11
7 12
8 13
11 14
2 15
13 16
6 17
5 18
15 19
12 20
20 21
9 22
22
1 2
2 3
2 4
3 5
5 6
6 7
2 8
8 9
3 10
5 11
6 12
9 13
13 14
1 15
14 16
16 17
1 18
12 19
7 20
2 21
11 22
22
1 2
2 3
3 4
4 5
4 6
5 7
7 8
7 9
8 10
6 11
6 12
3 13
5 14
8 15
2 16
15 17
9 18
11 19
7 20
15 21
3 22
22
1 2
2 3
1 4
3 5
3 6
4 7
5 8
7 9
8 10
7 11
11 12
12 13
10 14
6 15
13 16
13 17
3 18
10 19
5 20
10 21
15 22
22
1 2
1 3
2 4
1 5
5 6
4 7
1 8
3 9
3 10
9 11
11 12
4 13
8 14
4 15
11 16
6 17
7 18
1 19
5 20
14 21
11 22
22
1 2
1 3
1 4
2 5
4 6
3 7
2 8
4 9
9 10
9 11
7 12
9 13
2 14
12 15
13 16
2 17
8 18
1 19
11 20
15 21
15 22
22
1 2
2 3
3 4
2 5
3 6
2 7
1 8
5 9
1 10
8 11
4 12
8 13
13 14
13 15
14 16
13 17
12 18
7 19
4 20
16 21
3 22
22
1 2
2 3
2 4
3 5
4 6
1 7
4 8
1 9
5 10
5 11
1 12
8 13
6 14
2 15
3 16
3 17
5 18
8 19
8 20
17 21
1 22
22
1 2
2 3
2 4
1 5
3 6
3 7
2 8
7 9
2 10
8 11
7 12
4 13
2 14
4 15
1 16
11 17
12 18
13 19
16 20
19 21
2 22
22
1 2
1 3
3 4
4 5
5 6
5 7
3 8
7 9
9 10
6 11
8 12
2 13
9 14
11 15
4 16
16 17
11 18
12 19
10 20
2 21
19 22
22
1 2
1 3
2 4
4 5
3 6
5 7
5 8
2 9
3 10
4 11
5 12
3 13
8 14
7 15
3 16
1 17
5 18
13 19
2 20
6 21
8 22
22
1 2
1 3
2 4
3 5
4 6
3 7
7 8
4 9
5 10
9 11
2 12
8 13
8 14
8 15
10 16
9 17
4 18
16 19
17 20
7 21
15 22
22
1 2
1 3
1 4
2 5
4 6
3 7
6 8
2 9
7 10
4 11
4 12
6 13
7 14
12 15
10 16
12 17
3 18
15 19
7 20
1 21
6 22
22
1 2
2 3
1 4
4 5
3 6
1 7
1 8
6 9
5 10
7 11
8 12
5 13
6 14
4 15
12 16
12 17
10 18
17 19
14 20
13 21
20 22
22
1 2
1 3
3 4
3 5
3 6
2 7
6 8
5 9
2 10
4 11
1 12
4 13
13 14
5 15
14 16
6 17
17 18
10 19
10 20
14 21
9 22
22
1 2
1 3
1 4
1 5
3 6
4 7
5 8
1 9
2 10
7 11
6 12
12 13
6 14
1 15
5 16
12 17
3 18
15 19
8 20
11 21
21 22
22
1 2
1 3
3 4
1 5
1 6
5 7
2 8
4 9
6 10
4 11
5 12
7 13
5 14
9 15
3 16
4 17
1 18
2 19
6 20
17 21
16 22
22
1 2
1 3
1 4
4 5
4 6
5 7
2 8
3 9
6 10
8 11
5 12
5 13
11 14
6 15
1 16
13 17
1 18
18 19
13 20
12 21
16 22
22
1 2
2 3
1 4
3 5
3 6
2 7
4 8
8 9
6 10
6 11
6 12
11 13
4 14
1 15
13 16
13 17
12 18
2 19
6 20
13 21
16 22
22
1 2
1 3
3 4
4 5
4 6
1 7
4 8
6 9
5 10
4 11
8 12
10 13
13 14
13 15
2 16
12 17
11 18
11 19
12 20
15 21
8 22
22
1 2
2 3
1 4
1 5
2 6
3 7
6 8
6 9
9 10
5 11
7 12
4 13
13 14
14 15
12 16
13 17
9 18
5 19
5 20
8 21
9 22
22
1 2
1 3
3 4
1 5
2 6
1 7
6 8
6 9
6 10
5 11
10 12
10 13
3 14
11 15
2 16
16 17
6 18
9 19
13 20
20 21
7 22
22
1 2
2 3
2 4
3 5
1 6
4 7
7 8
4 9
5 10
4 11
5 12
4 13
2 14
11 15
4 16
2 17
9 18
4 19
13 20
12 21
12 22
22
1 2
2 3
3 4
4 5
3 6
6 7
6 8
2 9
6 10
2 11
5 12
12 13
12 14
14 15
8 16
1 17
2 18
5 19
5 20
6 21
17 22
22
1 2
1 3
1 4
4 5
3 6
5 7
4 8
3 9
4 10
2 11
9 12
10 13
10 14
2 15
12 16
9 17
1 18
16 19
11 20
6 21
16 22
22
1 2
2 3
3 4
2 5
2 6
4 7
1 8
7 9
5 10
6 11
9 12
9 13
2 14
3 15
6 16
8 17
6 18
6 19
2 20
17 21
10 22
22
1 2
2 3
3 4
3 5
1 6
6 7
3 8
3 9
6 10
3 11
2 12
12 13
5 14
14 15
15 16
6 17
5 18
11 19
14 20
6 21
7 22
22
1 2
2 3
1 4
1 5
3 6
4 7
1 8
1 9
3 10
5 11
2 12
7 13
8 14
1 15
12 16
10 17
16 18
2 19
6 20
8 21
19 22
22
1 2
2 3
1 4
4 5
2 6
6 7
4 8
1 9
5 10
5 11
7 12
4 13
4 14
8 15
14 16
15 17
5 18
5 19
11 20
17 21
3 22
22
1 2
1 3
1 4
1 5
5 6
3 7
7 8
7 9
8 10
8 11
7 12
12 13
6 14
12 15
4 16
11 17
10 18
14 19
4 20
10 21
15 22
22
1 2
2 3
3 4
2 5
2 6
2 7
6 8
5 9
6 10
8 11
4 12
8 13
8 14
5 15
15 16
11 17
9 18
6 19
17 20
11 21
10 22
22
1 2
1 3
1 4
2 5
3 6
4 7
4 8
6 9
9 10
8 11
5 12
3 13
8 14
12 15
12 16
8 17
11 18
12 19
15 20
1 21
13 22
22
1 2
1 3
3 4
2 5
4 6
2 7
2 8
8 9
1 10
7 11
7 12
3 13
2 14
13 15
14 16
2 17
2 18
7 19
17 20
15 21
2 22
22
1 2
1 3
1 4
2 5
2 6
6 7
3 8
2 9
3 10
7 11
8 12
9 13
8 14
11 15
15 16
2 17
11 18
10 19
7 20
17 21
9 22
22
1 2
2 3
2 4
3 5
2 6
6 7
1 8
7 9
3 10
9 11
3 12
3 13
4 14
4 15
9 16
5 17
17 18
1 19
10 20
16 21
13 22
22
1 2
2 3
2 4
1 5
5 6
5 7
3 8
7 9
6 10
7 11
8 12
7 13
1 14
7 15
5 16
1 17
2 18
16 19
6 20
14 21
7 22
22
1 2
1 3
2 4
2 5
3 6
5 7
7 8
4 9
7 10
4 11
3 12
10 13
11 14
3 15
3 16
13 17
14 18
2 19
12 20
4 21
10 22
22
1 2
1 3
3 4
1 5
4 6
6 7
3 8
7 9
2 10
8 11
7 12
4 13
5 14
1 15
12 16
16 17
16 18
15 19
15 20
17 21
8 22
22
1 2
2 3
3 4
1 5
1 6
3 7
2 8
6 9
1 10
9 11
3 12
11 13
13 14
1 15
8 16
11 17
15 18
16 19
11 20
11 21
19 22
22
1 2
1 3
3 4
3 5
5 6
4 7
2 8
7 9
1 10
2 11
9 12
5 13
4 14
8 15
12 16
13 17
15 18
16 19
14 20
12 21
14 22
22
1 2
2 3
3 4
3 5
3 6
3 7
4 8
2 9
8 10
1 11
6 12
12 13
12 14
13 15
6 16
2 17
5 18
9 19
14 20
14 21
18 22
22
1 2
1 3
3 4
2 5
4 6
6 7
1 8
8 9
8 10
4 11
2 12
7 13
2 14
1 15
3 16
5 17
3 18
18 19
9 20
18 21
1 22
22
1 2
1 3
1 4
1 5
1 6
6 7
7 8
8 9
2 10
8 11
7 12
10 13
10 14
9 15
15 16
8 17
8 18
17 19
17 20
7 21
13 22
22
1 2
1 3
1 4
4 5
2 6
2 7
4 8
3 9
8 10
7 11
1 12
6 13
11 14
14 15
14 16
11 17
7 18
15 19
4 20
9 21
4 22
22
1 2
1 3
1 4
2 5
4 6
3 7
5 8
7 9
9 10
8 11
3 12
4 13
5 14
7 15
9 16
12 17
1 18
10 19
19 20
7 21
13 22
22
1 2
2 3
2 4
3 5
5 6
4 7
6 8
7 9
1 10
1 11
5 12
7 13
2 14
3 15
10 16
6 17
15 18
11 19
4 20
13 21
3 22
22
1 2
1 3
1 4
1 5
2 6
2 7
2 8
1 9
3 10
3 11
4 12
3 13
10 14
1 15
1 16
13 17
11 18
7 19
14 20
11 21
20 22
22
1 2
1 3
1 4
4 5
1 6
2 7
4 8
1 9
6 10
6 11
6 12
6 13
6 14
3 15
15 16
2 17
9 18
11 19
11 20
5 21
8 22
22
1 2
2 3
2 4
2 5
4 6
3 7
2 8
3 9
5 10
9 11
10 12
1 13
12 14
6 15
13 16
13 17
9 18
9 19
5 20
12 21
19 22
22
1 2
1 3
2 4
2 5
4 6
3 7
6 8
5 9
4 10
4 11
6 12
11 13
4 14
4 15
15 16
14 17
6 18
2 19
14 20
2 21
12 22
22
1 2
2 3
3 4
2 5
1 6
1 7
5 8
4 9
4 10
6 11
8 12
1 13
7 14
6 15
1 16
16 17
6 18
7 19
8 20
16 21
21 22
22
1 2
2 3
2 4
1 5
5 6
5 7
5 8
2 9
7 10
9 11
11 12
3 13
13 14
4 15
9 16
4 17
1 18
4 19
14 20
13 21
3 22
22
1 2
1 3
3 4
2 5
4 6
1 7
2 8
3 9
5 10
1 11
1 12
7 13
6 14
11 15
11 16
15 17
3 18
12 19
6 20
3 21
13 22
22
1 2
1 3
3 4
2 5
1 6
5 7
4 8
7 9
4 10
5 11
7 12
10 13
7 14
3 15
15 16
8 17
4 18
15 19
14 20
19 21
15 22
22
1 2
2 3
3 4
2 5
5 6
3 7
2 8
3 9
1 10
10 11
3 12
5 13
3 14
14 15
15 16
9 17
4 18
12 19
1 20
15 21
6 22
22
1 2
1 3
2 4
1 5
2 6
2 7
6 8
5 9
8 10
9 11
7 12
8 13
9 14
13 15
12 16
8 17
11 18
9 19
9 20
16 21
1 22
22
1 2
1 3
1 4
3 5
4 6
5 7
3 8
7 9
7 10
4 11
9 12
7 13
13 14
7 15
3 16
1 17
5 18
13 19
10 20
9 21
11 22
22
1 2
2 3
2 4
3 5
4 6
1 7
3 8
4 9
4 10
3 11
6 12
1 13
1 14
9 15
6 16
3 17
15 18
4 19
1 20
19 21
10 22
22
1 2
2 3
3 4
4 5
1 6
3 7
2 8
1 9
5 10
2 11
7 12
6 13
7 14
14 15
11 16
5 17
12 18
11 19
12 20
10 21
14 22
22
1 2
1 3
1 4
2 5
5 6
4 7
4 8
4 9
4 10
4 11
1 12
2 13
12 14
5 15
6 16
5 17
11 18
2 19
11 20
10 21
12 22
22
1 2
2 3
2 4
2 5
4 6
2 7
5 8
8 9
7 10
8 11
3 12
7 13
4 14
11 15
10 16
12 17
14 18
3 19
8 20
8 21
5 22
22
1 2
1 3
3 4
3 5
3 6
4 7
6 8
8 9
9 10
6 11
7 12
9 13
7 14
5 15
4 16
14 17
9 18
16 19
18 20
6 21
3 22
22
1 2
1 3
1 4
3 5
4 6
6 7
5 8
3 9
9 10
9 11
11 12
3 13
5 14
10 15
11 16
12 17
5 18
13 19
9 20
9 21
9 22
22
1 2
2 3
1 4
4 5
3 6
5 7
5 8
2 9
7 10
7 11
1 12
4 13
13 14
12 15
14 16
3 17
17 18
14 19
1 20
12 21
13 22
22
1 2
1 3
2 4
1 5
1 6
1 7
3 8
4 9
9 10
6 11
1 12
6 13
12 14
2 15
10 16
1 17
14 18
9 19
17 20
13 21
20 22
22
1 2
1 3
3 4
3 5
5 6
4 7
6 8
8 9
4 10
9 11
4 12
5 13
8 14
1 15
2 16
16 17
16 18
8 19
12 20
20 21
3 22
22
1 2
2 3
2 4
1 5
2 6
4 7
3 8
2 9
5 10
4 11
7 12
5 13
10 14
7 15
2 16
11 17
6 18
13 19
16 20
5 21
18 22
22
1 2
2 3
1 4
2 5
4 6
5 7
1 8
6 9
4 10
1 11
5 12
10 13
4 14
11 15
7 16
8 17
2 18
5 19
6 20
10 21
19 22
22
1 2
1 3
2 4
1 5
2 6
6 7
6 8
4 9
5 10
1 11
5 12
6 13
7 14
10 15
3 16
14 17
2 18
2 19
18 20
19 21
7 22
22
1 2
1 3
1 4
4 5
2 6
3 7
4 8
5 9
2 10
4 11
7 12
11 13
8 14
5 15
12 16
14 17
12 18
18 19
1 20
1 21
2 22
22
1 2
1 3
1 4
3 5
1 6
5 7
2 8
5 9
1 10
4 11
5 12
12 13
13 14
8 15
2 16
16 17
16 18
1 19
15 20
11 21
10 22
22
1 2
2 3
2 4
4 5
5 6
5 7
6 8
3 9
1 10
10 11
4 12
8 13
2 14
13 15
13 16
10 17
6 18
11 19
13 20
2 21
8 22
22
1 2
2 3
2 4
3 5
2 6
4 7
2 8
5 9
9 10
7 11
10 12
3 13
8 14
12 15
8 16
3 17
12 18
12 19
1 20
17 21
5 22
22
1 2
2 3
3 4
3 5
4 6
5 7
6 8
6 9
4 10
5 11
11 12
5 13
4 14
8 15
13 16
8 17
4 18
12 19
1 20
20 21
14 22
22
1 2
2 3
2 4
2 5
2 6
4 7
4 8
8 9
3 10
1 11
7 12
11 13
8 14
9 15
13 16
1 17
4 18
12 19
16 20
17 21
18 22
22
1 2
1 3
2 4
3 5
2 6
5 7
4 8
8 9
3 10
6 11
7 12
4 13
1 14
13 15
3 16
8 17
2 18
3 19
2 20
7 21
5 22
22
1 2
2 3
2 4
4 5
4 6
6 7
7 8
3 9
6 10
9 11
5 12
4 13
1 14
9 15
8 16
8 17
17 18
18 19
5 20
19 21
4 22
22
1 2
1 3
1 4
1 5
4 6
6 7
6 8
2 9
1 10
1 11
3 12
12 13
7 14
1 15
14 16
13 17
12 18
15 19
4 20
17 21
10 22
22
1 2
1 3
3 4
4 5
3 6
4 7
5 8
4 9
2 10
2 11
7 12
6 13
3 14
12 15
8 16
4 17
13 18
1 19
3 20
7 21
14 22
22
1 2
2 3
1 4
3 5
3 6
3 7
2 8
3 9
7 10
10 11
1 12
7 13
5 14
2 15
11 16
2 17
13 18
4 19
13 20
20 21
12 22
22
1 2
1 3
3 4
2 5
2 6
1 7
3 8
5 9
8 10
2 11
11 12
11 13
10 14
11 15
13 16
3 17
15 18
15 19
4 20
11 21
7 22
22
1 2
2 3
2 4
3 5
4 6
6 7
2 8
5 9
6 10
9 11
2 12
1 13
5 14
14 15
11 16
5 17
12 18
1 19
1 20
18 21
1 22
22
1 2
2 3
1 4
3 5
3 6
2 7
1 8
2 9
3 10
8 11
4 12
6 13
13 14
7 15
5 16
5 17
8 18
12 19
14 20
12 21
6 22
22
1 2
2 3
1 4
1 5
5 6
4 7
1 8
4 9
4 10
1 11
3 12
11 13
7 14
14 15
12 16
6 17
3 18
7 19
13 20
9 21
5 22
22
1 2
2 3
2 4
4 5
5 6
4 7
2 8
8 9
7 10
4 11
10 12
8 13
4 14
4 15
3 16
4 17
13 18
17 19
14 20
4 21
1 22
22
1 2
2 3
1 4
4 5
4 6
3 7
7 8
4 9
7 10
7 11
1 12
7 13
4 14
11 15
10 16
9 17
17 18
3 19
2 20
16 21
16 22
22
1 2
1 3
3 4
2 5
5 6
5 7
1 8
2 9
6 10
6 11
7 12
9 13
12 14
1 15
5 16
2 17
11 18
15 19
5 20
11 21
16 22
22
1 2
2 3
2 4
4 5
4 6
1 7
2 8
2 9
2 10
1 11
3 12
9 13
5 14
1 15
4 16
10 17
13 18
1 19
11 20
10 21
14 22
22
1 2
1 3
1 4
1 5
5 6
2 7
5 8
4 9
1 10
2 11
10 12
5 13
11 14
3 15
1 16
10 17
10 18
10 19
19 20
2 21
13 22
22
1 2
2 3
3 4
4 5
4 6
3 7
2 8
3 9
7 10
1 11
6 12
6 13
11 14
12 15
8 16
13 17
15 18
9 19
9 20
17 21
18 22
22
1 2
1 3
3 4
3 5
1 6
4 7
4 8
3 9
8 10
4 11
10 12
5 13
10 14
7 15
15 16
13 17
10 18
6 19
17 20
14 21
16 22
22
1 2
1 3
1 4
2 5
3 6
1 7
2 8
2 9
5 10
2 11
3 12
7 13
7 14
5 15
9 16
2 17
6 18
11 19
6 20
20 21
15 22
22
1 2
2 3
2 4
2 5
4 6
6 7
7 8
1 9
4 10
6 11
3 12
8 13
3 14
12 15
7 16
7 17
10 18
16 19
6 20
5 21
14 22
22
1 2
1 3
2 4
4 5
3 6
2 7
2 8
2 9
2 10
7 11
10 12
9 13
11 14
2 15
12 16
1 17
14 18
15 19
14 20
16 21
10 22
22
1 2
2 3
2 4
1 5
5 6
5 7
5 8
3 9
3 10
10 11
11 12
4 13
4 14
3 15
15 16
16 17
4 18
4 19
16 20
13 21
4 22
22
1 2
2 3
2 4
2 5
1 6
4 7
6 8
5 9
6 10
4 11
6 12
11 13
8 14
5 15
6 16
9 17
3 18
18 19
8 20
16 21
20 22
22
1 2
1 3
3 4
2 5
1 6
2 7
5 8
3 9
7 10
4 11
2 12
11 13
3 14
1 15
1 16
4 17
9 18
3 19
6 20
5 21
20 22
22
1 2
1 3
2 4
1 5
3 6
3 7
7 8
5 9
3 10
9 11
11 12
9 13
4 14
10 15
6 16
5 17
4 18
1 19
14 20
10 21
21 22
22
1 2
1 3
2 4
3 5
3 6
4 7
1 8
1 9
6 10
1 11
3 12
12 13
4 14
14 15
10 16
13 17
8 18
4 19
17 20
2 21
3 22
22
1 2
1 3
1 4
2 5
2 6
1 7
5 8
2 9
8 10
3 11
2 12
6 13
9 14
4 15
8 16
4 17
5 18
5 19
17 20
11 21
5 22
22
1 2
2 3
2 4
3 5
4 6
6 7
7 8
7 9
1 10
2 11
6 12
6 13
8 14
14 15
8 16
6 17
16 18
13 19
1 20
10 21
18 22
22
1 2
2 3
1 4
2 5
2 6
6 7
3 8
6 9
1 10
7 11
8 12
4 13
2 14
10 15
9 16
16 17
4 18
14 19
12 20
1 21
14 22
22
1 2
2 3
2 4
2 5
5 6
4 7
5 8
6 9
2 10
3 11
1 12
10 13
8 14
4 15
12 16
15 17
3 18
16 19
6 20
2 21
20 22
22
1 2
2 3
1 4
2 5
5 6
3 7
2 8
6 9
5 10
5 11
9 12
11 13
4 14
5 15
1 16
7 17
1 18
11 19
11 20
17 21
1 22
22
1 2
1 3
2 4
2 5
5 6
1 7
7 8
5 9
6 10
8 11
2 12
1 13
1 14
1 15
8 16
5 17
10 18
4 19
5 20
12 21
17 22
22
1 2
1 3
3 4
2 5
3 6
3 7
5 8
4 9
5 10
3 11
2 12
5 13
1 14
7 15
5 16
11 17
17 18
10 19
18 20
16 21
10 22
22
1 2
2 3
2 4
1 5
4 6
4 7
7 8
8 9
4 10
7 11
8 12
8 13
12 14
10 15
5 16
6 17
2 18
7 19
3 20
1 21
1 22
22
1 2
1 3
1 4
2 5
1 6
2 7
3 8
6 9
7 10
6 11
9 12
10 13
5 14
8 15
3 16
15 17
14 18
4 19
11 20
14 21
5 22
22
1 2
2 3
2 4
3 5
3 6
2 7
7 8
8 9
8 10
3 11
7 12
1 13
13 14
7 15
1 16
13 17
2 18
15 19
18 20
14 21
17 22
22
1 2
1 3
3 4
2 5
3 6
2 7
3 8
1 9
9 10
4 11
1 12
6 13
8 14
9 15
15 16
13 17
13 18
5 19
11 20
2 21
12 22
22
1 2
1 3
1 4
3 5
4 6
1 7
4 8
4 9
5 10
2 11
7 12
12 13
5 14
14 15
11 16
7 17
5 18
4 19
9 20
11 21
14 22
22
1 2
1 3
2 4
3 5
1 6
2 7
3 8
6 9
3 10
3 11
10 12
3 13
11 14
7 15
1 16
3 17
14 18
15 19
18 20
9 21
14 22
22
1 2
2 3
2 4
4 5
3 6
3 7
1 8
6 9
3 10
3 11
11 12
2 13
5 14
14 15
10 16
9 17
6 18
2 19
7 20
11 21
20 22
22
1 2
2 3
2 4
2 5
1 6
1 7
4 8
2 9
3 10
3 11
5 12
1 13
13 14
1 15
6 16
16 17
15 18
13 19
19 20
20 21
1 22
22
1 2
1 3
1 4
4 5
1 6
6 7
7 8
3 9
7 10
10 11
9 12
7 13
12 14
11 15
5 16
15 17
13 18
10 19
14 20
19 21
3 22
22
1 2
2 3
1 4
1 5
3 6
2 7
6 8
3 9
5 10
2 11
11 12
12 13
5 14
4 15
7 16
5 17
11 18
3 19
19 20
8 21
18 22
22
1 2
2 3
1 4
4 5
4 6
3 7
1 8
7 9
4 10
7 11
2 12
1 13
8 14
14 15
14 16
3 17
13 18
6 19
6 20
8 21
17 22
22
1 2
2 3
2 4
2 5
3 6
2 7
5 8
8 9
4 10
8 11
3 12
7 13
13 14
4 15
1 16
10 17
16 18
8 19
8 20
12 21
11 22
22
1 2
1 3
2 4
1 5
2 6
4 7
6 8
7 9
8 10
6 11
8 12
7 13
9 14
2 15
8 16
5 17
8 18
10 19
11 20
7 21
4 22
22
1 2
2 3
3 4
4 5
5 6
2 7
4 8
2 9
4 10
5 11
2 12
3 13
9 14
13 15
9 16
5 17
17 18
1 19
7 20
10 21
10 22
22
1 2
1 3
1 4
2 5
5 6
4 7
4 8
5 9
3 10
10 11
7 12
8 13
11 14
1 15
9 16
5 17
8 18
15 19
10 20
4 21
20 22
22
1 2
2 3
3 4
2 5
4 6
1 7
1 8
4 9
5 10
8 11
5 12
9 13
3 14
5 15
1 16
6 17
7 18
13 19
8 20
15 21
11 22
22
1 2
2 3
1 4
2 5
4 6
3 7
1 8
7 9
4 10
2 11
6 12
4 13
5 14
1 15
7 16
5 17
11 18
11 19
9 20
18 21
15 22
22
1 2
2 3
1 4
2 5
3 6
5 7
6 8
4 9
6 10
6 11
7 12
3 13
9 14
10 15
3 16
9 17
4 18
10 19
5 20
5 21
5 22
22
1 2
2 3
2 4
4 5
1 6
4 7
2 8
7 9
7 10
10 11
5 12
8 13
12 14
14 15
7 16
13 17
6 18
12 19
16 20
5 21
18 22
22
1 2
1 3
3 4
4 5
2 6
4 7
7 8
1 9
6 10
1 11
1 12
4 13
8 14
1 15
14 16
16 17
12 18
16 19
6 20
7 21
7 22
22
1 2
2 3
1 4
3 5
1 6
5 7
4 8
6 9
1 10
5 11
7 12
6 13
1 14
9 15
5 16
1 17
16 18
8 19
16 20
4 21
6 22
22
1 2
1 3
2 4
3 5
4 6
5 7
3 8
3 9
4 10
8 11
11 12
11 13
9 14
5 15
11 16
11 17
7 18
18 19
10 20
2 21
4 22
22
1 2
2 3
1 4
1 5
4 6
3 7
5 8
7 9
8 10
5 11
7 12
10 13
11 14
12 15
10 16
16 17
9 18
4 19
7 20
16 21
9 22
22
1 2
1 3
1 4
1 5
1 6
6 7
6 8
6 9
4 10
6 11
10 12
7 13
2 14
3 15
13 16
6 17
6 18
18 19
2 20
14 21
9 22
22
1 2
2 3
3 4
1 5
3 6
3 7
7 8
4 9
7 10
9 11
5 12
1 13
7 14
13 15
8 16
8 17
4 18
4 19
7 20
17 21
3 22
22
1 2
1 3
3 4
3 5
1 6
6 7
7 8
4 9
1 10
8 11
2 12
3 13
11 14
6 15
13 16
13 17
16 18
13 19
14 20
11 21
20 22
22
1 2
2 3
1 4
2 5
1 6
6 7
4 8
3 9
5 10
6 11
6 12
2 13
4 14
14 15
6 16
8 17
15 18
4 19
11 20
18 21
5 22
22
1 2
1 3
1 4
2 5
3 6
1 7
2 8
3 9
5 10
8 11
2 12
1 13
9 14
1 15
6 16
8 17
5 18
2 19
1 20
6 21
8 22
22
1 2
2 3
1 4
1 5
4 6
6 7
3 8
1 9
8 10
4 11
4 12
1 13
4 14
13 15
15 16
10 17
15 18
15 19
6 20
7 21
12 22
22
1 2
2 3
1 4
1 5
1 6
5 7
4 8
8 9
7 10
1 11
1 12
11 13
9 14
6 15
13 16
5 17
5 18
18 19
11 20
11 21
1 22
22
1 2
2 3
1 4
2 5
3 6
5 7
5 8
5 9
9 10
2 11
5 12
11 13
3 14
9 15
15 16
15 17
4 18
13 19
4 20
16 21
15 22
22
1 2
1 3
2 4
3 5
1 6
4 7
3 8
4 9
6 10
5 11
11 12
9 13
6 14
8 15
14 16
9 17
16 18
14 19
18 20
11 21
12 22
22
1 2
1 3
1 4
2 5
2 6
5 7
4 8
8 9
2 10
4 11
8 12
10 13
8 14
13 15
15 16
2 17
4 18
6 19
17 20
19 21
8 22
22
1 2
1 3
3 4
1 5
2 6
2 7
2 8
1 9
4 10
1 11
11 12
5 13
7 14
9 15
4 16
9 17
4 18
17 19
13 20
11 21
18 22
22
1 2
2 3
2 4
1 5
4 6
6 7
1 8
5 9
3 10
1 11
4 12
2 13
7 14
10 15
10 16
5 17
9 18
18 19
14 20
2 21
18 22
22
1 2
1 3
2 4
1 5
5 6
4 7
3 8
7 9
1 10
6 11
6 12
9 13
7 14
3 15
9 16
12 17
2 18
17 19
16 20
3 21
20 22
22
1 2
1 3
1 4
4 5
3 6
3 7
4 8
3 9
9 10
1 11
4 12
12 13
12 14
3 15
12 16
14 17
3 18
4 19
6 20
6 21
17 22
22
1 2
1 3
2 4
4 5
5 6
5 7
5 8
6 9
4 10
8 11
4 12
6 13
3 14
7 15
4 16
11 17
10 18
5 19
6 20
11 21
20 22
22
1 2
1 3
1 4
3 5
4 6
1 7
5 8
4 9
7 10
2 11
10 12
5 13
7 14
13 15
13 16
9 17
15 18
2 19
3 20
3 21
19 22
22
1 2
2 3
2 4
4 5
3 6
4 7
1 8
1 9
4 10
9 11
1 12
11 13
12 14
2 15
11 16
7 17
9 18
11 19
4 20
9 21
20 22
22
1 2
1 3
1 4
2 5
2 6
1 7
7 8
7 9
1 10
4 11
1 12
12 13
8 14
4 15
5 16
2 17
15 18
4 19
2 20
16 21
7 22
22
1 2
1 3
1 4
1 5
3 6
3 7
6 8
7 9
3 10
4 11
7 12
1 13
2 14
2 15
10 16
3 17
8 18
4 19
6 20
4 21
16 22
22
1 2
2 3
2 4
4 5
4 6
2 7
6 8
1 9
2 10
10 11
3 12
5 13
8 14
3 15
14 16
6 17
13 18
14 19
1 20
1 21
8 22
22
1 2
2 3
3 4
3 5
4 6
4 7
2 8
8 9
3 10
5 11
4 12
7 13
11 14
13 15
14 16
7 17
14 18
4 19
19 20
11 21
18 22
22
1 2
2 3
1 4
3 5
4 6
4 7
4 8
6 9
3 10
6 11
8 12
5 13
7 14
9 15
3 16
4 17
4 18
3 19
9 20
15 21
20 22
22
1 2
2 3
2 4
4 5
4 6
4 7
7 8
4 9
6 10
9 11
8 12
2 13
10 14
1 15
15 16
1 17
1 18
8 19
4 20
11 21
13 22
22
1 2
1 3
3 4
3 5
5 6
5 7
7 8
8 9
3 10
6 11
5 12
2 13
5 14
3 15
7 16
15 17
12 18
17 19
18 20
19 21
14 22
22
1 2
1 3
2 4
1 5
1 6
2 7
6 8
7 9
7 10
3 11
7 12
1 13
12 14
2 15
13 16
8 17
15 18
5 19
6 20
7 21
1 22
22
1 2
1 3
1 4
1 5
3 6
4 7
1 8
2 9
6 10
7 11
4 12
1 13
9 14
12 15
1 16
12 17
17 18
4 19
19 20
4 21
1 22
22
1 2
2 3
2 4
2 5
3 6
2 7
3 8
8 9
5 10
9 11
2 12
6 13
13 14
10 15
8 16
12 17
8 18
10 19
3 20
19 21
8 22
22
1 2
2 3
1 4
3 5
4 6
3 7
3 8
5 9
2 10
2 11
7 12
3 13
10 14
1 15
14 16
2 17
15 18
16 19
13 20
6 21
20 22
22
1 2
1 3
2 4
2 5
3 6
5 7
5 8
3 9
4 10
7 11
5 12
2 13
2 14
12 15
1 16
9 17
14 18
17 19
1 20
3 21
21 22
22
1 2
1 3
1 4
4 5
2 6
2 7
1 8
4 9
2 10
3 11
10 12
7 13
8 14
3 15
7 16
5 17
5 18
15 19
1 20
11 21
16 22
22
1 2
1 3
2 4
2 5
4 6
5 7
3 8
8 9
9 10
10 11
9 12
2 13
1 14
8 15
9 16
7 17
11 18
16 19
2 20
2 21
7 22
22
1 2
2 3
2 4
2 5
3 6
3 7
6 8
5 9
9 10
3 11
8 12
9 13
8 14
13 15
13 16
14 17
4 18
10 19
13 20
6 21
8 22
22
1 2
1 3
2 4
4 5
2 6
3 7
3 8
5 9
9 10
4 11
8 12
5 13
3 14
6 15
6 16
11 17
9 18
13 19
3 20
16 21
15 22
22
1 2
1 3
1 4
2 5
1 6
2 7
6 8
4 9
5 10
6 11
1 12
7 13
7 14
14 15
12 16
7 17
7 18
9 19
3 20
4 21
12 22
22
1 2
1 3
1 4
2 5
1 6
3 7
5 8
2 9
7 10
9 11
11 12
3 13
4 14
5 15
6 16
7 17
10 18
17 19
15 20
8 21
5 22
22
1 2
2 3
1 4
3 5
3 6
6 7
2 8
6 9
9 10
8 11
5 12
7 13
5 14
14 15
6 16
16 17
4 18
16 19
18 20
6 21
19 22
22
1 2
1 3
2 4
2 5
4 6
1 7
6 8
4 9
7 10
2 11
2 12
5 13
7 14
12 15
2 16
7 17
16 18
6 19
16 20
18 21
12 22
22
1 2
2 3
3 4
3 5
1 6
3 7
1 8
8 9
8 10
10 11
10 12
7 13
3 14
10 15
1 16
9 17
2 18
16 19
2 20
13 21
13 22
22
1 2
2 3
3 4
1 5
1 6
4 7
6 8
5 9
3 10
3 11
11 12
10 13
5 14
7 15
12 16
11 17
15 18
15 19
18 20
19 21
12 22
22
1 2
2 3
1 4
1 5
3 6
4 7
2 8
1 9
5 10
8 11
6 12
3 13
6 14
8 15
3 16
7 17
8 18
18 19
11 20
17 21
18 22
22
1 2
1 3
2 4
2 5
3 6
5 7
2 8
7 9
2 10
9 11
1 12
1 13
9 14
10 15
12 16
2 17
4 18
17 19
18 20
7 21
16 22
22
1 2
2 3
2 4
2 5
5 6
2 7
2 8
5 9
5 10
6 11
8 12
3 13
11 14
6 15
9 16
10 17
9 18
3 19
9 20
8 21
14 22
22
1 2
2 3
2 4
2 5
1 6
6 7
7 8
4 9
8 10
1 11
3 12
10 13
2 14
13 15
8 16
11 17
2 18
9 19
1 20
19 21
15 22
22
1 2
1 3
2 4
3 5
1 6
5 7
7 8
5 9
8 10
9 11
2 12
8 13
3 14
2 15
5 16
2 17
17 18
18 19
15 20
11 21
12 22
22
1 2
1 3
1 4
1 5
4 6
6 7
3 8
5 9
8 10
7 11
5 12
12 13
2 14
5 15
3 16
1 17
8 18
7 19
10 20
8 21
14 22
22
1 2
1 3
3 4
2 5
1 6
3 7
1 8
6 9
9 10
5 11
9 12
1 13
6 14
3 15
1 16
8 17
2 18
7 19
8 20
18 21
5 22
22
1 2
2 3
1 4
1 5
3 6
4 7
4 8
6 9
6 10
10 11
9 12
8 13
4 14
10 15
9 16
3 17
8 18
6 19
19 20
13 21
1 22
22
1 2
1 3
2 4
1 5
2 6
6 7
6 8
4 9
4 10
5 11
9 12
11 13
1 14
7 15
4 16
5 17
12 18
1 19
13 20
3 21
8 22
22
1 2
1 3
3 4
3 5
3 6
3 7
3 8
5 9
9 10
1 11
5 12
5 13
2 14
12 15
3 16
15 17
5 18
8 19
4 20
8 21
7 22
22
1 2
1 3
3 4
3 5
4 6
5 7
5 8
4 9
2 10
5 11
9 12
2 13
3 14
3 15
10 16
13 17
13 18
11 19
6 20
8 21
1 22
22
1 2
1 3
1 4
1 5
4 6
5 7
2 8
8 9
3 10
7 11
9 12
5 13
10 14
2 15
5 16
10 17
1 18
7 19
15 20
14 21
15 22
22
1 2
2 3
2 4
4 5
4 6
3 7
2 8
7 9
1 10
1 11
6 12
9 13
13 14
6 15
1 16
11 17
16 18
2 19
2 20
1 21
16 22
22
1 2
2 3
3 4
1 5
2 6
2 7
4 8
5 9
2 10
8 11
5 12
1 13
13 14
14 15
2 16
9 17
14 18
5 19
15 20
12 21
7 22
22
1 2
2 3
3 4
4 5
1 6
2 7
1 8
1 9
1 10
6 11
4 12
2 13
10 14
14 15
2 16
14 17
6 18
11 19
18 20
4 21
3 22
22
1 2
2 3
3 4
2 5
3 6
1 7
7 8
1 9
8 10
8 11
8 12
5 13
4 14
11 15
10 16
11 17
13 18
7 19
2 20
2 21
3 22
22
1 2
2 3
2 4
4 5
5 6
6 7
4 8
7 9
2 10
9 11
5 12
3 13
10 14
1 15
8 16
16 17
11 18
3 19
5 20
6 21
19 22
22
1 2
1 3
3 4
1 5
4 6
6 7
3 8
8 9
3 10
9 11
10 12
12 13
10 14
9 15
3 16
14 17
16 18
2 19
11 20
20 21
2 22
22
1 2
2 3
3 4
2 5
4 6
3 7
5 8
7 9
6 10
10 11
9 12
12 13
5 14
1 15
1 16
9 17
5 18
9 19
16 20
18 21
15 22
22
1 2
1 3
3 4
3 5
3 6
3 7
2 8
7 9
9 10
3 11
8 12
12 13
12 14
12 15
1 16
3 17
4 18
7 19
3 20
9 21
16 22
22
1 2
2 3
3 4
4 5
3 6
1 7
7 8
4 9
3 10
7 11
10 12
4 13
10 14
8 15
2 16
7 17
8 18
4 19
1 20
16 21
21 22
22
1 2
1 3
1 4
2 5
1 6
3 7
1 8
1 9
4 10
4 11
7 12
11 13
3 14
1 15
15 16
16 17
3 18
6 19
14 20
10 21
6 22
22
1 2
2 3
2 4
2 5
4 6
1 7
4 8
4 9
3 10
1 11
11 12
1 13
9 14
7 15
3 16
9 17
11 18
11 19
18 20
16 21
20 22
22
1 2
1 3
3 4
4 5
2 6
6 7
6 8
1 9
5 10
4 11
10 12
8 13
4 14
1 15
12 16
7 17
17 18
7 19
14 20
6 21
1 22
22
1 2
1 3
1 4
1 5
3 6
5 7
1 8
8 9
9 10
8 11
9 12
4 13
11 14
8 15
11 16
1 17
10 18
3 19
14 20
9 21
17 22
22
1 2
2 3
1 4
4 5
3 6
2 7
7 8
3 9
7 10
6 11
5 12
9 13
6 14
12 15
15 16
5 17
9 18
1 19
3 20
19 21
5 22
22
1 2
1 3
3 4
1 5
4 6
1 7
2 8
7 9
6 10
10 11
7 12
2 13
10 14
13 15
1 16
6 17
11 18
6 19
10 20
10 21
18 22
22
1 2
2 3
2 4
3 5
2 6
1 7
1 8
3 9
3 10
2 11
2 12
3 13
6 14
9 15
1 16
6 17
10 18
8 19
4 20
13 21
4 22
22
1 2
1 3
1 4
2 5
4 6
4 7
2 8
1 9
8 10
9 11
10 12
2 13
9 14
2 15
7 16
15 17
11 18
3 19
19 20
19 21
6 22
22
1 2
2 3
3 4
3 5
3 6
4 7
3 8
4 9
1 10
2 11
10 12
5 13
7 14
1 15
10 16
14 17
11 18
2 19
15 20
13 21
6 22
22
1 2
2 3
3 4
3 5
3 6
5 7
2 8
7 9
7 10
1 11
6 12
7 13
4 14
8 15
13 16
7 17
8 18
14 19
11 20
20 21
8 22
22
1 2
1 3
1 4
4 5
1 6
4 7
4 8
6 9
5 10
9 11
4 12
7 13
6 14
12 15
10 16
9 17
4 18
13 19
13 20
16 21
14 22
22
1 2
2 3
1 4
4 5
1 6
5 7
5 8
8 9
5 10
8 11
1 12
3 13
11 14
6 15
6 16
10 17
8 18
3 19
1 20
11 21
15 22
22
1 2
2 3
1 4
3 5
3 6
6 7
3 8
3 9
4 10
2 11
5 12
11 13
12 14
7 15
5 16
5 17
9 18
11 19
17 20
5 21
6 22
22
1 2
2 3
2 4
2 5
3 6
5 7
2 8
4 9
4 10
1 11
7 12
3 13
5 14
5 15
15 16
15 17
3 18
10 19
18 20
20 21
7 22
22
1 2
1 3
3 4
1 5
3 6
6 7
6 8
8 9
5 10
9 11
9 12
9 13
10 14
3 15
13 16
5 17
17 18
7 19
19 20
8 21
5 22
22
1 2
1 3
1 4
3 5
2 6
2 7
3 8
6 9
1 10
10 11
9 12
6 13
5 14
11 15
13 16
3 17
7 18
14 19
8 20
2 21
15 22
22
1 2
1 3
1 4
3 5
4 6
5 7
1 8
4 9
1 10
3 11
3 12
7 13
2 14
11 15
3 16
15 17
4 18
6 19
5 20
18 21
18 22
22
1 2
2 3
1 4
2 5
5 6
6 7
7 8
7 9
7 10
4 11
1 12
3 13
5 14
10 15
6 16
8 17
12 18
7 19
18 20
10 21
20 22
22
1 2
2 3
1 4
3 5
2 6
1 7
1 8
2 9
1 10
2 11
6 12
8 13
1 14
8 15
8 16
1 17
2 18
5 19
17 20
9 21
8 22
22
1 2
1 3
3 4
1 5
1 6
2 7
1 8
1 9
1 10
5 11
3 12
1 13
11 14
6 15
1 16
13 17
10 18
17 19
9 20
19 21
2 22
22
1 2
2 3
2 4
3 5
5 6
3 7
4 8
4 9
4 10
8 11
4 12
10 13
4 14
4 15
11 16
4 17
1 18
7 19
19 20
20 21
12 22
22
1 2
1 3
2 4
3 5
1 6
1 7
2 8
7 9
5 10
8 11
8 12
9 13
5 14
1 15
2 16
10 17
6 18
2 19
16 20
13 21
17 22
22
1 2
2 3
3 4
2 5
1 6
2 7
6 8
7 9
5 10
9 11
6 12
9 13
3 14
8 15
15 16
14 17
15 18
9 19
2 20
2 21
3 22
22
1 2
2 3
1 4
4 5
3 6
5 7
4 8
5 9
2 10
6 11
6 12
9 13
2 14
3 15
2 16
3 17
16 18
11 19
11 20
20 21
17 22
22
1 2
2 3
2 4
3 5
3 6
1 7
1 8
6 9
8 10
4 11
9 12
12 13
4 14
12 15
12 16
2 17
5 18
10 19
4 20
2 21
5 22
22
1 2
1 3
1 4
3 5
4 6
1 7
2 8
1 9
7 10
7 11
2 12
9 13
4 14
13 15
8 16
8 17
7 18
3 19
5 20
16 21
11 22
22
1 2
1 3
3 4
1 5
1 6
1 7
1 8
7 9
4 10
1 11
8 12
2 13
7 14
14 15
3 16
10 17
16 18
15 19
10 20
12 21
16 22
22
1 2
2 3
3 4
2 5
2 6
3 7
2 8
3 9
3 10
1 11
5 12
12 13
11 14
11 15
9 16
8 17
14 18
18 19
16 20
18 21
7 22
22
1 2
1 3
1 4
3 5
5 6
1 7
5 8
4 9
8 10
1 11
10 12
1 13
11 14
4 15
1 16
13 17
7 18
2 19
16 20
16 21
15 22
22
1 2
1 3
1 4
1 5
2 6
2 7
6 8
6 9
5 10
3 11
10 12
3 13
5 14
3 15
8 16
7 17
13 18
11 19
3 20
1 21
2 22
22
1 2
2 3
2 4
4 5
3 6
1 7
5 8
3 9
3 10
4 11
11 12
8 13
9 14
12 15
10 16
1 17
11 18
17 19
1 20
8 21
13 22
22
1 2
1 3
1 4
1 5
2 6
5 7
3 8
7 9
2 10
1 11
1 12
6 13
9 14
12 15
9 16
10 17
4 18
16 19
17 20
8 21
21 22
22
1 2
2 3
2 4
4 5
3 6
1 7
3 8
1 9
2 10
3 11
5 12
2 13
7 14
2 15
7 16
4 17
8 18
15 19
13 20
11 21
5 22
