500 22361 500
231 348
46 144
41 389
132 434
254 491
127 148
97 432
429 487
227 274
190 321
123 192
177 288
201 380
306 443
209 396
70 348
132 389
180 223
346 396
253 329
321 457
54 267
426 443
83 401
427 469
23 208
174 184
29 138
415 494
348 380
230 342
244 430
206 487
450 471
146 171
361 494
219 248
112 283
142 255
22 109
7 366
193 200
177 444
41 131
240 446
2 249
388 498
204 319
34 96
197 359
30 51
110 397
100 334
166 450
136 472
33 356
80 89
67 100
83 320
116 143
101 259
172 179
464 486
161 218
126 353
221 488
121 434
55 235
191 265
167 319
124 398
177 233
28 274
252 445
93 290
266 423
152 467
249 500
4 488
142 154
102 161
193 205
82 436
11 283
22 146
162 409
374 397
271 494
120 478
76 273
37 386
241 331
391 453
431 479
185 188
69 253
209 461
200 248
47 404
89 306
35 298
45 362
86 288
130 283
125 476
274 464
246 312
205 461
47 297
410 450
13 436
35 280
197 301
112 239
6 155
413 450
170 388
203 349
141 314
148 267
285 346
44 162
73 284
55 356
196 432
413 489
75 441
214 405
451 488
153 485
50 107
442 460
34 124
11 89
63 75
145 294
99 456
406 500
324 393
118 134
285 294
234 401
1 19
48 262
172 388
117 445
29 494
219 226
19 244
176 305
87 336
51 229
19 430
45 408
345 473
160 224
45 486
408 500
213 243
118 409
28 489
60 224
321 445
112 309
227 314
381 383
246 333
319 483
167 402
91 348
24 311
254 277
112 163
275 486
58 73
92 165
240 449
361 449
143 443
27 495
66 116
248 345
99 221
70 297
125 128
109 480
106 139
449 500
91 255
47 239
458 473
421 442
267 407
314 393
165 198
15 224
436 446
294 340
200 270
184 288
58 207
172 299
174 486
106 262
249 422
103 388
57 460
449 472
137 247
139 372
267 340
54 60
290 329
42 231
170 254
155 394
256 304
213 238
171 393
187 362
237 239
151 465
40 315
355 462
11 363
239 263
38 374
396 495
108 212
289 450
88 412
174 211
402 498
421 468
11 263
88 409
45 285
59 196
245 492
271 328
131 280
61 412
19 63
287 339
71 257
80 164
92 256
283 453
117 429
230 499
192 287
189 436
99 396
37 393
153 300
191 282
159 264
46 199
74 365
157 310
259 306
33 347
13 16
172 483
57 62
182 381
363 417
236 460
249 360
89 229
36 121
171 188
197 343
53 414
197 379
207 247
183 288
472 493
283 315
232 296
121 268
89 149
255 495
22 162
294 360
102 374
166 302
13 277
26 74
114 125
178 204
127 417
179 474
163 365
242 401
141 444
144 307
176 214
41 122
18 332
201 276
161 228
22 192
81 395
357 477
28 286
220 230
199 380
112 347
26 351
37 487
13 496
221 372
64 311
214 401
9 287
97 460
250 299
266 373
448 453
268 434
79 462
356 382
358 485
251 361
60 188
204 450
91 495
355 439
250 396
136 359
134 484
37 405
239 355
1 370
260 321
219 279
322 337
156 209
70 314
129 342
280 282
35 462
29 117
5 285
12 95
92 203
11 232
260 474
258 405
22 415
7 107
73 495
317 441
115 184
173 465
2 17
47 403
141 391
183 351
131 296
42 188
130 354
190 370
408 489
297 454
179 199
107 189
241 335
313 490
382 486
397 464
54 369
215 313
45 327
53 479
47 170
39 54
69 180
9 484
311 466
187 303
28 63
38 236
239 411
95 117
138 447
330 380
52 222
358 370
244 361
302 444
315 348
349 411
401 480
46 420
320 329
58 157
257 305
53 169
381 432
110 428
184 337
11 174
96 194
91 121
13 445
188 482
155 293
212 393
252 471
115 356
286 498
23 313
155 348
384 386
366 401
284 455
170 281
303 315
7 144
30 327
62 492
181 229
20 33
53 78
236 334
101 234
87 340
5 264
130 275
263 453
20 135
222 495
184 316
4 337
15 362
185 195
64 463
332 410
418 430
53 267
132 396
34 328
366 477
337 491
86 138
72 253
308 423
191 452
295 464
64 153
196 424
99 306
32 480
174 375
126 277
8 84
216 496
127 177
280 361
134 356
7 41
424 495
44 482
219 269
75 352
81 478
104 466
196 377
53 349
113 286
161 241
31 131
262 447
35 120
78 443
113 453
88 269
132 371
399 474
64 113
9 345
203 275
105 179
195 440
110 465
157 306
25 295
70 435
65 105
107 272
261 309
83 353
107 334
72 296
227 359
27 233
51 188
171 482
193 264
185 254
246 336
119 162
183 240
183 218
244 377
283 455
21 248
43 368
51 500
25 494
122 172
26 112
163 434
277 434
227 417
403 405
332 424
185 395
311 360
247 460
3 63
137 332
105 443
431 466
6 387
367 380
270 279
12 246
24 457
98 396
94 438
168 437
142 226
302 311
258 324
190 195
6 126
6 366
15 478
83 463
351 461
26 216
211 436
98 132
235 365
253 358
27 278
220 421
81 444
168 328
269 354
306 468
5 426
34 479
142 443
279 382
7 375
95 343
104 132
288 419
225 431
121 327
149 174
7 154
387 474
325 435
103 427
455 467
215 397
31 256
49 51
42 386
336 437
70 200
23 419
234 285
117 212
201 343
344 464
138 378
103 123
99 367
241 489
141 226
1 45
196 364
64 117
222 392
175 343
44 461
58 146
224 316
21 458
200 439
46 62
372 474
422 437
161 276
186 209
60 260
170 268
105 397
80 398
74 409
380 390
354 455
296 452
97 449
122 174
85 249
98 456
146 374
142 147
111 408
347 424
302 496
229 484
340 492
74 305
395 400
226 435
195 420
126 207
78 386
56 227
10 86
267 306
240 355
91 318
47 350
104 206
318 336
8 389
264 437
12 389
73 103
342 460
361 422
110 217
123 172
312 467
109 401
348 433
200 413
44 268
86 450
198 355
463 497
30 321
325 364
49 230
7 46
130 463
32 469
330 463
123 382
37 155
90 188
3 55
134 209
224 475
317 341
58 255
26 177
60 357
135 254
379 415
185 449
341 500
293 481
411 417
216 404
25 364
198 488
82 98
65 250
1 434
340 414
47 252
16 279
7 88
178 431
87 381
161 413
72 267
152 305
121 446
107 355
317 414
3 106
59 434
70 233
283 448
32 231
136 214
199 299
1 155
201 490
141 241
169 200
98 259
208 252
442 459
123 252
4 132
14 239
19 94
25 360
311 376
84 397
160 499
37 47
82 306
335 406
293 441
113 402
230 299
240 389
316 321
20 117
49 488
385 475
321 438
125 404
131 230
117 382
53 328
164 264
390 496
387 498
389 496
17 217
69 499
256 310
158 402
151 163
116 411
345 437
277 385
180 402
74 414
236 282
245 261
314 423
388 461
129 382
83 155
3 194
193 259
189 296
59 454
175 376
388 427
28 249
212 346
230 402
38 308
272 378
48 315
244 338
210 306
156 198
366 429
142 497
34 495
76 481
34 379
273 293
103 129
169 360
192 390
349 350
55 215
127 496
30 443
84 234
258 357
90 190
147 202
45 123
13 93
137 355
15 140
138 163
82 494
458 500
124 480
173 185
105 131
229 322
130 235
221 380
97 470
11 59
46 202
130 367
220 379
305 421
254 457
76 413
235 495
342 403
224 287
196 496
120 450
275 286
102 333
63 230
287 404
11 187
172 213
11 426
121 319
286 389
309 443
100 221
161 479
144 342
49 331
332 482
272 467
99 121
70 241
263 297
68 202
1 122
187 211
149 207
148 376
8 141
309 390
133 172
7 43
190 363
146 201
225 236
169 468
1 197
65 204
309 437
127 132
13 490
255 424
349 426
25 145
61 259
423 451
56 304
26 63
61 355
61 305
129 147
251 293
133 463
260 342
107 252
343 429
441 451
323 493
341 370
320 374
173 243
84 272
261 382
328 355
230 361
141 221
257 302
319 331
32 393
335 420
147 474
189 332
1 313
287 369
272 486
186 346
292 370
258 473
120 440
54 149
59 169
81 222
362 441
161 453
21 364
261 335
318 348
284 389
243 277
28 457
113 180
184 275
55 88
39 233
40 82
29 147
65 477
157 255
232 405
75 83
188 471
87 214
205 396
53 167
166 483
201 226
145 375
441 445
85 493
230 333
11 462
230 284
272 455
355 389
35 206
295 388
60 133
55 111
76 83
280 428
9 386
375 381
237 300
11 85
167 261
325 359
104 253
434 494
12 317
67 192
47 140
300 471
324 382
378 421
92 194
79 367
61 343
25 365
262 389
243 332
145 305
205 261
220 392
226 360
177 437
175 313
349 459
61 216
406 415
335 344
358 468
14 104
82 237
116 192
210 396
49 94
120 213
215 271
74 380
107 477
388 463
77 422
40 188
140 479
332 500
136 433
110 498
83 388
268 294
172 225
123 182
236 262
322 441
33 94
180 246
211 253
27 128
111 260
73 205
308 499
13 90
89 479
75 460
115 437
300 486
45 294
197 314
78 347
120 160
225 498
192 344
12 36
244 315
458 480
297 309
73 378
133 481
1 340
209 448
349 470
162 226
254 272
172 362
195 492
305 349
369 464
93 231
182 278
102 211
4 305
80 192
255 344
76 127
66 82
32 158
125 174
433 483
126 267
241 475
367 463
277 291
175 483
121 288
200 277
85 161
33 462
54 412
216 332
173 451
27 395
161 177
323 438
11 35
6 401
349 363
6 403
322 417
71 108
35 374
141 424
307 318
218 464
133 336
297 346
154 457
189 205
202 385
207 355
144 208
135 345
181 285
2 465
225 311
55 317
156 181
163 167
262 450
85 117
81 423
57 64
14 68
193 249
98 302
334 365
140 339
163 479
437 467
299 489
41 92
306 350
22 353
229 271
121 230
19 207
85 400
165 289
93 181
270 480
232 281
276 486
368 450
53 180
195 470
62 232
152 369
222 466
53 59
95 349
2 409
201 362
11 387
249 304
20 50
203 458
372 472
32 443
200 485
305 452
334 398
129 467
1 433
79 228
410 499
37 217
426 463
145 261
61 312
33 494
273 447
4 284
174 456
181 482
173 298
13 14
164 165
177 259
27 173
35 456
40 204
57 343
179 483
375 465
5 221
329 492
198 241
176 460
328 414
134 422
3 155
182 375
227 464
87 488
50 267
241 325
21 479
160 331
199 261
240 424
249 474
79 379
350 425
77 133
233 497
187 250
140 439
132 228
120 194
377 429
163 388
59 355
135 207
87 490
66 92
141 484
48 64
437 479
13 486
388 464
128 331
298 323
40 190
212 248
42 217
155 222
8 498
92 134
374 396
217 234
347 483
58 461
428 440
155 368
119 160
255 292
42 194
62 335
38 269
238 394
11 385
95 261
53 369
359 439
247 302
124 461
154 437
13 80
287 347
135 189
76 89
199 276
99 366
8 272
324 384
335 413
159 190
141 360
126 477
107 156
2 352
150 288
229 445
110 288
49 360
70 81
123 181
404 418
125 447
326 469
103 478
64 77
216 312
159 429
219 474
209 313
96 256
6 322
382 458
37 255
282 362
132 363
82 385
207 392
40 112
154 497
39 408
32 374
350 416
121 152
485 496
341 421
187 417
196 243
324 426
5 130
245 435
11 409
68 340
399 413
32 360
471 488
12 220
88 356
454 481
396 488
218 247
406 426
136 212
244 272
273 307
82 298
67 343
175 475
84 429
129 358
70 488
154 295
9 138
224 254
288 450
247 470
50 285
64 354
195 456
99 432
148 408
224 411
260 278
86 326
188 419
258 308
13 350
233 243
130 191
55 154
134 491
188 384
72 494
132 374
165 370
188 460
46 419
237 287
340 457
118 163
350 354
151 199
310 352
333 480
293 328
203 395
175 437
150 479
168 405
376 443
324 380
76 389
84 133
53 65
444 472
222 465
68 231
213 221
200 260
326 456
59 166
129 133
194 452
203 447
362 474
173 381
294 415
251 329
68 208
27 321
232 258
244 362
86 467
12 451
36 498
3 247
405 421
162 267
471 496
149 323
43 309
144 243
203 444
22 141
267 410
141 249
50 409
232 463
378 400
205 467
267 297
124 146
235 255
228 341
80 101
138 291
76 356
57 90
300 403
273 276
40 91
218 391
237 397
80 134
179 390
238 243
355 488
30 274
293 323
67 386
49 262
54 464
71 468
168 219
225 487
157 447
107 362
283 432
48 124
274 496
61 146
69 165
11 407
102 309
262 449
49 250
7 66
4 83
141 251
199 256
16 167
3 490
140 262
151 200
215 433
101 469
65 350
243 455
156 220
116 333
180 185
266 355
75 134
49 221
314 425
193 270
358 428
237 251
168 199
43 188
367 419
314 326
226 322
53 226
13 300
286 304
1 171
30 293
223 326
101 431
145 493
192 409
76 467
248 288
251 321
170 346
436 448
124 475
340 357
88 267
168 243
372 483
265 366
175 469
193 343
282 485
24 85
265 425
10 122
259 476
281 374
131 430
228 351
166 456
76 454
203 316
107 464
273 416
140 342
201 414
304 325
182 242
268 452
122 153
133 365
211 266
101 382
146 267
398 469
31 279
91 266
231 454
248 336
224 473
140 352
45 302
410 432
100 306
349 433
12 394
280 370
78 404
309 488
176 463
252 372
67 156
219 401
382 409
145 165
219 426
82 150
206 451
84 165
244 486
135 226
90 255
320 492
154 451
219 299
382 405
126 237
79 275
45 363
67 214
135 265
4 123
235 246
332 499
89 188
103 392
89 123
45 420
253 453
60 365
170 265
11 477
45 125
387 440
202 392
140 480
97 446
443 466
24 89
184 420
114 355
267 276
54 258
149 343
175 358
30 133
55 341
280 374
15 16
385 450
220 242
3 256
112 216
258 492
37 456
323 373
134 373
74 277
42 329
163 470
232 485
5 430
10 299
5 422
49 478
40 132
313 419
23 267
10 100
185 269
459 479
205 332
326 394
258 339
11 76
255 334
218 368
147 454
122 271
88 390
174 493
75 296
240 265
340 456
16 327
310 315
287 312
299 420
187 406
82 355
101 141
356 440
96 250
90 377
32 119
196 245
287 338
280 369
140 335
167 288
158 257
170 416
44 51
104 493
395 480
151 245
89 293
262 485
214 254
103 240
240 408
281 489
7 276
132 324
375 470
204 254
387 483
15 492
46 259
48 395
157 413
40 394
120 166
117 188
149 481
245 272
99 224
163 369
193 202
263 276
109 307
4 410
243 250
52 257
186 425
300 339
87 403
78 266
237 382
346 437
60 313
220 221
422 469
251 374
207 402
144 414
176 206
18 241
169 378
398 475
193 298
308 429
137 317
53 482
88 454
48 67
230 394
276 347
89 308
1 88
195 463
94 223
108 292
129 352
87 276
41 413
25 27
471 500
79 407
196 489
239 422
7 269
8 226
161 420
243 350
481 494
44 210
218 435
118 494
190 371
248 264
336 458
257 279
90 235
12 351
87 256
48 318
73 325
86 357
163 447
64 119
47 438
157 363
368 472
81 85
69 474
102 354
48 467
90 453
123 162
119 354
36 455
46 217
165 372
36 53
322 349
69 256
170 484
71 355
109 129
286 349
295 355
381 425
77 286
140 379
203 251
215 242
170 497
228 332
26 493
359 483
103 271
360 479
44 415
86 468
170 405
114 377
32 80
138 386
197 291
216 421
191 241
70 366
156 454
131 446
69 218
206 494
239 250
14 141
238 292
233 453
27 446
427 430
207 291
254 480
237 278
196 249
118 451
47 309
252 404
200 306
195 494
155 345
84 228
26 174
193 217
387 470
440 446
64 103
19 195
32 436
233 341
369 477
431 500
328 499
115 230
312 353
24 302
357 387
144 365
145 244
158 230
336 407
59 367
153 404
151 414
15 52
237 414
353 459
131 344
25 52
89 430
6 242
255 259
344 442
57 293
254 268
92 237
441 498
133 442
26 123
22 407
58 196
21 237
44 217
126 288
66 135
437 444
25 218
258 285
324 489
428 463
103 327
180 199
189 430
132 451
347 363
90 295
176 233
114 173
36 115
297 364
13 363
203 402
254 460
168 242
205 392
176 248
133 299
290 408
179 282
436 461
197 210
432 451
31 366
350 462
191 304
46 482
35 377
51 323
244 458
238 322
186 282
27 253
156 363
431 436
15 171
105 290
355 441
81 221
268 482
255 335
45 421
89 493
396 440
216 456
257 342
113 147
237 252
128 409
182 196
198 426
466 500
241 389
200 430
36 443
21 366
293 324
58 88
48 154
63 252
202 340
42 193
349 448
226 358
5 449
227 230
438 447
144 161
37 369
282 424
178 262
131 496
282 493
129 465
104 161
126 234
7 40
42 119
335 463
86 185
386 391
137 403
15 439
54 490
371 491
162 287
55 213
89 287
168 238
50 145
145 492
396 461
86 273
336 410
143 324
21 35
311 356
70 279
225 380
141 209
218 338
97 301
147 243
186 420
135 352
51 301
7 359
159 386
45 228
65 485
266 281
346 377
144 412
93 402
217 279
255 471
55 222
304 364
4 339
114 459
61 148
268 421
250 279
256 433
173 385
412 420
169 479
33 385
286 488
70 345
54 119
156 234
196 490
162 228
130 396
122 383
61 101
44 411
223 365
279 287
206 321
97 264
142 397
391 449
333 403
264 385
314 386
302 376
131 373
108 371
219 454
237 259
38 95
143 192
98 152
31 430
100 303
67 419
326 427
167 399
165 319
210 459
4 147
135 219
128 188
321 362
154 195
80 91
249 254
403 480
382 426
2 306
142 308
297 430
391 394
123 148
79 191
83 276
116 301
122 226
49 189
39 127
311 490
42 350
153 241
32 462
48 119
68 104
174 394
423 464
197 381
257 434
306 420
218 265
35 271
6 446
215 444
48 123
206 367
75 208
33 147
114 187
226 421
319 481
359 409
2 279
336 401
119 438
228 237
280 345
378 460
255 493
157 209
361 472
462 475
217 370
7 233
140 359
25 201
170 465
197 259
164 232
206 375
216 477
177 486
257 437
28 65
205 400
202 478
17 243
54 341
91 473
55 258
73 326
119 184
240 315
61 272
9 441
175 218
19 417
64 481
83 278
235 385
8 48
162 486
106 380
171 201
5 356
36 181
393 404
61 381
146 498
316 345
75 339
118 182
415 446
109 251
133 373
283 474
354 370
343 377
396 479
148 442
25 182
79 473
3 422
160 472
135 177
183 352
296 307
219 418
69 331
251 490
92 368
95 419
255 320
82 179
341 365
19 270
188 461
31 379
292 438
62 447
191 275
160 302
159 238
452 495
218 336
311 408
17 293
55 393
118 476
265 486
69 296
16 309
176 221
286 444
345 384
5 236
178 218
13 482
197 200
167 200
228 425
196 481
308 382
111 199
296 297
51 228
57 136
259 475
225 284
227 316
220 486
280 338
33 380
194 323
179 337
38 359
59 474
46 377
207 290
295 419
180 435
238 325
43 204
234 293
152 277
316 421
393 436
199 357
177 489
179 462
312 358
44 231
5 81
81 319
20 420
224 423
70 284
140 373
104 117
441 500
118 363
189 367
402 458
153 213
407 445
346 355
21 139
31 486
138 183
321 421
388 445
159 199
216 329
152 181
46 460
186 416
230 453
140 148
60 481
217 326
283 419
350 457
129 416
99 302
150 410
162 370
227 297
193 436
28 423
434 463
51 334
288 317
234 485
188 478
239 451
184 454
318 428
226 493
156 484
149 457
53 405
38 372
27 110
81 468
32 94
332 361
184 343
405 408
63 97
27 237
37 79
149 250
139 412
49 72
248 405
1 61
271 450
94 499
1 157
213 410
81 158
85 97
257 396
96 237
300 468
57 386
229 498
46 331
163 307
123 281
384 463
68 363
358 424
131 345
240 393
290 427
77 479
310 476
408 464
44 246
416 442
283 381
334 482
383 470
312 400
50 280
73 368
357 371
36 379
156 170
335 356
123 146
13 76
127 246
188 456
76 343
143 375
97 193
263 319
140 265
280 483
89 144
197 429
285 396
34 192
152 410
91 169
112 452
247 272
382 432
132 433
217 306
31 53
18 62
21 228
462 482
36 390
156 489
388 418
28 448
321 452
4 131
57 452
99 429
454 472
18 134
270 324
194 471
69 358
305 405
134 212
14 118
221 363
118 341
213 432
30 419
178 202
21 349
12 418
7 172
75 495
226 374
286 456
7 361
126 391
43 418
9 420
127 131
212 466
158 381
263 420
38 498
52 100
303 407
92 240
305 346
63 427
160 259
103 201
409 467
230 316
131 358
168 374
318 364
22 303
261 298
438 462
182 379
275 478
234 396
53 238
438 483
278 298
126 495
8 95
46 181
9 434
271 365
349 399
99 423
25 366
220 315
7 309
76 93
15 58
251 373
338 428
194 285
155 314
132 377
191 321
252 300
16 440
172 349
173 491
338 349
164 310
51 482
5 157
49 309
194 433
220 311
84 89
5 380
401 491
86 195
204 360
61 426
319 429
350 426
359 467
82 149
246 375
5 256
69 467
51 261
223 480
97 477
138 497
99 446
192 328
43 56
433 440
399 424
104 301
16 233
87 438
51 311
263 303
237 473
192 223
357 424
245 472
196 254
2 246
232 408
161 304
38 127
97 231
44 182
54 346
248 347
98 169
346 356
144 210
110 332
147 304
62 434
195 307
299 357
83 363
172 443
355 393
102 428
64 85
398 439
232 457
193 329
49 418
174 485
344 426
26 268
77 282
21 454
110 318
205 214
45 318
117 430
151 469
173 392
164 492
65 451
169 320
76 185
117 234
197 222
130 166
214 218
277 327
128 429
110 412
63 461
92 400
182 480
82 167
86 479
43 279
297 389
332 400
59 470
150 329
150 221
141 223
66 287
12 33
137 329
144 145
242 365
232 415
40 293
301 369
53 273
291 354
242 352
24 451
140 192
4 30
69 144
6 146
35 443
120 293
275 436
156 438
132 155
277 469
122 329
302 490
355 417
405 492
316 483
312 326
106 109
491 494
301 470
268 398
285 412
196 331
220 457
279 437
237 466
119 174
248 284
154 282
197 352
102 329
27 91
87 104
127 433
171 454
253 471
33 172
293 394
204 252
133 240
9 142
279 369
39 147
329 471
210 414
116 332
91 239
321 376
24 152
58 325
57 334
76 265
5 53
218 401
384 385
51 362
162 179
304 431
124 473
77 467
3 217
409 472
312 359
342 356
423 489
84 204
45 291
322 341
17 193
209 257
104 340
431 494
5 402
293 319
176 362
211 449
25 46
196 345
154 156
91 279
255 349
206 307
396 460
187 306
105 347
88 290
53 257
119 302
126 350
111 208
119 483
79 313
184 373
227 498
3 497
267 476
164 407
5 437
99 433
181 194
68 379
46 288
414 452
218 335
138 167
325 377
271 484
51 278
3 315
200 222
195 391
176 495
38 58
120 134
203 207
98 478
350 436
39 445
181 321
280 446
11 349
304 453
114 210
133 328
216 304
295 423
71 167
229 329
108 468
193 310
41 267
469 500
94 286
269 282
272 301
158 399
67 170
230 482
13 438
340 481
200 421
63 148
16 259
215 429
44 310
200 482
353 373
33 222
142 241
324 474
273 422
90 434
342 361
113 308
134 397
57 252
91 214
243 258
78 127
298 432
122 339
91 396
327 332
209 293
433 434
159 221
206 408
15 466
345 461
56 182
56 468
30 280
146 204
90 108
84 217
70 82
18 190
12 342
80 202
127 267
304 485
9 306
253 307
42 314
17 490
79 401
144 495
253 298
216 435
67 241
288 413
5 498
407 449
229 232
111 488
17 215
20 500
219 471
5 31
13 343
222 229
110 347
72 497
145 306
76 133
107 157
60 125
104 255
105 324
184 431
16 154
208 335
195 223
56 321
284 480
2 64
36 67
85 466
13 416
173 435
159 226
31 108
63 331
214 248
99 277
389 393
109 379
263 309
85 112
25 96
29 391
357 415
7 280
131 241
44 384
189 471
319 340
408 448
14 100
69 98
185 413
78 473
80 86
91 94
203 250
2 86
203 470
45 446
313 423
103 386
145 183
33 415
428 498
293 326
375 377
10 484
140 168
443 488
123 141
315 439
213 214
147 337
155 178
125 306
86 277
121 344
186 190
243 410
211 465
289 452
6 27
252 333
64 111
148 487
11 289
353 411
379 422
49 78
183 444
249 408
11 335
25 250
142 373
90 120
151 314
81 489
183 345
265 331
217 493
210 338
18 260
159 376
92 287
234 332
260 345
29 189
30 359
7 87
316 439
47 495
328 385
285 331
170 287
300 463
180 267
238 454
258 341
151 193
335 337
249 314
73 128
1 108
123 436
106 296
115 432
197 401
58 296
155 408
425 483
119 386
184 280
100 389
147 185
178 304
123 174
278 421
339 426
331 384
144 157
81 315
87 410
188 218
79 455
79 385
44 57
220 424
22 422
318 435
194 216
110 366
114 388
250 392
69 214
248 425
288 377
193 269
20 383
182 282
35 224
73 367
134 142
86 432
130 264
232 453
75 270
154 334
269 348
200 462
326 451
207 317
250 334
271 396
2 127
272 490
22 342
461 500
213 483
372 394
307 404
16 184
257 383
311 322
235 244
269 286
34 447
217 284
80 133
15 44
173 310
93 251
141 165
31 91
391 480
34 270
287 426
209 442
257 386
69 429
179 479
40 218
175 321
239 467
174 251
104 401
107 205
272 412
149 464
4 24
56 490
78 375
139 363
185 447
211 471
131 238
267 400
172 481
249 414
140 471
194 493
372 453
210 460
153 437
244 407
153 208
200 330
229 327
72 312
287 429
208 277
138 339
116 152
36 135
65 277
47 305
425 427
146 229
23 256
222 238
71 349
15 295
202 324
342 396
269 480
59 406
78 409
6 168
24 259
48 205
198 406
56 234
173 255
81 144
66 366
235 446
179 207
136 323
35 237
65 177
120 345
73 112
16 97
206 377
24 245
372 451
277 487
25 259
297 500
148 478
272 495
70 123
9 301
24 29
7 174
165 263
81 289
171 400
163 244
64 222
407 412
240 271
282 386
201 472
76 161
34 456
411 447
409 491
188 488
179 319
83 272
53 186
99 484
320 337
49 213
66 351
304 400
313 402
3 172
99 342
56 410
274 320
24 359
38 307
257 316
30 148
404 459
139 321
53 449
68 197
185 376
47 180
71 285
92 247
37 93
236 372
66 325
139 173
336 397
203 426
167 387
214 321
72 420
90 451
15 35
274 334
8 101
135 210
34 63
441 471
228 261
171 495
52 377
316 396
299 339
32 174
149 309
367 428
167 365
17 194
9 454
102 393
226 446
382 465
19 90
252 400
312 371
238 357
66 230
113 304
184 371
91 394
8 168
199 296
18 478
231 392
23 426
32 83
90 130
330 462
156 201
154 209
425 431
24 463
68 155
49 200
14 262
67 500
236 311
180 287
227 461
276 324
256 344
46 360
157 468
97 385
344 461
10 407
283 345
34 167
292 347
50 351
146 413
287 382
247 360
327 478
23 270
369 403
69 305
241 360
137 405
305 411
115 268
152 180
394 474
315 380
356 489
163 311
228 406
318 461
77 199
83 266
52 282
300 356
78 448
288 344
98 313
300 389
210 343
262 295
197 217
274 325
249 417
189 195
23 41
60 264
46 228
295 301
66 86
94 158
306 438
37 480
207 467
276 381
181 443
88 121
56 102
39 346
264 322
21 420
314 454
287 308
39 339
268 277
239 305
301 449
111 275
166 364
143 372
134 315
204 244
116 131
274 471
231 364
485 500
108 351
403 448
68 478
251 412
229 300
35 282
323 427
150 347
65 370
319 367
9 446
389 481
5 461
149 162
335 478
317 364
27 111
130 390
42 277
163 368
67 171
206 209
378 456
141 245
241 242
232 349
258 337
28 218
381 454
121 224
140 484
311 429
201 211
12 226
81 208
207 492
65 161
178 341
283 441
6 245
290 420
69 306
281 316
71 444
29 389
29 419
249 368
130 422
113 171
41 468
122 361
118 148
121 343
181 316
25 449
44 119
41 237
293 493
30 410
331 347
51 410
177 184
6 237
156 200
141 207
274 323
154 397
242 252
422 467
143 468
64 169
78 442
150 459
277 283
141 417
383 463
98 469
231 479
74 150
311 380
425 429
63 162
21 89
37 188
85 465
407 487
268 359
116 309
234 463
103 414
15 406
342 418
103 239
289 457
58 201
169 406
345 486
216 471
102 475
138 412
265 351
22 350
2 217
154 491
62 211
178 279
382 413
168 320
102 305
67 180
348 440
437 464
108 268
104 322
71 363
19 278
184 276
96 414
491 495
2 194
221 231
220 292
239 389
252 361
68 295
29 451
19 415
47 497
100 358
246 291
23 88
86 241
125 299
263 318
94 147
195 387
5 376
102 347
225 439
78 169
85 452
290 336
61 425
243 367
465 467
33 435
38 321
61 134
139 226
94 112
87 246
221 395
120 176
30 390
297 384
181 446
234 291
188 381
177 193
34 74
147 467
255 321
124 328
248 364
120 400
185 265
83 287
202 337
171 376
179 500
150 151
266 337
89 164
124 381
175 191
29 249
374 407
219 335
62 234
101 195
315 360
87 466
243 293
1 207
175 455
26 184
157 305
156 165
1 294
75 333
204 422
2 462
32 268
225 400
171 415
293 311
417 481
232 350
319 379
304 351
242 267
327 373
394 401
110 155
31 200
264 473
235 327
169 184
37 145
76 349
94 351
21 238
259 296
101 129
50 194
247 263
110 413
296 404
218 498
48 372
58 397
34 44
8 167
194 372
97 467
81 189
198 395
42 82
79 410
267 390
60 368
21 330
157 167
63 310
455 499
268 303
13 160
125 305
55 421
198 294
75 167
276 419
264 347
419 447
48 127
91 332
235 259
8 293
225 361
271 367
105 319
14 304
135 208
92 499
283 468
172 211
58 301
111 423
122 491
138 199
200 280
105 202
32 378
220 284
53 145
27 403
71 154
22 488
185 347
111 189
4 437
181 360
218 264
159 340
327 385
370 394
150 231
127 426
192 230
89 438
165 490
132 230
94 346
52 339
146 424
211 273
150 482
99 478
72 194
116 347
74 378
103 199
86 174
56 276
143 363
16 61
208 336
328 431
200 309
277 343
124 252
333 368
377 407
52 367
141 433
233 361
290 359
391 460
200 215
22 46
71 442
263 323
350 372
53 188
104 180
154 187
476 497
77 337
227 312
176 278
425 454
159 478
270 311
198 478
113 146
247 370
157 494
112 231
72 173
304 441
277 370
44 432
264 404
187 450
68 301
167 293
4 100
240 388
55 442
218 304
52 195
376 407
170 467
26 134
26 47
261 352
8 107
100 469
80 380
286 484
207 452
254 493
311 455
439 445
60 66
177 222
12 397
206 413
358 376
13 384
133 225
57 411
10 438
237 415
321 497
322 400
108 379
60 261
153 335
81 392
186 480
414 500
75 117
25 351
228 393
95 129
166 347
156 205
173 413
83 138
291 460
52 500
19 314
75 189
269 409
108 494
34 406
322 447
446 462
323 351
18 431
288 365
8 414
390 440
55 92
305 444
116 233
183 210
222 293
209 357
217 461
419 473
9 319
35 75
114 140
47 377
38 42
376 487
160 286
249 424
140 336
63 336
343 421
154 173
1 393
25 245
290 488
97 197
364 422
55 429
37 231
26 399
29 464
183 494
180 415
84 331
290 425
366 498
353 404
8 178
314 471
122 265
461 487
122 272
124 161
244 470
214 370
100 203
292 400
284 472
61 307
453 499
456 498
55 57
99 340
324 433
152 249
195 199
37 439
180 188
453 496
2 418
37 206
135 165
36 124
124 128
159 449
172 345
121 181
83 284
19 371
363 419
164 428
65 479
334 339
357 448
43 396
267 293
184 495
139 159
104 211
235 270
208 434
176 308
126 171
203 211
16 494
448 456
436 443
22 463
162 459
220 299
453 498
356 394
46 303
350 383
183 492
89 492
240 323
206 272
163 272
426 427
45 78
28 171
21 320
259 418
59 469
139 398
316 372
32 236
19 409
93 358
137 428
252 313
153 229
155 273
14 369
114 272
140 499
450 470
437 445
198 281
331 337
71 366
280 424
298 496
16 399
77 493
174 400
62 496
285 400
390 487
33 233
38 277
227 244
183 199
104 188
202 483
5 469
60 85
115 467
18 388
41 409
125 254
162 172
344 477
263 387
59 241
40 384
282 456
197 199
64 407
112 135
142 228
121 360
242 313
315 486
352 396
416 463
437 487
457 460
122 253
44 484
193 479
201 254
101 268
377 404
43 234
177 362
235 387
443 456
46 104
120 363
257 491
136 483
179 493
153 253
177 398
175 478
146 382
36 199
167 243
307 438
247 383
21 60
190 244
112 248
230 437
466 481
145 218
127 398
243 389
232 379
135 186
285 487
233 346
95 390
321 374
59 398
13 348
49 193
35 320
39 263
161 254
345 464
150 217
147 456
145 214
229 326
6 428
138 390
297 492
68 369
197 224
13 364
67 445
176 258
43 232
238 443
156 411
110 135
443 487
108 416
28 500
4 373
103 230
385 437
140 397
92 249
212 321
55 229
121 301
300 467
141 337
131 221
39 480
271 387
39 202
231 422
263 298
130 177
275 404
77 353
287 500
23 196
26 435
31 389
101 419
102 403
69 161
228 258
165 229
93 348
213 487
427 433
304 323
97 297
81 163
179 336
125 149
16 422
103 137
264 279
97 455
14 461
201 273
309 419
335 495
119 198
152 247
253 332
189 208
48 77
5 126
232 267
131 223
73 337
73 247
16 292
57 360
200 338
58 284
16 18
62 390
51 69
209 455
75 375
256 455
243 487
158 340
64 318
334 444
90 180
4 312
236 309
16 250
208 215
88 483
7 385
90 393
34 43
110 448
77 97
144 446
95 142
5 444
73 281
372 497
235 361
120 279
104 217
468 500
38 121
283 395
197 255
126 305
96 313
257 424
20 179
48 277
228 478
87 303
53 148
101 253
129 319
1 288
130 322
172 383
242 311
196 347
176 395
320 387
107 351
205 375
397 473
127 404
361 386
295 367
119 284
363 448
233 486
313 437
282 370
4 51
340 441
194 469
213 373
67 486
93 406
57 390
381 398
44 106
97 419
434 496
259 352
316 493
96 190
322 419
185 391
34 481
61 138
347 349
213 298
214 481
119 432
199 237
303 311
205 326
31 141
16 41
135 206
406 476
216 445
115 170
197 254
118 434
119 317
116 136
125 422
43 135
216 422
36 152
63 76
244 405
340 395
229 455
412 445
79 351
351 476
284 454
301 311
295 491
139 157
225 321
226 430
38 371
219 230
359 473
88 114
6 37
391 401
232 434
235 266
120 325
24 358
227 495
152 416
288 368
17 92
145 464
44 184
171 172
469 476
167 449
60 491
260 463
52 444
161 458
23 27
242 460
233 369
68 261
322 454
113 457
65 381
17 218
108 203
101 358
108 394
133 497
231 412
2 248
247 369
170 456
342 439
454 470
94 298
302 398
94 449
233 405
108 275
59 75
87 113
169 249
297 391
208 323
134 461
137 175
298 425
181 299
86 420
114 338
60 123
338 500
184 191
9 176
398 489
313 432
174 373
163 174
414 456
396 465
241 288
176 202
8 300
318 360
205 287
128 486
132 438
387 497
64 424
173 174
108 221
33 329
185 198
300 474
409 421
302 497
27 322
254 405
425 468
119 499
305 474
63 244
332 453
51 53
362 437
221 431
207 470
335 391
68 337
2 152
397 461
22 466
249 281
280 436
23 56
63 71
139 403
358 416
211 252
2 213
78 461
235 237
131 401
241 498
25 165
145 327
247 355
306 493
223 359
297 476
45 478
129 268
59 181
443 474
342 493
203 298
92 225
275 293
406 481
108 205
228 348
100 178
22 358
36 377
322 383
93 106
26 76
34 78
74 229
41 438
38 177
3 74
80 468
165 470
232 395
331 388
431 490
93 121
355 473
177 481
27 365
19 219
40 470
29 258
93 320
2 316
77 436
151 397
317 384
15 265
246 314
9 136
255 494
395 410
50 483
224 489
34 36
314 373
11 72
107 226
465 477
149 227
173 444
166 420
140 491
31 337
146 469
219 282
8 271
17 176
255 444
401 452
487 494
387 493
152 357
49 132
451 464
51 60
64 221
27 437
51 381
108 414
421 482
42 246
45 248
99 281
33 498
101 483
90 291
94 292
190 487
266 362
334 463
71 73
92 377
323 334
42 71
28 232
158 500
373 419
289 487
2 10
9 89
66 333
406 416
347 477
113 385
104 233
65 345
68 187
56 129
88 327
69 103
13 217
127 343
473 499
7 96
253 390
276 378
18 232
78 485
16 458
2 138
133 292
324 422
201 291
191 397
142 145
27 460
26 342
116 471
40 175
320 334
194 325
60 199
292 432
408 466
217 339
270 447
103 275
87 429
323 331
217 307
82 228
80 440
296 446
77 278
421 496
234 409
154 494
253 257
24 345
283 490
128 423
151 366
165 435
59 244
108 389
29 179
128 158
293 429
56 100
133 135
349 397
77 490
78 182
276 286
422 493
170 221
181 405
224 371
256 475
298 499
172 456
165 398
386 422
346 360
177 198
8 247
197 442
145 383
91 248
121 349
1 461
409 486
21 482
85 387
6 100
412 418
111 367
238 288
249 285
47 150
381 487
228 450
413 451
283 376
55 428
252 439
87 146
362 423
436 458
51 211
50 489
187 285
102 371
28 105
249 325
375 491
428 471
289 404
181 333
25 138
145 249
189 493
318 333
327 469
46 332
370 402
85 361
305 494
23 127
189 450
178 276
156 231
185 237
151 442
6 343
53 210
276 334
14 172
296 393
9 356
35 418
198 399
386 462
202 281
116 289
152 311
292 411
130 361
18 123
454 492
43 355
50 329
110 295
122 232
191 430
81 200
343 432
100 371
94 129
209 376
105 309
152 156
196 390
447 462
47 405
117 393
105 355
340 412
277 472
64 136
174 475
106 241
330 363
90 400
57 238
52 408
261 294
101 162
253 472
388 487
208 308
186 214
17 150
199 352
70 269
77 161
165 495
92 303
305 306
342 435
122 336
151 306
434 489
59 416
257 449
32 340
208 366
98 405
144 221
13 481
124 263
261 370
118 278
337 430
342 474
166 363
213 497
82 486
395 449
22 398
269 444
286 491
16 451
385 473
156 232
45 70
268 343
31 423
121 456
344 459
12 444
140 230
231 386
119 261
270 286
95 352
202 245
67 384
20 498
154 376
23 211
18 61
169 274
390 489
307 407
105 145
148 321
211 466
5 360
203 218
58 181
181 376
82 372
307 433
280 308
233 358
75 440
24 38
433 461
170 394
40 81
3 223
15 27
414 417
48 351
24 267
23 397
192 356
51 368
333 386
53 470
138 139
56 461
50 403
139 283
19 326
469 493
344 361
38 475
13 372
326 440
84 279
5 47
348 358
210 486
224 350
150 293
272 345
109 301
361 372
223 427
219 261
170 481
79 432
271 354
12 437
92 374
29 266
154 384
236 395
97 205
22 116
3 201
340 454
311 370
398 417
315 363
76 447
67 388
96 370
197 458
332 408
102 375
248 416
137 306
90 272
203 436
320 395
205 415
79 430
237 496
413 416
34 285
357 473
49 198
84 402
95 284
78 376
93 278
231 478
177 450
404 424
28 166
162 493
249 373
82 343
59 121
292 457
202 468
69 322
26 71
352 491
179 448
58 303
207 237
110 438
183 201
477 490
374 438
51 63
60 158
16 174
223 379
163 181
173 499
223 347
348 408
354 442
174 220
10 69
167 322
10 405
195 339
227 491
52 415
439 443
16 289
144 150
115 407
416 482
106 305
100 287
280 320
165 257
302 316
4 259
187 296
148 164
14 186
130 333
24 448
143 250
98 388
9 312
370 493
27 387
93 425
196 495
140 370
34 47
47 270
176 199
95 179
286 298
218 421
418 420
188 369
16 46
72 211
367 376
155 189
196 200
310 316
7 157
275 288
112 253
296 316
76 446
86 405
217 384
45 449
65 408
228 304
428 452
81 106
30 396
188 351
37 209
15 75
163 339
275 290
398 425
246 250
216 263
265 347
363 486
293 488
67 411
200 442
229 452
430 454
279 330
140 392
99 110
107 365
16 406
14 162
235 315
177 498
243 491
204 359
180 227
291 347
186 199
150 295
92 375
38 252
83 343
96 225
162 364
88 116
318 468
151 174
128 338
4 246
277 297
162 214
81 320
345 494
104 305
159 338
138 144
64 281
351 365
38 418
73 465
385 417
27 222
140 261
466 480
78 377
60 134
219 367
355 357
9 447
270 284
324 406
337 441
171 215
264 448
171 413
331 464
106 478
352 464
68 105
137 311
197 367
366 497
133 305
22 66
432 492
184 375
449 499
40 105
331 401
90 95
40 79
250 487
146 278
84 238
205 293
246 464
66 361
166 382
350 458
273 385
79 189
18 75
338 487
14 470
124 331
137 389
321 334
194 280
200 467
58 432
276 384
252 299
136 491
126 393
331 484
216 346
267 492
384 479
95 392
343 453
343 376
214 313
202 356
90 433
191 263
76 378
3 418
130 331
142 337
29 461
206 418
46 499
287 465
208 302
4 300
158 244
209 406
3 243
405 497
9 246
190 409
109 133
9 494
385 441
220 384
345 410
65 251
15 191
333 352
66 282
373 471
16 188
306 406
42 284
110 439
6 122
262 436
144 349
24 36
151 388
204 211
67 371
264 474
180 315
262 264
268 453
204 358
20 350
308 355
98 416
23 491
243 270
349 373
187 257
1 328
31 495
184 400
355 396
119 403
152 401
42 451
33 217
47 375
11 136
75 133
254 335
4 347
113 352
22 304
170 245
162 405
115 343
75 163
112 263
92 223
43 431
214 434
8 212
259 489
141 370
53 329
61 469
195 277
171 323
85 178
49 358
298 481
253 424
42 130
211 288
223 298
52 490
38 239
12 37
336 373
126 467
175 340
229 239
172 394
53 83
220 406
273 388
237 327
137 397
45 271
140 438
203 260
134 326
470 480
45 257
47 255
241 477
55 122
274 291
130 131
16 33
478 486
49 154
71 175
370 488
11 208
204 464
25 383
380 497
109 240
166 426
208 441
205 492
420 494
322 378
24 441
68 280
176 313
137 447
6 495
277 386
477 497
182 385
267 332
68 399
28 100
222 328
34 492
30 222
19 384
359 420
93 437
88 465
56 406
69 263
373 495
296 376
333 443
18 474
100 426
83 449
217 361
363 433
145 310
196 307
270 428
293 474
77 356
294 482
180 189
32 243
46 440
109 499
284 428
205 413
70 411
247 248
174 275
9 280
127 270
269 301
2 180
115 438
130 392
244 310
13 367
206 247
312 365
97 405
247 418
210 251
75 307
69 79
66 407
225 468
74 500
262 359
74 317
195 486
323 467
142 495
146 309
67 222
15 142
155 452
173 238
192 238
193 258
55 181
164 270
386 410
155 168
59 473
144 407
18 496
114 324
172 367
296 342
92 216
108 486
8 82
51 145
77 99
76 489
45 471
15 83
246 423
81 477
24 44
43 267
235 309
198 475
120 428
187 483
164 419
95 275
217 457
387 426
194 402
264 389
118 365
140 383
37 143
355 368
8 68
272 491
318 472
195 314
196 244
70 398
24 155
233 432
305 353
127 430
168 370
92 241
217 449
125 216
55 241
243 465
69 366
169 182
110 234
305 493
393 438
89 392
328 343
98 350
41 414
175 403
161 384
309 327
247 461
20 139
284 344
190 202
70 220
345 466
116 168
38 412
99 457
42 312
157 454
12 228
116 389
122 357
38 379
38 258
43 395
291 301
2 31
367 387
437 484
123 347
270 429
115 169
57 494
46 122
296 413
145 412
85 414
180 337
244 372
97 136
154 411
300 384
29 126
189 372
361 401
5 365
485 499
289 431
408 452
191 393
146 275
327 434
266 485
177 228
208 364
154 316
171 318
363 373
3 97
351 453
74 244
285 498
284 383
139 280
76 368
212 434
108 454
170 377
132 247
135 411
24 297
222 470
340 415
126 273
163 437
357 469
86 152
244 301
60 464
176 193
301 433
285 497
27 445
212 271
3 323
59 387
206 293
40 183
219 343
190 473
101 210
83 383
297 351
118 366
301 404
121 294
361 415
376 500
72 268
52 399
242 356
22 243
77 315
151 196
367 429
72 290
78 358
169 492
39 116
195 226
228 448
154 172
132 388
296 382
103 139
79 134
93 416
19 187
194 394
39 413
350 412
279 344
5 249
98 479
80 444
165 294
211 228
38 63
161 455
62 285
186 292
224 456
330 473
19 201
9 251
219 233
123 150
149 332
215 441
206 388
67 127
285 296
122 185
266 278
251 437
38 368
175 459
77 486
104 142
31 457
81 439
245 349
51 446
208 417
13 234
150 182
268 431
262 406
142 187
86 291
77 107
61 337
231 264
70 451
211 289
134 353
79 485
98 217
60 325
162 258
378 474
41 112
385 456
75 228
121 445
120 337
407 415
53 172
16 217
243 296
268 410
124 437
60 456
92 278
182 402
100 159
227 377
97 122
53 288
48 219
35 148
238 319
10 13
247 286
396 404
63 435
392 396
103 412
260 280
313 379
54 308
14 60
25 402
215 293
204 364
196 272
198 293
111 412
6 310
407 408
18 99
120 426
287 449
305 356
275 445
104 124
277 449
36 414
145 175
87 152
149 224
248 390
219 373
280 453
73 252
64 290
133 317
164 375
281 323
249 347
260 268
161 328
277 322
11 178
12 103
277 492
53 365
12 223
292 366
15 231
299 456
186 361
78 302
178 379
30 250
123 131
20 467
102 238
127 353
249 489
188 486
323 328
377 492
337 338
367 444
20 42
283 439
90 293
56 273
63 475
199 457
87 164
88 302
240 490
415 476
389 468
1 429
313 346
245 357
45 174
169 392
24 180
37 98
80 379
105 338
147 261
14 143
43 52
215 485
58 75
147 329
186 268
41 293
322 413
101 320
29 306
330 479
53 377
96 430
293 398
39 297
51 138
247 472
46 343
172 176
161 301
260 337
4 86
315 408
173 203
75 99
304 411
128 468
102 206
247 329
68 364
180 311
171 197
85 207
153 477
37 312
86 162
94 111
112 128
378 500
412 459
86 372
310 377
54 225
175 440
338 482
109 115
56 462
78 398
135 454
67 308
305 319
112 183
152 174
98 252
23 437
268 466
1 245
132 239
32 498
244 498
209 242
40 297
245 396
184 402
150 229
337 357
418 486
36 486
103 457
325 484
207 245
145 177
109 370
37 140
252 397
196 258
200 401
19 385
240 299
127 325
147 244
266 334
82 453
29 355
4 190
21 287
155 376
211 473
117 328
305 496
261 417
2 170
279 380
233 459
92 393
2 198
65 340
157 362
174 346
348 382
136 400
297 371
436 460
247 279
294 413
280 474
196 226
285 479
217 248
203 308
16 100
42 455
56 465
140 428
167 486
102 166
78 122
259 347
339 479
53 468
176 302
66 130
248 464
157 478
323 410
64 107
118 343
449 487
49 247
374 457
145 252
301 398
200 435
72 125
31 183
229 331
150 476
158 206
20 70
182 481
10 385
234 436
106 269
99 104
179 325
14 78
332 487
151 275
226 419
2 46
58 74
234 488
20 241
2 476
129 461
442 477
264 485
163 396
33 201
91 330
379 475
137 276
419 498
326 356
168 350
99 244
138 182
464 488
31 302
64 347
131 320
75 106
174 193
50 147
103 416
80 325
167 190
134 492
97 451
48 469
199 409
143 174
174 362
160 223
147 302
17 336
24 33
190 366
95 465
18 50
149 475
326 413
164 416
21 393
275 335
37 119
54 157
62 449
132 140
167 240
50 333
95 178
211 297
227 418
112 355
194 310
132 257
167 371
36 428
248 497
11 184
212 296
38 196
36 381
225 258
245 338
221 423
201 460
83 163
210 391
73 491
129 372
5 351
224 454
109 303
166 246
295 296
143 224
45 448
140 481
132 417
109 213
212 309
173 396
37 383
326 337
69 289
24 232
77 461
319 344
28 432
371 455
71 110
174 436
85 248
283 442
243 266
126 238
345 387
442 476
140 363
53 302
101 328
365 393
73 407
14 105
42 414
257 465
88 377
467 480
84 466
229 294
69 485
93 424
118 333
293 337
30 401
234 498
66 178
97 349
185 355
276 342
106 187
158 493
35 275
66 77
317 429
36 344
89 414
242 381
288 364
256 401
224 246
234 416
231 306
264 493
19 135
28 147
60 256
319 435
308 383
183 332
197 489
37 269
76 448
139 460
176 424
34 235
116 375
370 395
127 384
11 204
323 433
344 440
480 484
188 282
239 414
26 147
246 260
245 432
174 187
415 477
93 394
240 370
254 400
126 220
78 241
217 262
10 30
122 279
249 290
184 291
55 265
360 416
145 452
248 430
77 128
48 251
162 166
157 242
227 469
176 220
17 256
215 273
188 415
227 247
202 460
316 438
65 67
209 457
286 409
204 429
362 422
353 471
205 267
85 418
274 319
350 411
100 223
10 227
292 299
235 291
309 425
140 288
295 497
355 453
246 498
333 454
64 391
198 329
175 225
257 282
63 182
379 492
213 272
117 185
215 297
132 242
215 423
399 486
77 196
196 246
26 236
186 357
56 86
225 252
72 89
189 207
188 256
179 334
263 363
240 304
191 287
129 321
85 395
237 442
82 310
324 488
129 169
52 423
25 70
258 404
75 107
356 364
333 392
198 298
28 444
89 106
221 242
140 302
67 117
166 212
224 362
212 375
201 310
249 337
17 258
327 481
68 188
104 384
132 168
37 228
133 255
166 370
180 405
186 329
202 289
219 478
194 220
93 174
330 398
127 239
235 239
114 409
185 392
60 281
10 204
133 314
275 345
164 468
185 345
80 403
22 454
79 469
2 464
266 341
298 388
102 328
29 499
300 397
41 429
127 190
47 485
222 479
75 79
219 432
100 208
65 482
429 466
365 383
200 495
154 288
69 198
349 455
252 358
332 415
366 468
56 147
29 265
216 301
188 248
139 351
162 341
16 266
103 363
74 181
330 428
215 239
147 330
206 322
409 465
308 384
34 420
166 495
243 333
227 442
227 267
100 217
25 56
299 393
305 392
97 394
393 416
87 380
149 160
440 475
22 481
300 352
17 341
31 189
168 344
341 369
270 280
403 420
2 278
415 464
5 78
113 425
74 220
247 309
218 397
322 344
71 346
31 90
240 293
48 200
120 389
18 208
82 291
256 335
94 198
197 283
98 116
106 388
264 332
145 269
1 39
11 239
296 333
238 336
166 494
82 281
31 313
106 229
89 161
161 285
145 251
72 171
219 285
207 356
348 425
368 456
270 353
376 440
25 278
288 324
91 96
18 226
165 336
351 494
244 484
70 304
357 392
143 292
18 369
270 307
67 326
181 351
310 363
10 211
24 362
35 438
358 443
119 352
212 358
36 137
83 231
106 424
283 497
146 493
94 354
258 408
373 438
334 385
314 351
20 469
71 360
81 333
60 110
344 480
293 313
120 455
148 362
30 136
283 499
408 471
85 303
69 446
83 407
227 390
73 165
137 158
11 185
55 96
215 459
105 259
307 390
37 412
35 257
308 405
241 437
343 356
370 385
143 448
349 431
190 362
293 466
32 451
168 481
225 494
155 220
293 334
24 389
321 412
35 395
89 334
112 337
204 314
66 111
213 476
78 135
118 147
70 412
39 113
403 485
140 485
189 449
266 306
298 413
24 452
16 142
341 445
140 259
4 273
270 440
383 442
142 247
131 350
211 333
119 334
52 112
14 75
60 109
175 276
10 51
38 266
356 357
314 368
124 281
79 368
62 293
19 445
173 218
51 432
128 148
340 463
132 255
357 403
72 364
3 87
55 119
239 275
457 478
19 489
125 498
71 128
55 132
50 367
339 382
403 422
122 150
206 407
264 383
48 107
287 355
152 261
15 247
281 492
245 439
111 293
35 56
13 125
11 371
182 373
65 147
94 168
248 323
188 195
51 413
114 127
55 380
137 273
258 362
194 487
42 403
166 266
221 416
325 460
102 287
9 139
300 381
445 499
75 173
77 269
401 413
161 355
352 408
106 383
374 383
26 316
154 390
146 355
189 486
326 329
203 309
20 150
278 456
269 437
11 43
58 200
300 366
191 262
74 120
129 143
8 17
104 276
189 293
186 211
60 236
367 396
209 500
263 486
325 350
346 472
31 173
367 446
93 315
334 338
303 446
368 484
195 446
109 423
61 314
40 481
191 488
317 438
143 255
178 184
208 318
247 331
36 319
59 202
25 29
287 417
165 270
35 296
329 493
141 395
147 434
403 436
237 256
233 397
192 464
287 488
54 478
87 430
128 395
236 238
267 313
225 464
207 310
26 269
233 265
309 352
431 477
76 160
136 334
216 463
349 384
295 305
68 333
204 291
17 432
56 450
240 416
119 194
41 420
67 365
2 454
14 328
472 476
71 118
236 382
92 309
224 341
74 371
176 439
326 467
11 108
34 471
277 280
258 424
188 290
44 181
419 457
69 471
4 135
287 434
69 252
35 422
198 295
45 493
92 345
133 490
119 274
210 323
357 472
18 125
236 423
95 153
432 456
111 265
80 371
231 416
53 409
344 490
155 216
235 337
264 391
97 314
61 310
5 61
356 376
120 124
115 286
282 295
258 262
134 235
13 229
6 477
214 253
81 197
243 344
247 330
63 283
374 389
125 170
157 359
261 399
262 317
120 167
368 407
33 291
263 479
425 435
219 251
124 138
398 412
32 380
165 399
333 464
92 383
73 490
178 188
38 404
94 264
102 134
16 366
156 350
294 343
63 285
332 438
408 449
30 48
36 197
1 401
3 32
27 458
151 265
268 465
396 423
78 441
165 287
212 460
18 435
188 359
377 455
34 403
105 387
288 313
223 350
216 478
345 347
237 407
477 491
205 387
145 321
84 114
29 310
141 149
226 242
120 446
75 489
249 436
281 388
167 183
146 438
65 219
159 255
215 474
143 335
73 189
168 464
11 443
258 280
46 176
210 287
63 237
119 220
153 446
152 274
181 193
1 173
193 353
45 186
131 146
236 386
22 417
63 414
240 391
234 276
154 220
234 334
145 209
207 253
17 80
195 439
38 82
58 169
395 453
125 443
262 384
251 375
139 262
385 454
302 390
237 485
226 367
266 401
281 452
59 207
8 29
296 371
387 419
64 232
267 422
131 454
46 372
12 475
169 179
174 298
431 471
94 357
148 372
148 301
78 385
36 206
463 468
362 458
142 301
51 325
26 267
166 306
66 253
102 343
13 166
340 483
75 410
145 233
108 364
30 496
197 276
160 252
229 334
234 270
44 98
481 490
253 305
150 298
297 386
137 144
121 361
154 216
12 495
22 250
182 348
112 159
130 242
29 275
80 316
66 235
43 389
28 44
30 295
289 391
76 364
100 204
182 490
30 120
47 52
174 245
59 85
186 225
235 468
369 469
22 173
87 220
279 392
250 447
220 441
180 205
43 419
152 472
261 287
47 75
38 299
410 427
97 331
251 300
288 435
7 451
223 402
200 295
322 480
376 377
43 459
189 262
140 258
54 73
261 385
183 461
100 475
62 466
381 450
181 401
356 490
172 321
275 465
358 401
246 361
82 376
97 243
241 311
383 415
183 331
19 203
8 42
98 121
6 240
137 373
211 313
148 243
185 472
409 478
331 389
141 328
341 467
5 330
188 339
12 300
87 298
33 240
2 385
52 424
270 481
215 394
56 296
141 409
397 409
14 167
37 222
21 196
36 268
55 400
322 428
237 301
344 352
332 418
60 101
100 397
145 377
172 273
12 87
135 176
193 207
286 422
129 206
204 206
335 416
321 450
153 281
346 460
188 353
252 470
169 408
49 109
237 326
147 498
184 258
72 499
391 413
144 421
232 425
52 158
295 368
273 473
128 327
134 342
15 428
15 455
74 259
92 269
27 466
76 347
323 330
65 478
137 494
66 192
337 382
47 80
28 314
334 496
150 429
307 450
218 488
277 495
117 395
28 104
6 180
156 303
1 403
7 21
152 385
124 298
128 469
308 346
230 322
50 154
240 387
126 310
168 358
162 411
243 365
109 220
151 408
1 293
110 362
54 425
47 296
131 393
136 438
24 482
14 65
76 107
123 329
283 309
73 436
79 229
204 495
380 427
86 175
298 454
163 337
22 492
41 100
312 335
85 442
16 362
296 453
2 261
38 436
227 486
35 458
116 132
285 312
260 264
114 263
162 475
204 209
176 192
413 429
149 387
20 91
66 215
315 444
224 393
143 161
24 175
398 433
168 373
474 493
366 376
118 170
78 363
11 308
42 222
209 279
290 499
60 483
233 246
184 473
72 78
70 448
71 121
484 497
112 213
378 463
197 492
134 495
196 343
221 467
3 224
99 341
5 349
125 184
291 314
67 490
240 494
60 431
84 393
315 489
189 267
98 149
250 345
106 408
23 31
306 473
215 281
32 59
16 201
15 181
5 307
67 431
38 47
80 465
85 409
19 237
436 437
37 473
306 417
190 230
128 369
216 483
211 233
228 268
354 446
306 442
52 60
63 225
173 301
169 230
78 262
37 277
94 190
59 429
52 247
198 238
16 426
191 492
131 301
93 346
185 313
118 453
136 371
44 408
238 290
86 102
131 403
232 331
278 478
331 432
323 355
149 370
197 321
204 446
215 275
114 345
269 278
73 126
80 84
55 418
267 405
85 381
299 432
250 493
242 486
14 497
127 187
22 39
22 245
342 497
25 194
141 481
112 369
44 130
158 285
269 297
21 321
218 369
398 413
328 493
444 454
290 421
9 54
25 77
267 438
114 156
120 367
121 154
36 389
327 472
285 478
63 344
195 355
115 449
257 390
491 492
283 403
178 386
410 443
200 480
259 463
350 455
69 346
156 215
194 406
50 456
98 325
239 417
63 153
40 87
101 365
173 272
276 446
69 442
254 431
103 280
203 232
178 406
245 336
65 81
250 463
3 301
59 95
169 215
79 314
60 210
243 393
123 191
44 137
51 129
435 475
53 194
1 318
158 315
81 203
219 307
185 468
271 385
15 188
223 323
149 468
330 365
254 259
103 406
125 141
162 271
65 470
238 419
266 338
199 454
124 202
8 25
94 330
301 366
1 89
234 408
4 46
56 348
196 469
268 495
233 446
302 406
9 70
241 263
6 129
176 492
282 286
324 340
65 488
172 266
325 341
16 471
218 493
38 485
114 402
39 341
2 176
110 122
294 297
49 448
309 416
284 365
7 393
403 471
270 450
134 429
230 329
179 274
231 471
116 275
10 165
117 492
207 468
336 416
288 481
341 371
97 275
31 59
9 335
101 489
64 451
119 234
205 444
110 280
85 290
73 155
150 219
69 500
222 365
241 266
108 421
26 232
309 407
39 176
99 447
80 209
68 152
254 477
168 403
115 302
158 259
250 329
25 197
51 443
17 41
125 390
40 388
84 99
259 399
174 377
77 129
105 244
7 100
76 174
375 455
67 199
146 323
41 482
343 475
219 258
289 333
72 434
292 461
59 301
101 163
65 108
48 74
102 402
8 318
106 405
77 371
66 259
232 384
341 349
446 474
240 362
160 253
56 178
37 424
174 498
60 130
220 325
77 318
334 425
252 420
31 169
185 250
77 304
341 473
247 401
134 349
383 497
245 256
248 355
17 478
82 406
111 204
307 360
229 472
167 265
34 435
102 392
119 411
276 332
20 397
191 319
129 248
16 85
38 293
156 283
33 34
128 346
164 278
341 410
52 242
73 426
213 390
162 289
94 408
23 207
138 482
17 418
392 472
41 325
43 139
95 411
251 338
436 482
26 126
233 282
161 344
157 335
110 433
124 353
158 243
85 194
395 420
5 258
173 439
461 490
244 493
186 410
118 240
240 336
238 396
88 255
183 247
74 177
418 460
143 472
70 133
3 10
170 197
160 338
32 277
116 500
259 363
317 409
307 493
214 350
220 234
79 394
20 275
290 327
15 326
228 484
361 387
216 430
155 456
241 253
40 44
214 463
76 306
374 482
418 482
18 494
95 164
58 136
133 146
84 214
447 490
199 336
186 331
177 293
167 279
18 55
366 462
31 217
268 433
266 356
194 442
93 192
14 235
469 499
198 236
113 321
37 459
134 391
85 261
231 290
104 291
145 315
409 479
7 259
204 394
151 221
302 305
338 481
142 253
92 395
74 165
85 343
142 249
97 176
84 296
237 419
12 388
340 485
57 70
108 424
273 304
313 412
84 274
33 367
426 439
35 420
205 371
195 349
255 276
95 314
152 281
100 236
122 264
400 455
137 150
105 180
55 262
103 260
291 416
67 392
66 124
380 453
122 337
344 453
218 462
98 111
28 378
121 391
13 479
305 445
244 435
25 59
204 333
13 77
67 160
86 136
18 60
103 370
147 275
198 428
192 296
267 393
183 302
28 409
359 493
132 358
407 439
283 304
439 500
161 219
156 214
361 391
29 177
95 298
37 332
66 163
450 487
82 225
64 274
65 393
96 399
55 314
97 374
122 468
237 395
120 259
17 189
133 491
158 435
44 108
262 289
52 109
116 176
192 469
176 318
141 228
242 441
295 490
267 479
263 434
436 439
25 391
267 494
310 481
66 210
335 426
17 295
269 486
284 392
344 432
234 369
326 425
243 397
219 341
265 297
55 483
280 475
17 75
279 456
89 381
226 477
45 187
28 413
122 294
270 375
276 435
23 52
236 368
222 439
171 345
136 366
243 249
34 107
91 474
242 350
307 401
404 421
41 347
149 180
393 407
31 146
158 301
37 136
432 498
429 488
191 221
46 283
68 304
133 394
18 456
176 369
3 361
236 464
169 242
235 273
118 400
111 245
151 218
315 381
128 405
152 465
59 245
99 397
92 378
274 445
153 375
427 456
416 420
352 436
8 235
304 467
152 223
114 364
179 271
135 475
144 278
42 242
172 398
147 392
32 239
42 143
223 416
375 404
94 329
78 105
27 29
358 477
79 283
199 388
20 402
82 427
77 185
62 351
133 453
162 447
105 395
286 311
90 417
337 352
91 190
270 474
54 134
216 426
66 160
18 438
370 423
5 487
148 358
287 487
85 195
238 291
340 352
143 469
283 488
291 425
255 380
183 447
21 405
179 356
120 378
99 125
12 29
67 189
119 269
72 421
202 372
124 387
50 436
301 500
68 393
56 492
167 258
252 354
178 464
151 347
109 405
121 435
188 489
29 67
333 469
151 205
247 413
270 394
245 317
163 241
358 453
104 315
117 477
16 416
213 290
218 451
183 448
84 320
111 387
174 428
18 307
356 410
165 408
147 268
151 284
208 295
71 428
157 233
117 403
418 464
130 449
174 263
150 306
219 286
239 266
235 313
167 378
171 233
80 87
15 399
56 243
309 466
133 400
69 465
189 456
131 432
124 249
34 341
53 411
119 437
121 167
165 241
108 185
219 234
7 162
65 104
42 164
211 316
325 403
4 192
378 482
40 365
409 410
76 231
6 23
123 140
230 236
84 171
8 331
53 439
332 386
425 481
143 498
41 84
64 132
412 454
25 490
3 309
130 398
369 413
174 253
153 218
182 323
239 308
260 400
65 433
8 468
77 153
218 452
231 240
167 495
12 472
46 318
212 325
281 499
65 359
12 461
298 500
447 478
210 393
49 143
101 304
79 169
142 204
360 474
159 257
286 361
328 434
1 452
41 336
255 467
171 218
97 483
281 343
298 400
378 406
158 369
199 295
37 333
49 214
12 325
110 278
355 478
134 191
5 100
228 251
210 313
374 392
204 316
138 435
226 453
142 371
139 284
125 263
361 466
162 187
9 55
17 437
310 312
22 40
96 406
57 404
265 403
281 363
127 329
181 421
73 383
227 471
219 393
381 420
70 353
155 442
41 314
314 490
318 414
221 294
326 331
271 496
31 114
10 22
270 274
238 421
39 100
261 342
229 314
248 469
148 336
87 464
397 414
143 440
314 317
102 135
25 487
68 358
346 476
101 467
21 177
44 204
318 478
442 456
83 443
42 95
151 179
299 320
99 381
380 415
380 432
70 197
37 256
41 329
167 408
184 422
245 379
62 470
68 435
357 391
54 155
316 332
39 241
247 485
73 249
328 405
63 177
47 142
153 412
154 357
18 284
331 457
132 273
132 474
175 229
57 72
62 341
181 265
86 299
110 480
188 304
170 381
376 455
42 458
226 390
87 437
283 337
276 420
19 446
308 460
232 276
333 365
68 167
28 477
83 488
140 256
4 47
93 204
279 362
155 232
35 74
15 359
416 433
133 454
32 112
303 400
32 383
27 474
28 277
60 270
360 427
32 242
92 352
31 463
19 426
17 250
31 243
193 253
220 272
106 432
270 309
84 349
96 217
27 333
190 216
30 201
236 295
236 465
280 403
5 462
85 126
246 328
65 93
108 253
236 402
103 334
40 270
52 466
328 478
80 413
66 125
22 128
339 421
184 231
321 343
12 255
412 429
6 352
207 371
307 417
8 51
314 467
23 449
278 397
12 469
326 391
31 371
315 495
342 411
294 373
213 286
256 369
186 257
209 384
102 319
190 493
175 345
170 444
172 411
49 54
177 187
5 464
406 491
297 453
64 414
136 155
111 411
177 211
26 478
232 289
33 488
59 286
429 474
139 258
49 426
139 350
8 153
397 483
143 212
50 277
34 127
441 491
384 489
295 435
297 304
87 286
271 300
71 423
80 146
432 438
188 438
9 69
417 463
189 280
173 240
277 323
187 238
271 290
176 385
150 390
140 149
34 342
231 251
208 309
41 451
356 443
257 362
25 264
348 357
28 154
280 378
265 377
393 480
174 267
4 484
95 233
117 146
80 219
185 274
169 395
74 453
93 496
247 288
257 285
378 405
168 492
225 339
121 227
324 385
176 316
387 496
102 217
377 432
158 267
138 243
194 370
112 409
65 138
8 471
130 388
53 480
23 413
149 286
27 351
60 500
468 471
227 349
8 363
212 486
289 306
279 359
310 494
4 500
407 411
193 319
186 300
196 301
160 455
351 405
213 220
256 492
333 336
272 338
429 448
246 487
80 416
404 478
95 212
258 336
86 190
34 135
238 281
288 468
141 472
183 431
33 124
78 394
63 127
240 384
110 451
192 400
25 313
53 163
154 182
241 276
222 332
168 284
13 456
110 156
195 262
136 476
180 382
138 351
427 436
316 385
128 376
2 496
187 469
255 322
219 349
242 427
22 225
171 176
344 473
194 397
293 445
30 71
31 162
325 456
217 358
306 495
152 427
84 271
71 275
212 267
120 137
43 125
143 219
122 306
77 259
135 272
117 496
23 138
95 100
166 435
113 374
79 341
191 477
51 364
24 225
391 477
119 152
219 272
320 446
103 407
50 401
338 342
12 421
50 233
61 109
322 494
4 195
194 296
120 266
207 459
227 292
166 412
45 139
206 280
305 389
128 398
161 393
196 235
140 394
66 263
156 269
81 122
160 163
74 96
46 328
70 231
75 108
276 289
118 482
425 472
124 282
6 393
233 384
286 362
62 379
284 370
20 159
116 167
119 299
57 310
39 242
262 489
48 183
63 142
145 384
81 394
69 385
7 473
74 455
88 445
328 479
458 484
377 500
127 446
163 427
443 471
139 323
130 417
220 322
54 393
121 393
224 361
180 380
351 393
480 483
399 475
296 388
189 500
277 354
38 457
192 308
227 443
342 355
302 349
154 479
119 231
65 309
183 239
223 318
88 157
154 314
367 443
177 313
252 273
82 446
355 456
55 98
85 324
169 241
205 494
23 150
282 455
90 175
126 426
106 144
164 379
71 292
85 134
150 193
32 330
181 438
82 174
17 65
470 479
76 329
379 414
107 398
134 292
6 207
153 210
115 327
222 500
174 320
1 185
130 303
178 277
310 457
280 304
87 275
59 345
101 388
275 377
172 370
54 229
176 194
426 476
140 153
29 57
174 360
323 390
43 314
421 450
4 76
5 279
420 456
12 169
59 439
167 233
96 314
379 500
210 223
137 255
250 358
194 437
28 54
118 152
178 369
201 328
228 307
85 408
53 324
290 317
61 433
340 422
126 260
173 286
188 400
145 454
64 96
150 272
255 474
224 391
35 295
176 405
71 237
5 381
100 187
138 150
490 498
117 485
154 331
98 345
441 454
386 455
154 170
62 112
167 466
141 202
242 259
163 371
4 356
201 240
158 468
151 208
152 332
409 457
410 434
215 253
315 328
219 397
328 467
3 449
358 391
171 472
319 404
62 122
81 96
297 401
15 348
275 365
80 422
139 340
20 171
53 190
63 448
158 233
123 363
92 420
18 122
161 446
297 331
149 163
117 343
191 237
297 359
156 479
16 398
327 359
186 327
122 397
181 423
51 478
43 255
312 330
102 264
136 468
294 403
73 227
130 308
141 404
206 312
406 468
80 307
220 495
36 71
98 276
33 256
235 272
34 62
91 322
24 275
4 327
184 447
64 343
350 415
60 364
24 242
138 496
120 343
352 361
248 397
49 411
130 278
57 321
165 353
257 321
20 426
63 101
400 423
217 407
194 332
347 455
169 451
281 431
39 485
290 311
74 376
146 231
40 85
54 368
187 393
54 86
363 392
244 359
153 182
172 328
44 266
109 192
19 250
88 95
60 419
36 100
97 499
112 220
91 92
161 345
114 160
192 266
131 133
107 245
238 362
95 443
178 303
256 476
99 311
205 265
72 474
103 120
208 498
13 254
237 250
107 122
198 205
88 499
135 370
103 455
93 310
341 477
201 311
29 443
114 478
225 333
333 341
49 490
330 339
333 451
82 318
74 279
3 303
93 238
179 347
102 344
348 479
266 476
122 377
193 427
176 272
109 241
25 304
411 436
195 485
58 484
264 455
77 290
29 420
170 201
174 192
158 422
198 405
199 453
14 415
215 226
141 176
183 412
342 378
168 470
51 382
215 346
27 484
154 450
127 318
135 256
193 230
277 375
273 404
177 302
79 466
8 445
52 105
10 126
104 341
49 370
240 303
58 341
164 216
34 193
265 446
356 400
409 468
86 493
200 476
40 302
96 310
66 317
300 452
41 255
161 365
144 334
234 392
108 431
337 367
408 443
25 486
66 171
169 483
231 340
121 498
119 240
125 185
246 311
363 442
131 488
205 342
180 472
118 156
355 421
16 344
90 204
166 282
222 387
63 88
33 394
235 283
195 325
110 326
384 387
28 400
88 175
324 334
301 496
268 349
309 319
34 202
181 286
153 464
127 191
57 262
178 211
39 177
105 137
329 486
108 312
137 200
381 493
52 155
281 411
10 182
273 423
165 254
25 53
255 367
262 284
176 253
191 463
38 209
421 437
166 339
9 302
28 459
100 337
117 189
202 412
6 228
87 285
210 445
356 373
194 346
11 357
65 143
110 196
17 431
252 480
13 83
441 499
30 312
146 488
47 500
132 141
39 187
243 335
111 200
382 490
450 459
235 436
251 415
156 157
12 415
424 492
186 269
315 458
95 363
188 225
382 418
2 362
178 436
103 375
139 269
348 406
141 219
67 149
259 387
66 312
97 304
51 262
190 277
4 223
48 291
160 313
170 367
109 343
18 353
237 441
238 392
8 58
153 240
67 184
414 439
302 324
235 312
46 227
8 308
95 294
376 426
250 367
138 301
395 407
107 430
120 442
225 471
291 402
70 371
342 415
282 305
368 386
24 237
316 444
296 348
123 365
13 26
263 389
13 239
104 424
183 324
284 439
115 324
132 468
121 222
343 470
109 229
101 128
19 171
27 305
173 366
278 416
25 69
76 474
93 223
261 291
345 440
1 32
39 364
329 460
94 401
274 364
18 76
247 453
35 114
283 472
444 492
159 323
110 292
24 500
169 207
12 93
57 329
126 412
432 471
128 447
25 36
58 93
8 15
303 419
8 396
191 297
132 193
399 438
421 424
47 318
244 337
318 482
313 444
59 270
26 427
305 433
4 325
208 294
275 304
231 417
75 346
393 451
119 383
24 49
144 211
319 338
48 441
327 425
291 382
137 400
102 119
51 190
136 245
39 141
135 406
251 494
181 436
174 385
76 267
37 181
189 393
166 195
101 119
121 357
210 257
134 470
6 487
242 344
258 451
92 337
50 265
52 404
9 427
119 165
217 379
253 454
7 53
342 381
4 376
144 187
24 310
284 328
129 368
43 220
125 437
123 220
217 433
55 427
106 174
120 243
57 265
141 177
24 53
19 224
308 465
374 498
86 124
34 409
250 378
21 209
406 441
69 277
111 434
39 231
340 411
249 479
65 499
143 147
39 486
286 500
38 199
268 338
285 322
43 271
207 212
45 459
35 477
37 435
109 327
28 335
157 304
48 147
70 273
421 472
25 39
25 136
202 387
75 264
235 435
98 437
136 203
121 461
446 494
59 479
55 221
200 216
32 355
77 231
25 409
191 402
202 481
274 397
44 198
62 85
309 402
373 374
143 473
17 305
107 458
208 378
239 366
311 362
66 75
377 483
105 173
45 99
17 100
272 402
73 143
170 372
27 249
202 272
145 326
125 400
130 301
185 460
362 447
21 429
230 462
175 416
142 198
401 450
126 420
110 450
78 208
192 407
137 395
179 331
3 329
92 435
181 449
91 102
306 364
38 492
34 297
30 318
70 251
259 495
188 325
104 230
303 410
195 337
95 391
91 224
132 352
75 329
170 278
173 407
372 405
45 104
79 335
254 499
61 489
5 30
14 129
59 325
161 269
34 335
396 399
248 483
206 327
362 456
54 333
264 430
271 302
263 456
277 441
406 485
73 496
243 416
84 143
295 308
87 301
16 369
170 427
201 374
224 468
305 442
94 368
289 348
104 174
99 339
247 476
144 190
117 479
129 187
83 201
218 281
171 368
230 314
184 296
150 162
226 274
391 452
20 443
366 400
99 333
62 73
13 213
164 281
236 426
41 421
264 343
154 391
148 248
180 341
286 295
77 187
326 478
132 428
163 374
238 308
350 406
15 204
304 329
61 123
117 119
177 319
25 247
246 458
112 197
15 129
301 399
58 112
95 121
10 419
399 495
148 168
54 217
469 485
109 185
61 144
180 489
192 383
121 331
16 427
124 188
372 496
387 458
230 438
93 329
32 184
30 254
106 138
271 311
128 130
246 399
12 287
63 70
158 382
183 194
55 266
365 486
234 423
241 328
99 200
99 184
327 473
248 353
27 84
215 348
179 180
209 359
144 265
98 251
206 294
30 239
34 210
197 309
78 369
209 476
208 311
75 372
42 84
52 389
237 295
374 408
199 289
388 414
78 164
48 128
421 457
31 284
14 482
11 395
182 469
177 191
98 150
178 468
216 407
26 149
51 147
258 388
368 453
23 263
228 477
367 434
294 423
1 101
276 390
112 133
200 292
291 355
186 227
268 275
242 417
2 35
352 471
36 417
56 167
311 330
258 419
1 267
26 169
317 416
450 483
141 306
12 335
53 75
20 281
403 429
319 323
31 288
13 404
59 413
110 390
229 343
340 397
271 305
15 87
31 359
381 423
32 193
35 162
47 136
27 398
141 399
18 41
169 385
336 496
116 470
328 494
154 477
77 410
41 156
292 371
110 459
111 465
156 417
56 204
5 36
355 499
380 436
96 271
123 373
341 385
223 484
68 381
79 475
15 193
107 395
60 470
151 373
235 483
43 291
105 400
405 455
88 172
208 237
297 447
480 490
156 477
217 324
328 498
52 482
218 293
121 257
233 307
326 403
256 320
38 467
158 346
51 249
87 114
370 492
111 167
94 379
236 299
233 492
27 487
109 400
209 364
4 224
50 220
65 152
301 397
268 432
258 268
150 289
134 450
143 411
145 470
306 440
313 376
122 224
211 395
489 500
262 420
266 407
198 270
38 103
145 289
126 343
37 417
106 484
5 263
121 184
145 234
10 195
44 314
335 407
299 349
212 392
164 277
158 367
139 225
59 142
258 493
210 234
292 481
278 480
220 475
257 406
3 139
134 404
73 106
26 303
417 440
52 474
87 235
28 103
115 148
77 488
53 443
47 145
110 407
194 211
33 171
102 303
3 269
428 430
103 264
267 335
228 353
343 390
396 422
239 367
172 325
102 410
371 373
284 332
227 251
288 453
164 190
306 498
82 302
80 375
25 133
489 494
83 212
117 163
73 88
201 258
148 498
78 103
190 308
118 256
49 308
7 477
29 40
11 306
167 438
153 422
281 359
122 193
299 306
331 369
150 205
214 412
49 237
197 239
278 371
309 388
321 453
365 448
41 269
156 267
261 323
187 400
233 466
92 362
315 406
76 383
184 366
40 41
219 465
374 420
308 487
75 335
427 445
278 329
198 339
38 443
81 324
168 177
195 419
171 208
245 421
251 310
358 410
405 487
266 479
177 447
285 310
98 190
97 240
225 331
121 290
1 363
15 335
141 372
109 457
83 412
313 442
374 480
100 330
96 461
30 404
186 383
236 284
311 497
91 306
166 389
276 374
79 125
76 334
108 391
196 251
125 275
260 375
134 354
179 287
383 398
110 447
233 416
99 301
29 224
147 410
130 189
225 350
42 452
387 478
406 425
269 420
295 487
13 475
32 88
63 316
245 402
183 245
152 215
377 448
325 492
239 475
284 496
36 169
219 498
82 119
81 125
66 359
146 191
3 341
123 233
57 123
83 442
236 322
154 178
108 147
303 394
76 288
155 478
31 190
156 271
38 261
73 268
161 310
109 342
462 465
103 445
27 98
209 375
266 410
35 155
37 100
84 113
181 353
206 216
162 408
39 387
194 312
373 470
343 347
253 488
33 64
245 362
311 341
162 311
161 411
113 226
130 409
160 352
35 42
62 488
231 316
115 229
53 486
339 473
490 494
35 164
61 301
148 364
328 446
47 102
251 448
166 169
147 224
281 319
11 53
277 325
76 236
214 443
32 233
238 260
84 264
218 327
78 304
89 243
122 457
27 273
23 302
265 269
33 405
377 497
397 459
24 102
288 353
85 138
300 392
25 425
124 228
227 496
140 436
289 403
88 238
133 427
196 399
149 156
58 498
114 464
23 283
111 291
56 307
178 358
89 201
413 437
140 295
51 314
290 443
38 134
403 459
71 225
287 420
262 357
147 226
378 423
178 489
55 163
69 268
153 269
7 67
224 399
8 412
130 462
359 397
321 331
397 425
81 243
82 490
4 61
127 472
92 310
291 372
51 349
237 452
127 462
103 161
9 404
6 236
66 496
79 185
271 394
73 317
144 453
143 204
257 467
430 469
103 395
8 177
194 276
26 323
253 318
25 302
485 495
279 281
413 465
382 395
53 467
63 421
86 383
127 151
376 478
18 347
239 352
36 351
147 373
286 351
96 384
116 459
173 478
3 381
67 188
179 289
135 355
21 124
460 473
274 336
85 274
4 87
57 245
381 400
89 242
267 307
133 236
111 370
109 432
125 350
249 374
363 411
401 425
110 373
19 405
256 374
324 356
159 301
78 211
221 264
97 401
285 460
160 404
187 246
167 287
417 446
160 240
163 477
91 211
86 328
201 231
91 345
81 150
149 350
119 129
450 453
400 464
29 137
328 362
45 341
224 484
105 442
233 335
36 282
271 407
433 495
218 231
90 477
13 108
353 413
45 333
27 44
12 432
26 428
106 456
98 482
412 480
306 397
133 444
386 484
43 248
12 377
421 476
63 409
45 183
381 461
130 257
17 68
37 450
234 464
298 460
251 371
33 293
45 236
49 201
182 293
87 230
31 155
80 463
95 264
80 443
132 326
305 450
52 435
99 391
220 228
104 199
138 475
106 486
358 429
85 312
53 424
63 92
5 51
163 177
250 301
307 386
128 461
123 264
1 258
35 419
55 292
364 435
56 361
97 318
123 333
168 417
161 275
230 339
172 257
137 337
161 225
20 195
9 328
304 473
445 493
252 377
36 103
354 441
95 487
56 268
132 156
53 199
196 419
318 353
93 351
241 397
10 209
427 476
13 17
41 250
19 448
281 403
12 306
28 349
58 103
336 344
12 409
97 161
35 54
457 474
192 347
46 477
245 367
135 197
134 211
139 209
71 114
139 265
132 240
121 125
179 472
162 305
338 402
48 197
376 428
31 120
44 121
5 172
100 123
55 231
209 254
206 362
402 494
217 455
155 338
110 209
20 474
15 246
350 427
210 478
65 392
5 29
76 490
331 465
418 446
97 404
211 351
34 252
31 292
216 476
70 359
243 290
321 363
213 458
357 466
267 386
51 460
42 141
150 204
221 281
205 232
76 168
309 383
205 279
228 272
87 311
241 440
198 265
197 465
366 382
194 331
109 324
16 170
133 238
57 303
255 271
6 21
55 99
9 421
46 218
43 226
102 212
320 331
222 355
136 208
391 490
174 201
35 385
67 225
354 499
183 464
64 137
329 410
157 256
317 394
6 218
334 372
273 314
349 479
122 301
50 356
153 467
167 301
270 452
339 427
80 484
105 236
378 436
38 428
118 225
172 264
446 464
66 81
146 313
387 445
172 318
122 324
298 308
150 494
236 403
196 362
83 285
99 214
92 284
118 357
236 342
205 298
10 272
305 390
148 183
91 455
127 451
94 386
165 316
72 461
413 442
84 155
175 269
118 239
63 201
411 425
40 294
193 282
86 98
113 362
76 312
410 494
217 325
258 310
291 381
146 297
209 262
66 201
351 372
106 443
243 497
322 453
213 348
72 252
255 369
160 262
268 342
402 481
39 226
23 131
37 248
90 184
192 418
41 111
359 490
308 427
47 245
42 85
325 336
52 336
153 228
70 130
311 462
395 409
17 423
240 386
125 490
163 169
50 467
225 327
372 489
174 222
116 428
147 494
76 313
197 342
262 339
121 492
138 284
29 382
164 182
159 446
341 459
80 491
335 466
235 335
302 310
145 298
381 410
438 460
345 478
12 145
361 451
95 283
273 433
354 400
129 413
148 491
153 286
181 183
18 139
123 297
399 453
446 455
182 485
188 326
244 385
82 327
251 498
480 499
316 338
103 169
262 336
158 312
473 497
56 430
219 298
228 487
5 500
445 469
27 368
118 439
242 337
323 479
146 211
172 380
451 461
65 208
40 445
120 270
53 275
207 436
5 62
170 283
8 81
132 295
25 468
21 438
160 186
202 408
67 278
130 341
117 279
29 299
297 406
168 396
23 461
58 348
16 476
246 302
12 454
45 359
20 294
95 170
83 107
205 313
266 398
252 394
68 434
16 433
39 185
162 374
99 460
274 296
371 461
163 233
21 355
100 408
185 314
152 260
377 499
81 451
54 219
158 199
135 322
89 297
171 187
143 176
248 267
10 44
76 170
12 179
320 454
119 409
130 315
154 423
126 401
222 282
198 500
278 425
45 90
107 285
195 320
69 167
396 415
18 247
207 230
350 443
333 481
51 251
319 464
177 213
14 53
250 468
39 322
190 429
178 326
146 401
87 383
346 370
356 365
93 262
173 382
349 381
324 461
226 249
132 410
38 384
218 497
237 361
351 410
150 463
75 170
104 352
155 495
102 228
138 349
103 279
58 166
126 440
202 400
196 454
416 440
279 345
358 394
40 49
30 387
165 266
18 275
89 114
9 452
1 399
94 171
34 291
89 485
284 408
192 468
37 298
100 132
246 467
164 235
306 345
90 232
224 499
61 244
38 344
207 316
47 273
103 421
199 320
235 443
6 392
304 399
163 201
245 438
119 472
110 329
140 320
29 309
124 373
106 451
148 161
182 441
75 477
99 438
149 342
69 257
54 357
373 400
47 222
296 414
103 194
137 362
50 498
78 166
141 476
312 479
404 461
226 490
313 448
18 338
322 385
171 317
67 389
53 283
181 476
22 494
95 155
24 326
155 263
144 383
408 497
94 214
90 129
48 363
259 444
284 444
169 429
14 114
366 420
121 437
14 307
148 270
228 410
1 378
395 464
86 223
188 333
348 352
62 182
84 261
337 459
208 370
187 217
358 365
69 166
121 124
119 329
31 327
254 461
101 270
330 489
118 176
196 365
366 479
3 398
20 304
29 300
384 469
139 499
127 300
323 388
26 381
35 252
264 277
277 404
107 119
274 399
179 359
167 386
222 488
57 400
199 232
15 207
38 41
271 312
59 497
312 453
28 419
193 495
206 399
274 459
307 396
343 371
431 474
14 179
18 324
441 460
133 324
80 331
109 123
177 214
341 495
212 326
153 204
260 397
64 149
6 150
265 427
178 483
109 112
32 375
56 488
20 95
18 146
57 84
257 415
290 292
21 361
372 428
123 332
197 450
230 262
139 337
303 332
83 445
116 247
24 459
315 498
29 66
80 493
57 156
191 422
181 356
358 367
38 322
133 421
248 273
149 384
119 157
225 424
232 260
15 260
312 431
29 81
284 431
93 299
202 416
137 223
113 132
196 466
27 72
167 370
130 346
130 282
85 175
14 481
142 392
1 438
294 405
23 232
204 245
354 375
104 306
53 309
103 155
33 108
184 329
34 434
299 350
55 117
51 74
377 485
7 139
21 224
163 210
90 422
2 282
285 304
83 178
16 127
53 211
244 461
61 225
34 470
206 495
121 284
434 449
292 369
248 403
83 197
226 273
292 349
363 463
408 413
413 433
130 284
179 344
40 402
321 492
213 498
151 360
89 448
36 324
15 168
212 377
38 93
261 435
20 279
242 289
81 263
115 214
367 453
28 285
492 497
311 465
137 474
146 415
78 121
224 319
165 197
28 355
93 221
438 453
133 248
196 308
224 342
381 438
359 379
142 219
61 403
70 487
129 354
368 404
294 301
171 404
245 277
56 317
88 398
185 452
45 196
160 221
79 186
113 137
32 362
403 454
300 316
285 447
105 245
203 498
242 438
497 499
216 408
339 406
85 314
164 197
130 486
64 160
114 170
1 80
249 384
13 307
155 444
215 341
291 400
439 472
68 283
49 486
394 399
315 320
226 348
134 309
11 124
35 39
124 321
170 424
247 403
103 429
253 279
266 359
84 330
26 484
143 326
92 379
161 350
250 497
291 401
166 387
19 186
123 135
36 304
9 87
90 479
9 239
134 141
134 417
129 273
200 201
170 215
12 425
48 115
333 438
364 464
4 466
94 411
60 176
292 419
10 128
191 210
11 400
184 358
261 286
385 401
22 107
300 394
17 284
288 488
77 275
131 268
140 305
433 460
80 447
52 337
217 300
262 369
209 489
112 114
61 296
195 301
265 277
392 478
167 341
228 465
85 89
165 482
67 179
299 375
366 461
181 496
276 401
203 415
398 463
140 455
380 483
400 472
15 160
202 488
167 312
262 386
191 219
238 388
16 35
161 261
81 498
303 348
349 410
324 483
19 59
279 395
85 235
150 402
12 443
177 477
29 337
271 456
88 358
47 50
115 372
76 403
411 479
101 148
279 324
56 453
17 164
156 264
228 241
99 185
62 358
43 477
292 389
239 478
14 447
263 428
341 485
193 209
288 345
43 84
320 462
12 156
259 405
415 441
132 292
101 444
23 315
127 383
45 179
292 473
443 465
115 255
36 423
149 411
83 368
193 250
211 433
285 317
45 194
267 369
155 433
198 283
24 499
155 369
280 351
128 185
383 471
242 399
12 64
105 171
72 177
439 456
195 453
2 233
470 485
314 408
14 79
392 403
264 458
93 461
19 378
41 173
50 283
115 373
206 427
25 356
57 240
199 279
95 258
15 412
225 453
43 179
1 5
63 64
4 401
7 326
167 383
443 484
72 93
268 376
178 313
92 106
5 463
59 62
271 338
20 157
113 257
25 226
98 430
14 433
346 402
210 494
306 469
236 369
31 490
241 379
50 223
21 143
4 354
20 189
191 425
105 313
14 164
63 264
311 366
125 148
34 251
94 485
25 87
80 281
334 475
278 359
40 216
452 485
234 327
13 55
169 214
6 167
45 94
283 366
247 432
121 279
181 266
2 77
155 425
315 378
134 340
156 330
36 126
8 28
101 158
237 454
466 494
80 208
5 268
288 299
210 437
433 498
13 415
18 160
22 402
4 289
57 463
236 425
273 318
452 483
114 425
87 484
57 297
447 474
421 461
87 346
219 277
50 133
203 258
113 307
43 420
102 353
111 441
102 448
191 432
122 458
159 173
365 369
231 482
188 347
224 288
305 439
52 199
112 462
330 470
289 354
20 284
277 486
163 199
226 262
199 496
141 229
23 84
116 491
414 443
106 206
205 240
321 414
156 241
258 417
224 360
194 287
393 411
101 342
322 358
80 344
299 429
179 376
37 245
406 472
165 297
31 428
98 315
83 296
155 226
55 486
339 428
367 373
194 278
442 489
204 448
393 455
300 478
306 463
358 482
122 499
253 353
179 189
83 456
99 473
28 410
9 126
454 496
330 446
149 217
405 474
52 172
79 165
194 411
350 364
149 185
2 228
67 146
377 498
43 67
215 497
277 300
157 294
271 397
251 459
39 267
230 399
239 380
356 475
382 451
431 478
128 193
33 200
109 159
196 328
85 182
56 403
87 119
431 455
40 353
1 129
142 357
321 420
347 402
187 335
45 369
63 170
74 137
214 493
155 455
403 461
158 427
276 277
204 230
194 483
249 428
24 461
314 498
368 417
107 194
63 179
89 103
300 428
291 430
324 494
27 436
74 176
217 385
137 463
106 404
97 342
64 68
244 336
282 432
92 389
19 383
88 200
209 377
106 320
94 422
332 454
15 397
89 481
159 369
105 490
131 369
223 454
28 361
266 322
21 404
194 436
109 476
94 126
221 341
131 234
185 369
139 376
95 126
194 209
91 114
377 433
222 308
297 490
26 412
8 497
1 228
97 340
62 311
200 447
86 125
71 357
363 477
26 181
220 229
268 366
36 482
106 233
65 186
213 333
168 422
16 358
394 451
370 475
419 441
87 234
135 235
161 348
24 81
86 106
461 470
206 214
241 396
333 496
146 378
25 73
266 417
196 392
362 385
154 483
133 180
64 349
142 413
82 438
28 312
37 65
381 470
28 323
102 414
240 246
177 296
137 270
201 378
5 455
435 496
130 465
198 492
74 250
378 479
193 466
340 369
75 223
21 277
33 333
77 103
132 202
62 129
237 291
132 406
54 213
122 179
316 484
138 338
159 480
199 462
249 481
141 275
149 444
283 332
272 458
212 290
226 289
272 420
122 298
78 255
84 309
112 370
142 250
282 441
228 364
61 382
312 465
138 431
207 272
281 494
193 315
54 64
61 320
93 309
362 370
284 354
1 355
165 174
5 219
293 356
219 398
114 163
29 142
193 379
21 131
121 259
346 469
254 282
217 459
98 466
122 453
367 486
261 436
37 414
35 66
76 315
158 217
150 458
386 500
136 156
274 298
31 348
461 473
130 297
127 297
349 434
63 395
121 405
139 219
124 497
3 260
93 377
287 438
79 87
120 183
114 282
9 161
36 416
138 353
182 393
9 111
118 180
338 467
42 317
441 484
242 336
162 387
263 472
376 448
405 493
201 304
306 320
93 274
64 344
88 298
126 215
35 226
259 333
249 327
228 500
359 457
149 276
143 325
170 310
126 276
188 495
12 334
281 310
150 317
127 269
86 417
129 156
99 449
280 385
191 256
367 487
371 497
136 439
92 231
203 219
58 109
343 402
245 327
405 425
300 390
83 352
214 357
133 426
205 346
290 384
181 303
79 101
49 61
63 370
197 295
164 282
248 360
282 351
84 240
196 463
115 127
201 456
22 58
131 406
394 408
424 427
210 267
177 260
295 439
169 305
184 318
90 124
134 465
225 272
229 454
137 143
98 440
213 484
20 65
247 270
108 384
4 487
333 384
220 232
17 454
36 396
224 404
40 149
196 447
214 478
280 359
278 297
73 341
10 331
41 85
38 110
116 383
284 342
56 417
184 465
122 199
31 211
29 402
325 431
103 434
224 428
155 298
417 451
50 215
138 335
274 498
18 286
109 387
147 172
234 434
78 472
168 230
287 401
362 401
293 390
156 328
145 475
93 254
226 424
194 445
152 497
143 153
18 37
335 388
224 477
14 367
192 295
8 200
288 336
25 199
406 454
168 423
118 162
30 150
188 322
394 486
228 417
403 430
102 223
315 385
87 191
378 491
188 335
111 442
467 484
77 370
90 327
28 181
312 374
102 168
178 430
163 482
37 304
230 401
97 255
14 330
153 198
74 496
223 284
291 409
426 496
285 413
140 362
103 466
310 456
276 456
208 244
34 77
167 180
114 132
10 153
12 230
38 234
362 376
180 291
36 173
323 426
70 499
20 458
89 475
168 379
135 313
187 342
120 463
400 493
148 200
46 270
195 222
76 180
37 300
34 419
45 159
40 408
219 379
162 463
350 359
383 386
83 298
42 223
64 73
380 458
151 165
136 201
3 193
105 418
247 341
247 493
80 199
95 214
41 119
93 412
118 154
235 249
147 184
132 475
246 334
31 264
122 451
274 372
234 497
117 263
260 291
156 217
141 154
209 326
81 103
242 306
383 478
260 407
327 371
235 420
446 450
76 88
353 483
181 225
361 467
328 433
337 412
1 152
46 341
206 302
243 405
185 386
200 347
59 87
339 424
169 403
137 424
148 166
130 393
28 483
268 420
403 416
3 203
3 181
53 310
158 391
41 284
32 468
69 411
267 333
266 381
36 292
132 241
291 345
336 415
213 215
124 452
244 246
52 317
131 444
78 356
413 455
77 310
4 323
131 242
222 287
265 463
114 391
398 422
227 305
360 401
113 365
3 362
175 259
16 77
68 437
153 280
202 265
245 405
89 323
91 440
265 493
81 433
271 495
105 273
111 187
312 352
262 415
127 312
99 257
11 330
362 442
97 282
416 418
326 330
278 461
278 370
60 499
76 404
228 336
339 480
110 489
95 379
392 394
233 379
22 366
197 233
94 479
123 256
89 358
14 234
223 291
106 121
25 312
279 341
12 182
129 165
220 412
109 277
11 52
88 314
102 301
67 130
148 324
230 396
348 469
395 500
266 411
96 293
114 197
192 204
143 490
155 384
343 485
139 192
12 340
99 222
410 436
357 408
201 404
243 315
323 491
245 276
48 82
169 257
58 175
111 115
164 174
267 289
12 216
106 332
113 276
243 336
86 449
115 461
216 325
14 391
158 349
164 446
67 143
407 455
7 183
50 420
122 266
23 105
141 215
133 224
202 362
148 196
2 161
28 116
371 492
270 277
390 407
212 289
271 452
212 292
79 253
176 431
234 383
345 361
98 471
134 324
83 423
146 403
211 354
319 348
113 219
68 493
13 98
156 252
31 188
484 486
81 288
2 302
17 283
113 190
402 450
39 111
124 404
35 83
112 262
135 466
156 337
164 377
8 22
27 78
336 493
173 342
77 473
75 437
476 498
288 394
121 161
341 346
194 260
159 381
174 306
193 404
73 401
240 354
51 451
1 2
138 457
226 320
169 220
94 153
159 182
167 409
48 198
127 189
192 420
2 146
226 425
262 382
212 442
333 468
213 417
83 252
385 462
139 174
16 469
86 271
239 334
426 441
20 329
246 406
377 436
418 426
159 310
239 319
35 51
218 230
228 445
348 465
296 419
124 184
25 374
59 102
260 377
177 381
12 24
259 362
105 455
228 452
174 234
103 118
224 244
89 194
225 364
87 498
363 391
48 419
462 464
181 291
9 72
89 315
362 469
50 117
297 494
241 433
221 378
125 132
408 486
106 425
409 498
60 218
9 10
147 163
394 415
123 205
43 421
108 500
212 423
315 383
122 372
117 244
298 370
121 473
72 200
413 415
146 174
237 459
1 168
48 174
34 97
45 61
99 361
7 243
179 211
178 223
363 466
84 111
200 262
80 321
107 227
111 269
182 259
167 373
330 394
164 448
359 377
270 344
88 311
342 480
199 416
103 357
184 418
73 280
229 357
38 51
421 451
8 391
49 144
146 249
165 240
252 309
112 455
37 218
119 320
164 328
210 285
374 377
7 412
7 392
53 359
4 40
307 413
21 385
208 225
158 471
275 324
227 284
128 385
296 343
5 394
176 217
162 175
43 442
81 473
133 343
364 381
46 57
16 190
270 430
77 365
252 488
106 155
121 414
34 340
74 101
91 457
389 487
257 345
302 378
69 403
352 500
177 179
216 393
288 486
417 432
203 451
156 297
19 380
54 431
58 387
155 158
54 170
273 294
17 267
246 457
312 322
311 487
233 301
177 351
335 396
428 499
318 446
16 467
252 352
310 407
144 449
17 297
328 344
322 427
254 384
155 218
27 64
277 415
186 188
217 249
314 333
125 373
330 499
329 429
97 125
281 410
10 245
246 428
452 476
22 122
147 351
62 128
330 414
140 357
11 245
46 237
359 396
102 131
255 281
281 406
79 199
9 275
187 299
28 425
16 203
6 134
19 419
308 367
235 429
205 207
138 466
18 491
11 485
97 469
138 200
129 175
205 215
64 176
34 327
373 435
314 348
18 143
136 451
43 256
15 175
223 247
23 390
144 483
123 378
417 454
255 439
244 367
15 378
67 463
322 377
55 261
340 402
203 216
171 358
24 42
8 437
11 172
235 336
173 340
51 461
29 52
221 308
333 383
148 250
281 484
184 357
205 250
62 99
10 208
287 410
164 331
211 447
147 194
167 384
44 167
21 45
189 204
443 475
369 436
43 161
195 421
377 447
106 132
167 316
36 352
322 442
179 341
191 447
1 257
94 301
330 344
118 270
64 448
64 158
369 405
39 308
208 388
235 399
168 281
51 405
133 275
55 466
234 309
460 486
222 247
272 457
263 355
257 322
216 475
108 249
147 363
101 484
272 427
33 127
443 467
85 240
321 489
127 248
100 279
279 401
351 460
130 430
109 410
341 383
98 322
45 417
30 56
56 293
86 201
6 391
16 212
262 391
70 178
109 199
303 388
251 319
110 283
10 320
4 95
231 492
39 340
391 400
49 367
38 419
156 499
39 447
72 342
234 278
89 498
88 443
65 464
397 430
54 112
283 494
256 428
238 317
162 183
101 384
71 191
294 437
135 446
368 413
382 446
320 481
178 477
291 322
21 202
392 493
72 180
22 249
91 478
257 266
60 88
110 203
221 389
43 214
33 383
40 273
260 444
352 369
19 331
25 55
196 487
80 157
442 495
126 312
357 471
222 391
285 458
27 444
158 269
6 425
193 434
61 398
63 257
314 463
2 450
127 400
27 251
19 133
72 295
31 165
12 430
156 421
328 369
339 412
119 149
193 306
150 267
92 148
122 255
292 383
363 470
260 334
72 160
38 400
158 443
95 157
346 394
156 427
161 354
92 94
261 470
73 234
394 447
65 427
176 415
267 496
314 359
80 374
266 298
375 405
84 486
26 301
78 378
213 356
99 357
210 464
151 171
153 462
27 457
17 166
5 418
285 424
357 470
7 121
93 186
10 159
206 434
65 82
284 427
20 61
91 354
212 415
385 447
86 302
254 462
51 359
127 186
52 134
239 458
293 371
130 453
167 182
39 292
413 428
245 378
226 382
358 483
177 371
245 303
7 216
452 492
178 252
271 480
211 329
244 305
339 431
262 395
213 408
318 474
199 488
66 493
64 88
407 473
56 353
237 362
149 206
114 207
110 226
207 375
371 407
184 202
97 168
168 479
363 498
47 322
92 248
211 290
123 292
278 308
54 403
158 485
253 460
90 384
348 395
298 414
198 233
53 408
79 389
112 126
185 477
309 494
37 431
185 239
223 443
15 417
222 331
324 418
246 478
322 345
132 283
200 298
41 98
99 383
307 313
245 366
6 362
287 418
352 403
82 205
250 356
55 499
71 336
165 300
73 399
85 164
157 231
266 287
79 105
280 293
17 175
55 458
186 212
216 245
51 198
256 403
212 255
31 493
232 273
337 389
338 464
58 330
200 214
339 425
17 275
226 412
183 296
78 412
204 361
182 289
117 128
65 498
5 8
261 476
244 350
51 197
393 444
3 71
485 491
97 485
149 455
277 293
128 344
327 428
265 362
89 115
111 406
164 466
63 155
386 498
59 290
163 316
104 389
163 263
98 373
87 107
130 180
157 329
163 439
340 443
96 334
28 344
164 294
138 203
144 315
235 362
124 434
16 84
13 469
80 324
68 245
318 359
117 461
226 336
42 162
360 366
154 490
113 413
40 431
282 445
146 380
40 343
28 80
26 475
56 71
22 307
299 405
19 399
171 411
180 499
159 288
191 485
369 466
148 416
212 228
104 343
18 97
361 490
346 442
95 330
124 245
200 228
165 245
139 357
52 374
108 420
47 157
25 99
267 286
370 476
32 237
9 389
68 139
221 236
79 454
91 131
137 146
225 249
185 226
130 493
52 309
94 316
180 431
199 479
138 340
172 267
84 298
416 484
71 356
118 258
215 326
255 484
92 254
92 98
119 304
137 141
402 470
138 407
50 65
205 334
275 440
230 415
64 460
75 454
153 322
82 411
222 400
37 346
224 309
338 486
279 489
24 320
30 310
223 440
57 65
228 370
75 315
216 482
117 208
105 483
156 429
171 227
386 424
266 354
335 459
239 364
159 222
112 406
134 290
147 180
110 305
442 446
1 199
213 292
147 206
119 187
88 406
34 317
193 203
82 389
101 359
175 292
2 167
449 467
51 52
383 448
15 394
164 297
326 417
179 480
209 234
35 134
63 491
27 493
28 273
390 417
169 405
300 322
26 294
29 88
72 355
53 344
33 362
137 381
131 290
75 235
92 448
84 170
234 386
78 459
368 393
216 362
60 420
159 275
19 234
114 247
237 444
299 481
112 432
60 173
377 411
177 220
161 389
108 385
93 317
161 236
23 432
28 250
378 438
179 234
154 267
414 416
154 399
35 369
116 354
170 395
152 396
321 491
157 426
233 298
129 435
17 479
184 408
3 494
12 53
147 493
18 57
152 463
288 356
167 201
267 443
460 490
39 467
50 268
384 455
349 476
437 472
42 205
13 221
153 396
161 214
482 494
197 368
308 439
321 342
235 331
38 378
9 163
16 163
252 346
326 434
4 34
247 395
184 295
33 159
189 365
261 411
12 315
16 271
188 440
2 389
3 56
107 356
28 193
29 195
91 372
127 450
19 193
15 416
286 357
131 450
34 353
176 486
219 319
322 362
20 434
209 333
159 418
30 96
79 415
11 411
245 470
151 495
21 348
159 213
188 378
23 188
183 420
285 480
240 498
85 385
64 81
92 154
217 275
132 459
86 349
116 487
440 468
182 275
58 221
250 445
215 479
277 305
29 252
137 365
27 396
57 388
109 403
34 130
66 72
130 210
110 460
122 375
13 276
221 265
318 422
63 292
258 447
136 302
34 299
97 121
72 245
70 215
251 257
97 273
323 405
117 158
203 384
270 390
165 439
229 461
164 233
361 500
285 303
173 299
72 115
283 305
106 426
34 75
299 454
3 47
9 108
251 299
380 419
1 497
3 270
77 78
43 359
70 235
24 357
43 174
86 354
302 318
59 475
51 109
116 409
48 492
114 495
162 291
192 482
393 427
132 182
34 148
104 468
37 315
128 382
119 215
117 478
42 367
488 493
1 354
295 422
150 312
165 418
197 385
209 259
200 463
352 374
373 405
137 319
437 473
248 383
291 378
394 416
2 258
213 308
189 282
50 206
254 410
292 422
2 54
231 252
83 104
262 442
407 438
167 325
64 282
228 269
235 490
123 128
224 368
173 335
7 364
233 365
27 119
260 329
107 319
27 407
415 443
61 169
15 352
29 442
56 75
7 409
407 474
175 404
98 154
47 190
379 387
111 384
159 179
138 285
115 240
359 455
342 407
320 370
37 186
171 352
173 427
52 125
4 302
39 244
397 490
11 168
87 345
83 242
254 402
272 297
37 478
133 161
46 346
372 440
178 413
188 392
7 422
203 212
254 313
203 399
73 220
378 476
176 356
265 278
4 480
28 140
359 360
295 404
99 207
332 475
75 185
72 315
97 259
53 58
283 346
446 479
106 303
146 487
57 286
150 433
34 474
424 472
232 266
27 167
339 447
50 225
174 401
84 189
230 319
278 307
208 448
215 377
320 357
20 366
373 485
190 304
114 248
245 299
9 77
151 375
77 293
184 267
192 417
313 384
261 499
246 451
35 190
112 218
109 364
324 491
90 110
34 176
128 370
82 275
235 367
84 215
167 398
100 244
152 326
93 286
2 443
391 459
281 439
220 231
55 274
188 316
57 89
317 489
362 427
262 410
24 398
193 256
39 290
62 102
294 485
55 399
39 131
135 380
154 428
123 326
273 453
117 457
304 486
20 158
320 460
306 477
66 245
255 358
337 348
293 312
230 357
260 305
45 314
239 339
238 378
352 425
272 281
101 261
172 263
157 195
89 370
295 480
31 489
46 469
66 209
345 420
13 194
365 417
128 174
198 243
282 387
82 492
476 489
122 147
278 475
302 364
74 480
192 300
33 496
334 431
13 186
157 464
376 433
52 205
80 287
32 439
244 370
265 400
85 230
203 227
280 389
223 388
172 350
193 245
81 134
57 58
313 337
330 375
76 208
409 452
140 182
198 219
54 209
200 366
234 475
25 57
82 433
206 334
51 76
285 369
237 437
64 388
88 273
265 426
31 308
331 335
220 251
15 426
92 271
172 247
211 322
139 435
121 229
113 390
351 389
147 274
161 419
271 445
29 172
361 459
35 122
60 429
40 121
160 190
226 238
91 149
284 456
76 323
125 221
85 376
48 496
120 334
52 310
26 261
145 162
65 399
10 489
32 62
365 447
136 232
159 260
115 385
179 183
165 462
227 237
105 332
76 117
101 434
234 481
20 486
199 226
411 458
94 118
127 277
419 443
244 300
142 207
77 151
68 268
138 325
300 418
71 251
13 218
338 441
443 469
209 368
19 412
175 357
117 133
82 495
438 439
223 337
8 355
343 493
84 270
10 464
9 80
32 428
243 483
286 387
341 440
281 340
90 164
347 491
45 83
71 93
146 312
108 362
68 262
347 426
35 104
158 401
47 109
34 49
180 244
154 158
219 350
57 394
435 458
127 242
220 290
180 416
207 458
27 143
53 345
78 484
111 133
105 497
66 465
97 114
31 487
183 206
233 415
244 439
350 368
52 498
134 273
189 432
79 286
165 395
225 420
103 387
32 161
288 318
6 192
184 471
188 274
274 493
110 446
222 347
152 370
279 365
176 435
232 487
295 371
192 318
178 209
35 424
459 467
405 461
159 175
20 76
78 250
241 400
250 429
69 226
73 314
125 267
232 359
5 410
46 294
355 496
169 322
210 483
80 237
197 252
73 130
111 213
162 253
85 285
249 429
66 180
3 354
349 442
246 492
110 117
48 380
146 333
401 484
359 477
204 329
200 400
146 325
190 484
334 462
424 449
481 489
90 98
4 104
333 400
174 311
134 478
194 390
199 292
120 436
210 489
197 404
212 268
372 475
267 472
311 410
41 135
56 105
143 480
40 357
177 421
124 367
296 373
81 350
289 494
82 314
1 475
209 303
291 371
184 470
107 494
93 131
179 398
149 407
259 419
99 380
231 304
84 115
43 326
279 384
209 371
344 463
10 391
91 276
264 453
317 493
19 490
62 292
34 110
375 376
384 473
342 465
253 336
34 396
87 201
31 142
95 113
241 404
18 382
46 213
100 101
5 39
11 271
342 385
327 352
278 293
187 234
363 440
94 239
42 114
107 297
249 371
321 350
120 203
34 50
241 255
241 432
321 417
202 394
53 281
159 205
249 456
136 316
397 415
17 85
143 352
344 467
130 188
61 205
145 416
415 469
20 21
32 232
201 301
210 428
324 375
48 288
295 354
141 263
14 241
278 288
9 219
33 96
125 496
183 394
223 485
189 477
88 463
4 180
42 385
69 208
380 437
139 255
68 141
227 404
9 396
72 75
126 411
61 181
98 457
308 311
293 413
424 451
33 485
90 329
271 378
111 140
2 60
103 195
210 451
18 425
148 235
119 150
49 170
62 201
47 401
366 398
25 113
414 457
390 477
138 166
105 306
37 243
74 115
41 374
109 468
78 174
100 500
232 419
102 138
219 452
232 239
64 109
20 393
81 430
175 221
114 179
313 468
264 281
20 109
403 500
83 489
158 425
206 276
191 382
290 464
11 345
202 210
116 224
7 383
86 154
291 496
357 419
97 258
136 223
318 453
258 475
381 484
320 376
283 425
307 489
115 215
106 299
354 459
201 499
114 274
33 178
79 290
102 446
58 241
121 340
337 467
155 390
173 337
52 131
67 482
389 418
11 269
85 340
328 331
100 172
37 170
14 77
234 492
279 433
192 337
420 462
272 302
21 382
143 235
100 232
93 282
219 308
270 493
18 170
446 495
104 263
205 376
115 369
196 339
16 276
50 358
79 395
319 334
327 465
441 458
39 193
256 302
58 451
389 489
128 242
193 499
4 454
223 393
185 463
18 309
356 430
54 499
211 369
17 73
79 219
70 335
34 367
250 354
23 406
212 338
273 355
155 432
372 409
388 435
460 500
12 330
224 492
49 227
325 475
47 182
299 476
279 314
188 363
416 474
190 289
78 408
274 420
258 395
177 219
348 466
198 454
65 333
69 460
387 441
67 93
102 202
196 210
374 491
211 453
53 222
354 398
140 351
68 385
104 337
41 395
41 445
175 207
12 365
147 451
23 111
128 282
55 408
80 383
4 324
216 279
16 287
374 448
304 316
198 389
99 229
71 464
220 378
314 374
299 373
394 483
178 265
27 347
173 198
353 364
163 225
221 238
44 288
433 466
134 476
196 388
100 276
297 317
84 361
95 227
332 358
72 230
222 312
81 474
189 470
174 444
152 440
68 347
140 321
229 469
334 344
178 376
94 275
420 471
16 425
3 289
271 430
306 367
40 335
55 302
241 293
176 426
309 373
41 363
255 262
235 269
212 416
57 249
192 381
389 448
85 114
150 449
123 214
18 413
241 323
321 387
162 235
61 404
386 456
359 434
215 471
142 412
108 422
487 497
233 460
138 268
42 499
166 443
99 175
97 138
151 207
243 339
299 465
4 193
371 460
12 355
48 499
130 285
232 250
19 311
231 362
298 466
2 132
17 130
74 152
80 480
205 363
40 312
108 113
224 395
333 425
155 270
13 400
42 110
46 344
157 369
401 433
26 310
228 276
322 466
118 160
21 242
83 341
131 245
76 492
449 458
359 433
163 430
254 366
218 252
49 458
132 341
158 442
249 443
220 493
62 354
80 240
406 469
93 398
121 147
365 480
471 481
132 357
141 320
397 476
102 214
79 107
315 402
329 380
137 394
162 477
49 290
22 410
286 372
56 429
68 257
372 386
159 373
340 471
391 474
258 295
305 376
44 385
283 379
255 434
350 375
193 391
17 240
203 252
330 413
101 332
151 384
55 496
343 398
429 431
343 463
129 210
125 204
92 204
44 333
45 246
19 304
200 311
81 198
42 482
114 124
91 406
73 147
107 443
44 305
387 416
367 435
84 232
18 446
17 118
74 261
99 278
199 397
246 433
173 327
194 427
137 207
58 244
110 372
152 316
194 387
194 222
71 117
142 351
107 277
48 220
303 427
393 454
83 169
188 364
384 443
40 442
248 350
258 423
292 395
170 351
341 381
88 429
127 145
13 395
86 115
55 363
140 387
19 422
189 498
47 489
280 437
54 437
228 369
311 337
37 353
59 306
101 153
379 472
187 498
249 473
25 451
322 476
186 345
139 254
303 472
71 135
27 35
102 417
13 136
82 218
319 332
14 270
92 418
307 442
51 155
224 414
163 219
380 468
285 342
125 415
391 475
14 215
241 350
89 94
191 351
95 437
156 278
67 309
100 492
112 240
139 150
134 481
164 320
139 190
163 338
48 415
79 106
31 109
229 385
182 240
141 213
114 371
106 196
157 226
116 291
242 321
143 245
17 485
112 225
39 286
5 203
147 154
183 236
147 442
59 485
201 464
291 349
317 399
86 312
395 421
73 108
205 210
217 313
300 323
212 355
146 412
335 346
150 397
192 227
160 446
197 499
211 445
307 389
275 373
225 404
266 403
125 136
15 163
170 348
315 376
105 399
306 479
111 493
8 182
144 362
79 139
260 266
49 410
72 191
137 348
103 221
77 397
4 351
363 367
218 340
19 289
79 317
34 152
228 358
239 251
93 123
169 438
213 482
278 395
115 272
26 477
270 490
158 341
162 388
90 139
225 423
193 212
26 246
126 246
51 247
115 145
71 145
187 411
415 498
10 288
20 305
26 376
65 294
229 465
64 226
33 395
323 425
179 393
382 406
334 361
3 424
91 340
146 442
219 244
240 406
80 220
212 475
337 350
334 337
120 149
253 391
22 76
54 192
32 181
204 257
108 272
175 272
129 153
122 469
122 497
211 496
18 344
126 127
251 464
294 338
144 297
116 340
263 460
382 470
2 181
339 395
391 426
267 300
28 445
268 295
203 296
24 409
370 409
434 471
101 314
16 423
50 250
178 273
107 238
271 360
81 170
352 474
45 306
88 462
83 263
415 421
247 489
123 250
60 422
16 405
108 455
370 500
61 131
436 467
270 406
103 148
154 424
59 327
39 251
119 253
33 468
64 118
266 352
167 424
34 221
91 289
287 371
112 382
251 486
240 367
69 487
255 327
100 450
31 212
158 461
182 435
131 330
11 146
377 442
266 353
4 476
135 471
172 487
11 217
164 497
74 473
240 447
28 31
163 260
218 350
34 204
143 315
22 267
34 497
214 445
38 341
95 166
206 233
41 323
321 371
304 402
158 252
417 423
212 342
96 495
281 490
210 481
130 477
159 359
108 227
217 374
192 305
52 245
164 301
276 410
171 241
17 495
18 385
213 269
112 348
140 399
35 249
201 448
107 273
209 492
99 262
281 336
208 229
284 348
11 223
24 136
372 462
215 255
143 314
114 240
312 393
118 244
132 152
246 440
32 279
11 281
182 458
141 157
22 317
145 297
66 167
113 320
14 29
207 322
139 444
13 237
220 383
24 226
51 347
101 313
301 353
107 199
183 418
174 382
374 444
374 394
221 444
104 348
308 323
169 303
3 407
64 105
293 302
161 361
38 80
11 31
83 448
174 257
114 357
144 374
55 224
25 220
55 359
444 459
187 290
145 347
468 493
20 154
194 347
91 196
42 258
267 402
141 361
19 321
164 365
42 182
336 425
40 60
255 261
63 105
220 396
4 459
304 311
183 485
47 64
127 161
338 474
243 387
9 18
331 472
179 246
110 149
129 244
235 310
365 400
222 371
103 192
266 448
43 403
140 229
245 361
55 139
184 311
93 492
217 400
316 405
375 382
390 444
216 492
79 250
357 420
209 236
4 442
17 372
129 470
254 304
122 500
325 382
30 482
201 206
54 166
234 251
56 78
188 260
23 204
208 219
24 55
89 105
24 394
12 146
154 250
135 320
426 479
97 380
262 274
90 368
23 37
251 275
399 478
249 445
63 314
132 146
7 112
127 485
71 276
153 401
41 168
51 335
185 291
108 458
4 241
133 433
154 204
391 422
363 374
63 175
231 249
291 297
226 233
79 190
157 166
381 431
112 318
296 418
150 269
280 381
91 443
392 495
125 414
196 283
408 458
133 149
64 89
254 411
158 263
88 289
324 383
72 467
425 445
292 420
276 453
67 73
208 283
109 182
295 460
470 498
130 370
283 284
168 258
214 447
106 284
15 169
65 95
82 215
41 265
105 139
257 430
198 372
249 415
229 345
115 287
7 26
342 367
83 452
34 365
116 306
48 359
100 243
34 476
203 245
135 266
105 226
213 426
381 388
92 232
163 224
219 280
239 248
186 391
28 135
334 353
148 287
324 366
121 370
33 382
294 396
144 458
63 194
47 285
45 128
160 483
16 424
148 476
51 406
188 420
319 441
171 428
111 246
113 233
35 108
222 498
135 247
140 310
278 326
212 283
321 377
20 265
149 315
142 203
25 50
186 433
101 227
52 230
156 481
11 406
41 206
59 303
167 394
29 148
349 446
346 482
305 316
288 417
38 119
69 179
189 222
367 492
85 277
51 383
92 468
358 470
79 429
2 55
86 422
409 431
26 295
184 248
261 440
92 406
304 410
315 388
29 345
348 472
161 396
268 340
378 493
279 323
229 475
60 68
102 204
152 356
46 192
153 357
214 402
109 369
221 338
76 451
81 370
115 217
276 349
199 280
85 199
12 302
63 140
42 224
136 456
82 227
130 371
251 417
144 214
365 379
239 261
313 450
179 451
386 429
203 221
351 489
298 369
276 404
307 422
133 264
260 427
84 305
257 459
351 414
163 362
148 436
213 334
229 434
9 186
289 300
69 280
341 415
77 112
42 127
203 320
63 157
131 192
254 357
99 285
351 367
293 460
276 320
78 187
325 429
253 284
347 456
119 416
351 387
229 315
63 102
316 431
173 188
278 289
159 397
344 359
95 102
368 427
40 475
87 365
192 379
26 223
353 355
253 448
1 261
10 194
245 488
138 149
9 257
19 198
42 434
16 285
396 483
33 142
348 364
108 324
187 315
92 498
172 450
60 427
3 152
75 265
445 474
268 478
62 180
331 376
168 434
72 325
142 251
30 485
326 339
129 166
68 89
185 381
81 166
55 343
28 204
136 411
176 215
20 481
319 431
115 434
81 469
105 142
73 272
14 72
52 264
75 386
174 214
461 483
154 321
61 110
295 489
234 456
36 151
145 478
280 373
109 433
15 309
206 331
213 224
283 356
72 181
132 473
151 323
113 415
50 500
40 169
190 365
235 440
16 56
143 189
183 463
290 498
100 385
7 449
392 430
17 116
154 318
7 231
252 369
47 442
48 57
104 402
196 421
109 441
373 452
320 326
275 434
199 319
220 348
40 84
191 226
27 453
24 45
467 493
292 412
175 203
133 221
156 382
19 370
176 351
27 147
49 296
96 311
10 15
43 301
139 401
397 428
139 282
212 302
229 333
176 300
89 289
222 307
355 430
39 256
243 382
135 297
70 89
110 442
3 107
167 198
166 322
2 440
318 379
116 344
424 456
71 252
180 371
413 481
116 442
24 134
168 189
73 493
289 294
93 420
45 377
346 359
108 316
39 249
31 159
73 230
110 435
65 153
175 473
162 445
40 393
179 195
326 361
255 499
47 407
177 430
167 217
322 392
21 133
137 183
26 105
67 204
362 363
30 432
146 182
136 461
51 105
6 71
294 302
47 151
217 354
75 311
286 328
94 137
110 311
129 267
20 378
89 236
182 351
328 492
83 304
443 450
42 196
65 476
168 385
74 242
20 211
226 461
120 316
358 471
215 396
208 422
279 286
236 404
190 198
6 182
429 442
192 402
184 300
131 232
411 457
69 364
186 500
456 464
57 435
53 266
137 350
88 437
35 59
41 240
409 499
174 299
256 496
234 244
171 313
210 473
77 427
137 269
365 429
338 410
196 209
146 237
108 134
178 291
246 407
29 170
371 399
230 493
125 295
71 258
245 458
25 438
74 468
23 364
183 267
56 212
60 442
170 303
134 333
50 104
186 399
134 159
76 196
214 310
313 386
77 494
90 467
94 423
114 479
73 452
254 392
6 107
190 252
20 470
141 189
319 486
107 169
71 178
137 232
229 421
73 183
230 398
130 345
329 373
251 334
184 444
277 453
229 395
105 257
405 496
270 294
254 481
151 282
6 173
461 496
22 449
169 332
414 490
96 262
168 435
231 433
68 376
229 474
346 478
369 409
306 396
361 408
342 436
115 300
229 497
177 269
224 293
88 136
246 273
179 222
412 474
248 377
69 437
359 384
448 463
218 289
231 442
237 405
208 246
155 459
225 266
243 425
44 150
354 416
93 104
31 261
223 267
104 207
98 470
399 462
310 499
101 485
92 380
244 443
60 223
125 303
375 418
6 296
186 398
90 478
169 366
106 255
117 315
94 260
353 361
213 368
178 192
125 402
255 278
302 442
394 407
2 351
104 267
26 194
326 401
26 446
22 90
34 410
242 498
150 311
203 366
243 498
415 465
151 338
249 271
305 321
16 43
25 149
126 315
115 126
38 206
319 457
263 470
333 364
48 495
297 356
382 483
29 92
79 363
7 256
288 310
101 214
267 336
36 164
149 466
126 245
153 421
109 417
110 391
200 358
306 478
29 218
60 358
158 280
141 240
292 479
203 341
81 93
280 365
292 418
110 160
1 85
134 425
95 440
93 136
358 398
22 228
171 234
137 470
53 498
53 81
104 445
95 188
262 486
384 461
378 461
19 120
81 216
206 236
109 238
392 483
159 234
20 134
133 403
403 414
85 155
171 458
212 386
218 490
255 452
22 365
390 436
168 259
273 287
185 260
109 214
397 426
294 296
75 213
18 162
92 341
127 255
170 383
29 272
34 170
28 449
98 441
128 179
423 425
35 287
346 365
161 353
294 366
140 269
229 430
171 477
318 372
56 62
22 44
28 235
49 301
67 352
217 244
188 372
75 324
208 444
162 391
66 380
76 179
101 104
53 237
223 406
65 189
219 407
159 346
73 467
167 356
381 492
55 340
82 207
129 193
344 386
221 245
112 332
222 428
52 90
107 292
383 477
170 241
50 119
40 187
197 461
10 417
329 345
22 370
37 447
195 227
217 233
63 65
125 344
103 150
51 226
109 344
251 315
15 300
3 156
144 350
66 336
119 439
5 195
147 176
3 310
233 382
13 24
125 337
216 363
405 459
67 210
303 351
320 348
118 269
367 413
78 247
7 219
129 432
160 444
165 260
18 379
133 430
97 110
285 291
411 443
307 467
384 442
229 425
400 487
39 68
301 377
37 46
45 365
142 199
273 379
69 164
93 433
122 379
65 314
123 129
179 238
69 450
277 338
183 382
5 131
285 438
29 384
221 318
226 264
82 203
132 189
190 356
246 395
225 286
182 470
243 352
265 390
145 428
138 306
58 441
234 296
133 213
337 341
340 393
397 429
284 411
363 453
254 430
290 351
14 291
164 184
338 455
161 443
88 392
355 387
45 92
246 432
414 454
292 323
65 162
148 266
374 445
134 299
44 401
329 362
216 258
100 144
74 280
423 452
330 379
1 303
61 84
107 151
166 381
281 425
186 287
115 337
366 431
219 247
238 391
169 296
144 346
399 417
63 373
405 453
16 499
344 414
156 235
211 346
218 489
433 470
103 379
113 197
211 454
14 418
36 136
190 470
443 444
184 320
87 405
235 344
228 392
320 391
306 383
74 166
95 211
131 168
385 406
87 495
348 402
58 187
144 373
68 366
328 380
437 470
251 466
24 209
90 148
91 284
262 451
154 303
90 238
1 271
259 274
45 353
198 374
31 233
80 477
37 183
334 371
199 347
229 407
80 194
31 228
193 289
341 374
20 54
55 455
39 304
119 469
145 276
223 373
414 489
176 341
217 446
15 425
226 465
60 404
390 438
303 334
181 206
344 474
218 483
245 323
80 425
27 197
203 290
236 451
413 491
99 403
158 360
31 354
55 308
320 338
47 200
63 307
2 80
222 376
135 273
175 222
192 261
142 382
296 355
243 314
246 463
266 366
185 446
166 449
14 329
101 279
276 392
302 356
280 440
38 343
127 212
183 281
44 359
106 202
337 485
121 462
16 449
211 312
304 405
35 153
356 369
22 53
167 425
139 200
50 171
29 35
356 469
33 492
161 176
422 465
167 400
63 439
357 440
317 351
102 300
12 346
138 476
36 247
154 495
256 411
25 376
71 232
92 428
214 233
419 424
102 160
150 384
150 277
29 298
230 414
374 428
59 426
439 492
129 230
207 396
373 392
26 186
380 498
11 354
172 372
173 205
84 211
48 389
469 487
178 349
199 356
53 207
68 474
259 369
377 395
330 356
254 479
93 293
346 441
256 395
23 377
479 490
71 195
138 308
262 481
152 349
194 478
96 500
63 139
29 325
202 386
251 364
281 451
262 326
212 401
104 321
190 215
101 216
110 237
61 74
193 461
113 341
204 331
226 472
133 152
347 353
383 486
338 340
37 177
210 264
138 402
296 449
331 450
26 491
111 186
203 346
378 480
304 326
214 258
53 489
13 248
111 328
390 463
407 413
435 485
68 78
308 491
42 355
136 305
3 334
168 290
95 369
167 259
203 265
22 351
125 383
350 477
228 346
20 71
45 77
401 415
393 481
24 247
253 292
40 487
262 397
64 419
86 240
34 257
37 297
21 344
332 474
145 190
48 106
47 94
161 303
54 141
83 265
14 300
11 179
101 292
342 352
7 490
388 421
149 236
259 301
24 295
474 491
100 352
119 273
28 439
201 257
251 365
59 432
123 350
140 413
126 168
124 173
3 108
336 462
10 106
26 111
243 253
271 315
119 441
223 474
370 376
239 340
39 326
275 477
367 440
67 155
184 461
10 212
166 318
45 177
353 461
355 497
153 491
312 334
243 312
310 465
126 255
56 283
132 215
233 347
125 213
264 266
24 413
151 401
80 454
108 270
455 487
132 246
164 166
138 191
244 274
301 347
342 387
104 268
252 348
67 216
21 155
151 372
269 474
353 425
35 200
318 447
391 467
335 369
121 223
54 497
48 188
301 360
21 303
339 456
123 446
104 309
247 402
322 343
72 472
76 309
200 285
15 26
147 167
50 377
110 358
347 449
144 447
199 425
304 462
305 363
74 155
175 254
99 417
53 230
57 178
316 404
6 11
98 371
44 378
90 374
91 367
19 300
47 368
67 251
232 456
344 347
236 452
98 480
183 381
41 172
405 479
114 383
220 454
70 155
439 497
82 497
117 180
400 456
92 443
147 259
74 288
299 394
72 389
148 315
362 395
207 342
358 433
197 433
182 197
92 190
42 234
122 402
56 64
75 157
200 390
83 437
129 196
111 360
45 127
177 253
190 322
147 375
100 166
29 203
71 122
240 266
57 438
201 463
9 279
41 334
107 323
102 397
98 432
151 447
269 388
184 391
11 382
15 447
175 448
171 269
251 286
362 446
117 493
234 442
178 197
35 213
100 453
245 267
23 276
45 204
7 234
405 458
191 467
22 69
185 271
105 300
105 215
312 409
174 439
135 428
222 242
286 373
351 373
70 422
101 265
88 479
107 254
47 196
194 456
176 237
240 452
52 58
397 499
372 460
196 233
228 385
379 456
182 461
218 347
302 328
221 457
251 403
113 381
213 463
72 348
100 414
63 69
105 190
325 478
140 495
229 259
186 281
241 273
127 314
125 194
386 465
253 419
97 307
41 239
297 409
110 445
165 267
98 382
171 480
104 428
207 315
150 194
145 196
340 427
58 174
103 339
104 375
131 423
15 65
85 463
152 211
241 495
64 171
162 439
15 235
339 498
47 76
277 349
261 457
32 500
101 187
104 500
153 441
211 461
445 449
387 437
238 495
300 421
119 435
97 327
175 447
93 164
150 349
9 208
137 375
22 296
120 269
47 433
79 155
466 467
73 365
214 292
55 476
322 325
3 141
209 265
200 488
269 485
318 473
174 495
328 395
266 492
7 452
38 128
425 439
139 391
386 425
47 274
308 395
359 436
457 487
1 71
181 189
400 408
160 429
108 257
385 470
39 161
337 470
365 477
155 325
3 231
77 327
263 413
113 181
115 261
56 362
150 155
55 309
121 285
34 300
36 80
13 458
174 315
169 197
42 131
76 103
2 353
187 440
67 232
236 471
251 492
62 289
280 316
128 450
274 326
70 300
89 324
423 485
299 497
91 281
127 467
231 313
339 419
64 75
157 302
56 68
196 333
297 302
40 50
420 435
305 478
8 352
274 361
194 497
63 256
183 327
298 491
138 477
33 177
182 387
121 270
8 204
79 287
72 303
29 281
93 108
243 461
255 338
201 263
94 370
94 202
66 145
380 459
35 391
47 344
46 456
217 348
12 275
348 386
68 383
76 412
408 479
240 477
126 232
458 496
6 31
294 324
340 345
148 429
244 495
378 466
181 499
49 470
344 496
104 449
225 232
444 486
98 192
108 178
19 442
21 201
166 454
73 199
2 380
177 317
60 67
142 398
176 394
17 261
101 263
213 317
318 410
145 323
115 488
114 431
330 482
21 113
69 107
53 415
323 453
176 427
72 392
35 352
5 473
73 87
141 456
28 433
46 236
298 437
4 129
54 336
96 445
146 301
125 193
122 252
452 466
19 42
105 394
268 356
184 303
94 472
134 221
290 339
42 319
135 494
296 472
416 495
412 430
211 330
231 321
53 458
317 348
119 136
272 441
43 376
72 130
4 20
54 327
19 471
284 340
247 397
115 433
152 334
78 402
77 317
189 469
113 272
119 122
101 301
9 135
163 487
331 374
42 248
429 432
54 223
136 143
470 496
258 497
61 142
82 165
103 365
39 464
419 466
5 162
189 223
151 223
3 317
140 161
168 251
136 264
173 339
51 118
7 218
50 315
17 367
460 491
337 358
216 386
51 82
255 309
193 397
38 115
237 318
89 189
137 426
95 270
193 419
116 446
180 181
212 351
372 374
100 346
121 439
43 310
349 481
252 274
137 438
124 416
163 273
238 387
194 314
148 331
115 319
130 316
204 223
31 446
265 361
402 474
155 484
184 271
157 441
185 330
150 462
7 54
462 470
20 145
105 458
32 426
125 367
37 471
3 207
37 66
25 327
204 290
115 472
393 498
168 477
29 105
111 420
144 372
66 78
122 498
49 420
172 415
66 231
76 165
211 268
101 121
6 42
93 195
33 193
424 443
304 472
141 452
47 420
202 490
140 159
356 471
83 218
126 317
36 371
32 175
412 416
246 252
66 332
313 463
182 204
325 483
270 421
60 336
191 348
12 106
91 333
440 465
52 260
252 370
49 454
47 204
182 456
29 480
10 43
161 417
34 138
400 451
44 168
72 102
34 224
178 488
39 45
120 339
87 154
40 324
152 309
88 236
348 362
293 456
347 412
139 396
100 435
281 417
160 234
264 366
345 422
397 458
231 234
330 478
94 178
194 482
107 133
153 166
319 341
227 357
219 438
118 253
286 396
135 201
100 196
302 428
243 246
181 425
95 412
311 440
22 443
102 314
188 231
302 438
131 359
28 260
230 376
362 402
265 302
154 452
39 381
56 236
246 391
210 402
76 357
250 427
51 303
135 363
58 466
85 488
157 257
178 296
168 485
120 458
311 389
76 450
86 375
107 412
236 261
17 289
304 491
107 291
14 146
4 109
374 469
262 403
330 417
90 109
235 410
270 300
327 358
98 438
303 340
87 440
115 179
176 391
2 87
17 377
262 478
145 471
362 405
219 228
20 441
18 201
338 368
80 95
46 264
89 128
205 245
160 438
234 324
14 254
100 470
132 256
24 223
65 279
95 478
235 323
187 276
324 344
4 142
77 263
113 247
65 102
77 361
8 149
106 161
453 484
23 219
63 236
10 62
57 119
19 54
34 60
99 148
79 495
60 436
24 160
190 357
59 86
236 370
47 61
100 367
196 296
32 285
328 482
151 312
146 408
39 137
86 280
23 55
207 238
70 449
317 486
38 469
266 434
218 417
364 425
58 242
151 351
102 207
87 439
136 436
142 314
452 496
136 466
342 451
436 469
27 443
52 308
119 336
143 183
319 350
393 433
186 202
419 456
423 448
155 212
192 500
337 372
211 356
126 257
94 255
205 290
200 315
38 167
203 362
38 260
25 495
134 223
18 24
134 344
258 266
54 259
45 199
120 219
111 218
54 90
206 438
109 385
147 257
115 165
161 248
236 240
98 331
52 300
129 277
206 488
98 486
123 263
365 476
12 466
80 244
286 487
27 373
117 489
74 215
139 196
268 456
136 312
159 491
19 420
75 392
210 266
83 217
46 173
55 383
276 469
423 481
70 355
290 293
366 403
133 178
294 295
40 139
421 459
222 344
50 407
43 493
8 134
49 236
198 494
21 119
171 403
56 316
300 373
192 488
145 291
393 461
126 368
60 191
44 45
382 464
151 493
175 356
218 249
71 424
112 397
105 214
249 289
99 140
32 432
80 136
68 310
120 427
445 487
96 280
77 447
115 146
265 422
244 444
43 157
15 361
120 146
411 481
250 355
44 370
29 481
59 481
291 463
97 291
63 103
57 201
3 431
253 440
147 270
136 177
48 97
215 338
246 500
52 96
85 329
91 130
399 403
374 399
46 310
147 449
89 179
151 215
25 453
251 259
2 253
99 421
29 118
34 426
62 185
141 243
229 371
244 324
132 142
88 184
268 473
209 420
468 484
133 415
11 496
429 449
393 488
44 78
360 367
233 445
215 219
343 367
168 482
206 226
420 500
131 378
214 491
209 320
156 275
176 372
13 472
156 439
112 330
375 464
91 219
51 385
16 194
31 441
109 442
248 277
140 281
4 407
199 384
235 322
6 194
140 378
218 300
487 499
184 474
367 469
280 286
331 393
126 444
257 329
326 453
42 241
458 487
309 374
205 224
105 428
408 493
302 329
346 411
75 351
29 255
65 113
133 297
75 362
101 389
89 191
174 402
24 343
149 260
188 201
91 482
13 129
47 414
74 393
118 404
463 498
271 464
349 457
109 261
64 277
78 481
124 440
58 298
167 175
337 380
22 441
214 500
49 264
237 272
50 459
45 498
137 292
344 443
85 158
293 309
268 412
216 242
26 239
236 440
109 211
168 209
78 148
200 329
84 443
394 492
118 291
106 441
131 431
25 54
46 205
246 296
34 154
41 175
22 412
332 493
29 348
209 465
129 212
230 264
379 407
114 474
107 258
2 404
40 467
196 433
178 187
41 227
267 486
161 473
143 453
345 385
238 367
169 374
207 388
211 349
52 175
86 165
388 410
209 379
312 372
177 349
203 365
150 404
438 478
182 365
243 407
64 390
73 454
383 453
194 245
39 500
198 311
351 468
398 399
46 443
46 95
200 206
163 354
325 466
120 469
111 152
406 433
355 445
38 220
386 457
194 273
301 304
167 388
424 460
275 321
175 256
238 375
196 451
117 357
176 323
158 455
87 255
33 304
342 459
68 392
308 320
29 182
232 285
70 145
145 293
41 419
71 391
136 303
314 327
263 405
156 285
436 481
65 289
176 416
452 482
404 408
314 335
79 465
181 310
274 285
27 344
102 487
297 300
294 376
119 394
80 278
369 468
288 298
18 140
303 471
31 72
170 460
483 493
157 422
139 388
94 161
409 420
17 499
23 451
31 477
111 251
23 59
58 270
21 72
123 216
52 478
22 42
253 335
3 95
167 219
84 430
40 119
186 376
62 224
360 472
109 474
287 442
155 312
305 344
38 245
244 436
237 343
311 444
131 229
289 347
162 358
205 372
145 415
96 153
246 442
69 292
133 344
373 421
13 101
65 117
285 455
196 403
442 449
312 486
232 413
166 346
97 251
92 123
144 200
255 258
85 435
310 359
159 389
202 229
33 298
248 432
143 428
17 494
266 446
197 481
108 453
175 467
290 389
106 162
45 97
72 206
5 253
131 135
200 333
352 377
368 398
389 450
238 368
160 282
11 490
85 273
100 387
89 428
364 476
124 488
128 347
209 227
81 244
45 252
110 208
89 219
299 458
47 386
170 207
71 217
40 310
267 478
102 268
343 350
285 436
12 72
67 283
12 239
443 486
288 460
197 326
260 360
26 34
43 375
49 58
295 377
370 484
237 418
350 454
119 323
189 333
231 255
471 498
125 397
186 237
130 287
173 461
26 38
130 179
364 403
350 396
211 459
160 405
150 214
110 178
289 393
200 283
113 384
141 492
51 326
32 306
90 303
166 225
5 395
104 119
205 251
5 153
76 209
223 294
133 366
164 348
207 255
55 189
28 442
172 312
54 433
8 443
286 463
28 202
33 165
355 498
5 160
156 188
208 409
164 287
10 445
96 458
202 388
73 259
326 406
352 372
80 214
195 288
174 176
232 342
315 433
138 469
14 66
322 402
49 447
24 376
368 420
16 245
147 333
233 402
126 331
28 109
49 427
185 212
398 490
209 321
183 500
211 305
116 475
375 396
95 186
253 359
458 459
162 416
382 420
124 262
36 494
92 228
264 397
15 244
56 475
88 300
190 426
18 331
116 121
115 235
93 477
84 452
141 420
145 329
115 209
96 482
182 255
163 351
108 274
16 363
45 130
135 377
112 243
68 407
6 70
30 468
106 294
16 403
106 439
246 355
32 228
119 295
42 138
63 210
148 271
10 285
476 485
71 312
248 491
273 336
11 170
66 261
98 230
116 479
51 340
119 147
5 384
396 471
106 376
130 272
36 243
75 199
209 348
81 97
151 392
164 442
377 462
376 491
48 168
39 201
66 388
159 388
122 427
5 233
64 386
270 372
262 473
10 192
44 478
217 330
233 452
10 324
288 348
125 334
122 443
30 137
118 321
250 481
295 304
211 246
53 387
112 148
132 135
143 425
166 358
8 67
158 423
46 91
307 376
365 426
205 278
161 367
94 174
27 465
211 276
70 498
86 436
340 479
170 391
245 307
108 350
14 176
115 225
109 264
278 340
41 58
333 452
149 431
172 320
24 355
155 217
72 96
21 38
14 108
35 132
254 364
48 100
245 420
70 165
296 442
1 368
15 453
161 457
32 53
285 466
339 487
6 121
61 200
26 312
337 368
97 153
95 196
275 338
228 391
364 488
123 377
347 409
31 282
108 210
23 110
301 444
162 487
106 326
69 139
78 429
211 220
173 329
286 370
172 390
209 416
98 161
371 463
81 340
178 462
344 378
338 431
36 491
308 446
3 462
6 226
77 443
381 451
94 353
324 499
249 471
267 436
217 331
78 436
174 470
171 461
135 290
182 184
309 409
209 395
233 245
85 239
114 290
97 185
181 481
70 500
279 394
279 415
101 377
209 317
42 376
71 194
252 431
206 240
83 436
145 417
219 451
10 76
42 267
180 326
128 135
133 412
112 259
8 337
56 199
69 327
181 219
26 382
147 198
299 480
263 269
40 93
180 187
436 457
39 406
165 280
129 449
248 312
81 358
81 292
308 354
198 401
79 256
167 455
349 451
201 373
235 486
203 215
48 266
291 328
135 404
233 417
140 298
416 492
25 268
410 428
19 246
418 436
105 393
274 450
2 366
35 270
328 454
38 81
128 494
112 200
40 390
24 107
29 459
152 162
328 381
73 76
292 326
24 213
36 73
146 252
166 496
196 304
68 88
302 309
93 271
72 262
87 341
121 471
86 471
105 110
166 428
87 287
393 415
276 350
124 395
277 348
209 350
224 249
136 186
56 207
252 359
108 447
337 434
5 392
132 404
155 404
420 469
14 322
262 475
132 244
3 166
217 267
368 474
91 128
3 433
164 394
63 383
45 428
6 259
116 292
332 456
277 484
194 369
46 455
193 255
37 120
10 423
175 190
309 387
348 490
29 403
158 197
329 478
56 91
268 471
55 377
79 216
269 289
210 277
241 292
62 440
129 420
101 426
257 490
76 189
14 331
254 289
81 368
138 179
286 313
197 413
128 307
79 271
134 362
307 358
210 433
42 478
283 363
282 397
58 477
5 136
112 478
174 421
99 238
173 453
31 179
245 447
305 460
297 452
2 82
265 384
207 369
10 282
151 371
83 447
197 443
179 485
107 225
454 464
371 428
213 310
78 248
216 333
212 433
66 375
27 384
409 435
291 450
198 213
87 267
228 352
342 375
85 197
269 369
57 350
90 288
246 420
142 263
116 370
386 466
75 195
19 76
125 262
69 372
351 376
150 307
169 297
24 74
43 141
29 50
67 203
273 478
52 140
248 354
92 120
17 425
136 349
485 498
389 499
366 486
31 421
61 338
106 310
267 319
112 198
372 387
175 428
101 452
341 461
78 152
82 469
197 247
24 327
281 389
44 379
299 323
60 386
234 472
82 493
135 417
182 221
151 176
2 475
122 164
312 441
69 212
424 500
42 153
311 355
42 146
174 425
415 432
69 206
18 264
243 311
229 464
214 448
352 466
186 204
64 478
78 191
226 318
4 152
156 280
229 369
97 362
251 320
61 465
265 420
203 401
34 499
57 94
19 127
119 203
58 422
95 213
242 488
418 499
303 403
240 450
22 287
400 460
264 321
54 340
111 230
171 331
261 431
56 143
164 463
29 143
302 315
235 243
391 469
5 150
283 350
254 301
222 228
61 395
85 477
155 199
11 419
51 401
111 485
82 428
220 330
184 259
36 332
147 481
161 296
106 308
159 332
41 454
42 103
310 321
255 414
357 482
227 241
194 399
46 330
86 346
288 425
132 339
64 97
137 435
123 405
411 427
65 412
37 433
442 494
69 163
114 166
5 298
193 293
424 453
85 399
291 448
181 384
255 314
333 377
91 413
272 355
428 477
311 321
207 390
428 483
108 472
135 460
24 487
89 350
214 259
61 325
358 363
120 285
100 405
3 117
56 372
182 233
105 447
58 258
355 483
352 434
36 179
17 304
67 186
2 244
120 159
72 294
335 486
473 478
27 306
20 232
43 317
286 386
152 198
167 342
109 243
70 132
84 167
59 162
91 408
63 112
95 365
96 125
178 374
167 199
68 255
48 414
56 280
350 367
354 426
136 475
286 377
156 336
137 498
230 495
182 452
251 483
283 461
122 235
96 161
143 203
100 174
378 398
53 171
109 212
119 226
372 449
172 408
356 412
216 315
30 303
298 360
17 57
148 424
268 357
380 422
234 253
108 426
177 487
218 235
379 434
18 486
201 406
73 395
26 345
272 335
262 291
309 415
32 149
282 347
43 233
4 388
102 326
143 243
184 238
352 498
310 382
362 490
93 267
278 413
428 429
183 344
295 467
53 282
276 466
279 493
201 457
51 110
72 195
17 457
31 356
372 481
61 400
151 249
272 478
4 286
277 368
83 179
101 155
104 298
216 310
126 365
335 405
300 419
178 492
209 289
179 427
88 219
234 378
238 395
43 397
39 97
262 345
124 226
1 495
85 392
257 479
37 379
191 240
124 220
17 108
79 212
25 394
50 338
9 144
17 255
40 422
433 499
7 202
6 292
12 320
23 135
162 346
99 434
145 193
165 222
477 498
188 266
40 229
80 393
53 331
59 138
124 258
149 398
12 350
66 268
229 424
217 363
28 282
360 451
215 379
25 493
36 226
289 463
333 459
268 285
118 312
12 312
78 217
128 442
284 333
242 379
65 418
115 288
150 279
170 195
85 386
222 472
125 497
51 274
135 324
46 68
49 377
250 412
109 221
256 439
74 477
253 498
464 468
175 346
163 301
150 477
9 211
201 395
279 423
82 449
331 434
128 225
187 255
213 315
135 344
338 433
230 474
288 358
122 406
225 441
22 63
279 327
54 99
199 367
402 483
212 306
78 438
344 412
10 132
257 468
152 375
94 380
227 296
402 465
42 440
458 479
300 444
391 418
225 375
141 291
308 330
36 120
75 490
181 337
203 247
61 476
268 445
81 165
73 440
54 362
17 270
70 94
87 180
156 261
286 379
15 152
74 192
202 286
164 271
83 292
26 404
130 175
365 449
223 271
32 299
265 339
4 182
148 286
29 89
216 497
40 238
296 377
36 150
1 463
236 450
187 202
354 373
258 378
490 496
264 484
210 432
355 408
303 330
12 410
383 446
409 456
63 100
363 422
223 300
123 411
9 152
95 418
275 421
34 240
63 318
29 234
302 353
215 343
179 374
449 455
143 190
97 170
133 460
13 330
173 182
140 418
289 429
8 144
245 464
327 467
144 356
36 380
12 450
88 384
151 269
171 327
23 396
341 393
91 177
119 211
66 478
202 376
117 174
301 475
339 439
225 322
254 297
24 112
30 66
113 134
205 416
46 339
172 300
355 493
80 492
121 491
364 440
69 439
215 492
367 406
8 485
242 458
72 406
120 315
163 235
230 467
80 142
233 270
40 419
308 333
301 406
342 485
302 325
116 338
175 220
122 182
28 332
158 464
62 157
301 428
394 397
170 177
133 337
49 175
225 411
43 243
9 252
52 120
247 454
302 456
134 202
111 447
115 358
56 118
379 440
154 236
238 458
304 306
414 451
41 136
301 429
76 385
387 397
152 161
218 342
322 330
18 498
102 500
232 355
329 385
89 384
188 436
4 89
163 310
243 433
140 268
414 466
238 411
121 283
236 252
62 427
195 218
127 279
47 147
247 466
193 382
249 380
43 258
8 425
104 484
166 447
248 275
230 400
84 132
167 291
229 234
349 485
333 380
434 490
259 319
66 362
52 277
63 442
112 316
39 371
361 461
295 332
139 227
146 409
48 172
73 265
458 493
87 200
396 470
16 472
348 399
297 396
51 438
434 465
45 338
57 185
150 454
356 377
58 485
293 434
112 315
48 152
335 481
312 385
49 118
6 140
42 433
50 197
322 493
19 168
21 97
115 189
171 222
156 456
287 447
127 321
59 407
177 337
17 195
329 375
45 404
146 475
346 418
14 268
63 323
46 93
164 243
60 469
161 400
62 275
367 384
331 395
395 490
65 394
21 383
13 459
90 163
183 284
144 431
108 209
246 295
164 241
255 299
343 496
106 222
455 474
111 242
21 210
30 341
47 289
4 155
177 218
213 280
194 214
109 249
165 393
1 306
271 342
141 403
176 379
399 419
219 300
129 135
198 476
31 409
162 202
36 412
144 336
126 160
66 181
347 407
114 308
369 441
292 480
1 417
21 74
260 349
200 373
159 232
12 114
157 411
346 498
166 291
105 274
54 188
223 435
327 494
2 109
448 452
128 475
347 393
166 388
105 349
403 444
282 395
277 413
323 395
201 246
269 273
25 88
186 319
265 436
257 492
307 381
113 142
397 489
3 266
311 329
123 300
178 496
142 153
54 216
79 343
161 314
18 19
85 322
263 281
189 324
38 340
229 432
23 202
55 72
30 168
201 213
184 223
224 486
68 138
181 185
75 237
27 241
8 393
322 473
11 453
114 426
61 284
15 119
171 180
163 232
26 51
229 242
87 217
113 442
12 116
124 247
63 433
33 49
315 483
157 489
115 292
267 375
205 330
214 229
237 470
135 333
238 438
436 493
167 379
281 303
172 174
381 402
33 272
1 227
17 458
66 158
350 351
184 488
377 422
62 471
88 99
29 320
16 260
244 308
177 328
113 300
161 375
179 418
111 302
145 346
268 360
79 143
63 111
137 327
120 237
107 162
147 458
42 51
191 489
364 499
324 486
46 78
16 434
93 167
54 183
36 470
439 476
427 464
65 201
12 17
287 431
296 309
251 471
199 285
13 202
189 466
24 353
75 395
171 298
220 238
75 111
89 120
169 236
323 464
30 385
179 440
117 241
93 263
137 378
88 127
94 177
162 168
92 353
313 449
47 476
10 67
85 382
75 418
13 103
262 416
329 490
78 268
290 483
254 354
61 378
2 201
179 204
75 452
110 478
13 261
61 115
258 462
59 191
260 406
106 401
67 84
119 144
69 380
26 452
481 484
133 367
50 430
258 411
303 389
16 117
162 254
198 416
110 485
107 417
70 258
217 293
24 368
54 143
5 412
261 419
417 441
149 151
103 480
6 345
230 365
37 495
173 215
228 449
117 447
41 365
187 346
112 350
369 412
183 353
97 464
303 475
62 236
15 99
169 218
124 333
86 108
39 301
228 458
91 166
311 417
69 260
226 279
10 105
232 241
22 242
449 485
347 399
268 448
273 487
263 452
49 280
330 480
22 89
94 443
452 494
34 483
374 464
255 386
424 467
95 467
46 165
95 306
147 413
370 464
206 483
98 242
310 397
8 364
104 438
271 306
16 199
251 435
214 486
40 165
329 379
22 226
214 235
166 488
234 469
336 418
32 314
148 437
236 475
27 343
331 383
167 490
144 312
13 334
243 444
55 307
162 247
93 438
42 169
378 472
55 364
104 413
108 354
77 233
104 450
152 178
305 335
68 143
60 411
83 308
213 354
173 280
62 98
52 302
70 212
16 386
275 278
90 316
57 103
367 421
122 342
18 434
198 403
43 433
245 345
330 347
83 156
39 169
214 265
159 432
126 377
158 231
209 453
113 440
120 465
203 324
82 118
228 248
221 254
57 352
406 411
335 343
148 153
62 495
63 122
72 276
164 245
295 364
85 422
237 373
77 399
317 476
142 358
100 424
303 341
32 291
31 148
69 275
293 376
360 413
170 273
9 407
63 245
344 413
172 406
150 302
275 428
332 377
22 187
185 339
37 121
278 369
323 483
123 304
100 363
105 167
204 250
290 399
263 400
260 443
232 295
251 335
347 421
165 449
10 99
299 340
162 275
205 466
427 453
2 467
171 448
430 498
32 270
60 86
364 457
182 346
242 481
365 465
35 302
113 293
377 403
174 289
165 363
46 461
110 499
243 307
39 369
207 427
19 435
356 388
72 478
472 486
84 455
238 278
86 415
75 337
318 454
99 192
127 309
36 218
409 423
69 362
33 253
98 219
364 397
193 323
297 335
58 351
289 402
29 448
200 218
62 247
3 451
104 225
151 168
189 384
33 377
324 354
167 357
286 359
12 376
218 348
271 422
136 463
295 378
167 411
41 191
67 403
132 221
190 312
453 468
217 274
110 500
138 460
69 155
183 414
412 482
84 384
184 451
56 120
88 396
135 427
1 93
337 393
263 444
3 93
161 402
346 480
34 383
420 428
384 435
263 439
389 410
261 437
102 197
380 423
65 235
392 438
1 12
59 144
52 238
349 353
122 343
88 198
98 267
211 480
120 375
174 278
275 400
388 430
22 170
47 449
126 359
176 344
56 257
109 478
269 418
229 358
64 164
414 475
191 197
145 413
424 448
100 332
241 259
282 318
18 244
304 489
45 443
90 270
139 221
254 463
4 458
113 490
276 494
73 472
25 416
216 272
3 306
237 258
129 500
93 484
263 394
120 126
231 356
115 158
338 361
74 211
39 491
158 249
50 301
286 416
149 396
300 438
49 294
323 337
28 496
66 148
75 417
398 421
96 104
99 230
86 460
254 263
327 406
48 111
82 409
154 219
306 340
117 329
34 352
208 425
236 396
104 302
29 392
42 333
249 264
154 394
161 263
83 427
328 407
16 479
108 172
85 446
2 315
88 439
113 279
113 194
208 326
324 428
129 234
165 261
12 301
272 337
352 416
178 432
415 485
47 306
131 161
265 407
26 297
280 435
189 225
292 327
109 319
59 408
54 415
321 386
337 410
2 313
110 335
33 196
417 426
58 77
119 189
219 461
83 496
290 373
381 442
409 441
13 22
151 369
198 427
269 292
57 454
28 365
24 239
193 284
111 372
475 498
39 284
448 478
96 308
301 401
329 417
147 161
181 204
33 113
63 137
337 392
63 87
280 429
113 186
107 470
110 418
65 160
28 117
203 270
398 478
58 161
107 241
51 288
64 127
196 214
33 480
241 262
79 328
212 474
222 448
171 342
82 104
84 318
84 247
93 180
203 487
54 128
86 323
70 80
291 342
207 344
32 422
263 324
224 384
33 454
176 235
205 270
311 328
96 432
96 388
126 194
56 456
331 413
34 128
94 451
205 259
217 487
214 272
81 256
273 275
202 317
240 308
113 175
237 403
80 309
6 344
72 331
305 403
421 467
211 428
285 374
105 460
28 113
212 298
153 408
70 375
286 478
280 415
268 457
190 389
202 212
250 341
103 372
139 495
134 490
51 224
152 192
47 271
259 389
220 393
81 467
100 130
39 474
47 316
113 122
470 500
127 141
151 153
2 30
140 421
384 411
98 155
134 466
147 476
243 394
36 83
10 280
260 265
358 395
38 493
31 154
3 36
334 379
117 413
211 382
434 457
14 228
75 248
194 384
198 444
216 382
271 381
122 350
59 105
86 269
240 383
268 394
284 388
159 267
367 418
475 476
182 226
290 448
102 497
46 426
260 332
365 432
264 459
60 178
7 140
178 236
382 430
46 459
360 445
156 369
20 395
155 447
70 320
188 449
148 453
139 347
335 358
180 208
26 467
272 389
295 380
257 307
398 477
304 451
94 334
427 487
10 276
16 193
195 350
72 300
386 443
136 149
56 124
56 301
336 380
162 314
9 155
55 200
42 140
29 376
6 388
30 326
119 212
263 437
188 350
69 276
234 474
145 270
40 456
361 450
389 491
71 96
176 196
116 499
257 261
51 497
77 368
448 469
217 218
210 455
3 377
268 377
149 344
203 357
95 484
27 216
62 484
18 185
89 200
12 49
60 439
4 371
378 489
370 390
6 264
7 403
311 333
11 13
332 404
150 471
154 355
86 392
355 378
180 236
77 401
26 458
70 161
93 466
225 289
162 474
267 290
494 499
45 172
271 458
121 386
6 309
203 329
61 269
73 475
116 145
102 363
131 325
94 271
97 181
341 498
267 474
290 407
383 421
65 122
269 434
356 384
117 266
128 330
128 177
252 490
251 358
31 242
193 332
217 292
367 390
194 480
74 100
81 107
215 446
225 392
205 388
393 448
61 65
232 410
226 326
88 473
18 356
410 457
220 430
116 263
284 446
152 470
163 305
200 208
283 374
257 451
169 259
14 23
72 376
177 276
188 375
250 418
429 438
236 358
35 388
243 419
157 251
43 251
156 238
229 422
175 287
233 319
204 318
164 494
181 213
47 251
230 450
15 324
286 308
200 265
6 47
48 138
33 93
102 137
277 483
317 412
224 301
32 452
151 309
132 387
153 315
94 426
72 186
324 342
86 161
106 318
180 232
361 417
412 489
208 475
11 399
136 224
235 240
323 498
320 399
217 404
205 233
330 411
153 160
25 243
204 270
72 109
77 284
51 442
264 376
290 321
18 36
366 416
266 451
371 433
364 405
221 306
8 351
129 297
249 357
318 456
21 412
302 483
21 302
59 122
148 433
326 352
21 190
430 440
59 342
75 268
7 328
258 466
389 462
346 358
63 472
98 137
297 471
61 402
3 453
109 396
189 499
40 59
86 259
178 420
1 91
221 463
104 216
6 215
329 484
317 424
60 293
140 466
186 428
186 325
264 418
75 174
410 411
83 233
201 279
32 389
226 324
52 422
273 300
88 117
49 285
426 455
325 409
161 237
3 211
30 451
47 295
69 217
163 242
17 379
155 211
146 377
374 471
410 487
340 347
186 469
452 484
404 500
88 246
223 273
129 478
152 398
302 387
453 500
62 446
23 297
7 327
343 434
209 222
147 355
25 161
149 430
2 264
297 402
51 235
120 372
167 381
326 457
146 200
90 336
157 185
25 272
216 314
260 346
247 445
340 478
191 225
52 251
11 298
281 349
16 478
40 209
256 409
155 458
224 386
102 433
89 291
82 260
275 430
313 408
74 75
192 393
46 300
172 270
359 369
179 380
48 388
197 354
60 441
17 246
101 339
236 292
56 431
136 297
427 450
18 484
223 460
202 410
55 480
67 147
69 286
135 209
187 206
41 218
105 391
231 331
236 275
207 417
61 443
21 173
112 353
164 354
202 234
166 227
157 199
326 343
52 291
250 411
72 100
90 371
316 380
262 435
297 330
357 404
273 462
452 471
22 313
275 313
92 268
118 364
239 348
217 401
15 229
139 447
195 256
29 416
371 397
71 123
112 189
266 387
9 229
123 260
63 83
196 282
247 382
420 455
163 349
111 183
1 110
48 367
323 487
140 346
22 206
79 339
71 438
21 411
43 304
182 404
61 380
139 314
22 329
85 105
235 268
25 151
364 490
63 219
35 382
172 204
92 323
15 301
29 197
100 311
191 213
94 187
132 183
79 445
26 403
209 381
82 473
76 493
160 347
149 238
227 255
152 350
256 443
218 419
89 224
129 316
398 438
238 306
359 435
81 487
220 343
151 412
104 290
204 322
292 387
10 213
92 157
168 213
148 259
47 393
82 137
43 469
2 459
206 384
267 446
246 360
39 200
151 303
155 267
164 229
101 343
172 404
125 171
265 359
279 407
65 130
236 326
256 326
289 406
156 343
85 321
140 425
288 380
72 464
310 318
212 249
147 196
13 97
238 452
47 254
374 380
63 349
156 496
264 467
48 420
52 357
264 296
104 452
442 457
137 455
112 450
276 464
296 479
238 304
92 441
363 476
194 364
28 302
188 402
209 274
3 352
217 388
118 394
149 438
190 269
95 447
128 480
87 223
6 476
283 383
298 473
132 159
245 344
415 422
30 363
55 147
11 177
186 435
81 111
170 209
211 398
255 339
166 247
405 498
377 405
210 344
372 426
41 410
19 185
95 434
66 87
118 467
135 152
168 257
46 432
110 453
36 132
20 100
78 426
8 143
183 413
41 307
38 92
325 371
174 467
202 480
334 380
407 426
7 42
93 312
357 409
146 338
44 282
258 456
157 280
234 372
167 339
13 233
209 495
335 490
9 206
386 401
34 344
166 175
206 346
241 343
263 322
219 476
132 376
51 97
158 495
407 465
192 232
270 433
103 369
435 456
150 324
169 356
75 493
15 127
182 455
33 95
283 433
60 214
288 497
216 226
293 496
402 495
74 470
169 402
366 470
295 309
78 451
204 349
43 344
185 328
292 463
256 282
88 272
62 197
217 386
5 211
184 415
349 371
34 310
2 42
172 186
150 215
157 330
22 176
141 483
79 110
212 348
91 381
345 373
61 71
29 429
76 425
43 63
250 269
136 341
389 482
108 311
125 189
60 87
1 425
268 424
13 447
64 399
111 351
288 416
291 374
71 425
131 341
383 449
119 276
58 472
150 432
256 267
321 481
264 326
111 271
123 463
273 296
206 453
61 258
86 181
18 368
213 228
121 150
63 280
35 123
304 394
37 284
190 222
79 247
1 213
314 446
252 384
25 58
172 361
394 487
406 470
29 237
10 249
202 471
15 106
87 126
191 279
105 356
37 438
103 185
43 86
31 46
95 297
6 144
177 217
55 83
131 210
284 485
10 289
309 444
283 422
117 290
151 201
304 466
186 295
439 468
173 424
375 401
62 222
106 361
32 160
107 493
164 169
284 296
391 408
26 108
90 280
114 450
368 437
25 183
205 351
73 398
226 354
365 470
22 452
268 492
324 400
308 463
240 496
336 473
194 495
19 398
128 302
33 276
282 320
113 485
337 379
307 461
274 481
36 273
116 127
78 232
204 457
279 408
194 363
232 391
29 427
42 419
23 438
109 428
165 460
235 456
24 322
237 325
90 230
329 344
341 367
1 192
372 499
136 140
38 311
84 428
30 492
244 267
212 245
18 165
211 366
64 348
259 385
234 348
293 373
201 224
166 402
128 208
3 236
69 416
370 426
36 72
448 487
400 421
426 468
98 198
379 438
262 362
114 393
200 437
71 280
85 99
7 206
147 208
114 490
374 459
442 468
26 231
64 76
90 265
138 219
325 462
64 421
34 131
124 269
15 114
15 232
29 342
144 147
348 387
49 387
308 339
370 384
208 439
27 115
175 329
188 299
74 394
375 383
112 271
175 367
9 39
219 445
74 275
39 186
239 292
410 496
32 218
246 473
277 371
21 262
209 302
322 348
222 266
142 316
25 270
45 157
34 45
349 387
372 477
231 273
139 235
175 280
286 466
429 486
153 344
104 222
288 383
194 308
5 407
186 430
15 40
60 396
55 87
60 121
21 491
31 132
342 481
53 399
159 499
145 381
247 412
290 417
308 373
320 342
153 475
144 351
297 480
120 498
272 415
29 64
34 249
134 375
286 356
21 421
328 388
103 187
56 114
390 482
420 443
108 445
137 401
178 363
380 442
337 345
14 319
20 271
221 410
286 326
61 152
163 357
90 115
51 194
359 447
71 296
392 471
42 459
407 425
99 259
112 313
73 256
314 450
17 467
269 300
249 301
59 68
162 316
6 101
42 280
217 223
257 445
13 61
157 240
209 440
51 214
16 356
56 161
135 412
161 273
115 352
82 485
7 170
44 138
113 474
229 280
335 371
467 471
121 204
264 336
11 74
196 429
59 263
128 348
283 444
231 436
363 495
115 201
19 230
3 257
291 398
4 125
172 235
72 319
400 495
5 119
148 474
109 219
288 332
2 72
31 326
198 256
117 271
211 267
254 414
234 283
209 415
143 167
52 85
175 457
168 237
133 155
277 309
127 260
425 473
6 317
154 474
99 365
130 263
160 346
240 368
126 154
272 304
50 92
121 500
199 223
4 45
51 90
220 483
20 315
41 315
324 484
116 191
131 285
53 341
68 216
137 478
235 396
392 423
28 179
33 238
308 440
60 401
102 285
237 314
288 333
66 98
115 346
92 438
241 326
218 362
265 370
182 372
18 410
156 260
156 475
95 268
12 159
78 462
394 449
92 331
116 166
140 188
96 407
20 247
162 383
183 446
212 258
95 215
157 400
10 360
308 444
365 451
181 435
96 418
309 343
9 214
255 389
298 338
25 283
115 474
181 274
326 412
2 116
69 248
81 326
41 442
274 302
58 133
291 489
237 436
242 303
154 398
117 132
69 122
11 119
108 368
170 306
253 341
90 411
147 482
227 345
15 78
324 456
307 444
124 310
122 452
169 326
119 279
254 345
179 335
135 387
6 184
181 315
4 493
227 489
123 194
26 320
480 500
111 405
197 341
348 377
271 415
195 477
38 444
266 429
73 344
40 433
226 228
116 282
371 431
43 198
416 457
375 453
369 370
122 215
26 98
50 476
175 206
136 254
181 228
157 375
42 490
269 330
194 446
91 108
88 469
13 238
260 392
43 465
151 302
277 278
10 121
230 308
248 406
250 426
335 360
221 475
30 302
2 308
67 319
156 323
43 223
282 327
194 414
94 259
196 391
393 465
299 500
138 430
316 435
7 378
269 477
327 340
444 460
131 335
157 187
153 481
149 325
5 274
188 389
126 199
144 309
66 320
396 431
216 396
181 318
294 389
293 439
410 472
112 461
47 73
471 477
377 489
79 388
165 256
209 460
63 183
63 417
427 466
229 344
213 382
76 277
167 422
47 315
88 293
289 303
106 359
309 321
10 340
255 332
161 302
202 492
31 237
110 153
66 221
237 422
50 290
95 374
209 370
74 379
97 109
216 464
21 75
237 369
193 229
65 375
87 139
158 180
129 207
344 482
54 125
345 383
346 434
56 387
109 114
215 487
12 121
243 302
391 484
38 420
268 297
183 330
4 368
301 408
63 463
93 152
396 412
330 468
194 240
189 377
145 239
40 479
64 485
145 433
125 434
4 389
29 210
35 138
372 500
433 447
395 470
184 260
6 217
34 203
209 298
247 293
380 404
459 461
36 159
58 69
335 468
315 469
185 290
234 411
373 466
277 286
45 500
431 448
239 369
93 102
357 383
324 500
65 362
438 481
35 191
272 350
259 332
211 437
388 490
469 496
248 495
98 365
416 479
155 409
252 427
54 145
52 280
72 77
258 317
409 495
109 363
10 408
58 129
130 146
153 217
71 330
182 262
121 395
38 432
370 374
73 100
63 430
197 234
366 377
87 274
328 366
48 459
124 256
159 188
183 228
160 477
295 468
181 293
461 495
263 398
77 296
17 303
218 388
157 292
411 450
231 398
317 453
155 167
145 271
285 481
105 265
142 260
70 249
89 247
376 467
434 491
321 401
97 422
229 401
220 419
334 415
216 424
359 440
290 342
11 352
131 300
248 477
237 434
107 388
17 482
166 293
2 39
23 257
213 266
19 170
170 330
109 236
3 383
5 199
113 408
149 305
324 364
66 112
276 359
394 464
276 385
131 138
109 391
154 274
215 495
353 406
325 369
241 466
116 315
55 162
36 294
1 322
107 116
96 393
235 439
105 287
231 403
7 278
20 234
199 339
116 335
108 259
137 149
347 480
248 453
100 140
2 90
24 188
329 444
190 240
91 424
145 484
60 356
79 138
108 144
119 412
128 150
169 217
29 116
66 337
264 488
420 448
28 145
247 399
307 408
99 138
40 412
96 336
104 186
201 209
16 437
63 159
94 336
198 418
388 412
1 341
230 249
41 276
202 346
112 300
175 288
56 302
316 326
250 258
241 436
125 209
223 366
308 341
56 115
131 383
104 427
307 391
76 96
46 449
332 441
424 440
148 205
193 322
89 305
72 239
344 410
4 393
55 270
3 19
71 413
76 407
7 200
213 322
143 220
28 437
44 395
281 284
48 337
20 143
205 208
164 209
164 421
110 229
141 174
34 405
129 213
266 292
111 182
287 364
410 442
43 241
385 400
215 384
48 375
274 303
32 487
84 328
23 287
55 468
36 200
469 472
123 314
375 485
112 113
358 399
43 235
318 425
280 349
176 491
157 445
311 486
272 388
108 325
167 308
335 496
169 381
325 424
47 439
61 326
373 399
3 373
348 438
146 330
129 357
305 385
322 351
257 389
129 409
127 408
83 221
285 404
14 298
39 294
62 474
45 316
118 499
22 431
417 496
50 369
222 295
15 329
119 125
288 362
390 447
398 432
12 249
314 495
105 172
388 466
225 414
191 379
118 146
103 119
272 471
9 103
41 73
147 240
138 426
409 463
429 492
175 282
243 372
82 160
87 117
181 350
97 397
171 442
225 495
242 388
20 34
27 175
360 414
218 413
94 115
91 235
252 376
153 221
90 298
62 481
146 334
1 86
24 298
297 481
115 325
51 357
91 168
89 431
7 270
141 495
313 396
1 154
182 253
449 496
132 369
374 452
477 481
12 360
138 272
362 438
83 120
118 234
128 166
5 114
206 344
31 336
88 337
285 430
18 477
28 281
35 173
26 248
327 421
32 282
409 438
353 429
221 442
86 487
313 416
73 115
151 271
165 259
49 453
325 398
32 74
214 363
175 211
189 392
96 359
144 358
77 267
200 296
168 468
340 459
15 185
24 290
269 483
324 460
60 303
126 205
240 373
426 429
136 181
29 293
182 447
86 402
99 415
39 119
22 448
244 268
122 442
413 447
70 181
142 209
101 140
241 256
264 333
31 69
154 472
61 66
408 439
296 405
193 480
269 319
178 301
354 433
276 413
126 476
69 127
114 249
69 152
63 436
368 402
72 87
132 318
147 439
377 466
350 444
291 367
256 297
206 303
162 436
299 414
115 123
132 186
182 459
208 397
58 343
337 406
38 458
264 419
14 244
22 61
132 455
168 334
245 343
116 432
80 165
120 144
307 353
120 352
345 386
261 262
140 237
381 384
279 326
432 460
423 433
325 423
146 367
71 331
33 143
73 441
8 423
315 452
132 431
210 335
13 150
340 370
171 291
251 330
22 95
21 234
35 166
61 496
65 187
158 293
131 297
165 275
62 401
264 498
205 490
269 462
103 116
152 256
196 338
135 478
110 414
226 290
273 499
86 251
165 207
8 34
30 55
137 239
386 494
41 373
39 403
65 379
120 267
185 418
56 433
49 446
195 323
71 353
109 245
316 454
76 214
240 322
224 247
332 450
163 202
244 429
5 148
74 454
239 359
43 348
197 235
185 240
50 353
370 479
276 388
399 466
378 478
202 267
174 494
291 329
327 454
116 187
31 140
268 476
219 236
45 121
209 224
136 318
164 360
265 333
152 435
174 383
380 445
192 311
226 437
288 426
227 433
22 137
382 435
10 495
297 400
389 477
142 439
62 469
67 122
211 280
89 267
55 94
430 448
106 466
87 193
347 382
41 190
424 444
169 355
351 404
314 420
473 492
37 252
364 433
210 237
277 477
169 188
174 199
146 356
187 381
169 475
238 266
79 168
220 314
347 405
136 174
176 238
153 386
181 381
163 343
10 307
5 341
41 460
260 312
317 462
387 417
254 383
387 427
152 319
294 492
331 437
24 176
190 405
286 338
409 455
218 441
204 343
263 449
382 384
200 253
69 209
76 85
375 386
62 299
190 395
14 101
95 168
15 110
254 421
206 246
101 415
225 430
171 237
23 376
17 148
158 376
106 446
28 464
67 263
50 109
220 488
131 449
173 414
371 403
152 374
2 269
239 324
13 279
30 262
195 252
60 409
303 500
72 373
236 435
54 133
62 103
130 470
41 364
202 421
154 215
137 452
332 489
174 219
449 465
14 121
179 250
9 12
361 497
107 150
107 108
125 245
214 283
309 498
122 474
158 232
418 421
78 382
208 440
47 110
319 389
185 440
202 384
111 135
257 422
262 467
115 284
324 394
3 185
129 180
11 19
21 417
35 71
263 408
65 129
251 263
201 250
268 270
102 292
286 325
52 314
463 464
258 414
214 304
269 332
298 495
26 132
239 365
57 301
27 28
255 354
154 315
183 387
32 351
69 396
36 441
130 440
174 453
9 346
10 74
4 31
199 445
82 103
50 252
45 472
71 302
15 351
231 452
82 117
59 154
115 479
25 31
123 225
149 321
307 314
21 205
71 249
155 382
89 147
84 227
155 204
68 121
38 164
35 150
137 363
168 426
224 409
143 337
180 216
348 370
391 432
264 350
78 113
246 349
322 497
221 422
33 469
18 336
129 162
170 400
303 374
64 367
220 494
137 300
103 117
80 262
65 450
354 463
166 252
219 347
95 156
304 493
1 118
187 316
266 326
125 487
89 429
90 373
203 249
64 258
187 188
57 127
296 306
209 336
3 460
169 269
270 496
150 498
162 193
373 450
272 437
350 404
294 350
354 359
174 381
356 445
117 439
319 324
116 447
217 317
168 324
16 277
121 417
53 262
46 277
159 482
83 444
47 376
206 223
394 499
69 119
308 336
442 474
21 314
486 492
58 102
126 198
431 441
142 444
316 480
193 241
12 122
274 499
102 339
114 225
64 445
255 488
94 176
30 154
350 356
1 500
481 496
26 163
57 109
137 204
204 445
86 87
413 420
127 349
77 474
335 373
19 191
11 110
3 282
3 392
2 103
320 363
35 145
215 309
7 340
28 33
299 455
67 90
352 467
318 489
244 442
335 425
55 178
2 437
57 100
218 433
273 343
129 149
155 165
46 398
295 351
373 415
370 498
448 454
275 427
315 414
50 211
312 426
153 157
171 224
36 337
206 347
4 141
3 279
51 363
162 221
50 488
131 264
207 296
47 427
118 370
49 386
86 187
125 475
145 442
197 274
367 490
172 317
134 453
18 397
129 347
405 450
151 473
100 428
381 426
343 462
186 384
62 118
355 452
28 60
24 115
122 221
69 258
67 137
348 497
302 354
175 250
51 94
17 106
164 266
175 318
6 464
351 469
26 244
119 263
153 372
422 487
177 333
291 386
221 355
78 181
4 130
299 462
53 77
106 342
40 240
4 11
181 336
231 368
120 481
151 325
328 384
77 391
24 456
229 350
135 424
190 282
377 439
64 389
193 220
108 169
161 432
193 235
257 476
242 485
260 442
439 491
1 67
150 309
34 428
71 196
298 416
79 413
25 355
4 227
21 350
186 321
88 318
62 150
104 185
162 264
102 378
253 322
4 387
6 407
177 372
64 116
24 481
53 452
253 373
204 494
163 428
308 425
199 415
137 385
76 395
72 382
205 500
194 461
406 429
58 234
349 408
315 371
160 278
417 494
109 332
19 306
368 428
6 299
454 456
399 404
283 347
350 461
284 497
1 493
453 494
208 324
182 326
217 316
336 348
156 358
379 482
185 481
350 353
61 335
155 228
455 486
25 332
58 248
6 472
241 284
112 349
65 245
181 427
59 330
29 254
249 433
213 470
64 135
332 393
360 460
236 340
12 68
282 326
17 206
190 293
370 429
218 241
70 385
109 135
36 363
162 331
33 170
281 423
105 445
295 446
352 366
102 422
317 346
256 376
441 463
47 49
67 109
74 361
210 279
322 371
167 458
37 293
213 301
181 391
31 122
229 413
38 445
364 463
133 350
156 444
90 386
127 470
142 365
166 391
166 214
7 348
45 108
275 366
141 479
78 230
169 235
310 314
367 405
121 444
207 394
77 471
414 464
213 381
135 326
266 314
77 440
341 363
106 130
200 456
104 178
235 384
135 227
96 485
245 330
149 292
41 495
227 430
202 207
354 490
117 141
106 272
56 426
92 125
165 234
130 471
217 382
120 133
444 465
417 450
271 326
422 442
149 480
141 332
284 445
344 373
77 194
301 390
24 443
14 297
240 451
197 453
107 220
267 467
180 483
21 223
261 341
351 406
157 421
252 280
121 138
323 476
126 339
108 417
69 187
164 376
298 487
256 488
69 307
168 248
354 356
3 312
241 426
217 222
253 393
60 493
109 420
78 283
195 289
144 417
57 273
176 445
235 349
35 300
376 386
74 216
273 323
206 449
208 273
15 124
109 227
245 335
18 453
114 481
105 415
27 200
209 419
105 474
67 213
208 303
213 306
99 135
327 397
227 337
100 181
33 144
264 470
261 324
70 322
37 197
52 333
244 401
278 414
51 67
96 401
140 422
308 397
183 377
298 306
191 198
28 262
11 416
27 490
122 366
302 458
88 335
381 444
400 422
189 354
328 351
193 303
134 384
103 433
74 447
32 142
356 500
135 188
251 391
104 382
380 417
269 415
173 232
141 373
26 432
74 208
65 134
183 410
76 151
78 297
72 409
88 265
69 251
221 461
222 435
464 500
287 419
174 229
244 490
362 382
23 39
214 489
120 212
121 475
151 477
59 457
221 282
153 486
177 449
56 343
141 315
311 413
349 418
47 205
8 194
35 94
110 260
260 320
48 171
166 472
68 375
94 191
22 400
102 437
329 330
18 152
58 279
252 367
82 395
336 386
178 385
96 101
455 484
19 462
95 146
173 207
171 388
25 470
30 220
203 478
26 109
164 269
233 258
262 356
28 330
349 474
146 279
323 460
281 413
270 436
230 246
52 241
261 357
201 454
48 393
12 438
63 246
89 361
23 216
11 254
183 364
159 355
425 486
140 433
83 384
15 446
333 337
445 483
181 295
48 411
169 399
393 497
308 433
183 262
179 253
25 132
247 484
152 214
98 347
307 400
24 256
175 244
42 306
121 433
269 422
166 172
189 249
283 391
78 88
234 447
98 142
278 282
270 420
195 483
2 130
106 237
134 305
91 293
153 492
158 229
183 229
1 217
23 285
232 495
149 361
8 277
59 378
114 277
128 365
67 485
219 372
193 246
71 132
296 420
102 350
342 353
3 124
94 456
101 448
45 85
283 493
352 415
54 300
262 376
23 155
98 114
213 332
157 439
30 58
34 441
30 456
60 308
284 453
128 173
166 305
269 470
11 47
104 279
71 351
80 343
345 445
170 339
395 413
337 383
226 231
150 421
238 312
67 333
84 358
252 291
115 202
165 228
110 484
349 422
140 225
486 488
467 483
147 318
89 310
19 488
70 305
256 324
63 476
282 309
116 175
255 283
102 345
395 487
184 229
139 163
146 246
247 478
257 443
52 426
101 286
322 403
79 297
129 440
55 472
421 463
277 388
20 166
51 449
88 333
94 200
76 437
106 385
205 289
294 462
380 435
358 444
377 409
183 231
48 241
39 155
15 382
96 398
106 309
107 472
227 347
59 264
149 499
407 447
206 244
473 486
294 470
394 461
189 326
191 374
97 290
226 232
11 212
421 487
167 429
164 187
106 462
71 364
9 438
127 287
122 410
4 222
151 340
46 126
159 161
192 434
20 457
171 278
92 335
172 402
114 222
231 394
332 366
9 75
87 422
356 422
178 414
118 228
181 484
64 214
259 278
320 414
171 347
85 243
248 407
267 359
15 36
94 95
83 418
100 331
66 346
4 447
15 23
161 405
42 346
311 347
80 428
87 376
33 433
118 279
106 331
341 418
74 375
75 458
94 212
255 295
176 419
2 287
50 123
178 227
138 374
178 275
235 414
145 309
102 226
21 289
372 478
68 431
33 100
186 418
159 239
165 485
198 312
140 437
94 163
244 284
112 351
58 122
25 405
65 123
90 308
280 456
134 394
96 320
48 364
57 385
111 319
238 409
106 114
166 182
212 446
342 500
159 325
127 165
380 462
95 285
94 313
117 230
283 438
210 412
4 313
79 311
302 345
123 339
81 317
2 375
51 305
326 354
81 261
328 443
121 134
132 442
211 381
287 484
258 402
46 89
81 105
85 221
162 460
149 497
130 468
95 375
388 398
240 423
141 374
136 313
43 315
76 308
273 280
239 443
99 179
117 194
381 489
196 385
401 489
214 332
203 339
250 273
109 311
356 398
272 277
359 462
153 450
21 329
273 357
277 461
148 395
80 349
230 242
179 382
25 297
94 465
419 451
191 483
266 409
45 106
18 172
64 490
101 208
165 364
153 260
106 341
96 292
89 335
215 232
65 306
13 144
167 401
108 160
477 496
36 320
44 402
203 400
400 498
160 325
108 323
14 48
28 298
69 469
13 476
232 476
227 413
205 448
83 128
139 233
275 364
69 204
222 438
107 461
126 323
129 291
91 499
230 256
210 389
201 334
72 124
99 462
199 374
121 362
216 218
106 340
48 442
184 323
57 171
181 452
60 145
201 381
15 450
164 454
210 300
87 173
44 125
2 498
31 103
61 222
19 450
126 478
183 419
103 438
101 459
36 70
371 451
257 418
102 113
94 342
85 354
3 62
94 104
350 418
392 490
121 354
44 358
105 398
315 339
172 393
169 462
150 419
21 52
66 283
76 187
5 251
20 63
86 215
32 482
275 479
352 465
176 355
121 143
146 243
217 368
192 304
296 340
47 397
18 296
191 332
383 440
477 495
145 330
352 358
66 104
111 124
245 461
69 93
464 473
187 326
146 454
71 94
22 349
147 436
241 445
207 462
52 235
71 350
45 102
132 281
23 45
99 160
235 431
182 258
84 87
92 238
102 294
72 175
183 195
253 405
76 86
261 392
240 360
259 480
187 368
250 465
25 320
170 318
204 459
23 99
271 337
129 343
179 235
47 374
35 43
91 167
117 310
102 200
311 349
319 391
401 483
15 444
170 448
208 455
146 280
9 244
83 286
45 256
5 227
272 464
49 206
241 451
48 134
244 342
181 322
166 290
85 495
20 140
292 336
337 343
457 496
380 387
185 199
89 213
44 437
27 377
314 392
126 264
61 292
134 304
295 339
200 244
91 277
267 339
65 469
272 380
170 407
170 349
11 186
67 174
199 321
49 394
338 357
93 331
358 382
372 464
375 435
67 396
252 457
149 213
145 328
147 466
32 167
250 303
234 362
98 214
11 369
376 495
119 330
344 452
45 368
101 417
324 440
60 275
44 247
421 454
144 159
249 413
336 497
379 484
142 258
127 410
82 282
124 131
320 392
83 227
269 430
285 334
39 333
126 386
48 313
330 421
218 236
205 491
53 60
144 377
157 373
397 427
89 261
355 489
56 400
182 491
140 347
321 393
370 477
72 333
115 191
14 160
33 283
112 331
160 409
417 471
201 244
343 403
195 249
41 463
135 347
220 362
225 285
304 318
101 321
130 204
233 480
93 404
150 359
17 300
94 208
23 333
37 78
131 439
287 362
10 216
36 338
284 421
388 472
192 196
277 437
151 434
19 395
273 406
263 493
290 497
276 337
347 484
141 317
82 144
211 498
300 420
364 404
234 275
157 175
48 451
225 459
325 385
96 412
201 493
196 240
239 307
152 389
210 469
62 423
62 226
260 434
400 409
332 394
100 497
324 416
90 277
371 457
157 176
334 452
177 373
4 217
250 373
406 471
61 248
18 419
333 423
344 462
36 454
133 138
87 121
154 168
298 320
29 136
152 413
148 306
182 494
86 305
42 404
277 317
216 261
184 449
24 266
166 267
129 173
65 452
47 388
173 265
476 478
34 239
433 468
43 231
376 482
32 339
273 450
30 178
127 285
303 380
171 466
180 408
75 303
300 332
40 462
9 157
2 196
51 339
37 500
19 183
138 327
195 381
314 354
221 398
253 334
29 168
173 344
46 51
289 408
67 366
247 324
134 359
23 468
133 449
2 456
78 213
30 141
398 496
62 296
262 479
151 336
188 349
120 198
146 332
20 314
5 350
13 173
249 461
303 425
35 156
82 491
78 428
103 284
122 123
51 203
134 253
133 159
391 425
293 365
32 169
87 151
190 465
72 91
123 144
5 257
248 459
18 470
207 301
158 317
404 437
186 332
200 394
128 294
81 295
80 109
117 181
242 359
176 259
250 406
243 256
248 372
162 473
325 334
40 76
152 265
215 473
104 273
320 377
181 249
172 233
251 356
87 225
23 471
366 369
249 320
126 352
102 278
224 432
112 169
26 454
202 378
416 424
130 213
212 354
120 317
285 495
190 386
272 273
95 110
305 331
93 170
315 476
3 437
18 26
75 445
42 432
232 437
157 444
115 309
52 443
105 304
253 299
119 245
234 314
74 198
114 251
239 418
117 361
89 108
194 324
397 403
79 197
89 197
213 330
437 474
390 439
57 170
40 334
316 355
109 356
193 360
53 457
222 418
187 280
138 358
57 372
263 454
160 274
48 113
11 97
165 327
167 209
8 349
296 390
24 120
466 497
318 343
356 386
34 440
17 54
36 376
55 443
407 483
103 226
201 306
300 443
34 364
410 495
54 282
9 119
399 407
91 148
426 431
13 94
184 327
283 369
157 364
147 216
90 317
341 441
180 283
88 135
1 111
137 341
78 112
366 466
247 422
165 383
119 271
143 444
136 325
8 152
336 491
168 231
77 131
298 485
447 453
417 424
157 434
171 320
321 416
9 238
35 232
31 363
39 404
97 471
119 151
87 98
264 284
129 414
44 116
96 277
185 469
36 246
122 280
191 255
144 378
15 481
76 154
5 13
13 403
330 436
309 467
296 483
268 411
80 241
244 425
306 315
107 440
76 264
199 455
334 424
152 301
284 356
201 408
192 487
221 345
180 253
159 277
287 430
234 444
175 195
408 424
1 147
79 123
155 185
452 469
286 315
447 496
203 209
259 323
200 464
269 353
169 225
131 371
25 473
143 362
255 264
21 442
222 234
202 204
345 429
106 355
244 416
320 327
363 443
213 411
31 283
5 295
50 286
308 436
236 304
132 436
99 149
389 432
30 47
185 487
281 317
5 458
156 368
442 452
335 489
221 419
194 212
227 422
65 246
316 434
323 375
54 404
72 488
63 205
101 251
374 447
40 349
343 381
215 490
152 448
290 296
38 317
441 488
10 145
260 347
317 490
142 225
22 100
115 210
226 483
260 465
130 217
54 240
75 487
135 182
37 310
85 337
352 400
131 291
412 493
338 386
154 433
254 355
117 274
141 402
9 189
82 387
295 430
36 209
57 368
325 416
64 279
249 451
15 407
112 226
133 398
210 361
91 309
187 485
23 118
316 453
272 278
176 361
138 368
113 447
132 169
238 302
100 418
307 443
215 493
74 112
87 96
373 489
192 449
31 96
97 367
157 443
181 462
328 411
61 468
81 253
99 439
123 485
165 303
357 365
228 330
344 391
108 289
100 375
114 218
18 64
20 430
131 293
41 353
61 102
311 378
171 306
306 456
161 450
57 296
124 323
162 180
71 142
106 421
123 336
260 428
131 491
323 443
94 441
16 49
34 320
312 348
77 387
58 164
66 315
391 498
275 307
95 265
391 478
24 436
98 122
204 339
334 406
53 162
61 299
79 266
443 481
40 279
161 360
420 486
48 464
293 368
234 404
32 494
72 240
68 284
87 445
46 254
31 269
316 320
111 180
325 411
138 267
244 409
208 496
278 387
54 191
106 193
147 479
62 395
44 91
366 485
71 447
218 403
209 367
297 451
67 346
309 324
403 440
266 459
291 394
349 376
281 325
223 229
9 349
43 140
383 487
142 276
430 461
56 277
459 473
104 351
14 396
216 306
95 205
9 269
358 364
267 311
373 467
7 463
325 340
114 379
41 328
305 404
298 353
300 450
112 435
135 288
43 101
79 301
142 437
136 255
93 345
43 169
272 496
191 273
4 481
93 191
329 377
95 344
38 144
123 457
79 493
189 476
263 364
263 416
463 477
135 419
389 394
182 319
29 295
100 394
123 289
140 486
194 449
384 498
142 166
222 301
382 399
198 402
87 208
84 128
282 344
157 317
226 321
316 394
120 210
106 304
210 434
252 455
14 283
1 177
134 357
158 213
256 383
74 273
368 419
11 309
183 441
190 407
123 388
228 340
436 438
66 398
78 259
8 447
121 132
171 190
45 284
128 287
140 240
44 495
347 440
470 497
465 488
4 463
199 477
75 160
137 490
8 474
317 447
430 432
120 151
432 496
336 494
132 289
208 368
305 473
137 180
163 238
58 373
113 274
483 484
121 133
31 321
335 361
5 59
291 407
307 478
282 425
341 471
37 314
123 489
2 406
151 491
217 467
54 320
28 76
187 488
144 257
85 300
438 492
162 345
32 481
260 488
43 384
313 320
24 204
316 433
88 286
32 170
319 415
166 211
167 309
90 370
271 500
17 358
313 342
128 257
96 209
68 226
62 149
184 448
411 490
277 417
274 283
123 407
312 411
175 251
216 425
137 212
221 373
12 237
82 146
365 402
86 188
281 322
125 338
370 403
208 491
92 110
144 293
169 196
91 400
175 493
199 405
77 431
461 492
118 388
155 306
463 480
247 253
275 468
340 409
156 497
172 373
113 161
121 170
38 111
49 310
21 487
275 295
3 176
11 484
154 275
236 354
14 39
321 462
56 67
23 310
332 406
356 396
59 462
278 412
77 439
189 298
166 203
24 169
179 378
426 494
159 176
45 120
100 496
250 402
457 471
249 250
148 448
360 422
381 447
153 381
130 387
135 435
95 438
80 306
313 487
22 165
371 483
96 251
306 382
122 496
100 368
100 484
199 478
5 186
117 470
173 361
130 461
83 274
375 478
170 466
196 408
14 356
132 498
264 481
187 407
396 418
20 90
323 381
265 289
18 335
157 345
99 197
131 247
317 381
225 334
88 194
25 142
76 292
206 338
405 417
243 275
457 488
150 171
196 477
121 209
45 213
281 385
238 254
244 299
160 433
408 475
259 341
143 162
201 494
175 257
88 430
46 486
72 469
2 101
13 110
211 282
49 408
55 58
340 452
19 46
418 472
205 385
283 434
6 36
106 238
103 301
44 81
54 423
10 404
112 414
151 295
314 481
28 471
387 394
86 292
78 342
170 327
114 363
113 138
384 458
123 483
133 379
300 336
89 416
345 454
42 209
46 172
132 293
102 330
212 286
63 231
331 445
222 437
226 298
22 65
226 443
104 284
93 232
55 484
126 351
52 417
4 471
221 452
136 362
377 481
117 193
4 60
217 243
220 276
148 359
270 351
85 266
79 345
163 458
328 474
62 283
95 415
280 478
19 340
42 123
27 248
272 360
116 438
42 227
58 264
101 145
239 384
169 480
353 371
429 483
24 148
175 432
247 491
224 286
37 406
64 198
301 400
84 477
59 451
173 197
199 440
111 202
45 175
101 185
231 318
149 329
295 310
147 376
168 451
262 314
302 469
82 400
70 319
66 97
97 347
459 499
252 482
1 11
65 426
84 468
121 348
81 398
324 497
172 428
1 371
306 428
266 351
96 261
213 268
328 461
92 236
249 477
150 424
414 442
223 312
301 453
121 281
185 309
189 395
2 162
23 365
19 155
180 422
52 331
106 433
340 423
15 47
33 264
113 366
406 478
116 368
38 210
97 261
17 462
148 409
71 241
84 302
299 325
13 232
75 368
58 391
273 464
131 222
233 325
46 223
71 471
32 39
254 255
327 389
41 214
56 427
123 213
426 453
113 149
289 485
96 121
394 406
11 412
307 440
178 401
17 301
111 460
1 430
132 425
344 388
40 264
390 488
236 237
1 389
15 63
186 392
141 327
44 353
202 301
91 187
79 129
223 322
109 438
14 180
148 347
51 444
212 461
4 355
227 389
210 472
89 117
71 451
50 129
90 319
55 299
392 421
301 344
229 261
340 480
300 414
10 49
174 380
208 423
327 388
43 462
65 272
383 423
454 484
204 475
114 337
386 468
83 441
144 353
86 286
428 464
111 169
218 392
21 125
236 400
121 377
51 177
74 232
66 490
48 69
176 420
428 474
108 296
12 318
15 90
196 340
228 270
339 476
40 130
18 377
161 217
44 409
156 206
300 493
335 402
289 297
4 264
126 311
30 426
82 152
75 438
126 196
284 407
255 489
123 403
103 224
172 322
321 407
74 309
50 399
13 45
58 392
165 366
29 80
119 141
292 331
11 351
39 498
55 249
128 250
122 238
69 316
225 360
282 298
95 319
469 483
144 441
67 461
356 447
6 459
385 468
247 420
82 488
221 490
123 321
43 270
439 474
348 442
98 109
139 443
58 420
90 443
7 308
324 371
239 252
17 272
207 299
455 485
301 423
99 337
433 492
39 423
221 230
64 301
36 149
17 160
33 213
18 297
50 264
29 301
1 107
111 278
32 364
133 251
16 391
57 107
184 209
93 432
330 419
82 172
45 182
342 467
14 147
17 413
161 307
180 437
139 147
313 347
321 439
201 437
119 347
328 451
304 499
10 386
345 407
88 101
150 251
373 461
233 429
77 276
304 339
222 442
314 437
154 377
381 460
9 48
288 401
175 289
72 496
283 409
46 63
383 468
180 480
45 339
151 449
220 429
106 400
74 254
448 499
308 421
151 157
82 151
281 393
272 396
162 285
357 485
82 234
127 217
46 128
162 332
141 259
7 446
24 192
1 202
41 121
135 278
217 430
84 149
113 398
167 277
265 365
417 491
163 500
124 223
42 439
48 479
233 391
299 438
91 437
139 375
92 473
57 490
163 478
354 498
98 218
229 473
261 282
329 423
256 490
56 389
186 352
86 113
89 259
277 426
70 217
62 175
221 303
132 402
97 230
175 389
18 31
142 474
184 309
215 362
40 230
131 215
72 463
138 226
325 477
138 446
161 327
24 238
51 318
73 349
324 447
1 334
35 221
449 462
55 59
239 477
59 305
260 415
122 393
87 187
110 197
96 226
196 290
59 468
222 316
259 346
103 211
43 90
127 357
301 460
13 437
75 292
141 343
164 456
337 351
178 330
87 101
284 412
177 400
278 491
57 478
138 448
129 473
45 283
90 305
172 430
223 438
423 470
31 499
198 282
47 194
20 330
56 414
361 370
307 425
148 265
33 122
151 487
378 447
84 362
137 303
121 160
58 479
339 443
47 260
341 347
294 356
406 450
77 210
192 436
347 494
18 199
279 417
269 377
75 451
444 489
329 420
294 307
4 199
198 458
141 242
354 460
44 425
100 165
5 146
45 495
114 146
106 232
189 389
121 180
191 276
153 474
68 441
184 396
119 236
343 415
58 381
242 476
299 366
57 369
43 165
399 416
4 384
6 158
30 452
125 223
78 223
399 445
9 174
177 347
171 374
23 467
403 463
28 214
285 398
288 371
248 487
381 418
109 201
59 399
183 449
261 369
14 18
150 368
43 478
219 318
78 96
390 462
62 188
197 370
66 121
365 453
12 487
48 185
14 398
313 349
38 129
3 104
261 429
176 324
28 395
13 199
54 262
58 428
362 389
341 344
25 434
409 413
30 357
103 484
110 256
56 460
183 348
12 273
36 348
37 127
138 334
419 437
182 371
166 317
72 166
86 101
131 486
246 327
184 199
132 334
194 470
7 298
87 271
35 483
224 300
66 159
132 465
88 270
137 215
210 491
188 435
64 67
43 136
42 398
158 162
331 477
165 407
56 434
126 161
84 394
72 131
77 412
72 282
142 459
136 233
238 265
115 233
227 366
384 388
125 389
143 373
121 452
29 354
218 223
205 418
427 490
373 393
124 148
306 391
389 439
45 137
184 476
151 225
164 324
24 151
43 286
70 383
44 308
233 447
65 221
107 337
168 449
48 112
5 499
236 239
165 167
177 399
16 395
129 245
385 452
141 222
210 497
372 429
211 236
207 380
84 336
230 311
63 374
47 141
9 417
37 367
36 440
163 327
339 344
271 310
6 315
121 142
18 273
135 283
27 294
426 484
77 366
313 327
235 342
402 496
9 11
187 343
37 384
167 292
232 475
180 399
156 407
205 217
142 477
20 119
45 324
27 478
374 489
147 448
69 333
168 286
78 239
184 469
134 473
113 156
33 409
341 425
177 221
126 442
353 436
76 259
101 436
465 492
161 281
188 457
423 439
316 452
314 465
255 421
17 489
381 406
78 193
487 498
61 81
212 419
54 311
328 420
179 496
39 299
125 231
35 124
262 275
245 346
132 441
301 326
173 443
202 430
169 181
58 446
39 252
131 137
116 123
151 393
292 322
215 455
142 342
25 134
256 323
282 383
436 489
154 356
62 165
239 401
89 288
266 283
24 344
265 307
49 407
72 261
242 358
315 345
10 263
33 229
306 430
217 466
300 496
217 420
368 467
27 47
215 254
54 61
107 287
196 294
19 134
78 231
101 414
123 322
87 307
292 494
119 177
147 228
285 368
301 481
139 217
176 484
135 321
253 286
80 188
250 283
78 299
300 447
288 369
145 421
215 389
66 481
247 314
178 306
22 289
53 496
473 493
207 495
296 385
181 344
24 234
3 284
423 498
190 313
304 488
189 305
400 440
400 429
59 296
313 467
289 477
385 481
469 486
365 385
242 495
214 377
100 406
42 46
97 247
282 371
9 342
136 206
15 196
128 441
269 306
145 425
286 316
414 492
80 399
10 26
142 159
56 230
2 76
16 421
113 455
43 269
220 258
224 455
360 365
133 413
225 292
1 285
134 327
22 283
154 166
83 134
276 298
63 287
68 428
47 342
8 208
144 290
397 401
8 369
233 263
379 469
126 188
388 494
364 387
230 276
337 495
142 157
27 369
15 391
11 98
76 143
164 276
33 438
170 385
271 409
61 135
32 427
252 278
230 373
73 182
14 366
258 325
112 479
129 327
56 202
196 378
226 340
122 428
339 378
111 314
112 468
234 365
176 414
68 251
20 303
32 434
385 427
93 209
130 294
315 389
120 338
276 354
296 363
261 434
414 497
72 410
17 88
206 463
12 270
182 487
118 392
174 216
306 465
131 164
250 479
318 439
47 211
174 230
262 445
79 380
134 335
322 366
248 458
122 478
242 280
114 286
205 469
249 274
48 173
67 99
28 388
152 259
263 463
28 163
170 275
19 235
58 91
119 374
28 380
132 327
179 251
239 495
13 46
186 405
328 496
117 222
73 262
314 468
121 476
94 490
13 38
150 383
172 375
217 372
29 341
279 319
168 342
223 405
283 416
216 321
140 150
107 382
226 372
316 386
39 280
282 342
6 39
26 361
129 430
103 109
248 420
409 451
415 462
84 216
63 334
110 254
372 431
24 349
7 397
25 140
204 266
35 112
78 260
239 281
191 371
241 286
381 449
326 345
430 452
136 262
321 495
123 434
319 383
95 175
166 289
66 352
414 415
186 496
219 431
83 344
53 166
181 358
326 405
206 343
8 99
299 463
56 134
171 242
108 116
135 191
125 166
71 325
196 440
111 335
163 313
294 464
81 186
11 79
245 448
338 473
254 256
360 412
48 264
14 380
249 419
189 209
154 191
352 426
259 498
16 132
354 430
380 394
182 499
167 414
463 474
430 446
39 261
47 210
386 405
76 224
80 326
285 351
218 276
175 354
157 372
61 114
297 460
331 490
74 193
267 346
177 436
442 479
178 399
120 422
3 42
145 486
30 375
9 313
329 374
12 149
66 278
107 451
164 214
348 413
316 379
192 292
223 340
154 308
13 208
446 470
165 298
214 476
199 474
42 369
442 447
3 393
37 154
136 452
293 298
190 287
226 385
199 484
100 155
85 356
143 239
173 316
62 324
4 163
4 448
150 495
5 69
55 84
178 302
30 498
414 499
92 369
223 424
124 411
49 339
177 244
122 284
289 299
317 363
206 250
18 106
221 249
121 272
65 242
275 448
307 329
278 473
340 424
191 414
265 380
48 232
218 412
58 86
110 221
54 494
195 270
227 259
88 91
65 120
407 421
61 228
204 221
489 490
127 152
373 443
65 238
298 482
40 72
176 314
160 166
150 222
209 355
144 220
474 490
205 470
208 274
226 269
32 115
17 397
242 474
83 301
408 415
378 458
245 490
228 232
348 379
76 479
135 158
329 388
212 411
24 379
31 427
209 451
28 325
19 53
299 388
147 377
281 315
213 383
7 255
146 247
47 93
13 74
11 374
231 250
394 495
208 285
126 159
148 477
10 248
214 318
213 343
111 379
174 181
53 253
10 230
126 307
4 396
151 441
375 422
360 421
9 288
438 473
58 349
281 372
3 350
417 422
123 149
346 387
131 306
182 418
412 465
133 202
102 182
420 496
152 477
53 491
141 342
33 378
161 315
198 404
142 448
6 304
81 82
352 390
247 409
18 130
139 414
118 233
298 329
399 496
134 313
165 348
300 465
205 377
104 481
67 480
60 447
271 308
109 325
68 158
163 411
216 238
245 479
8 16
203 234
76 238
277 352
53 254
269 271
107 143
229 483
389 479
240 330
157 267
452 473
345 428
323 378
64 166
162 274
36 145
125 196
11 473
44 84
68 432
8 11
107 492
263 335
16 40
131 389
72 334
262 398
186 335
113 472
132 211
210 239
50 458
30 477
97 283
392 498
344 489
59 84
18 476
162 429
68 471
111 431
300 461
309 339
169 414
303 353
69 376
205 297
187 494
258 350
208 350
69 270
77 201
98 129
4 397
117 301
84 346
166 271
327 490
91 461
226 494
133 339
8 130
310 460
88 226
384 500
373 497
49 413
208 420
186 448
44 178
67 382
55 260
146 376
170 420
176 296
108 226
166 174
37 178
84 160
34 347
191 352
104 138
20 251
229 296
176 191
55 371
443 451
127 376
137 493
6 108
53 183
125 467
131 484
87 228
51 174
98 310
112 285
159 177
147 445
113 119
39 283
364 413
12 128
107 456
29 297
21 301
230 298
74 132
357 499
280 397
469 475
309 452
30 266
428 434
121 392
208 361
279 443
152 294
79 175
222 279
182 465
152 404
184 336
278 498
193 232
56 322
362 487
40 427
101 476
55 453
317 464
113 417
15 376
266 291
153 191
395 432
181 210
304 334
7 9
43 500
111 479
88 474
365 373
159 342
128 189
470 490
31 306
205 366
86 93
44 457
273 342
61 353
91 202
136 189
197 318
15 21
73 459
17 403
195 276
220 349
266 297
128 230
68 344
27 264
243 342
161 164
142 236
84 98
24 231
60 286
122 157
256 415
288 300
95 328
4 269
91 352
345 355
54 203
85 133
233 434
203 277
329 353
92 178
224 329
107 441
80 390
77 80
106 216
98 245
35 163
166 273
188 338
137 456
294 408
408 432
267 377
73 238
1 349
100 263
219 352
142 417
102 203
192 323
350 389
141 352
258 459
44 225
138 369
122 158
129 491
248 305
201 293
132 401
193 369
155 450
12 470
211 315
114 340
134 447
95 366
246 283
235 281
292 454
221 248
278 488
379 497
51 491
97 187
85 383
102 237
187 307
7 465
53 333
338 429
15 461
417 482
9 35
87 189
143 446
147 250
48 365
219 439
134 386
450 473
187 224
23 102
169 205
220 289
94 396
61 196
29 274
278 313
60 272
55 461
48 230
328 352
350 489
341 356
177 397
117 387
31 68
184 261
147 314
116 484
343 490
153 200
191 385
141 469
10 371
129 359
18 58
29 411
315 485
149 299
122 415
167 290
272 472
92 286
220 357
153 371
328 338
135 261
7 302
177 267
147 385
107 237
133 145
405 482
195 460
124 444
221 383
97 120
181 416
73 213
97 433
141 203
351 370
296 422
295 365
281 337
55 157
237 423
14 171
236 281
181 390
170 336
205 321
54 456
14 449
162 418
143 157
166 462
57 154
354 429
193 196
93 129
228 247
7 305
164 193
134 316
47 244
22 49
240 471
55 109
151 320
154 299
264 416
44 500
172 384
405 471
47 159
15 365
104 241
306 389
206 437
180 369
125 488
10 374
437 451
184 338
261 365
30 212
110 210
196 199
66 105
344 446
95 320
172 231
90 385
163 498
18 33
91 385
294 309
289 376
400 480
183 219
248 463
58 263
223 369
6 25
9 134
89 330
224 356
268 309
250 251
92 234
146 288
35 412
127 454
323 485
192 334
206 465
14 156
45 497
121 364
165 427
338 408
85 224
318 388
73 223
101 108
188 382
241 500
173 354
121 136
5 446
85 201
345 487
399 406
84 410
51 470
160 310
350 362
374 376
136 225
348 493
196 223
19 89
97 232
176 364
172 298
285 473
76 453
181 245
176 322
455 482
276 321
182 268
368 434
58 437
81 327
303 329
174 319
338 461
129 412
431 469
141 250
308 371
7 209
65 98
70 402
42 57
170 486
91 447
165 431
15 210
111 433
241 410
27 479
214 226
7 180
218 478
135 425
310 410
274 467
93 339
157 366
19 453
30 100
147 312
366 455
127 373
173 417
88 192
130 455
176 181
282 346
397 447
50 392
304 433
260 273
342 476
367 488
32 131
26 41
321 397
176 349
83 223
274 373
297 436
155 353
78 310
401 475
2 350
100 202
59 466
334 438
17 84
377 435
372 437
276 317
164 467
31 412
462 497
264 406
239 498
1 235
237 426
96 260
444 466
453 482
29 102
337 349
30 311
139 294
98 319
258 353
137 253
373 413
92 307
288 423
181 338
2 322
288 446
64 352
12 210
274 432
75 225
250 372
288 421
87 415
181 466
80 100
235 374
339 371
260 287
427 498
198 225
356 481
10 193
11 275
20 274
286 441
340 465
111 262
390 391
113 446
353 363
202 473
117 490
316 467
29 174
134 361
153 225
197 362
133 265
205 230
127 171
59 499
208 313
93 246
274 337
318 384
318 411
236 293
82 105
169 329
67 375
21 182
139 361
60 331
83 378
384 482
88 414
139 260
86 247
434 461
99 443
200 250
59 458
288 357
28 373
5 301
255 303
136 211
421 447
104 312
273 313
401 444
71 469
318 420
37 272
222 397
23 106
117 295
6 274
74 411
284 467
294 451
196 414
262 490
200 384
268 292
210 235
31 334
203 343
36 290
316 393
162 426
75 247
22
1 2
1 3
1 4
4 5
2 6
1 7
1 8
3 9
7 10
2 11
2 12
2 13
11 14
6 15
10 16
5 17
10 18
10 19
13 20
4 21
18 22
22
1 2
1 3
1 4
1 5
4 6
2 7
6 8
3 9
1 10
8 11
11 12
6 13
8 14
5 15
6 16
2 17
6 18
7 19
13 20
10 21
9 22
22
1 2
2 3
3 4
3 5
5 6
1 7
5 8
2 9
5 10
10 11
1 12
9 13
3 14
2 15
6 16
6 17
16 18
2 19
11 20
18 21
11 22
22
1 2
1 3
1 4
3 5
5 6
4 7
7 8
3 9
3 10
9 11
6 12
2 13
10 14
4 15
1 16
15 17
17 18
5 19
12 20
6 21
1 22
22
1 2
1 3
3 4
4 5
4 6
2 7
7 8
3 9
5 10
1 11
5 12
2 13
1 14
3 15
2 16
4 17
1 18
8 19
14 20
19 21
12 22
22
1 2
2 3
2 4
2 5
5 6
6 7
5 8
6 9
9 10
9 11
1 12
7 13
2 14
1 15
11 16
13 17
14 18
18 19
6 20
11 21
9 22
22
1 2
2 3
2 4
4 5
3 6
5 7
6 8
4 9
6 10
2 11
3 12
12 13
9 14
12 15
9 16
4 17
1 18
5 19
13 20
11 21
14 22
22
1 2
2 3
1 4
1 5
3 6
4 7
2 8
4 9
1 10
10 11
5 12
6 13
9 14
1 15
9 16
5 17
7 18
15 19
18 20
2 21
8 22
22
1 2
2 3
2 4
3 5
4 6
1 7
6 8
8 9
9 10
9 11
4 12
5 13
7 14
13 15
1 16
4 17
9 18
1 19
11 20
19 21
16 22
22
1 2
2 3
2 4
1 5
4 6
5 7
7 8
4 9
5 10
9 11
3 12
8 13
6 14
6 15
14 16
9 17
17 18
14 19
15 20
10 21
7 22
22
1 2
2 3
2 4
2 5
5 6
6 7
7 8
6 9
9 10
3 11
5 12
6 13
9 14
13 15
14 16
9 17
15 18
5 19
5 20
11 21
20 22
22
1 2
2 3
3 4
3 5
5 6
1 7
5 8
1 9
3 10
5 11
3 12
7 13
9 14
8 15
12 16
12 17
1 18
2 19
2 20
15 21
10 22
22
1 2
2 3
3 4
3 5
4 6
1 7
5 8
4 9
4 10
4 11
6 12
8 13
7 14
6 15
1 16
7 17
6 18
7 19
6 20
14 21
12 22
22
1 2
2 3
2 4
1 5
1 6
2 7
3 8
1 9
6 10
2 11
3 12
7 13
9 14
5 15
13 16
15 17
12 18
12 19
17 20
4 21
20 22
22
1 2
1 3
1 4
1 5
4 6
1 7
7 8
5 9
1 10
3 11
8 12
12 13
11 14
11 15
10 16
14 17
13 18
1 19
11 20
17 21
7 22
22
1 2
1 3
3 4
4 5
2 6
5 7
2 8
5 9
6 10
9 11
8 12
12 13
13 14
13 15
1 16
8 17
12 18
8 19
18 20
14 21
3 22
22
1 2
1 3
3 4
3 5
3 6
6 7
3 8
3 9
7 10
4 11
3 12
7 13
4 14
8 15
14 16
5 17
9 18
14 19
16 20
14 21
3 22
22
1 2
2 3
2 4
2 5
2 6
4 7
6 8
8 9
6 10
6 11
11 12
4 13
3 14
11 15
13 16
9 17
7 18
16 19
16 20
9 21
4 22
22
1 2
1 3
3 4
4 5
2 6
2 7
4 8
3 9
6 10
2 11
6 12
9 13
12 14
14 15
13 16
16 17
7 18
18 19
8 20
14 21
15 22
22
1 2
2 3
1 4
3 5
2 6
3 7
2 8
2 9
1 10
5 11
3 12
4 13
8 14
7 15
5 16
15 17
12 18
10 19
7 20
19 21
12 22
22
1 2
1 3
3 4
1 5
3 6
6 7
5 8
8 9
9 10
7 11
6 12
8 13
3 14
11 15
6 16
14 17
10 18
8 19
14 20
7 21
7 22
22
1 2
1 3
2 4
3 5
1 6
6 7
5 8
2 9
8 10
5 11
10 12
11 13
10 14
9 15
11 16
7 17
14 18
4 19
3 20
16 21
4 22
22
1 2
2 3
3 4
1 5
1 6
5 7
5 8
8 9
8 10
9 11
2 12
2 13
6 14
5 15
8 16
11 17
7 18
8 19
15 20
13 21
5 22
22
1 2
1 3
2 4
4 5
2 6
5 7
2 8
8 9
5 10
5 11
3 12
7 13
3 14
2 15
13 16
16 17
17 18
2 19
11 20
20 21
9 22
22
1 2
1 3
1 4
1 5
4 6
1 7
1 8
4 9
1 10
4 11
9 12
5 13
13 14
4 15
1 16
3 17
17 18
12 19
17 20
6 21
12 22
22
1 2
1 3
1 4
3 5
1 6
2 7
3 8
3 9
9 10
8 11
10 12
7 13
12 14
5 15
11 16
11 17
5 18
7 19
6 20
6 21
5 22
22
1 2
1 3
3 4
4 5
2 6
1 7
1 8
1 9
8 10
3 11
2 12
12 13
4 14
3 15
6 16
13 17
6 18
1 19
17 20
8 21
5 22
22
1 2
1 3
1 4
1 5
1 6
4 7
4 8
7 9
7 10
1 11
4 12
2 13
2 14
8 15
2 16
9 17
10 18
1 19
19 20
1 21
18 22
22
1 2
2 3
3 4
1 5
3 6
4 7
7 8
6 9
2 10
1 11
2 12
1 13
8 14
9 15
5 16
12 17
10 18
1 19
10 20
14 21
15 22
22
1 2
1 3
1 4
4 5
4 6
4 7
2 8
2 9
4 10
7 11
5 12
4 13
10 14
14 15
4 16
8 17
15 18
2 19
11 20
2 21
20 22
22
1 2
1 3
1 4
2 5
2 6
4 7
3 8
4 9
7 10
3 11
10 12
8 13
5 14
10 15
9 16
3 17
2 18
1 19
16 20
14 21
11 22
22
1 2
2 3
3 4
3 5
2 6
3 7
2 8
6 9
5 10
8 11
3 12
11 13
4 14
3 15
5 16
10 17
1 18
2 19
9 20
12 21
18 22
22
1 2
1 3
1 4
1 5
2 6
1 7
5 8
2 9
2 10
7 11
2 12
8 13
1 14
11 15
1 16
1 17
17 18
14 19
4 20
15 21
16 22
22
1 2
2 3
3 4
3 5
5 6
2 7
6 8
6 9
4 10
10 11
1 12
11 13
10 14
3 15
9 16
15 17
13 18
5 19
12 20
7 21
9 22
22
1 2
2 3
3 4
2 5
4 6
6 7
1 8
6 9
8 10
7 11
9 12
1 13
11 14
6 15
15 16
1 17
16 18
17 19
16 20
11 21
16 22
22
1 2
2 3
1 4
1 5
4 6
6 7
5 8
7 9
2 10
5 11
4 12
3 13
10 14
8 15
8 16
9 17
5 18
11 19
10 20
15 21
21 22
22
1 2
1 3
1 4
4 5
1 6
2 7
6 8
6 9
3 10
7 11
1 12
7 13
6 14
2 15
6 16
8 17
4 18
16 19
14 20
2 21
6 22
22
1 2
1 3
3 4
2 5
4 6
1 7
7 8
4 9
7 10
7 11
3 12
12 13
2 14
9 15
15 16
16 17
12 18
1 19
5 20
3 21
1 22
22
1 2
2 3
3 4
2 5
4 6
4 7
1 8
1 9
6 10
2 11
2 12
4 13
10 14
1 15
11 16
4 17
5 18
2 19
13 20
4 21
11 22
22
1 2
2 3
2 4
2 5
4 6
1 7
4 8
6 9
2 10
5 11
4 12
5 13
12 14
2 15
11 16
1 17
14 18
16 19
17 20
16 21
5 22
22
1 2
2 3
1 4
4 5
4 6
3 7
5 8
8 9
8 10
7 11
8 12
9 13
7 14
3 15
11 16
1 17
4 18
11 19
4 20
4 21
21 22
22
1 2
2 3
1 4
4 5
5 6
2 7
4 8
2 9
5 10
8 11
2 12
8 13
13 14
10 15
13 16
5 17
17 18
14 19
17 20
9 21
1 22
22
1 2
1 3
2 4
4 5
1 6
4 7
6 8
6 9
7 10
5 11
5 12
6 13
9 14
10 15
4 16
3 17
10 18
7 19
5 20
17 21
20 22
22
1 2
2 3
2 4
4 5
1 6
4 7
2 8
8 9
4 10
10 11
7 12
3 13
6 14
11 15
10 16
15 17
15 18
9 19
10 20
16 21
9 22
22
1 2
1 3
2 4
4 5
2 6
1 7
4 8
2 9
3 10
4 11
11 12
11 13
6 14
10 15
10 16
6 17
3 18
3 19
9 20
15 21
7 22
22
1 2
2 3
3 4
3 5
3 6
4 7
4 8
2 9
4 10
9 11
11 12
11 13
11 14
7 15
12 16
7 17
1 18
10 19
11 20
9 21
21 22
22
1 2
1 3
2 4
3 5
2 6
5 7
5 8
1 9
4 10
8 11
10 12
4 13
9 14
13 15
13 16
4 17
10 18
6 19
11 20
12 21
14 22
22
1 2
2 3
3 4
4 5
1 6
2 7
3 8
7 9
4 10
4 11
8 12
8 13
1 14
13 15
11 16
7 17
17 18
18 19
15 20
13 21
14 22
22
1 2
1 3
1 4
2 5
5 6
4 7
7 8
7 9
7 10
4 11
5 12
8 13
2 14
1 15
12 16
5 17
14 18
2 19
17 20
6 21
11 22
22
1 2
2 3
3 4
2 5
2 6
3 7
6 8
3 9
8 10
3 11
10 12
2 13
4 14
4 15
13 16
16 17
3 18
15 19
16 20
15 21
7 22
22
1 2
1 3
2 4
4 5
1 6
6 7
6 8
6 9
6 10
3 11
6 12
4 13
6 14
13 15
8 16
14 17
10 18
17 19
15 20
16 21
13 22
22
1 2
2 3
1 4
4 5
2 6
1 7
5 8
1 9
8 10
1 11
7 12
10 13
2 14
1 15
12 16
3 17
10 18
11 19
13 20
8 21
11 22
22
1 2
1 3
3 4
3 5
2 6
3 7
4 8
4 9
8 10
5 11
6 12
3 13
7 14
14 15
5 16
2 17
7 18
11 19
18 20
4 21
9 22
22
1 2
2 3
2 4
1 5
4 6
3 7
7 8
3 9
8 10
1 11
6 12
2 13
13 14
5 15
9 16
15 17
15 18
1 19
10 20
13 21
19 22
22
1 2
2 3
1 4
3 5
5 6
5 7
1 8
7 9
6 10
4 11
6 12
7 13
2 14
9 15
12 16
7 17
16 18
10 19
12 20
15 21
20 22
22
1 2
1 3
1 4
1 5
1 6
5 7
1 8
3 9
3 10
5 11
2 12
9 13
6 14
1 15
9 16
15 17
8 18
9 19
3 20
13 21
7 22
22
1 2
1 3
1 4
4 5
1 6
5 7
3 8
1 9
1 10
4 11
10 12
9 13
7 14
1 15
8 16
9 17
17 18
17 19
11 20
15 21
9 22
22
1 2
2 3
3 4
1 5
5 6
3 7
1 8
2 9
8 10
4 11
1 12
5 13
11 14
3 15
11 16
15 17
14 18
1 19
7 20
9 21
17 22
22
1 2
2 3
1 4
2 5
4 6
6 7
6 8
7 9
9 10
10 11
11 12
9 13
10 14
8 15
5 16
9 17
13 18
4 19
10 20
11 21
5 22
22
1 2
1 3
3 4
2 5
3 6
2 7
4 8
4 9
6 10
4 11
2 12
7 13
13 14
13 15
6 16
10 17
2 18
12 19
9 20
5 21
9 22
22
1 2
1 3
3 4
1 5
3 6
1 7
3 8
5 9
8 10
3 11
1 12
9 13
6 14
10 15
14 16
9 17
16 18
4 19
1 20
13 21
10 22
22
1 2
1 3
2 4
1 5
5 6
3 7
5 8
2 9
1 10
1 11
4 12
3 13
10 14
6 15
7 16
14 17
9 18
8 19
2 20
11 21
10 22
22
1 2
2 3
2 4
2 5
2 6
2 7
4 8
2 9
9 10
9 11
2 12
9 13
4 14
2 15
9 16
14 17
5 18
1 19
19 20
16 21
18 22
22
1 2
2 3
1 4
3 5
1 6
6 7
5 8
5 9
5 10
2 11
10 12
8 13
7 14
7 15
7 16
10 17
1 18
8 19
9 20
9 21
11 22
22
1 2
1 3
2 4
1 5
5 6
3 7
5 8
3 9
4 10
3 11
2 12
1 13
3 14
11 15
2 16
1 17
8 18
12 19
2 20
6 21
12 22
22
1 2
2 3
2 4
4 5
4 6
2 7
2 8
7 9
8 10
8 11
1 12
2 13
9 14
4 15
10 16
11 17
5 18
1 19
6 20
4 21
7 22
22
1 2
2 3
3 4
3 5
3 6
5 7
4 8
3 9
1 10
2 11
3 12
2 13
11 14
10 15
14 16
11 17
13 18
12 19
5 20
12 21
14 22
22
1 2
2 3
3 4
1 5
4 6
6 7
3 8
1 9
2 10
1 11
9 12
1 13
5 14
5 15
5 16
11 17
3 18
12 19
19 20
8 21
11 22
22
1 2
2 3
1 4
4 5
4 6
3 7
6 8
6 9
8 10
8 11
4 12
7 13
9 14
2 15
13 16
16 17
1 18
1 19
14 20
2 21
14 22
22
1 2
1 3
2 4
2 5
2 6
4 7
5 8
1 9
2 10
10 11
1 12
5 13
11 14
9 15
14 16
13 17
8 18
1 19
7 20
1 21
18 22
22
1 2
2 3
3 4
4 5
2 6
1 7
4 8
7 9
5 10
5 11
3 12
12 13
10 14
6 15
1 16
3 17
8 18
4 19
5 20
1 21
17 22
22
1 2
1 3
3 4
3 5
3 6
4 7
5 8
8 9
6 10
10 11
8 12
3 13
3 14
14 15
9 16
7 17
12 18
10 19
1 20
2 21
9 22
22
1 2
2 3
1 4
1 5
1 6
4 7
6 8
2 9
9 10
8 11
9 12
9 13
7 14
1 15
5 16
7 17
11 18
7 19
4 20
18 21
11 22
22
1 2
2 3
1 4
2 5
3 6
3 7
4 8
8 9
2 10
7 11
11 12
2 13
3 14
6 15
14 16
3 17
2 18
13 19
4 20
19 21
4 22
22
1 2
1 3
1 4
2 5
5 6
2 7
7 8
8 9
3 10
10 11
7 12
1 13
12 14
14 15
2 16
15 17
9 18
10 19
9 20
1 21
17 22
22
1 2
1 3
2 4
4 5
5 6
2 7
4 8
4 9
6 10
4 11
5 12
7 13
11 14
2 15
6 16
10 17
9 18
13 19
3 20
18 21
9 22
22
1 2
1 3
1 4
2 5
4 6
2 7
6 8
2 9
4 10
3 11
5 12
10 13
7 14
13 15
14 16
14 17
11 18
12 19
8 20
16 21
5 22
22
1 2
2 3
3 4
3 5
1 6
2 7
7 8
2 9
3 10
10 11
5 12
1 13
13 14
12 15
7 16
1 17
7 18
15 19
18 20
13 21
15 22
22
1 2
2 3
1 4
1 5
3 6
6 7
3 8
5 9
2 10
5 11
5 12
1 13
1 14
11 15
2 16
12 17
12 18
3 19
15 20
5 21
15 22
22
1 2
2 3
1 4
4 5
2 6
5 7
7 8
4 9
3 10
5 11
9 12
3 13
13 14
10 15
15 16
13 17
13 18
10 19
9 20
4 21
16 22
22
1 2
2 3
2 4
4 5
1 6
4 7
6 8
6 9
6 10
10 11
11 12
9 13
4 14
6 15
10 16
15 17
8 18
10 19
19 20
5 21
6 22
22
1 2
1 3
2 4
2 5
5 6
5 7
3 8
3 9
4 10
8 11
5 12
8 13
4 14
4 15
1 16
2 17
7 18
1 19
16 20
2 21
15 22
22
1 2
1 3
3 4
4 5
3 6
3 7
6 8
8 9
8 10
4 11
11 12
6 13
6 14
7 15
8 16
6 17
16 18
18 19
12 20
18 21
9 22
22
1 2
2 3
3 4
4 5
1 6
3 7
2 8
8 9
6 10
5 11
11 12
6 13
13 14
1 15
4 16
14 17
14 18
4 19
19 20
2 21
10 22
22
1 2
1 3
3 4
2 5
3 6
3 7
5 8
2 9
2 10
10 11
4 12
9 13
10 14
3 15
4 16
1 17
8 18
14 19
11 20
5 21
13 22
22
1 2
2 3
3 4
1 5
4 6
6 7
2 8
4 9
5 10
5 11
4 12
12 13
2 14
8 15
7 16
8 17
10 18
14 19
17 20
20 21
1 22
22
1 2
1 3
1 4
4 5
5 6
6 7
6 8
8 9
7 10
2 11
7 12
12 13
12 14
4 15
14 16
9 17
2 18
9 19
4 20
7 21
5 22
22
1 2
2 3
1 4
3 5
2 6
5 7
7 8
1 9
1 10
2 11
8 12
12 13
3 14
2 15
4 16
12 17
6 18
7 19
6 20
16 21
13 22
22
1 2
1 3
3 4
2 5
4 6
2 7
5 8
4 9
9 10
7 11
3 12
7 13
11 14
9 15
2 16
16 17
11 18
3 19
4 20
1 21
19 22
22
1 2
2 3
1 4
2 5
1 6
6 7
4 8
4 9
5 10
6 11
7 12
7 13
11 14
10 15
15 16
2 17
7 18
18 19
16 20
14 21
13 22
22
1 2
2 3
1 4
1 5
2 6
4 7
4 8
7 9
1 10
1 11
5 12
9 13
11 14
5 15
2 16
2 17
13 18
15 19
8 20
12 21
15 22
22
1 2
1 3
3 4
1 5
2 6
2 7
7 8
3 9
1 10
9 11
2 12
2 13
12 14
4 15
1 16
4 17
12 18
14 19
1 20
5 21
9 22
22
1 2
1 3
2 4
4 5
1 6
1 7
5 8
5 9
5 10
8 11
9 12
7 13
13 14
3 15
8 16
3 17
15 18
14 19
1 20
13 21
17 22
22
1 2
2 3
3 4
2 5
1 6
6 7
7 8
1 9
8 10
7 11
6 12
12 13
11 14
12 15
5 16
1 17
5 18
1 19
3 20
14 21
11 22
22
1 2
2 3
2 4
2 5
1 6
6 7
6 8
8 9
1 10
2 11
7 12
6 13
8 14
6 15
7 16
9 17
1 18
1 19
13 20
11 21
2 22
22
1 2
2 3
2 4
3 5
5 6
2 7
2 8
8 9
5 10
2 11
3 12
5 13
1 14
8 15
14 16
6 17
9 18
12 19
1 20
12 21
14 22
22
1 2
1 3
1 4
1 5
3 6
3 7
7 8
6 9
3 10
10 11
4 12
9 13
1 14
14 15
2 16
10 17
10 18
14 19
9 20
2 21
16 22
22
1 2
2 3
3 4
3 5
2 6
3 7
1 8
5 9
6 10
9 11
7 12
10 13
5 14
9 15
13 16
6 17
9 18
7 19
2 20
2 21
17 22
22
1 2
2 3
2 4
3 5
1 6
4 7
4 8
2 9
3 10
4 11
3 12
10 13
4 14
6 15
4 16
2 17
7 18
12 19
14 20
17 21
7 22
22
1 2
1 3
2 4
3 5
1 6
2 7
3 8
8 9
8 10
9 11
9 12
8 13
12 14
7 15
12 16
15 17
13 18
10 19
15 20
15 21
15 22
22
1 2
2 3
2 4
1 5
1 6
6 7
7 8
3 9
5 10
1 11
3 12
10 13
3 14
12 15
11 16
3 17
16 18
15 19
1 20
10 21
5 22
22
1 2
2 3
3 4
2 5
4 6
3 7
4 8
1 9
9 10
1 11
7 12
8 13
3 14
5 15
7 16
11 17
13 18
1 19
18 20
10 21
4 22
22
1 2
2 3
2 4
1 5
4 6
4 7
6 8
3 9
3 10
2 11
7 12
3 13
11 14
6 15
9 16
13 17
16 18
15 19
2 20
13 21
7 22
22
1 2
2 3
1 4
4 5
3 6
1 7
5 8
2 9
6 10
6 11
10 12
12 13
1 14
14 15
2 16
7 17
15 18
15 19
10 20
4 21
20 22
22
1 2
2 3
3 4
3 5
1 6
1 7
4 8
2 9
8 10
4 11
11 12
11 13
9 14
12 15
14 16
1 17
14 18
1 19
11 20
12 21
18 22
22
1 2
1 3
1 4
4 5
2 6
3 7
2 8
2 9
1 10
10 11
6 12
1 13
10 14
12 15
12 16
13 17
12 18
8 19
10 20
1 21
11 22
22
1 2
2 3
1 4
2 5
3 6
2 7
5 8
1 9
9 10
6 11
6 12
8 13
3 14
4 15
11 16
10 17
2 18
16 19
8 20
5 21
2 22
22
1 2
1 3
1 4
2 5
5 6
4 7
2 8
5 9
5 10
8 11
6 12
11 13
6 14
11 15
8 16
6 17
11 18
17 19
7 20
11 21
18 22
22
1 2
1 3
3 4
4 5
2 6
6 7
2 8
3 9
2 10
1 11
11 12
9 13
1 14
10 15
10 16
8 17
7 18
11 19
14 20
17 21
2 22
22
1 2
1 3
3 4
4 5
2 6
6 7
4 8
7 9
5 10
10 11
6 12
11 13
10 14
2 15
13 16
3 17
5 18
16 19
11 20
3 21
13 22
22
1 2
1 3
1 4
1 5
4 6
3 7
5 8
6 9
8 10
3 11
1 12
12 13
2 14
4 15
13 16
12 17
8 18
4 19
10 20
2 21
2 22
22
1 2
1 3
3 4
3 5
4 6
2 7
5 8
2 9
7 10
9 11
11 12
2 13
11 14
3 15
9 16
7 17
5 18
14 19
17 20
1 21
11 22
22
1 2
2 3
3 4
2 5
2 6
6 7
1 8
6 9
9 10
9 11
5 12
4 13
7 14
8 15
7 16
6 17
14 18
3 19
17 20
18 21
19 22
22
1 2
2 3
2 4
2 5
4 6
6 7
7 8
4 9
5 10
2 11
10 12
5 13
2 14
5 15
2 16
11 17
14 18
7 19
9 20
1 21
19 22
22
1 2
1 3
3 4
3 5
3 6
6 7
5 8
5 9
6 10
3 11
3 12
4 13
6 14
10 15
12 16
5 17
11 18
4 19
16 20
8 21
1 22
22
1 2
1 3
3 4
1 5
5 6
3 7
1 8
6 9
2 10
6 11
11 12
2 13
2 14
2 15
1 16
7 17
17 18
12 19
5 20
13 21
10 22
22
1 2
2 3
1 4
4 5
4 6
4 7
5 8
1 9
2 10
1 11
8 12
1 13
5 14
7 15
3 16
7 17
15 18
6 19
5 20
5 21
16 22
22
1 2
2 3
3 4
1 5
1 6
6 7
5 8
2 9
2 10
10 11
6 12
11 13
2 14
10 15
2 16
12 17
16 18
11 19
13 20
9 21
10 22
22
1 2
1 3
3 4
1 5
1 6
1 7
1 8
2 9
7 10
6 11
3 12
3 13
5 14
6 15
3 16
12 17
14 18
12 19
18 20
10 21
1 22
22
1 2
2 3
3 4
3 5
2 6
2 7
5 8
8 9
7 10
2 11
3 12
5 13
4 14
7 15
1 16
3 17
16 18
17 19
12 20
16 21
6 22
22
1 2
1 3
2 4
4 5
5 6
3 7
6 8
8 9
9 10
7 11
8 12
10 13
4 14
11 15
1 16
8 17
14 18
12 19
12 20
9 21
9 22
22
1 2
2 3
1 4
1 5
3 6
4 7
4 8
7 9
8 10
10 11
10 12
12 13
1 14
2 15
13 16
13 17
4 18
2 19
11 20
18 21
20 22
22
1 2
1 3
2 4
4 5
5 6
6 7
3 8
5 9
8 10
6 11
4 12
5 13
4 14
7 15
13 16
7 17
6 18
15 19
14 20
5 21
10 22
22
1 2
2 3
1 4
1 5
2 6
4 7
7 8
4 9
7 10
9 11
7 12
3 13
12 14
7 15
8 16
15 17
14 18
5 19
9 20
19 21
8 22
22
1 2
2 3
1 4
2 5
4 6
2 7
6 8
7 9
5 10
10 11
7 12
1 13
1 14
10 15
8 16
4 17
7 18
6 19
10 20
2 21
8 22
22
1 2
1 3
1 4
2 5
2 6
3 7
6 8
6 9
4 10
10 11
5 12
4 13
9 14
1 15
15 16
11 17
2 18
15 19
8 20
11 21
18 22
22
1 2
2 3
2 4
1 5
1 6
4 7
7 8
5 9
8 10
9 11
4 12
7 13
12 14
4 15
15 16
12 17
5 18
6 19
12 20
3 21
6 22
22
1 2
1 3
3 4
2 5
2 6
4 7
1 8
1 9
5 10
3 11
10 12
11 13
4 14
5 15
6 16
2 17
15 18
12 19
2 20
15 21
17 22
22
1 2
1 3
1 4
4 5
5 6
4 7
1 8
7 9
4 10
6 11
5 12
8 13
6 14
12 15
7 16
8 17
3 18
17 19
6 20
4 21
8 22
22
1 2
2 3
3 4
2 5
5 6
1 7
7 8
4 9
3 10
6 11
4 12
9 13
1 14
2 15
12 16
6 17
12 18
6 19
8 20
7 21
6 22
22
1 2
2 3
2 4
4 5
3 6
6 7
6 8
6 9
8 10
5 11
6 12
1 13
9 14
5 15
13 16
9 17
7 18
8 19
19 20
10 21
10 22
22
1 2
1 3
2 4
4 5
3 6
6 7
2 8
2 9
6 10
8 11
11 12
9 13
4 14
8 15
3 16
10 17
11 18
2 19
11 20
20 21
4 22
22
1 2
1 3
1 4
2 5
3 6
4 7
5 8
8 9
6 10
9 11
3 12
5 13
10 14
7 15
12 16
12 17
10 18
15 19
14 20
3 21
3 22
22
1 2
2 3
3 4
4 5
2 6
5 7
1 8
7 9
7 10
9 11
8 12
6 13
7 14
3 15
11 16
4 17
9 18
16 19
17 20
20 21
11 22
22
1 2
2 3
2 4
4 5
3 6
6 7
4 8
7 9
5 10
5 11
1 12
12 13
4 14
1 15
13 16
5 17
13 18
11 19
8 20
2 21
13 22
22
1 2
2 3
1 4
2 5
1 6
5 7
4 8
3 9
8 10
2 11
5 12
7 13
13 14
9 15
10 16
8 17
4 18
18 19
5 20
11 21
5 22
22
1 2
2 3
3 4
2 5
4 6
4 7
6 8
4 9
5 10
2 11
5 12
7 13
11 14
2 15
1 16
10 17
16 18
5 19
14 20
17 21
17 22
22
1 2
1 3
1 4
2 5
5 6
2 7
3 8
3 9
4 10
10 11
6 12
4 13
4 14
8 15
11 16
15 17
10 18
11 19
15 20
15 21
1 22
22
1 2
2 3
1 4
2 5
3 6
2 7
2 8
6 9
9 10
6 11
5 12
3 13
7 14
4 15
14 16
11 17
15 18
12 19
1 20
10 21
14 22
22
1 2
1 3
3 4
1 5
4 6
2 7
2 8
8 9
1 10
6 11
3 12
1 13
1 14
1 15
12 16
2 17
2 18
9 19
8 20
10 21
1 22
22
1 2
1 3
1 4
2 5
4 6
3 7
2 8
2 9
7 10
5 11
9 12
11 13
4 14
2 15
12 16
2 17
2 18
10 19
13 20
13 21
12 22
22
1 2
2 3
1 4
2 5
1 6
4 7
4 8
7 9
2 10
6 11
5 12
9 13
4 14
9 15
9 16
12 17
1 18
3 19
12 20
11 21
17 22
22
1 2
2 3
2 4
1 5
1 6
2 7
4 8
3 9
1 10
6 11
11 12
6 13
3 14
7 15
3 16
11 17
17 18
18 19
19 20
10 21
3 22
22
1 2
1 3
3 4
2 5
3 6
1 7
6 8
1 9
1 10
4 11
1 12
4 13
11 14
11 15
4 16
11 17
17 18
15 19
11 20
17 21
3 22
22
1 2
2 3
1 4
4 5
1 6
4 7
1 8
4 9
4 10
1 11
8 12
4 13
5 14
11 15
12 16
10 17
17 18
3 19
14 20
18 21
16 22
22
1 2
1 3
3 4
2 5
5 6
1 7
2 8
6 9
3 10
3 11
8 12
3 13
11 14
2 15
4 16
6 17
1 18
16 19
2 20
10 21
9 22
22
1 2
2 3
2 4
3 5
3 6
1 7
6 8
7 9
4 10
9 11
10 12
9 13
9 14
2 15
4 16
7 17
10 18
6 19
18 20
18 21
14 22
22
1 2
2 3
3 4
3 5
4 6
4 7
5 8
4 9
4 10
8 11
10 12
11 13
10 14
11 15
2 16
6 17
12 18
2 19
18 20
19 21
11 22
22
1 2
1 3
3 4
4 5
1 6
5 7
1 8
4 9
8 10
7 11
11 12
5 13
12 14
12 15
15 16
7 17
17 18
4 19
2 20
7 21
8 22
22
1 2
2 3
1 4
1 5
2 6
3 7
4 8
8 9
9 10
1 11
4 12
4 13
9 14
3 15
5 16
14 17
10 18
11 19
4 20
11 21
7 22
22
1 2
2 3
1 4
4 5
3 6
6 7
7 8
2 9
1 10
5 11
11 12
10 13
4 14
5 15
3 16
13 17
5 18
2 19
12 20
19 21
5 22
22
1 2
2 3
1 4
1 5
5 6
3 7
3 8
1 9
8 10
9 11
2 12
5 13
3 14
5 15
4 16
11 17
16 18
14 19
6 20
9 21
11 22
22
1 2
1 3
1 4
1 5
5 6
1 7
7 8
3 9
6 10
4 11
7 12
3 13
8 14
6 15
4 16
3 17
16 18
17 19
9 20
20 21
11 22
22
1 2
2 3
3 4
3 5
2 6
2 7
2 8
6 9
2 10
1 11
8 12
12 13
3 14
14 15
2 16
4 17
12 18
14 19
7 20
19 21
5 22
22
1 2
2 3
3 4
2 5
1 6
1 7
4 8
5 9
2 10
5 11
2 12
7 13
10 14
13 15
2 16
10 17
11 18
14 19
7 20
11 21
17 22
22
1 2
1 3
3 4
4 5
5 6
3 7
6 8
6 9
1 10
5 11
1 12
8 13
2 14
2 15
1 16
16 17
14 18
7 19
17 20
17 21
5 22
22
1 2
2 3
2 4
3 5
4 6
5 7
3 8
6 9
6 10
2 11
5 12
2 13
2 14
14 15
9 16
11 17
8 18
15 19
4 20
2 21
3 22
22
1 2
2 3
2 4
3 5
1 6
4 7
2 8
8 9
8 10
9 11
2 12
3 13
13 14
12 15
3 16
6 17
15 18
2 19
19 20
14 21
19 22
22
1 2
1 3
2 4
1 5
4 6
2 7
3 8
1 9
6 10
3 11
9 12
3 13
12 14
7 15
15 16
10 17
14 18
7 19
4 20
15 21
7 22
22
1 2
2 3
3 4
4 5
4 6
1 7
3 8
6 9
8 10
3 11
8 12
12 13
10 14
14 15
13 16
16 17
11 18
6 19
19 20
13 21
13 22
22
1 2
2 3
2 4
3 5
2 6
1 7
7 8
2 9
6 10
7 11
11 12
12 13
9 14
7 15
5 16
14 17
3 18
6 19
10 20
6 21
16 22
22
1 2
1 3
1 4
3 5
1 6
1 7
5 8
6 9
9 10
5 11
8 12
6 13
6 14
4 15
8 16
8 17
12 18
9 19
7 20
5 21
12 22
22
1 2
1 3
1 4
4 5
3 6
3 7
1 8
8 9
6 10
2 11
4 12
8 13
2 14
5 15
15 16
13 17
11 18
16 19
3 20
12 21
1 22
22
1 2
1 3
1 4
3 5
4 6
3 7
6 8
2 9
2 10
7 11
6 12
8 13
1 14
6 15
12 16
7 17
2 18
9 19
1 20
3 21
12 22
22
1 2
2 3
3 4
3 5
1 6
1 7
5 8
5 9
7 10
3 11
7 12
7 13
1 14
11 15
11 16
11 17
2 18
8 19
19 20
12 21
5 22
22
1 2
1 3
1 4
4 5
2 6
1 7
3 8
7 9
6 10
3 11
1 12
6 13
6 14
1 15
2 16
13 17
5 18
17 19
14 20
14 21
11 22
22
1 2
2 3
1 4
1 5
3 6
5 7
1 8
7 9
2 10
2 11
3 12
1 13
8 14
10 15
14 16
13 17
4 18
7 19
10 20
19 21
8 22
22
1 2
2 3
3 4
3 5
5 6
4 7
2 8
6 9
3 10
1 11
8 12
9 13
8 14
5 15
1 16
12 17
11 18
3 19
6 20
8 21
17 22
22
1 2
2 3
2 4
1 5
4 6
5 7
3 8
6 9
7 10
10 11
5 12
8 13
12 14
14 15
11 16
15 17
1 18
2 19
19 20
11 21
9 22
22
1 2
2 3
2 4
1 5
5 6
1 7
5 8
1 9
5 10
8 11
3 12
10 13
7 14
11 15
13 16
14 17
17 18
17 19
7 20
19 21
15 22
22
1 2
1 3
2 4
3 5
2 6
2 7
1 8
4 9
7 10
10 11
10 12
12 13
7 14
12 15
14 16
10 17
5 18
3 19
5 20
10 21
3 22
22
1 2
2 3
3 4
1 5
4 6
1 7
4 8
1 9
5 10
3 11
1 12
12 13
5 14
9 15
15 16
16 17
10 18
8 19
17 20
16 21
4 22
22
1 2
1 3
1 4
2 5
4 6
5 7
6 8
1 9
1 10
7 11
7 12
7 13
1 14
2 15
2 16
14 17
9 18
7 19
8 20
3 21
16 22
22
1 2
2 3
2 4
4 5
2 6
6 7
7 8
5 9
6 10
4 11
1 12
9 13
10 14
7 15
8 16
14 17
3 18
4 19
4 20
17 21
10 22
22
1 2
2 3
1 4
1 5
2 6
4 7
6 8
3 9
9 10
3 11
7 12
5 13
12 14
9 15
5 16
13 17
9 18
8 19
6 20
9 21
1 22
22
1 2
2 3
3 4
1 5
2 6
1 7
2 8
8 9
4 10
10 11
4 12
5 13
1 14
7 15
8 16
2 17
12 18
5 19
13 20
2 21
17 22
22
1 2
2 3
3 4
1 5
4 6
5 7
1 8
3 9
9 10
7 11
4 12
6 13
10 14
12 15
15 16
10 17
10 18
4 19
10 20
3 21
17 22
22
1 2
1 3
3 4
4 5
4 6
6 7
6 8
4 9
1 10
4 11
4 12
2 13
2 14
1 15
11 16
12 17
1 18
16 19
18 20
19 21
1 22
22
1 2
1 3
3 4
1 5
2 6
2 7
5 8
2 9
2 10
5 11
11 12
7 13
9 14
5 15
12 16
5 17
9 18
11 19
6 20
13 21
2 22
22
1 2
1 3
2 4
4 5
4 6
3 7
6 8
5 9
2 10
6 11
8 12
1 13
4 14
8 15
1 16
8 17
13 18
8 19
13 20
6 21
10 22
22
1 2
1 3
3 4
1 5
5 6
3 7
7 8
2 9
2 10
9 11
4 12
1 13
6 14
9 15
3 16
14 17
9 18
13 19
16 20
7 21
6 22
22
1 2
2 3
3 4
3 5
3 6
5 7
1 8
4 9
9 10
3 11
4 12
6 13
4 14
6 15
10 16
7 17
4 18
14 19
1 20
10 21
15 22
22
1 2
1 3
1 4
1 5
5 6
4 7
6 8
3 9
8 10
5 11
4 12
9 13
13 14
13 15
10 16
11 17
13 18
11 19
5 20
8 21
1 22
22
1 2
2 3
1 4
3 5
1 6
6 7
3 8
5 9
8 10
5 11
7 12
8 13
13 14
9 15
7 16
8 17
16 18
13 19
18 20
15 21
2 22
22
1 2
1 3
1 4
3 5
3 6
6 7
5 8
8 9
2 10
9 11
10 12
5 13
7 14
10 15
5 16
2 17
6 18
7 19
14 20
5 21
12 22
22
1 2
1 3
3 4
3 5
3 6
6 7
6 8
3 9
6 10
4 11
4 12
4 13
3 14
8 15
14 16
4 17
14 18
13 19
5 20
9 21
21 22
22
1 2
2 3
3 4
2 5
1 6
1 7
4 8
3 9
2 10
4 11
6 12
11 13
12 14
10 15
12 16
12 17
3 18
15 19
4 20
15 21
5 22
22
1 2
1 3
2 4
4 5
3 6
1 7
1 8
6 9
7 10
1 11
8 12
9 13
13 14
5 15
1 16
2 17
15 18
12 19
18 20
5 21
10 22
22
1 2
2 3
2 4
2 5
1 6
2 7
6 8
5 9
7 10
9 11
6 12
10 13
10 14
12 15
9 16
8 17
9 18
5 19
7 20
11 21
14 22
22
1 2
1 3
2 4
3 5
2 6
5 7
2 8
4 9
2 10
10 11
11 12
8 13
7 14
2 15
6 16
14 17
13 18
7 19
9 20
20 21
10 22
22
1 2
2 3
3 4
4 5
4 6
3 7
6 8
1 9
2 10
4 11
8 12
1 13
1 14
2 15
9 16
1 17
2 18
7 19
19 20
19 21
4 22
22
1 2
2 3
2 4
1 5
2 6
5 7
1 8
1 9
3 10
9 11
4 12
3 13
9 14
11 15
8 16
15 17
4 18
17 19
19 20
17 21
17 22
22
1 2
2 3
3 4
3 5
4 6
5 7
2 8
7 9
8 10
9 11
9 12
3 13
9 14
13 15
9 16
8 17
1 18
13 19
18 20
14 21
4 22
22
1 2
1 3
2 4
4 5
4 6
6 7
1 8
6 9
9 10
1 11
3 12
11 13
8 14
2 15
12 16
2 17
15 18
9 19
16 20
9 21
7 22
22
1 2
1 3
2 4
4 5
2 6
1 7
2 8
1 9
8 10
2 11
9 12
11 13
6 14
3 15
7 16
14 17
16 18
10 19
18 20
17 21
10 22
22
1 2
2 3
3 4
2 5
1 6
2 7
2 8
6 9
6 10
8 11
10 12
8 13
8 14
7 15
2 16
15 17
5 18
11 19
6 20
17 21
13 22
22
1 2
2 3
3 4
2 5
2 6
2 7
2 8
2 9
2 10
4 11
7 12
10 13
6 14
6 15
7 16
10 17
12 18
13 19
4 20
10 21
13 22
22
1 2
2 3
3 4
4 5
2 6
4 7
4 8
2 9
9 10
8 11
11 12
4 13
5 14
8 15
7 16
1 17
14 18
11 19
15 20
15 21
5 22
22
1 2
1 3
3 4
4 5
2 6
4 7
3 8
3 9
8 10
8 11
1 12
6 13
1 14
4 15
3 16
12 17
8 18
17 19
19 20
4 21
15 22
22
1 2
1 3
2 4
2 5
4 6
3 7
5 8
1 9
5 10
9 11
1 12
12 13
12 14
8 15
2 16
7 17
14 18
6 19
3 20
7 21
3 22
22
1 2
1 3
1 4
1 5
2 6
5 7
5 8
5 9
6 10
5 11
8 12
10 13
1 14
5 15
7 16
11 17
7 18
14 19
19 20
17 21
21 22
22
1 2
1 3
1 4
2 5
2 6
4 7
7 8
7 9
9 10
2 11
5 12
8 13
12 14
6 15
2 16
7 17
5 18
15 19
5 20
17 21
16 22
22
1 2
2 3
1 4
4 5
5 6
5 7
4 8
6 9
6 10
10 11
11 12
11 13
7 14
10 15
10 16
5 17
15 18
4 19
2 20
6 21
3 22
22
1 2
1 3
3 4
3 5
5 6
2 7
2 8
7 9
2 10
5 11
9 12
10 13
9 14
9 15
10 16
4 17
16 18
8 19
8 20
2 21
13 22
22
1 2
2 3
3 4
2 5
2 6
5 7
4 8
2 9
7 10
9 11
2 12
11 13
7 14
7 15
1 16
16 17
8 18
5 19
3 20
11 21
21 22
22
1 2
2 3
2 4
3 5
1 6
5 7
4 8
6 9
2 10
4 11
6 12
12 13
6 14
13 15
4 16
7 17
6 18
4 19
3 20
2 21
9 22
22
1 2
1 3
1 4
2 5
5 6
3 7
7 8
5 9
2 10
7 11
3 12
8 13
6 14
9 15
15 16
3 17
10 18
14 19
7 20
8 21
16 22
22
1 2
1 3
3 4
2 5
2 6
3 7
4 8
6 9
1 10
9 11
2 12
4 13
3 14
11 15
4 16
16 17
12 18
6 19
4 20
1 21
12 22
22
1 2
2 3
1 4
4 5
2 6
6 7
5 8
2 9
9 10
10 11
7 12
3 13
2 14
7 15
1 16
11 17
8 18
3 19
6 20
5 21
6 22
22
1 2
2 3
2 4
2 5
1 6
6 7
4 8
6 9
7 10
8 11
10 12
11 13
7 14
9 15
3 16
6 17
5 18
12 19
13 20
15 21
9 22
22
1 2
2 3
1 4
3 5
4 6
3 7
3 8
8 9
4 10
2 11
2 12
12 13
3 14
4 15
8 16
6 17
13 18
2 19
5 20
3 21
16 22
22
1 2
1 3
1 4
4 5
1 6
4 7
5 8
8 9
4 10
8 11
1 12
7 13
9 14
2 15
9 16
8 17
6 18
17 19
6 20
12 21
6 22
22
1 2
2 3
1 4
2 5
5 6
1 7
2 8
1 9
6 10
1 11
5 12
1 13
8 14
10 15
11 16
14 17
11 18
1 19
4 20
8 21
21 22
22
1 2
1 3
2 4
4 5
5 6
2 7
7 8
1 9
1 10
3 11
11 12
1 13
6 14
2 15
14 16
8 17
8 18
17 19
14 20
7 21
1 22
22
1 2
1 3
1 4
1 5
2 6
4 7
7 8
1 9
6 10
2 11
10 12
5 13
12 14
10 15
9 16
4 17
11 18
4 19
11 20
8 21
17 22
22
1 2
1 3
3 4
2 5
3 6
6 7
6 8
4 9
2 10
7 11
5 12
5 13
12 14
3 15
3 16
2 17
13 18
1 19
8 20
20 21
1 22
22
1 2
1 3
2 4
3 5
4 6
5 7
4 8
7 9
4 10
1 11
8 12
3 13
6 14
14 15
13 16
13 17
15 18
8 19
7 20
3 21
21 22
22
1 2
1 3
3 4
1 5
4 6
1 7
2 8
1 9
3 10
5 11
11 12
5 13
5 14
7 15
11 16
8 17
16 18
9 19
6 20
20 21
4 22
22
1 2
1 3
2 4
2 5
2 6
2 7
7 8
4 9
1 10
3 11
1 12
12 13
9 14
3 15
14 16
15 17
3 18
12 19
5 20
1 21
18 22
22
1 2
1 3
3 4
1 5
1 6
1 7
3 8
7 9
8 10
3 11
1 12
12 13
5 14
1 15
12 16
12 17
13 18
6 19
11 20
1 21
17 22
22
1 2
1 3
2 4
1 5
4 6
3 7
4 8
3 9
3 10
4 11
11 12
2 13
2 14
11 15
3 16
10 17
16 18
1 19
8 20
14 21
21 22
22
1 2
2 3
1 4
1 5
2 6
3 7
5 8
2 9
4 10
1 11
2 12
1 13
1 14
14 15
2 16
8 17
17 18
10 19
15 20
8 21
3 22
22
1 2
1 3
2 4
4 5
3 6
5 7
2 8
5 9
7 10
7 11
1 12
6 13
10 14
14 15
4 16
6 17
14 18
15 19
8 20
8 21
4 22
22
1 2
1 3
2 4
2 5
4 6
4 7
7 8
5 9
4 10
4 11
8 12
10 13
4 14
6 15
6 16
3 17
5 18
10 19
16 20
6 21
18 22
22
1 2
2 3
2 4
3 5
3 6
3 7
3 8
6 9
1 10
5 11
11 12
2 13
10 14
7 15
2 16
4 17
16 18
17 19
7 20
19 21
2 22
22
1 2
1 3
1 4
2 5
1 6
6 7
5 8
2 9
2 10
3 11
6 12
10 13
2 14
6 15
5 16
13 17
11 18
7 19
19 20
19 21
10 22
22
1 2
2 3
1 4
2 5
5 6
3 7
7 8
3 9
2 10
3 11
7 12
8 13
6 14
4 15
13 16
7 17
16 18
10 19
11 20
9 21
9 22
22
1 2
1 3
3 4
3 5
2 6
1 7
7 8
6 9
5 10
6 11
7 12
6 13
6 14
2 15
1 16
10 17
15 18
18 19
3 20
17 21
10 22
22
1 2
1 3
1 4
2 5
1 6
1 7
7 8
2 9
2 10
7 11
4 12
7 13
11 14
8 15
15 16
9 17
1 18
16 19
15 20
13 21
4 22
22
1 2
1 3
3 4
3 5
1 6
1 7
4 8
2 9
8 10
3 11
9 12
7 13
6 14
4 15
12 16
2 17
8 18
2 19
8 20
12 21
3 22
22
1 2
1 3
1 4
2 5
2 6
3 7
4 8
5 9
8 10
5 11
7 12
2 13
1 14
6 15
9 16
8 17
9 18
17 19
11 20
12 21
5 22
22
1 2
2 3
3 4
2 5
5 6
6 7
4 8
7 9
9 10
2 11
5 12
8 13
1 14
8 15
9 16
16 17
10 18
15 19
15 20
9 21
10 22
22
1 2
1 3
3 4
1 5
4 6
6 7
7 8
7 9
4 10
8 11
10 12
8 13
7 14
6 15
1 16
12 17
14 18
5 19
16 20
1 21
18 22
22
1 2
2 3
3 4
4 5
3 6
2 7
2 8
1 9
9 10
4 11
2 12
1 13
7 14
8 15
6 16
15 17
1 18
12 19
1 20
15 21
20 22
22
1 2
1 3
2 4
4 5
2 6
2 7
1 8
7 9
1 10
1 11
3 12
5 13
9 14
9 15
10 16
15 17
16 18
5 19
15 20
14 21
6 22
22
1 2
1 3
3 4
1 5
3 6
1 7
4 8
6 9
3 10
10 11
10 12
7 13
12 14
5 15
9 16
1 17
11 18
8 19
14 20
9 21
6 22
22
1 2
1 3
3 4
1 5
2 6
2 7
5 8
7 9
8 10
6 11
1 12
12 13
4 14
3 15
6 16
15 17
15 18
15 19
16 20
19 21
10 22
22
1 2
1 3
3 4
2 5
5 6
5 7
5 8
1 9
1 10
6 11
11 12
9 13
7 14
13 15
15 16
6 17
8 18
14 19
8 20
18 21
2 22
22
1 2
2 3
3 4
2 5
1 6
3 7
3 8
4 9
4 10
8 11
8 12
3 13
7 14
12 15
4 16
7 17
12 18
10 19
14 20
2 21
8 22
22
1 2
2 3
1 4
4 5
5 6
3 7
3 8
1 9
3 10
1 11
10 12
10 13
13 14
7 15
10 16
12 17
17 18
16 19
10 20
7 21
8 22
22
1 2
2 3
3 4
4 5
3 6
4 7
4 8
7 9
8 10
4 11
3 12
7 13
13 14
12 15
2 16
9 17
14 18
16 19
16 20
16 21
3 22
22
1 2
2 3
2 4
1 5
1 6
3 7
3 8
1 9
6 10
10 11
5 12
11 13
5 14
11 15
3 16
9 17
12 18
15 19
10 20
19 21
7 22
22
1 2
1 3
3 4
2 5
5 6
4 7
6 8
5 9
5 10
9 11
2 12
4 13
5 14
6 15
12 16
5 17
13 18
13 19
10 20
17 21
8 22
22
1 2
2 3
1 4
1 5
4 6
6 7
2 8
2 9
1 10
5 11
10 12
5 13
8 14
8 15
6 16
2 17
4 18
5 19
10 20
12 21
3 22
22
1 2
2 3
3 4
3 5
3 6
2 7
2 8
8 9
3 10
5 11
9 12
1 13
5 14
5 15
7 16
3 17
17 18
12 19
19 20
15 21
20 22
22
1 2
2 3
3 4
2 5
1 6
1 7
1 8
3 9
9 10
1 11
6 12
6 13
11 14
9 15
6 16
12 17
13 18
7 19
7 20
12 21
9 22
22
1 2
2 3
3 4
4 5
4 6
4 7
4 8
4 9
8 10
1 11
9 12
12 13
8 14
7 15
14 16
11 17
17 18
17 19
10 20
17 21
1 22
22
1 2
1 3
3 4
3 5
4 6
4 7
2 8
2 9
7 10
7 11
2 12
2 13
9 14
14 15
6 16
3 17
10 18
9 19
9 20
16 21
10 22
22
1 2
2 3
3 4
4 5
1 6
1 7
5 8
1 9
6 10
6 11
11 12
3 13
6 14
3 15
15 16
2 17
3 18
12 19
10 20
12 21
18 22
22
1 2
1 3
3 4
4 5
1 6
2 7
1 8
6 9
1 10
5 11
2 12
11 13
9 14
1 15
9 16
7 17
7 18
16 19
3 20
14 21
2 22
22
1 2
2 3
3 4
4 5
2 6
4 7
3 8
3 9
2 10
8 11
2 12
3 13
4 14
6 15
14 16
13 17
16 18
7 19
2 20
11 21
18 22
22
1 2
2 3
1 4
1 5
5 6
6 7
5 8
6 9
3 10
2 11
1 12
7 13
6 14
8 15
13 16
6 17
4 18
3 19
5 20
12 21
12 22
22
1 2
1 3
3 4
4 5
3 6
3 7
2 8
4 9
4 10
9 11
5 12
10 13
13 14
1 15
6 16
5 17
16 18
16 19
5 20
15 21
21 22
22
1 2
1 3
3 4
4 5
4 6
6 7
6 8
2 9
6 10
1 11
4 12
2 13
6 14
10 15
13 16
4 17
6 18
16 19
10 20
6 21
17 22
22
1 2
1 3
1 4
3 5
4 6
5 7
7 8
4 9
9 10
1 11
9 12
5 13
5 14
4 15
8 16
10 17
11 18
5 19
12 20
13 21
12 22
22
1 2
2 3
1 4
3 5
1 6
1 7
3 8
6 9
8 10
4 11
3 12
7 13
6 14
9 15
9 16
13 17
12 18
2 19
14 20
2 21
12 22
22
1 2
1 3
1 4
4 5
4 6
3 7
4 8
3 9
2 10
1 11
5 12
10 13
10 14
12 15
13 16
7 17
17 18
9 19
15 20
6 21
1 22
22
1 2
1 3
2 4
1 5
1 6
1 7
5 8
1 9
2 10
4 11
3 12
1 13
2 14
14 15
12 16
1 17
9 18
4 19
1 20
17 21
7 22
22
1 2
2 3
2 4
1 5
3 6
4 7
3 8
6 9
9 10
3 11
7 12
2 13
7 14
5 15
8 16
14 17
11 18
16 19
6 20
13 21
8 22
22
1 2
1 3
2 4
2 5
1 6
6 7
3 8
4 9
4 10
8 11
6 12
8 13
7 14
12 15
3 16
10 17
6 18
8 19
14 20
3 21
14 22
22
1 2
2 3
1 4
1 5
1 6
1 7
7 8
6 9
8 10
9 11
11 12
4 13
13 14
6 15
5 16
16 17
15 18
12 19
17 20
17 21
16 22
22
1 2
2 3
1 4
2 5
4 6
6 7
5 8
6 9
9 10
1 11
4 12
8 13
1 14
10 15
8 16
10 17
7 18
9 19
8 20
12 21
4 22
22
1 2
1 3
2 4
4 5
1 6
4 7
5 8
8 9
9 10
8 11
7 12
4 13
4 14
13 15
7 16
11 17
17 18
7 19
10 20
5 21
5 22
22
1 2
2 3
1 4
4 5
4 6
3 7
4 8
4 9
4 10
6 11
8 12
4 13
4 14
2 15
1 16
6 17
13 18
2 19
4 20
2 21
3 22
22
1 2
2 3
2 4
3 5
4 6
5 7
3 8
4 9
5 10
3 11
5 12
7 13
11 14
1 15
1 16
2 17
11 18
8 19
14 20
11 21
17 22
22
1 2
1 3
2 4
2 5
3 6
2 7
4 8
2 9
8 10
6 11
2 12
5 13
4 14
8 15
8 16
9 17
1 18
4 19
7 20
11 21
2 22
22
1 2
1 3
3 4
3 5
4 6
2 7
7 8
3 9
7 10
2 11
2 12
11 13
4 14
8 15
8 16
5 17
15 18
12 19
7 20
16 21
3 22
22
1 2
1 3
1 4
2 5
1 6
1 7
4 8
2 9
7 10
1 11
8 12
9 13
8 14
9 15
5 16
12 17
15 18
18 19
5 20
5 21
17 22
22
1 2
2 3
3 4
2 5
5 6
3 7
6 8
7 9
9 10
10 11
8 12
1 13
3 14
12 15
5 16
13 17
7 18
3 19
4 20
11 21
2 22
22
1 2
1 3
2 4
3 5
5 6
1 7
5 8
4 9
1 10
2 11
4 12
1 13
8 14
4 15
15 16
5 17
14 18
18 19
16 20
18 21
13 22
22
1 2
1 3
2 4
2 5
5 6
4 7
3 8
3 9
4 10
5 11
7 12
11 13
9 14
1 15
12 16
2 17
10 18
8 19
5 20
17 21
4 22
22
1 2
2 3
2 4
3 5
4 6
3 7
4 8
3 9
9 10
10 11
4 12
10 13
11 14
13 15
3 16
3 17
7 18
2 19
2 20
4 21
10 22
22
1 2
1 3
1 4
3 5
4 6
2 7
5 8
8 9
8 10
10 11
6 12
12 13
7 14
2 15
15 16
10 17
11 18
16 19
3 20
7 21
4 22
22
1 2
1 3
2 4
4 5
5 6
3 7
6 8
3 9
9 10
2 11
10 12
6 13
9 14
12 15
3 16
11 17
3 18
11 19
13 20
15 21
9 22
22
1 2
1 3
2 4
1 5
3 6
3 7
2 8
8 9
2 10
9 11
10 12
8 13
7 14
9 15
2 16
3 17
17 18
18 19
15 20
12 21
9 22
22
1 2
1 3
2 4
3 5
2 6
2 7
4 8
3 9
9 10
3 11
2 12
3 13
7 14
5 15
3 16
12 17
16 18
5 19
19 20
1 21
6 22
22
1 2
1 3
3 4
2 5
5 6
6 7
5 8
8 9
7 10
4 11
3 12
6 13
8 14
13 15
2 16
16 17
17 18
14 19
16 20
10 21
21 22
22
1 2
1 3
2 4
4 5
2 6
3 7
5 8
8 9
3 10
4 11
3 12
11 13
7 14
10 15
3 16
2 17
11 18
1 19
1 20
1 21
10 22
22
1 2
1 3
3 4
2 5
5 6
5 7
3 8
3 9
2 10
9 11
3 12
3 13
8 14
9 15
1 16
7 17
12 18
11 19
1 20
16 21
3 22
22
1 2
1 3
3 4
4 5
4 6
5 7
4 8
5 9
2 10
1 11
6 12
11 13
5 14
14 15
1 16
3 17
8 18
9 19
8 20
17 21
9 22
22
1 2
1 3
1 4
2 5
5 6
6 7
2 8
4 9
2 10
1 11
1 12
5 13
1 14
12 15
14 16
4 17
4 18
9 19
16 20
20 21
13 22
22
1 2
1 3
3 4
1 5
1 6
4 7
4 8
7 9
7 10
8 11
6 12
4 13
4 14
10 15
13 16
13 17
6 18
8 19
2 20
18 21
21 22
22
1 2
2 3
1 4
4 5
1 6
3 7
4 8
6 9
7 10
8 11
1 12
7 13
2 14
1 15
14 16
11 17
5 18
12 19
8 20
10 21
9 22
22
1 2
1 3
1 4
1 5
2 6
1 7
7 8
2 9
3 10
2 11
4 12
8 13
5 14
6 15
2 16
16 17
3 18
17 19
5 20
3 21
10 22
22
1 2
2 3
1 4
1 5
5 6
4 7
5 8
5 9
7 10
10 11
2 12
11 13
5 14
12 15
10 16
13 17
15 18
2 19
13 20
18 21
6 22
22
1 2
1 3
2 4
4 5
1 6
1 7
1 8
6 9
5 10
3 11
5 12
7 13
1 14
12 15
10 16
13 17
4 18
8 19
2 20
3 21
7 22
22
1 2
1 3
1 4
3 5
1 6
2 7
3 8
1 9
8 10
8 11
7 12
9 13
4 14
5 15
15 16
8 17
10 18
11 19
10 20
1 21
12 22
22
1 2
1 3
1 4
1 5
1 6
2 7
1 8
1 9
1 10
8 11
8 12
11 13
5 14
2 15
6 16
8 17
11 18
11 19
9 20
20 21
9 22
22
1 2
2 3
3 4
3 5
4 6
5 7
3 8
6 9
3 10
5 11
7 12
12 13
6 14
11 15
2 16
8 17
4 18
16 19
13 20
10 21
10 22
22
1 2
2 3
3 4
1 5
2 6
5 7
5 8
7 9
1 10
1 11
5 12
4 13
1 14
11 15
5 16
11 17
13 18
4 19
17 20
14 21
15 22
22
1 2
2 3
1 4
1 5
4 6
4 7
5 8
4 9
2 10
1 11
10 12
12 13
3 14
9 15
10 16
16 17
8 18
9 19
1 20
11 21
8 22
22
1 2
2 3
3 4
3 5
4 6
5 7
5 8
2 9
7 10
10 11
1 12
12 13
7 14
2 15
2 16
9 17
13 18
14 19
1 20
14 21
9 22
22
1 2
2 3
2 4
1 5
5 6
4 7
3 8
1 9
3 10
7 11
3 12
2 13
2 14
14 15
9 16
8 17
4 18
3 19
4 20
17 21
10 22
22
1 2
2 3
2 4
2 5
4 6
1 7
5 8
4 9
6 10
5 11
4 12
3 13
4 14
5 15
11 16
11 17
13 18
14 19
1 20
14 21
18 22
22
1 2
1 3
3 4
2 5
1 6
5 7
4 8
7 9
7 10
2 11
9 12
10 13
8 14
12 15
5 16
12 17
8 18
3 19
19 20
11 21
12 22
22
1 2
1 3
3 4
3 5
3 6
1 7
1 8
8 9
2 10
8 11
8 12
6 13
7 14
8 15
7 16
15 17
4 18
13 19
4 20
11 21
16 22
22
1 2
2 3
2 4
2 5
5 6
6 7
7 8
8 9
2 10
1 11
11 12
6 13
7 14
13 15
6 16
8 17
14 18
6 19
1 20
13 21
13 22
22
1 2
1 3
2 4
1 5
5 6
4 7
4 8
2 9
9 10
1 11
5 12
5 13
8 14
8 15
13 16
7 17
9 18
9 19
9 20
16 21
16 22
22
1 2
2 3
3 4
3 5
1 6
2 7
6 8
5 9
7 10
1 11
11 12
3 13
1 14
1 15
10 16
1 17
17 18
18 19
9 20
10 21
3 22
22
1 2
2 3
2 4
3 5
2 6
2 7
1 8
4 9
2 10
7 11
5 12
11 13
12 14
12 15
2 16
4 17
6 18
13 19
19 20
17 21
3 22
22
1 2
2 3
2 4
1 5
5 6
2 7
5 8
2 9
4 10
10 11
10 12
10 13
8 14
7 15
12 16
10 17
3 18
17 19
19 20
14 21
15 22
22
1 2
1 3
3 4
2 5
2 6
4 7
4 8
1 9
6 10
3 11
4 12
11 13
8 14
10 15
2 16
10 17
4 18
9 19
8 20
3 21
5 22
22
1 2
2 3
3 4
1 5
1 6
1 7
2 8
1 9
5 10
8 11
2 12
12 13
8 14
9 15
6 16
2 17
5 18
14 19
8 20
13 21
20 22
22
1 2
2 3
1 4
3 5
5 6
2 7
6 8
2 9
4 10
1 11
4 12
7 13
8 14
10 15
15 16
7 17
8 18
9 19
17 20
1 21
10 22
22
1 2
2 3
3 4
2 5
2 6
3 7
5 8
6 9
4 10
6 11
11 12
11 13
6 14
13 15
6 16
13 17
4 18
4 19
8 20
3 21
20 22
22
1 2
2 3
2 4
2 5
1 6
1 7
1 8
3 9
8 10
5 11
6 12
8 13
9 14
7 15
12 16
2 17
9 18
2 19
3 20
14 21
8 22
22
1 2
2 3
3 4
1 5
4 6
4 7
1 8
7 9
4 10
8 11
4 12
2 13
6 14
9 15
3 16
3 17
10 18
3 19
5 20
9 21
17 22
22
1 2
2 3
2 4
3 5
2 6
6 7
7 8
4 9
4 10
8 11
7 12
11 13
2 14
11 15
5 16
1 17
4 18
8 19
11 20
5 21
19 22
22
1 2
2 3
3 4
3 5
3 6
3 7
1 8
1 9
3 10
5 11
6 12
7 13
4 14
8 15
6 16
12 17
5 18
9 19
17 20
7 21
1 22
22
1 2
1 3
3 4
4 5
1 6
5 7
3 8
3 9
7 10
5 11
8 12
4 13
8 14
3 15
1 16
16 17
6 18
1 19
1 20
1 21
16 22
22
1 2
1 3
1 4
1 5
3 6
4 7
4 8
3 9
2 10
9 11
11 12
5 13
11 14
8 15
3 16
15 17
13 18
15 19
5 20
20 21
4 22
22
1 2
2 3
2 4
2 5
3 6
4 7
4 8
5 9
4 10
2 11
1 12
11 13
8 14
12 15
6 16
7 17
12 18
17 19
19 20
5 21
15 22
22
1 2
2 3
2 4
2 5
2 6
2 7
1 8
6 9
7 10
5 11
7 12
8 13
2 14
3 15
15 16
10 17
6 18
9 19
9 20
13 21
15 22
22
1 2
2 3
2 4
4 5
2 6
2 7
3 8
7 9
9 10
9 11
7 12
9 13
11 14
4 15
13 16
7 17
1 18
11 19
15 20
12 21
16 22
22
1 2
2 3
2 4
2 5
3 6
1 7
7 8
5 9
7 10
3 11
6 12
12 13
13 14
5 15
9 16
2 17
11 18
5 19
15 20
19 21
17 22
22
1 2
2 3
2 4
1 5
3 6
3 7
6 8
2 9
7 10
5 11
8 12
5 13
12 14
3 15
9 16
10 17
10 18
2 19
12 20
2 21
21 22
22
1 2
2 3
1 4
4 5
4 6
5 7
6 8
1 9
5 10
1 11
9 12
3 13
5 14
1 15
15 16
11 17
7 18
16 19
10 20
7 21
11 22
22
1 2
1 3
2 4
2 5
4 6
3 7
5 8
1 9
7 10
8 11
7 12
12 13
3 14
6 15
7 16
14 17
11 18
13 19
17 20
14 21
18 22
22
1 2
1 3
1 4
3 5
4 6
6 7
5 8
2 9
8 10
6 11
6 12
8 13
6 14
2 15
1 16
16 17
8 18
6 19
9 20
6 21
17 22
22
1 2
2 3
3 4
3 5
3 6
3 7
1 8
7 9
1 10
8 11
8 12
9 13
2 14
7 15
10 16
3 17
13 18
15 19
10 20
13 21
2 22
22
1 2
2 3
2 4
4 5
4 6
5 7
7 8
8 9
7 10
10 11
10 12
10 13
6 14
2 15
13 16
15 17
5 18
5 19
2 20
6 21
16 22
22
1 2
1 3
3 4
1 5
5 6
4 7
2 8
3 9
8 10
3 11
8 12
5 13
6 14
13 15
14 16
9 17
7 18
7 19
18 20
14 21
18 22
22
1 2
1 3
1 4
2 5
5 6
4 7
3 8
6 9
8 10
7 11
11 12
7 13
2 14
2 15
3 16
13 17
16 18
6 19
11 20
5 21
10 22
22
1 2
2 3
2 4
4 5
4 6
6 7
2 8
8 9
2 10
3 11
7 12
6 13
3 14
12 15
1 16
8 17
6 18
15 19
11 20
17 21
15 22
22
1 2
2 3
2 4
4 5
1 6
4 7
1 8
3 9
7 10
4 11
2 12
12 13
8 14
7 15
10 16
15 17
17 18
13 19
18 20
8 21
8 22
22
1 2
1 3
3 4
2 5
5 6
4 7
3 8
5 9
1 10
4 11
11 12
12 13
12 14
9 15
10 16
16 17
6 18
10 19
15 20
15 21
9 22
22
1 2
2 3
2 4
3 5
3 6
4 7
3 8
6 9
7 10
1 11
7 12
5 13
6 14
3 15
9 16
5 17
13 18
8 19
15 20
20 21
21 22
22
1 2
1 3
3 4
3 5
4 6
6 7
1 8
6 9
6 10
7 11
8 12
4 13
12 14
1 15
7 16
14 17
14 18
7 19
1 20
7 21
16 22
22
1 2
2 3
1 4
4 5
2 6
4 7
3 8
7 9
4 10
5 11
5 12
1 13
11 14
7 15
15 16
4 17
14 18
12 19
19 20
6 21
4 22
22
1 2
2 3
1 4
1 5
5 6
2 7
3 8
3 9
6 10
10 11
9 12
8 13
2 14
8 15
15 16
3 17
2 18
6 19
14 20
16 21
19 22
22
1 2
1 3
2 4
3 5
3 6
5 7
5 8
8 9
2 10
2 11
10 12
3 13
10 14
6 15
11 16
2 17
2 18
10 19
1 20
19 21
4 22
22
1 2
1 3
2 4
2 5
5 6
3 7
3 8
8 9
8 10
1 11
7 12
8 13
12 14
13 15
12 16
2 17
3 18
12 19
16 20
1 21
16 22
22
1 2
2 3
3 4
4 5
3 6
3 7
7 8
4 9
4 10
10 11
5 12
9 13
6 14
11 15
9 16
6 17
9 18
18 19
8 20
8 21
19 22
22
1 2
1 3
2 4
4 5
5 6
2 7
2 8
2 9
7 10
5 11
4 12
3 13
7 14
3 15
13 16
4 17
12 18
14 19
9 20
19 21
12 22
22
1 2
1 3
3 4
4 5
4 6
2 7
4 8
3 9
9 10
10 11
4 12
2 13
3 14
14 15
13 16
13 17
6 18
10 19
8 20
18 21
10 22
22
1 2
1 3
3 4
2 5
3 6
4 7
3 8
8 9
2 10
9 11
4 12
8 13
7 14
5 15
4 16
8 17
5 18
14 19
4 20
10 21
16 22
22
1 2
1 3
1 4
4 5
1 6
2 7
1 8
2 9
7 10
2 11
6 12
9 13
2 14
13 15
6 16
16 17
11 18
6 19
12 20
4 21
18 22
22
1 2
1 3
2 4
2 5
5 6
6 7
4 8
4 9
9 10
6 11
11 12
4 13
5 14
8 15
4 16
13 17
12 18
16 19
11 20
3 21
16 22
22
1 2
2 3
1 4
1 5
3 6
2 7
2 8
5 9
2 10
3 11
11 12
2 13
9 14
7 15
7 16
16 17
15 18
14 19
19 20
3 21
5 22
22
1 2
1 3
2 4
3 5
3 6
4 7
4 8
5 9
1 10
9 11
2 12
1 13
1 14
7 15
13 16
1 17
17 18
8 19
7 20
10 21
9 22
22
1 2
2 3
1 4
1 5
5 6
3 7
7 8
8 9
4 10
6 11
10 12
5 13
11 14
7 15
5 16
6 17
3 18
17 19
3 20
11 21
18 22
22
1 2
2 3
3 4
2 5
5 6
5 7
5 8
2 9
4 10
6 11
2 12
12 13
12 14
6 15
15 16
8 17
4 18
7 19
16 20
20 21
17 22
22
1 2
2 3
2 4
3 5
3 6
3 7
2 8
8 9
6 10
9 11
3 12
8 13
5 14
8 15
8 16
2 17
9 18
11 19
3 20
5 21
1 22
22
1 2
1 3
3 4
3 5
4 6
6 7
6 8
7 9
5 10
7 11
9 12
1 13
3 14
4 15
11 16
8 17
1 18
15 19
6 20
17 21
3 22
22
1 2
1 3
2 4
2 5
4 6
4 7
2 8
1 9
6 10
4 11
6 12
12 13
7 14
8 15
10 16
12 17
1 18
16 19
18 20
20 21
4 22
22
1 2
2 3
3 4
3 5
2 6
6 7
5 8
6 9
5 10
10 11
1 12
9 13
11 14
13 15
14 16
16 17
8 18
9 19
14 20
17 21
16 22
22
1 2
2 3
2 4
2 5
5 6
4 7
1 8
5 9
5 10
8 11
6 12
11 13
3 14
4 15
1 16
9 17
7 18
15 19
8 20
3 21
7 22
22
1 2
2 3
3 4
1 5
5 6
2 7
2 8
3 9
7 10
2 11
3 12
12 13
11 14
11 15
3 16
13 17
1 18
10 19
19 20
13 21
18 22
22
1 2
1 3
3 4
4 5
3 6
4 7
4 8
5 9
7 10
10 11
11 12
6 13
2 14
14 15
10 16
16 17
2 18
12 19
14 20
14 21
18 22
22
1 2
2 3
1 4
3 5
2 6
5 7
5 8
3 9
7 10
10 11
6 12
2 13
3 14
6 15
9 16
2 17
10 18
7 19
19 20
12 21
19 22
22
1 2
1 3
1 4
4 5
4 6
3 7
2 8
2 9
9 10
1 11
9 12
6 13
11 14
12 15
15 16
6 17
4 18
10 19
8 20
6 21
18 22
22
1 2
1 3
3 4
3 5
2 6
6 7
3 8
4 9
8 10
1 11
2 12
7 13
11 14
7 15
4 16
4 17
6 18
17 19
14 20
8 21
17 22
22
1 2
2 3
1 4
4 5
1 6
4 7
7 8
5 9
3 10
9 11
1 12
8 13
11 14
7 15
11 16
6 17
7 18
13 19
8 20
9 21
4 22
22
1 2
1 3
2 4
4 5
1 6
4 7
2 8
6 9
5 10
5 11
1 12
11 13
12 14
13 15
5 16
16 17
6 18
1 19
1 20
4 21
9 22
22
1 2
2 3
1 4
1 5
4 6
6 7
1 8
8 9
8 10
7 11
11 12
9 13
5 14
2 15
10 16
9 17
5 18
7 19
7 20
19 21
14 22
22
1 2
2 3
1 4
1 5
4 6
6 7
7 8
4 9
5 10
6 11
2 12
1 13
3 14
13 15
4 16
14 17
12 18
4 19
6 20
1 21
17 22
22
1 2
2 3
3 4
1 5
4 6
3 7
6 8
2 9
1 10
1 11
10 12
10 13
5 14
1 15
14 16
4 17
17 18
4 19
6 20
1 21
9 22
22
1 2
1 3
2 4
4 5
1 6
6 7
3 8
5 9
7 10
10 11
11 12
4 13
3 14
9 15
2 16
13 17
1 18
4 19
18 20
19 21
21 22
22
1 2
1 3
2 4
4 5
5 6
1 7
3 8
7 9
7 10
1 11
4 12
8 13
11 14
9 15
7 16
9 17
14 18
13 19
8 20
9 21
12 22
22
1 2
2 3
1 4
1 5
2 6
2 7
3 8
3 9
1 10
4 11
3 12
4 13
6 14
12 15
6 16
14 17
11 18
11 19
1 20
10 21
7 22
22
1 2
1 3
2 4
1 5
4 6
3 7
7 8
2 9
9 10
9 11
4 12
5 13
2 14
12 15
9 16
11 17
3 18
14 19
2 20
4 21
3 22
22
1 2
1 3
2 4
4 5
2 6
1 7
3 8
2 9
8 10
8 11
4 12
1 13
10 14
10 15
9 16
10 17
2 18
1 19
5 20
7 21
19 22
22
1 2
2 3
3 4
4 5
5 6
3 7
2 8
7 9
7 10
5 11
2 12
5 13
1 14
14 15
8 16
12 17
17 18
11 19
3 20
12 21
9 22
22
1 2
1 3
2 4
4 5
2 6
4 7
2 8
7 9
4 10
10 11
1 12
1 13
3 14
1 15
3 16
9 17
1 18
5 19
2 20
12 21
5 22
22
1 2
1 3
3 4
3 5
1 6
5 7
5 8
5 9
2 10
9 11
6 12
7 13
12 14
9 15
8 16
7 17
14 18
8 19
3 20
2 21
10 22
22
1 2
1 3
1 4
1 5
3 6
5 7
7 8
4 9
8 10
6 11
3 12
9 13
5 14
8 15
11 16
10 17
7 18
13 19
13 20
3 21
1 22
22
1 2
2 3
3 4
2 5
1 6
1 7
1 8
7 9
3 10
9 11
6 12
4 13
4 14
13 15
7 16
6 17
9 18
18 19
15 20
5 21
14 22
22
1 2
1 3
2 4
1 5
4 6
3 7
5 8
7 9
2 10
6 11
8 12
12 13
7 14
9 15
9 16
11 17
2 18
11 19
7 20
12 21
4 22
22
1 2
1 3
2 4
3 5
2 6
3 7
2 8
6 9
7 10
5 11
2 12
11 13
12 14
7 15
14 16
2 17
16 18
13 19
7 20
14 21
14 22
22
1 2
2 3
2 4
4 5
1 6
2 7
1 8
8 9
9 10
4 11
9 12
1 13
1 14
1 15
14 16
16 17
3 18
5 19
4 20
5 21
8 22
22
1 2
2 3
2 4
3 5
4 6
4 7
5 8
3 9
2 10
4 11
3 12
5 13
4 14
3 15
5 16
7 17
17 18
3 19
12 20
18 21
17 22
22
1 2
1 3
2 4
4 5
2 6
2 7
2 8
7 9
1 10
9 11
1 12
9 13
1 14
5 15
13 16
7 17
15 18
15 19
13 20
15 21
4 22
22
1 2
2 3
3 4
1 5
5 6
1 7
4 8
6 9
2 10
7 11
1 12
10 13
13 14
9 15
15 16
1 17
16 18
6 19
13 20
10 21
13 22
22
1 2
1 3
2 4
1 5
2 6
4 7
4 8
2 9
2 10
6 11
9 12
1 13
3 14
11 15
4 16
11 17
16 18
12 19
1 20
12 21
7 22
22
1 2
2 3
2 4
4 5
5 6
6 7
3 8
8 9
5 10
8 11
11 12
12 13
10 14
7 15
14 16
12 17
4 18
7 19
14 20
11 21
19 22
22
1 2
2 3
1 4
3 5
1 6
6 7
6 8
2 9
8 10
9 11
4 12
10 13
11 14
4 15
14 16
6 17
3 18
4 19
7 20
9 21
16 22
22
1 2
1 3
3 4
2 5
1 6
4 7
1 8
4 9
9 10
2 11
5 12
1 13
7 14
14 15
5 16
16 17
5 18
15 19
8 20
8 21
14 22
22
1 2
1 3
3 4
4 5
1 6
3 7
6 8
1 9
2 10
9 11
4 12
6 13
13 14
5 15
13 16
8 17
3 18
13 19
4 20
7 21
15 22
22
1 2
2 3
3 4
4 5
3 6
6 7
4 8
2 9
3 10
8 11
3 12
9 13
2 14
8 15
12 16
1 17
16 18
7 19
1 20
6 21
3 22
22
1 2
1 3
2 4
2 5
2 6
3 7
4 8
5 9
3 10
4 11
2 12
11 13
8 14
4 15
10 16
4 17
7 18
14 19
13 20
19 21
19 22
22
1 2
2 3
3 4
2 5
4 6
6 7
7 8
6 9
2 10
10 11
11 12
12 13
5 14
1 15
11 16
9 17
7 18
14 19
15 20
9 21
17 22
22
1 2
2 3
2 4
1 5
5 6
3 7
2 8
2 9
7 10
4 11
9 12
1 13
8 14
10 15
14 16
14 17
10 18
6 19
13 20
1 21
14 22
22
1 2
1 3
3 4
4 5
3 6
3 7
2 8
1 9
2 10
6 11
8 12
3 13
7 14
13 15
13 16
1 17
13 18
18 19
16 20
1 21
14 22
22
1 2
2 3
1 4
4 5
5 6
5 7
7 8
5 9
9 10
8 11
6 12
5 13
4 14
10 15
11 16
6 17
1 18
2 19
3 20
19 21
16 22
22
1 2
2 3
3 4
1 5
2 6
6 7
2 8
1 9
6 10
6 11
6 12
3 13
13 14
13 15
11 16
7 17
14 18
4 19
6 20
15 21
15 22
22
1 2
2 3
1 4
2 5
1 6
2 7
2 8
6 9
9 10
9 11
3 12
7 13
4 14
9 15
15 16
8 17
16 18
7 19
16 20
4 21
19 22
22
1 2
2 3
2 4
3 5
3 6
3 7
3 8
8 9
7 10
2 11
2 12
10 13
3 14
14 15
7 16
2 17
6 18
16 19
3 20
2 21
11 22
22
1 2
2 3
2 4
1 5
1 6
6 7
4 8
5 9
9 10
2 11
7 12
7 13
6 14
1 15
5 16
3 17
5 18
14 19
17 20
20 21
19 22
22
1 2
1 3
2 4
4 5
3 6
1 7
4 8
5 9
6 10
5 11
11 12
11 13
7 14
11 15
10 16
4 17
7 18
9 19
15 20
12 21
10 22
22
1 2
1 3
1 4
2 5
2 6
4 7
7 8
1 9
6 10
10 11
10 12
3 13
4 14
12 15
1 16
3 17
3 18
18 19
14 20
6 21
18 22
22
1 2
2 3
3 4
3 5
3 6
3 7
1 8
4 9
5 10
1 11
4 12
6 13
9 14
8 15
14 16
13 17
3 18
11 19
16 20
20 21
3 22
22
1 2
1 3
3 4
1 5
5 6
6 7
7 8
7 9
4 10
7 11
11 12
11 13
6 14
5 15
2 16
5 17
5 18
15 19
12 20
20 21
3 22
22
1 2
2 3
2 4
4 5
2 6
5 7
7 8
3 9
3 10
6 11
4 12
9 13
12 14
6 15
12 16
9 17
12 18
18 19
18 20
1 21
7 22
22
1 2
2 3
3 4
4 5
1 6
4 7
3 8
6 9
3 10
3 11
4 12
7 13
6 14
8 15
6 16
14 17
3 18
6 19
7 20
7 21
1 22
22
1 2
1 3
2 4
2 5
5 6
4 7
2 8
4 9
2 10
2 11
1 12
9 13
9 14
8 15
1 16
1 17
14 18
3 19
6 20
3 21
19 22
22
1 2
2 3
2 4
3 5
5 6
5 7
5 8
6 9
1 10
10 11
6 12
11 13
11 14
3 15
8 16
8 17
15 18
2 19
4 20
12 21
4 22
22
1 2
1 3
2 4
4 5
3 6
1 7
6 8
2 9
9 10
2 11
10 12
4 13
10 14
7 15
9 16
9 17
13 18
6 19
9 20
11 21
7 22
22
1 2
1 3
2 4
4 5
3 6
4 7
3 8
3 9
2 10
7 11
8 12
9 13
1 14
3 15
15 16
11 17
15 18
13 19
15 20
7 21
1 22
22
1 2
1 3
1 4
2 5
1 6
3 7
5 8
3 9
6 10
8 11
3 12
2 13
8 14
12 15
15 16
13 17
11 18
11 19
4 20
12 21
19 22
22
1 2
2 3
3 4
2 5
3 6
4 7
1 8
3 9
5 10
5 11
2 12
3 13
6 14
8 15
8 16
5 17
11 18
7 19
14 20
12 21
7 22
22
1 2
1 3
2 4
4 5
3 6
5 7
4 8
7 9
1 10
9 11
8 12
10 13
1 14
11 15
8 16
9 17
10 18
9 19
8 20
13 21
4 22
22
1 2
2 3
2 4
4 5
2 6
6 7
1 8
2 9
5 10
3 11
3 12
4 13
4 14
9 15
15 16
9 17
8 18
15 19
14 20
17 21
5 22
22
1 2
1 3
1 4
3 5
1 6
5 7
6 8
8 9
8 10
4 11
1 12
9 13
2 14
1 15
6 16
15 17
15 18
12 19
10 20
12 21
7 22
22
1 2
2 3
3 4
3 5
3 6
4 7
4 8
6 9
4 10
4 11
8 12
2 13
12 14
7 15
15 16
15 17
5 18
16 19
11 20
17 21
7 22
22
1 2
1 3
3 4
1 5
1 6
4 7
5 8
4 9
5 10
1 11
11 12
10 13
6 14
1 15
4 16
6 17
16 18
18 19
5 20
5 21
19 22
22
1 2
2 3
3 4
1 5
2 6
1 7
7 8
3 9
8 10
9 11
11 12
9 13
13 14
3 15
9 16
4 17
15 18
16 19
11 20
1 21
20 22
22
1 2
1 3
2 4
4 5
3 6
2 7
3 8
3 9
3 10
1 11
6 12
3 13
1 14
14 15
11 16
14 17
3 18
17 19
14 20
16 21
16 22
22
1 2
2 3
3 4
1 5
5 6
6 7
2 8
3 9
2 10
2 11
2 12
7 13
6 14
10 15
13 16
11 17
3 18
12 19
3 20
18 21
19 22
22
1 2
1 3
3 4
3 5
1 6
2 7
1 8
4 9
6 10
1 11
2 12
7 13
1 14
1 15
6 16
7 17
13 18
13 19
11 20
13 21
19 22
22
1 2
1 3
2 4
3 5
4 6
1 7
4 8
7 9
2 10
10 11
5 12
4 13
2 14
14 15
7 16
2 17
14 18
12 19
8 20
16 21
18 22
22
1 2
1 3
3 4
4 5
5 6
5 7
2 8
5 9
2 10
3 11
7 12
6 13
9 14
9 15
3 16
8 17
14 18
10 19
15 20
4 21
5 22
22
1 2
2 3
3 4
1 5
2 6
4 7
6 8
6 9
1 10
1 11
5 12
3 13
2 14
4 15
10 16
8 17
9 18
6 19
7 20
12 21
11 22
22
1 2
1 3
1 4
2 5
1 6
1 7
4 8
8 9
4 10
10 11
5 12
1 13
9 14
9 15
13 16
8 17
5 18
11 19
4 20
14 21
3 22
22
1 2
1 3
2 4
4 5
3 6
5 7
3 8
7 9
6 10
8 11
2 12
8 13
6 14
1 15
2 16
5 17
11 18
12 19
2 20
4 21
9 22
22
1 2
1 3
1 4
4 5
4 6
1 7
6 8
7 9
1 10
2 11
8 12
6 13
7 14
4 15
10 16
9 17
2 18
2 19
18 20
17 21
4 22
22
1 2
2 3
2 4
2 5
5 6
2 7
6 8
6 9
7 10
10 11
7 12
4 13
7 14
1 15
6 16
3 17
15 18
13 19
2 20
19 21
17 22
22
1 2
2 3
1 4
4 5
2 6
6 7
6 8
6 9
9 10
5 11
3 12
2 13
8 14
14 15
8 16
15 17
5 18
14 19
7 20
6 21
6 22
22
1 2
2 3
1 4
2 5
4 6
4 7
2 8
8 9
1 10
8 11
1 12
11 13
5 14
8 15
10 16
4 17
10 18
5 19
2 20
8 21
6 22
22
1 2
1 3
2 4
3 5
1 6
1 7
3 8
7 9
5 10
6 11
7 12
10 13
7 14
4 15
13 16
3 17
11 18
6 19
15 20
2 21
4 22
22
1 2
2 3
2 4
1 5
2 6
4 7
2 8
1 9
2 10
7 11
10 12
1 13
13 14
8 15
1 16
6 17
8 18
12 19
19 20
9 21
11 22
22
1 2
2 3
3 4
2 5
4 6
4 7
7 8
4 9
6 10
1 11
5 12
2 13
13 14
2 15
12 16
5 17
10 18
15 19
10 20
10 21
20 22
22
1 2
1 3
1 4
2 5
3 6
1 7
5 8
1 9
6 10
2 11
1 12
2 13
8 14
10 15
4 16
14 17
6 18
5 19
18 20
3 21
13 22
22
1 2
1 3
1 4
4 5
1 6
1 7
4 8
3 9
8 10
10 11
7 12
6 13
12 14
7 15
8 16
6 17
13 18
12 19
11 20
8 21
1 22
22
1 2
2 3
3 4
4 5
2 6
1 7
7 8
3 9
8 10
3 11
8 12
5 13
1 14
5 15
14 16
9 17
2 18
13 19
6 20
8 21
5 22
22
1 2
1 3
2 4
2 5
1 6
2 7
3 8
5 9
8 10
9 11
4 12
12 13
9 14
12 15
11 16
15 17
11 18
5 19
17 20
14 21
18 22
22
1 2
1 3
3 4
4 5
4 6
3 7
6 8
8 9
5 10
8 11
2 12
7 13
7 14
12 15
9 16
8 17
10 18
2 19
17 20
12 21
16 22
22
1 2
1 3
2 4
4 5
2 6
5 7
4 8
1 9
2 10
6 11
3 12
2 13
9 14
6 15
1 16
3 17
11 18
16 19
19 20
8 21
9 22
22
1 2
2 3
1 4
2 5
2 6
3 7
7 8
1 9
2 10
6 11
10 12
4 13
12 14
8 15
5 16
11 17
11 18
3 19
5 20
3 21
19 22
22
1 2
2 3
2 4
1 5
3 6
4 7
5 8
2 9
6 10
7 11
10 12
9 13
9 14
12 15
10 16
11 17
7 18
4 19
4 20
17 21
12 22
22
1 2
2 3
3 4
3 5
5 6
5 7
7 8
7 9
1 10
7 11
3 12
11 13
4 14
7 15
1 16
16 17
15 18
12 19
19 20
6 21
1 22
22
1 2
1 3
1 4
3 5
1 6
3 7
2 8
5 9
4 10
1 11
2 12
2 13
2 14
1 15
3 16
8 17
3 18
13 19
16 20
13 21
1 22
22
1 2
1 3
2 4
2 5
4 6
3 7
1 8
5 9
6 10
4 11
9 12
1 13
4 14
6 15
1 16
8 17
5 18
12 19
14 20
11 21
16 22
22
1 2
1 3
2 4
4 5
3 6
4 7
6 8
2 9
5 10
1 11
2 12
6 13
1 14
1 15
12 16
9 17
3 18
18 19
16 20
6 21
10 22
22
1 2
1 3
1 4
4 5
5 6
4 7
1 8
5 9
6 10
5 11
1 12
8 13
4 14
4 15
13 16
7 17
13 18
12 19
14 20
13 21
18 22
22
1 2
1 3
1 4
4 5
5 6
3 7
2 8
8 9
7 10
6 11
8 12
11 13
8 14
10 15
13 16
15 17
8 18
17 19
8 20
3 21
4 22
22
1 2
2 3
3 4
1 5
2 6
4 7
6 8
1 9
3 10
1 11
8 12
12 13
13 14
10 15
6 16
8 17
4 18
16 19
14 20
3 21
11 22
22
1 2
2 3
2 4
1 5
5 6
5 7
7 8
1 9
6 10
6 11
4 12
3 13
13 14
12 15
1 16
8 17
13 18
9 19
16 20
15 21
15 22
22
1 2
1 3
3 4
3 5
4 6
5 7
6 8
2 9
1 10
7 11
3 12
3 13
10 14
7 15
3 16
9 17
13 18
18 19
13 20
16 21
5 22
22
1 2
2 3
2 4
2 5
2 6
2 7
3 8
1 9
9 10
8 11
1 12
7 13
1 14
11 15
12 16
2 17
12 18
4 19
4 20
19 21
4 22
22
1 2
2 3
3 4
3 5
4 6
1 7
3 8
2 9
8 10
3 11
10 12
11 13
13 14
5 15
5 16
3 17
1 18
15 19
12 20
12 21
20 22
22
1 2
1 3
3 4
4 5
5 6
1 7
4 8
3 9
9 10
7 11
1 12
2 13
8 14
7 15
12 16
2 17
3 18
2 19
15 20
14 21
15 22
22
1 2
1 3
1 4
2 5
5 6
2 7
6 8
5 9
5 10
5 11
3 12
9 13
12 14
2 15
14 16
13 17
4 18
6 19
16 20
20 21
21 22
22
1 2
1 3
3 4
4 5
3 6
3 7
7 8
7 9
1 10
3 11
10 12
1 13
13 14
5 15
2 16
5 17
15 18
8 19
2 20
9 21
9 22
22
1 2
2 3
2 4
3 5
2 6
3 7
1 8
5 9
7 10
7 11
3 12
1 13
9 14
2 15
10 16
7 17
2 18
16 19
4 20
1 21
16 22
22
1 2
2 3
1 4
3 5
3 6
5 7
6 8
3 9
9 10
6 11
1 12
6 13
8 14
13 15
2 16
5 17
3 18
10 19
8 20
15 21
18 22
22
1 2
2 3
1 4
1 5
1 6
5 7
6 8
2 9
1 10
1 11
2 12
12 13
11 14
10 15
13 16
7 17
10 18
13 19
6 20
3 21
3 22
22
1 2
1 3
2 4
3 5
5 6
4 7
5 8
1 9
2 10
4 11
5 12
8 13
1 14
2 15
5 16
7 17
6 18
7 19
12 20
12 21
5 22
22
1 2
1 3
2 4
1 5
1 6
6 7
3 8
3 9
2 10
2 11
1 12
4 13
1 14
13 15
6 16
12 17
6 18
10 19
6 20
10 21
9 22
22
1 2
1 3
2 4
3 5
4 6
1 7
7 8
2 9
2 10
9 11
6 12
7 13
9 14
7 15
11 16
5 17
9 18
6 19
14 20
6 21
17 22
22
1 2
2 3
2 4
2 5
5 6
2 7
3 8
5 9
1 10
1 11
3 12
6 13
7 14
3 15
4 16
6 17
6 18
7 19
11 20
19 21
3 22
22
1 2
2 3
3 4
4 5
4 6
6 7
5 8
2 9
1 10
8 11
7 12
1 13
11 14
10 15
5 16
5 17
9 18
11 19
2 20
7 21
20 22
22
1 2
1 3
3 4
1 5
4 6
3 7
6 8
7 9
5 10
10 11
6 12
8 13
6 14
9 15
9 16
11 17
16 18
4 19
11 20
10 21
17 22
22
1 2
2 3
2 4
1 5
1 6
1 7
1 8
3 9
3 10
5 11
1 12
4 13
3 14
3 15
7 16
1 17
9 18
10 19
14 20
17 21
3 22
22
1 2
2 3
3 4
4 5
4 6
6 7
7 8
1 9
9 10
6 11
1 12
6 13
4 14
1 15
12 16
3 17
15 18
17 19
10 20
13 21
1 22
22
1 2
2 3
3 4
1 5
3 6
2 7
3 8
4 9
7 10
8 11
6 12
6 13
7 14
3 15
12 16
4 17
8 18
11 19
15 20
4 21
13 22
22
1 2
2 3
3 4
4 5
4 6
6 7
4 8
2 9
2 10
2 11
1 12
12 13
12 14
11 15
12 16
11 17
16 18
15 19
16 20
6 21
19 22
22
1 2
2 3
2 4
1 5
4 6
3 7
4 8
1 9
2 10
3 11
2 12
10 13
13 14
12 15
8 16
13 17
7 18
3 19
5 20
5 21
13 22
22
1 2
1 3
2 4
1 5
5 6
6 7
7 8
5 9
3 10
3 11
5 12
3 13
9 14
9 15
11 16
15 17
11 18
4 19
13 20
4 21
18 22
22
1 2
1 3
1 4
4 5
3 6
3 7
7 8
1 9
3 10
7 11
9 12
8 13
9 14
2 15
5 16
3 17
10 18
8 19
19 20
14 21
19 22
22
1 2
2 3
2 4
4 5
4 6
3 7
3 8
8 9
3 10
7 11
1 12
1 13
7 14
13 15
2 16
4 17
10 18
1 19
16 20
15 21
2 22
22
1 2
1 3
2 4
1 5
3 6
5 7
1 8
3 9
6 10
8 11
4 12
7 13
11 14
3 15
2 16
9 17
11 18
17 19
9 20
11 21
5 22
22
1 2
2 3
1 4
1 5
4 6
6 7
7 8
6 9
3 10
3 11
6 12
8 13
4 14
5 15
3 16
1 17
7 18
13 19
6 20
11 21
10 22
22
1 2
1 3
1 4
1 5
3 6
2 7
6 8
3 9
4 10
9 11
7 12
1 13
9 14
8 15
9 16
14 17
3 18
1 19
19 20
6 21
7 22
22
1 2
1 3
1 4
2 5
2 6
1 7
4 8
2 9
6 10
3 11
9 12
11 13
13 14
12 15
11 16
13 17
13 18
5 19
13 20
8 21
9 22
22
1 2
2 3
2 4
4 5
5 6
4 7
6 8
3 9
5 10
7 11
11 12
8 13
8 14
4 15
14 16
16 17
3 18
17 19
7 20
10 21
17 22
22
1 2
2 3
3 4
4 5
5 6
3 7
7 8
4 9
9 10
4 11
8 12
3 13
12 14
12 15
11 16
15 17
1 18
3 19
7 20
13 21
8 22
22
1 2
1 3
2 4
4 5
5 6
2 7
5 8
2 9
7 10
8 11
3 12
5 13
6 14
8 15
5 16
4 17
8 18
2 19
7 20
12 21
18 22
22
1 2
2 3
3 4
2 5
4 6
1 7
4 8
8 9
7 10
9 11
10 12
8 13
11 14
9 15
6 16
5 17
6 18
12 19
18 20
9 21
6 22
22
1 2
1 3
2 4
2 5
3 6
3 7
4 8
4 9
2 10
3 11
2 12
4 13
10 14
8 15
11 16
7 17
10 18
5 19
12 20
8 21
13 22
22
1 2
2 3
1 4
2 5
3 6
5 7
6 8
6 9
4 10
7 11
5 12
12 13
1 14
2 15
8 16
7 17
5 18
9 19
13 20
11 21
7 22
22
1 2
1 3
1 4
3 5
5 6
2 7
5 8
8 9
7 10
5 11
6 12
1 13
5 14
14 15
7 16
3 17
2 18
5 19
1 20
8 21
21 22
22
1 2
1 3
2 4
3 5
5 6
6 7
2 8
8 9
2 10
9 11
3 12
12 13
13 14
13 15
9 16
8 17
5 18
10 19
9 20
20 21
12 22
22
1 2
2 3
1 4
1 5
5 6
6 7
1 8
5 9
5 10
7 11
11 12
10 13
7 14
11 15
12 16
14 17
11 18
2 19
4 20
14 21
1 22
22
1 2
1 3
3 4
4 5
2 6
2 7
7 8
4 9
4 10
3 11
6 12
9 13
1 14
1 15
6 16
10 17
5 18
13 19
11 20
3 21
2 22
22
1 2
1 3
3 4
2 5
2 6
2 7
4 8
2 9
1 10
1 11
1 12
9 13
6 14
4 15
4 16
14 17
11 18
1 19
10 20
1 21
3 22
22
1 2
1 3
2 4
3 5
4 6
4 7
2 8
3 9
3 10
4 11
4 12
2 13
1 14
2 15
6 16
3 17
6 18
16 19
2 20
19 21
9 22
22
1 2
2 3
1 4
1 5
3 6
6 7
2 8
8 9
8 10
8 11
3 12
11 13
8 14
8 15
6 16
2 17
10 18
7 19
14 20
15 21
13 22
22
1 2
2 3
2 4
1 5
2 6
3 7
1 8
4 9
5 10
5 11
11 12
6 13
11 14
1 15
13 16
2 17
7 18
7 19
16 20
7 21
10 22
22
1 2
2 3
3 4
2 5
5 6
2 7
2 8
3 9
8 10
2 11
11 12
5 13
1 14
1 15
14 16
1 17
3 18
15 19
19 20
20 21
19 22
22
1 2
1 3
2 4
1 5
2 6
4 7
4 8
6 9
5 10
2 11
9 12
2 13
12 14
12 15
5 16
1 17
13 18
6 19
12 20
20 21
12 22
22
1 2
1 3
3 4
3 5
5 6
4 7
3 8
1 9
5 10
5 11
4 12
3 13
13 14
1 15
7 16
7 17
1 18
9 19
18 20
6 21
6 22
22
1 2
1 3
2 4
2 5
1 6
5 7
4 8
4 9
4 10
5 11
1 12
3 13
10 14
9 15
15 16
6 17
2 18
15 19
16 20
8 21
6 22
22
1 2
1 3
3 4
4 5
2 6
6 7
2 8
3 9
9 10
1 11
7 12
9 13
1 14
14 15
1 16
13 17
15 18
15 19
3 20
11 21
18 22
22
1 2
2 3
2 4
1 5
4 6
2 7
6 8
7 9
1 10
7 11
11 12
2 13
4 14
9 15
12 16
9 17
15 18
16 19
12 20
16 21
13 22
22
1 2
2 3
1 4
3 5
1 6
5 7
5 8
5 9
4 10
8 11
7 12
7 13
1 14
12 15
14 16
16 17
6 18
1 19
16 20
8 21
16 22
22
1 2
1 3
3 4
3 5
5 6
6 7
7 8
8 9
6 10
4 11
10 12
7 13
11 14
3 15
5 16
8 17
9 18
15 19
4 20
16 21
1 22
22
1 2
2 3
1 4
3 5
1 6
6 7
4 8
8 9
6 10
1 11
5 12
8 13
3 14
12 15
14 16
13 17
3 18
1 19
9 20
3 21
9 22
22
1 2
1 3
1 4
4 5
1 6
5 7
1 8
1 9
8 10
4 11
8 12
10 13
4 14
3 15
2 16
15 17
3 18
15 19
18 20
6 21
1 22
22
1 2
1 3
1 4
4 5
5 6
4 7
2 8
1 9
3 10
5 11
1 12
3 13
9 14
6 15
15 16
8 17
5 18
10 19
6 20
12 21
14 22
22
1 2
1 3
2 4
2 5
4 6
6 7
6 8
3 9
3 10
4 11
8 12
1 13
3 14
6 15
10 16
12 17
6 18
16 19
1 20
8 21
14 22
22
1 2
2 3
3 4
2 5
1 6
6 7
2 8
2 9
4 10
2 11
6 12
8 13
13 14
14 15
13 16
16 17
3 18
7 19
17 20
13 21
11 22
22
1 2
2 3
3 4
1 5
2 6
5 7
4 8
8 9
5 10
5 11
9 12
1 13
6 14
13 15
8 16
7 17
17 18
1 19
19 20
7 21
3 22
22
1 2
2 3
1 4
3 5
3 6
4 7
2 8
4 9
4 10
3 11
11 12
10 13
7 14
5 15
3 16
6 17
1 18
6 19
8 20
16 21
21 22
22
1 2
1 3
3 4
2 5
5 6
1 7
5 8
4 9
4 10
4 11
7 12
5 13
5 14
14 15
7 16
13 17
15 18
1 19
6 20
3 21
18 22
22
1 2
1 3
2 4
2 5
3 6
6 7
4 8
6 9
6 10
7 11
6 12
9 13
7 14
14 15
7 16
12 17
16 18
4 19
16 20
9 21
1 22
22
1 2
1 3
2 4
2 5
4 6
2 7
4 8
1 9
3 10
3 11
4 12
3 13
12 14
11 15
12 16
3 17
10 18
9 19
5 20
8 21
15 22
22
1 2
2 3
1 4
1 5
3 6
2 7
4 8
3 9
3 10
8 11
4 12
1 13
13 14
1 15
15 16
3 17
15 18
18 19
1 20
5 21
7 22
22
1 2
2 3
1 4
3 5
3 6
2 7
1 8
2 9
2 10
2 11
4 12
8 13
2 14
12 15
13 16
1 17
4 18
7 19
2 20
15 21
21 22
22
1 2
2 3
3 4
1 5
5 6
6 7
7 8
2 9
6 10
9 11
5 12
6 13
5 14
1 15
4 16
5 17
11 18
15 19
6 20
10 21
1 22
22
1 2
1 3
2 4
2 5
2 6
4 7
2 8
2 9
4 10
2 11
11 12
5 13
2 14
3 15
5 16
15 17
2 18
13 19
9 20
17 21
16 22
