500 22361 500
146 423
451 474
256 385
50 454
6 206
73 408
20 368
100 353
480 482
215 242
19 52
38 464
277 413
12 45
116 251
164 295
212 480
50 350
279 315
88 301
271 307
86 354
209 410
93 270
43 244
420 468
8 302
57 146
201 248
357 375
137 427
87 345
119 143
40 389
61 305
4 493
19 21
46 150
226 499
355 358
29 359
244 499
151 351
131 227
1 202
193 383
223 317
409 479
176 197
140 241
15 80
195 216
436 458
77 311
99 223
1 120
128 334
8 134
14 228
90 225
94 469
402 495
68 347
242 493
143 359
275 498
226 288
91 314
365 466
17 37
335 347
181 389
206 340
82 111
195 345
384 492
3 177
17 299
305 403
136 154
363 383
32 352
414 488
33 481
235 240
14 32
309 435
163 296
379 410
305 378
46 188
375 376
26 402
410 453
301 322
203 276
402 428
28 294
77 235
100 430
458 481
178 256
212 408
216 475
152 197
340 358
216 333
189 465
105 242
13 134
136 362
181 252
65 465
25 50
309 498
210 379
310 370
37 191
142 398
4 262
41 334
11 103
31 307
74 461
7 95
305 345
63 136
240 409
252 470
64 146
193 446
292 315
13 333
210 404
246 311
174 437
17 452
270 332
63 348
130 452
62 155
1 49
71 134
76 440
141 233
254 482
213 315
43 423
125 204
105 376
108 253
79 352
323 472
147 300
99 251
57 213
167 374
254 312
256 417
241 381
170 338
99 116
231 313
47 83
164 485
188 368
120 229
237 466
135 195
261 423
208 421
95 451
84 140
104 328
174 328
145 438
307 313
347 419
98 118
29 57
234 494
24 145
436 495
167 425
106 214
22 132
349 494
367 456
82 469
117 407
22 92
184 412
1 413
5 88
34 357
219 360
96 410
387 418
47 473
201 279
11 323
123 188
150 392
104 107
456 486
203 335
137 392
475 488
37 320
119 287
183 223
319 422
189 343
15 292
389 444
134 138
27 318
74 389
215 306
8 107
229 231
113 174
280 446
144 440
341 374
100 416
282 438
2 42
55 241
151 335
122 269
10 357
151 214
116 274
265 320
89 297
132 417
313 430
244 328
173 261
329 332
35 420
48 76
200 382
278 494
123 335
57 202
274 456
457 487
21 95
176 223
222 389
199 265
82 321
190 333
213 256
55 488
242 428
5 66
235 459
164 407
251 424
218 312
351 390
341 391
277 382
110 140
82 112
153 479
230 410
407 441
128 172
71 187
87 430
365 456
63 281
70 416
82 213
181 324
226 229
351 414
221 417
100 366
121 396
128 176
328 385
128 272
22 37
87 109
170 456
297 425
125 348
88 495
53 482
342 344
3 115
55 149
138 222
264 445
86 381
286 312
136 150
181 312
376 468
266 376
20 228
388 391
2 290
162 291
54 246
70 377
197 440
3 257
453 473
269 274
189 334
61 201
17 177
112 375
318 348
130 495
2 399
11 54
1 255
13 492
104 302
424 467
284 407
211 457
58 432
184 449
112 135
414 421
220 454
217 269
27 368
41 290
252 362
1 145
79 146
308 416
25 426
30 392
150 151
129 405
129 488
284 386
25 181
153 399
1 185
183 220
173 458
43 409
136 209
9 404
172 420
421 486
140 415
378 478
230 477
74 213
83 401
93 478
168 254
83 493
28 266
89 448
140 459
147 240
205 390
127 323
174 438
253 421
115 411
386 480
153 420
88 259
308 484
20 394
267 412
177 320
26 282
39 71
61 116
104 289
93 248
86 313
37 222
77 414
83 381
263 475
360 413
27 386
130 461
92 332
374 388
10 49
16 139
62 429
359 397
159 297
92 296
7 473
313 444
102 285
302 445
186 491
163 343
158 297
34 429
425 484
1 308
4 56
250 348
56 416
43 136
131 335
5 463
29 482
82 186
416 454
216 494
198 371
39 438
279 498
99 166
88 309
4 354
31 205
226 234
82 340
231 467
142 154
440 473
18 48
218 485
117 193
277 437
308 327
227 336
255 365
29 287
50 463
61 440
216 377
28 388
48 105
236 367
91 372
446 488
36 374
80 471
276 311
116 295
162 496
42 46
61 457
388 495
106 290
170 211
472 479
137 291
74 432
412 428
302 422
201 210
74 394
13 393
123 341
410 443
41 78
6 185
185 433
124 471
236 406
326 357
16 61
124 185
148 179
284 433
129 147
105 283
101 137
83 304
314 340
97 251
101 178
21 435
147 339
87 242
312 434
374 418
105 319
245 344
198 414
223 436
76 178
272 333
74 139
450 473
347 352
44 252
231 325
243 277
133 480
74 267
19 387
161 469
59 383
187 222
169 384
4 242
37 43
116 235
350 381
68 286
113 330
200 233
337 486
11 484
100 246
250 392
71 77
275 484
340 486
403 491
295 321
27 97
104 412
437 452
239 416
259 435
183 289
159 366
1 304
335 456
233 427
4 252
61 121
401 416
272 399
34 52
189 496
277 435
372 489
134 425
143 365
23 107
4 126
295 342
199 259
172 377
34 148
148 326
28 256
339 459
20 133
59 305
149 276
241 435
265 448
53 161
295 455
258 264
417 440
71 201
159 373
254 469
28 71
65 139
16 294
342 397
32 458
182 355
243 407
75 297
57 185
318 352
111 387
408 420
172 406
50 213
273 395
194 382
232 364
157 432
29 267
261 331
168 223
116 321
232 417
150 218
71 370
315 396
393 425
35 322
46 413
119 369
161 309
98 164
350 373
388 474
119 223
20 138
111 272
46 154
186 284
288 339
111 371
397 485
365 443
217 481
429 462
117 204
33 403
223 287
406 449
413 444
364 412
341 475
335 378
248 412
162 183
408 453
89 454
199 428
164 361
31 444
274 497
349 423
106 493
195 235
188 299
186 433
340 414
124 467
82 440
194 293
23 314
34 288
205 347
44 397
34 42
76 107
160 400
142 471
37 405
399 486
243 433
23 245
207 471
152 215
285 409
422 439
45 447
367 392
46 67
71 392
385 411
51 130
27 456
316 404
145 490
305 435
321 351
175 362
187 497
323 396
117 308
83 247
52 225
13 340
104 138
83 443
148 224
315 374
48 148
58 130
242 392
364 440
258 416
209 270
406 463
259 346
190 344
230 331
123 194
266 316
5 69
191 265
74 353
155 307
198 377
174 378
109 280
254 393
6 190
3 369
324 402
8 160
113 224
259 463
186 259
430 459
440 451
14 434
97 156
154 449
147 421
280 486
276 385
41 196
46 134
416 466
161 300
247 274
162 400
223 229
147 318
302 440
382 397
204 276
83 333
51 82
314 421
263 500
180 279
367 465
155 363
109 493
80 333
175 246
6 428
33 308
60 286
210 493
317 353
50 97
22 475
26 181
119 191
146 198
391 441
175 398
212 498
114 206
81 182
305 379
275 449
96 477
59 174
113 160
244 427
21 495
159 376
55 470
58 364
77 378
24 470
246 394
167 334
149 255
177 188
355 407
6 277
313 407
93 433
268 418
309 466
151 253
369 407
385 387
108 400
255 453
116 287
295 386
348 361
125 130
124 126
435 474
31 120
245 378
37 255
369 394
307 311
16 227
78 157
306 436
126 397
115 337
70 272
94 161
155 491
295 422
115 281
230 416
178 233
57 168
308 389
56 400
172 477
88 295
145 393
191 391
177 412
109 128
199 500
295 418
24 303
30 240
184 475
344 395
419 426
248 379
71 485
239 400
209 304
74 199
368 383
73 359
222 461
129 250
446 485
414 463
249 400
96 213
310 469
146 453
157 305
184 191
127 472
87 252
13 379
390 476
132 213
113 370
201 242
476 486
249 423
191 271
195 340
150 246
351 500
272 321
234 241
83 380
4 230
242 302
154 202
219 484
307 444
251 335
43 85
478 491
22 346
58 350
188 212
221 309
220 229
378 477
204 371
118 499
160 453
48 411
310 317
242 405
375 488
392 483
23 432
173 296
237 463
24 100
223 429
223 361
44 54
89 438
15 114
12 237
58 463
272 480
271 319
26 284
335 401
321 467
12 153
255 272
232 491
6 189
319 452
160 302
77 486
190 368
349 391
98 444
45 52
126 138
308 322
134 420
389 391
179 305
228 359
223 282
382 464
46 106
248 415
81 495
151 276
114 417
279 280
234 404
260 410
109 411
213 374
76 172
215 320
43 78
146 300
131 425
20 374
144 366
145 285
409 459
284 390
204 452
426 429
130 141
83 414
117 456
162 294
122 458
152 248
121 305
196 365
3 63
79 158
208 243
152 181
56 411
71 494
128 306
399 469
394 408
321 491
150 436
126 384
122 145
351 480
226 379
78 169
152 218
15 24
62 187
336 441
239 286
24 316
198 413
299 488
117 231
106 125
176 469
438 462
191 210
187 362
387 419
145 310
221 449
2 261
80 261
190 446
197 444
389 458
144 437
338 497
18 443
306 496
45 430
343 469
346 398
31 256
29 234
299 443
356 451
154 305
115 474
74 118
3 278
34 294
143 183
384 468
243 327
391 478
48 230
95 143
127 488
147 416
71 152
98 260
3 291
123 425
265 330
60 103
66 340
225 312
222 368
188 302
103 268
72 358
107 146
134 163
170 411
154 349
60 251
80 123
104 241
281 404
277 411
192 469
182 196
98 336
400 440
246 497
77 386
41 392
82 343
280 335
392 437
10 88
62 379
410 471
111 171
70 230
119 225
86 243
8 470
374 493
73 179
129 432
175 319
179 221
280 389
236 372
30 191
129 183
197 310
238 400
12 462
196 432
198 452
436 443
201 295
159 455
72 209
51 300
107 335
20 55
52 423
305 384
29 51
235 367
257 347
353 497
148 445
259 444
122 451
145 247
134 332
62 435
15 270
86 154
187 387
270 413
428 442
355 428
97 428
131 403
230 445
434 477
93 135
331 365
142 382
27 397
228 397
22 70
137 311
116 323
313 352
219 449
9 358
123 287
239 427
323 453
163 345
152 198
221 500
16 235
10 280
82 101
326 376
66 438
52 232
66 410
66 389
158 360
147 450
214 222
310 483
138 363
17 35
215 319
153 458
102 401
243 472
113 234
135 289
142 182
344 442
226 318
287 294
109 287
178 433
9 121
5 214
37 417
138 270
59 432
302 409
38 346
60 407
353 496
20 118
34 82
49 426
312 430
323 351
87 100
194 215
202 383
209 378
211 319
219 445
419 434
271 313
48 474
206 402
174 186
155 178
147 496
165 225
187 266
177 187
361 416
259 336
98 281
199 405
121 279
470 496
100 474
3 99
95 422
37 484
380 412
38 100
238 278
65 135
29 213
307 436
152 348
46 101
286 467
110 408
416 443
31 126
323 423
100 186
72 350
65 234
305 493
95 420
5 159
34 265
79 326
100 260
426 440
281 289
148 229
40 209
169 217
237 386
227 270
49 465
13 69
37 451
168 345
99 305
467 494
299 385
117 469
135 266
83 408
181 300
161 424
346 471
36 444
127 380
65 448
18 275
82 234
111 214
67 100
79 445
141 252
33 314
110 500
116 122
132 159
334 402
78 412
177 220
254 399
182 473
29 42
224 251
61 354
6 488
258 470
78 223
159 279
105 466
125 373
262 475
433 465
98 457
382 495
428 456
129 483
214 483
142 328
59 439
422 455
151 379
218 440
88 106
304 497
178 455
103 290
8 65
413 437
310 392
304 427
251 400
119 299
104 416
133 182
199 322
121 347
374 412
60 285
168 478
233 289
314 450
67 216
203 403
243 280
233 315
89 117
45 298
195 439
147 210
59 466
107 205
387 436
20 37
452 466
32 149
91 309
152 318
226 279
336 377
160 170
296 462
120 481
188 204
129 469
136 396
7 213
117 363
141 158
65 297
5 307
407 492
243 269
203 464
240 430
122 380
4 206
99 360
275 371
102 357
322 433
17 142
156 306
22 436
334 457
250 347
70 202
58 110
190 357
129 130
46 419
178 202
299 424
139 490
198 325
156 410
298 499
110 426
161 375
206 396
48 485
107 240
162 282
51 456
241 443
33 44
164 315
450 483
20 95
202 267
273 456
220 417
157 471
83 402
170 250
140 404
120 487
112 489
353 425
34 146
77 145
132 206
207 381
200 369
342 387
86 237
39 40
345 367
62 230
72 479
38 176
16 214
285 461
186 322
130 456
61 329
78 246
149 243
171 365
96 325
184 340
260 331
244 406
1 302
122 200
195 404
31 425
11 270
5 398
130 482
22 363
427 451
74 173
40 410
195 294
51 179
157 380
218 363
165 455
345 428
64 253
201 265
392 462
219 227
247 285
265 281
40 380
40 401
101 145
89 430
180 200
286 373
53 304
129 388
424 450
181 291
151 323
152 339
184 361
262 401
111 447
105 277
319 439
59 256
37 125
321 330
267 332
154 320
213 344
150 400
126 358
374 465
304 343
185 302
207 428
262 330
216 415
175 383
47 390
71 188
19 446
153 470
5 452
218 467
1 425
156 322
208 467
290 302
251 421
254 489
125 177
320 465
94 133
1 253
140 374
8 413
115 452
147 359
201 230
30 413
146 486
12 278
217 245
5 315
78 440
179 435
30 34
17 448
412 490
12 216
139 473
164 499
22 55
148 265
3 406
246 498
94 332
489 497
273 416
2 16
118 433
276 375
325 494
96 238
65 193
118 381
364 444
273 498
345 497
88 147
286 322
25 406
299 346
210 211
178 185
223 410
7 28
278 355
114 212
166 491
94 106
309 419
408 458
298 477
157 308
1 319
160 278
86 380
107 346
116 328
51 175
130 132
108 477
156 209
287 359
117 247
329 381
489 492
341 351
213 420
62 252
10 221
42 239
184 287
358 494
133 444
123 324
110 433
35 219
346 400
38 144
335 403
87 307
156 264
267 496
308 383
5 18
139 252
170 358
96 442
57 247
246 316
152 217
51 326
289 312
268 490
182 342
117 201
156 420
368 474
103 201
297 309
61 66
112 248
9 36
84 201
314 360
76 357
22 453
72 190
14 166
205 356
194 279
49 459
148 495
158 475
244 313
24 175
198 203
28 42
309 406
258 377
220 329
12 194
67 304
36 485
354 399
85 248
115 334
53 466
59 168
282 407
65 202
265 446
138 330
135 438
142 322
273 437
106 265
140 225
345 360
110 386
410 413
293 345
12 102
334 418
162 412
288 494
166 187
29 452
146 377
158 303
133 139
354 427
13 321
58 136
237 292
178 328
33 56
39 254
37 262
127 359
29 318
75 225
21 281
29 328
95 161
97 240
195 277
10 459
310 417
28 389
77 499
114 122
217 284
202 466
80 406
170 267
192 485
256 300
244 454
233 455
5 95
3 206
426 484
162 492
113 134
50 222
84 317
434 488
260 325
108 264
239 450
446 447
35 272
192 307
60 223
2 104
26 350
217 429
306 479
327 338
24 33
179 271
268 499
17 454
48 479
79 256
117 339
321 416
64 123
240 333
173 187
92 130
180 341
288 315
154 395
406 427
70 194
304 390
40 167
50 278
24 293
84 465
449 498
100 235
73 289
133 410
276 328
77 224
275 426
265 291
17 52
93 450
228 393
45 138
314 355
90 452
56 337
297 433
111 370
218 477
170 185
316 445
153 238
227 275
160 433
76 227
222 391
170 332
290 426
55 415
93 224
234 287
211 403
432 458
337 385
279 416
350 446
63 328
435 448
293 398
172 265
392 478
158 194
387 463
242 278
430 497
21 111
114 325
114 146
17 265
47 276
112 128
208 213
107 303
20 429
284 359
448 451
79 205
217 345
129 332
274 324
228 489
102 423
15 173
286 355
27 340
199 304
278 437
270 434
23 75
121 210
362 453
128 478
286 387
257 279
269 470
20 69
74 128
322 371
41 292
142 290
108 260
40 186
145 409
333 365
386 438
289 367
191 305
278 295
55 480
22 369
173 347
102 429
90 286
198 238
148 447
140 475
185 380
22 460
173 199
133 233
100 305
246 489
202 217
1 65
132 468
239 413
316 369
163 321
206 276
437 446
79 438
101 234
232 447
182 457
326 469
81 384
55 328
51 119
361 457
187 492
279 343
137 236
8 294
486 489
78 262
18 358
15 186
298 400
154 347
24 452
326 445
342 367
99 422
366 457
135 391
376 400
62 476
138 189
289 334
17 245
149 446
367 390
47 371
69 178
169 485
42 399
210 480
177 485
134 483
207 414
410 438
327 383
61 102
101 482
191 484
120 435
10 450
154 314
14 397
113 456
86 253
37 208
314 380
193 354
160 447
397 456
113 164
58 427
329 467
6 279
196 461
64 313
69 272
424 482
165 196
61 256
61 251
69 474
393 499
297 499
58 370
254 282
254 264
240 326
58 123
16 218
15 33
397 421
36 418
125 256
45 256
289 309
144 284
225 369
126 494
275 409
142 299
397 472
185 201
13 29
23 188
314 481
58 285
260 373
132 147
113 195
392 480
12 54
131 445
28 378
66 179
71 328
1 43
190 243
380 404
184 272
127 417
100 272
93 378
230 339
199 204
251 498
336 358
307 353
10 479
21 343
41 436
83 473
95 483
301 340
4 154
272 416
370 409
226 349
198 258
276 286
282 300
147 276
415 449
198 495
185 381
112 222
256 389
346 423
180 499
187 439
260 400
113 212
201 224
184 408
71 145
340 441
10 55
124 252
219 321
44 162
260 456
134 338
80 200
179 439
182 213
290 308
54 126
85 418
226 324
8 234
415 462
15 308
228 251
28 291
12 132
433 491
126 401
68 196
448 465
92 148
144 160
4 245
137 189
82 252
181 307
66 100
52 471
131 391
85 448
55 153
111 244
270 483
178 286
28 420
225 412
174 413
24 233
163 188
43 296
218 229
7 12
23 358
295 499
159 238
33 392
67 360
48 51
227 457
88 335
193 379
26 378
169 428
384 495
58 355
248 297
162 194
37 204
332 442
18 83
23 249
24 450
185 278
29 63
7 294
380 497
124 367
123 296
274 359
361 399
247 422
47 113
47 48
212 240
19 97
195 196
87 265
213 474
158 353
336 459
169 471
148 240
60 210
130 157
26 83
168 292
201 288
168 372
144 431
231 358
211 436
243 333
127 451
17 168
245 364
122 268
72 498
108 396
89 228
139 432
225 483
107 178
149 453
2 478
269 378
237 420
225 349
118 291
179 391
257 437
108 286
5 330
65 364
60 497
64 279
140 180
23 242
418 433
174 369
21 428
34 405
417 472
104 248
26 325
416 495
87 432
86 379
323 471
223 474
409 431
36 479
468 479
265 469
157 325
201 309
32 424
339 402
22 329
175 385
175 366
173 495
396 397
314 329
97 494
202 332
146 168
84 268
138 264
227 330
192 278
341 349
286 359
198 448
436 483
117 392
25 152
423 476
264 479
208 311
280 323
249 288
4 88
52 333
290 358
55 142
142 453
35 441
141 146
246 285
380 478
124 470
203 433
265 459
232 353
250 442
30 72
45 252
4 124
387 485
29 84
193 350
295 407
221 453
45 58
171 424
1 4
256 472
120 327
373 490
169 280
371 388
151 388
140 272
250 379
238 393
118 349
46 301
6 43
401 446
13 348
271 390
141 430
209 440
317 467
91 260
84 422
135 309
241 372
166 495
52 65
420 421
274 396
200 289
69 182
187 414
152 286
98 254
105 226
282 427
85 300
18 113
22 423
35 362
292 466
331 429
5 316
151 493
275 373
409 490
137 469
267 285
40 272
11 356
69 192
336 438
32 291
478 480
94 126
54 303
381 418
218 407
61 424
197 471
92 268
200 475
65 83
245 291
120 431
369 492
344 462
8 81
114 295
109 237
83 149
101 416
223 370
460 475
413 484
18 482
94 391
142 181
94 268
329 399
11 395
274 444
34 255
217 241
253 266
437 455
6 493
278 481
261 356
95 325
45 471
176 209
342 450
230 467
371 423
279 299
188 309
48 283
72 476
274 372
260 308
270 364
282 352
38 359
153 207
93 200
134 340
145 262
296 361
82 461
105 309
35 235
228 329
17 36
137 390
83 394
78 256
84 219
169 360
70 77
232 456
7 432
73 444
85 146
414 476
136 480
107 373
7 147
57 145
156 279
178 478
144 266
110 432
51 360
192 494
330 378
213 396
66 321
68 230
91 173
283 471
174 381
405 467
131 481
210 295
12 426
272 446
145 188
275 290
39 249
156 461
307 387
95 163
34 232
52 434
180 357
157 322
19 408
304 439
221 387
169 211
184 428
411 444
183 414
102 492
60 173
69 453
6 433
35 56
223 468
250 272
6 481
263 328
210 398
95 228
407 434
236 430
125 179
196 425
236 248
53 156
257 500
59 270
260 460
67 265
22 496
82 272
373 408
280 476
292 450
121 453
25 104
158 434
307 369
89 155
114 266
144 252
264 351
220 463
227 485
48 227
118 205
304 358
217 399
58 302
255 316
32 386
385 481
178 363
172 243
38 456
68 179
78 218
388 475
51 85
61 286
90 369
143 246
310 491
67 200
144 348
82 484
45 239
102 299
302 441
289 450
248 337
388 446
210 397
143 414
167 447
277 314
284 333
201 269
33 122
206 395
146 341
282 336
192 383
325 439
240 481
408 456
122 237
281 387
163 346
257 467
166 337
72 496
251 373
206 351
383 388
119 475
69 345
248 375
191 208
41 148
231 287
288 465
2 325
121 168
95 331
115 157
271 471
68 410
284 459
162 431
17 404
54 200
278 442
200 246
39 85
61 93
137 357
6 224
121 360
253 320
105 453
125 361
26 263
81 296
2 25
432 460
273 474
123 353
305 434
326 440
183 468
138 266
359 477
253 278
29 76
309 365
425 471
158 204
424 463
372 446
154 441
135 347
205 231
32 270
111 288
336 386
227 446
15 148
116 209
158 161
4 89
180 254
32 220
184 439
264 324
165 186
72 323
116 483
9 188
112 185
190 332
90 348
291 355
12 32
383 390
31 250
46 125
406 499
83 337
186 481
280 282
47 58
217 235
477 479
176 273
46 499
262 364
78 431
34 418
212 394
36 356
141 307
12 33
101 424
131 372
350 362
125 392
43 280
298 309
86 348
242 494
133 364
485 492
113 499
242 271
360 428
3 347
377 469
43 355
103 171
279 449
277 397
223 486
321 445
14 299
220 306
15 123
48 303
50 450
151 455
353 451
90 371
109 111
10 440
91 417
59 471
3 320
67 103
328 430
56 160
33 220
109 405
313 475
320 420
243 332
84 453
197 433
71 465
402 471
236 443
165 415
228 243
209 353
284 313
123 286
100 143
66 409
132 447
32 35
1 404
18 99
24 417
82 349
98 226
1 299
106 388
19 220
163 390
278 397
144 467
59 218
273 314
93 476
346 461
84 171
297 338
187 290
174 442
157 431
265 290
243 453
338 419
147 338
7 331
121 261
101 211
149 405
482 490
376 381
89 106
16 171
210 337
400 445
177 266
97 452
209 308
329 359
347 350
231 455
88 270
62 133
338 492
308 365
382 422
146 199
284 480
29 89
132 328
233 448
296 392
8 244
76 272
254 407
117 487
36 72
329 421
60 348
212 484
59 227
18 404
54 118
191 231
294 477
95 230
160 472
109 396
239 482
27 362
72 150
55 236
260 358
107 350
209 393
130 342
119 270
407 475
199 378
80 186
136 384
38 421
124 159
108 497
265 316
31 353
375 470
440 459
412 455
189 338
207 380
106 116
26 309
415 476
231 295
16 500
293 483
172 290
218 233
73 396
60 85
192 447
32 174
45 483
359 443
19 462
182 388
87 302
288 437
139 416
80 404
169 439
193 280
275 340
239 464
159 170
83 118
304 479
194 236
432 491
229 337
114 409
251 330
52 312
22 485
323 331
241 480
279 368
192 242
106 241
240 285
69 186
403 496
8 33
19 267
217 361
46 458
104 109
246 305
113 408
260 349
279 489
56 150
109 336
77 151
39 421
416 447
313 492
1 163
128 155
38 498
89 123
202 228
89 344
53 96
48 458
174 423
239 478
298 437
170 460
317 434
63 200
84 358
138 313
62 409
26 165
146 482
142 244
57 96
198 444
115 220
34 422
160 370
180 259
332 492
205 422
262 481
341 418
154 331
223 394
86 458
335 342
66 476
302 426
75 266
54 72
257 474
127 141
227 475
340 389
8 284
195 210
2 437
7 450
215 415
82 143
19 471
107 416
266 286
223 302
19 122
157 196
346 383
388 398
80 343
48 361
266 397
236 423
185 190
270 307
29 273
99 430
46 318
333 485
166 342
102 264
87 304
234 409
30 466
126 143
128 162
277 456
76 133
231 417
235 488
27 226
177 403
180 399
26 85
405 413
315 384
360 433
3 338
227 229
300 433
18 51
302 477
443 493
250 320
166 168
408 496
296 337
70 169
30 120
281 308
191 198
14 278
66 373
383 476
373 485
151 215
241 426
346 387
155 331
312 371
106 315
68 182
182 464
120 146
378 456
218 336
142 270
361 450
49 347
353 481
108 198
45 441
253 341
205 383
459 481
40 457
65 128
82 387
248 254
126 315
246 391
28 324
20 327
7 121
234 235
333 480
170 294
189 315
193 488
197 436
162 300
153 407
152 268
117 437
154 218
431 455
156 483
404 437
100 189
321 415
229 382
299 464
168 457
78 455
36 346
49 372
121 230
21 468
37 440
442 479
191 402
5 28
92 157
31 84
189 397
189 355
149 226
223 455
197 365
209 397
302 361
330 446
150 443
223 426
214 360
103 193
166 468
347 439
324 411
25 351
140 179
174 411
211 450
429 478
269 379
110 179
28 259
266 454
230 335
424 455
271 427
143 291
246 296
66 477
195 453
88 369
313 490
47 461
183 490
392 464
82 219
49 368
72 183
3 235
400 451
195 410
221 322
323 392
142 251
12 470
11 58
271 314
318 491
120 223
288 420
84 308
78 382
17 186
236 389
91 133
9 282
61 435
37 84
42 328
78 213
116 474
49 414
336 435
259 308
145 214
122 470
248 263
256 328
424 457
51 345
121 144
236 468
223 373
194 416
243 444
287 397
27 51
76 319
57 123
21 109
243 442
261 334
436 486
89 219
54 174
187 390
63 261
238 282
73 371
116 174
37 406
33 50
82 320
52 377
173 341
58 491
239 335
222 479
166 174
323 444
151 230
33 79
190 359
79 251
274 417
204 416
205 482
238 388
68 466
195 296
167 209
20 404
66 208
56 172
263 404
179 291
51 192
202 436
34 387
26 161
135 221
140 198
197 296
282 316
105 294
328 362
344 362
48 326
74 317
45 151
116 432
388 471
414 425
286 298
197 468
195 399
187 320
180 351
115 288
3 299
252 371
291 455
26 101
213 487
145 222
337 371
288 384
136 476
105 489
373 376
29 182
223 378
335 345
120 210
45 277
250 260
154 496
20 127
370 455
64 377
258 412
203 407
121 426
56 133
121 240
187 259
252 479
350 435
51 212
261 401
269 309
113 283
38 434
134 430
3 295
73 434
246 274
168 374
134 211
226 446
381 469
387 449
109 134
88 261
50 398
188 485
77 134
217 342
55 185
45 139
123 281
124 236
58 468
91 115
233 387
201 486
252 363
181 301
17 304
293 404
84 105
172 401
85 267
319 458
295 424
178 197
169 327
40 222
1 232
158 312
57 238
149 227
138 227
180 274
199 486
130 308
120 309
166 477
307 326
36 172
20 328
104 263
2 123
149 312
52 293
327 488
101 206
13 95
3 449
108 429
142 452
75 263
49 454
133 162
272 467
422 472
140 410
473 493
249 494
15 181
78 487
249 459
27 259
61 475
49 320
159 214
29 302
153 253
445 466
148 449
100 378
69 97
234 369
7 419
130 372
188 458
137 435
283 467
186 315
81 136
398 495
305 371
107 473
57 280
326 398
135 313
15 287
214 448
228 262
40 117
166 381
113 494
151 167
166 222
91 456
354 406
397 435
51 427
419 463
15 483
306 446
334 371
163 245
157 440
94 303
158 493
90 352
23 217
176 499
97 238
373 459
128 189
337 350
94 98
7 58
246 466
228 316
19 476
79 149
24 77
229 475
158 428
373 483
60 232
323 463
280 412
162 415
85 154
241 463
4 282
20 392
412 414
32 114
374 411
307 361
251 436
307 394
74 190
269 354
465 468
423 496
261 478
388 479
326 490
14 149
51 168
370 395
316 346
79 368
255 346
83 412
245 435
341 470
89 159
102 249
9 293
10 301
365 430
187 321
46 285
290 468
37 57
14 50
232 358
118 331
269 281
151 415
361 486
310 490
461 485
5 397
478 488
75 321
199 441
317 367
93 376
365 374
190 384
281 340
63 430
47 69
53 270
169 470
43 377
113 373
11 489
21 259
385 495
30 417
103 237
160 188
157 320
42 202
52 95
389 423
147 465
270 302
248 416
79 206
84 396
174 302
113 185
374 471
368 392
95 487
121 500
72 253
5 84
73 170
329 479
154 355
230 314
158 449
382 466
164 399
140 186
52 136
12 154
91 200
26 148
383 481
244 466
143 212
88 441
102 338
379 408
176 252
279 419
341 499
164 235
7 236
185 244
132 385
43 55
114 402
136 260
197 343
462 475
13 293
89 253
69 277
239 315
16 96
301 374
17 478
13 442
99 103
111 320
87 144
214 297
118 223
120 151
76 442
225 242
226 232
106 382
185 206
17 493
205 232
45 108
287 395
33 87
341 456
157 481
100 371
270 493
27 85
186 306
252 345
108 468
263 354
160 493
343 434
101 303
261 419
382 491
42 210
113 258
13 455
168 280
243 483
169 306
56 391
226 339
402 447
348 464
379 499
106 223
234 340
238 261
98 257
35 189
75 330
199 443
305 351
385 421
75 424
242 475
441 482
162 497
174 236
165 263
111 174
21 141
169 415
233 238
211 251
224 425
9 313
198 221
312 372
126 223
3 121
277 343
352 483
397 467
41 181
11 410
139 145
300 485
234 411
254 359
287 418
194 201
191 201
100 421
133 483
389 399
379 388
159 410
394 481
379 459
234 433
46 343
167 299
230 345
406 448
393 409
161 170
45 426
127 318
75 376
149 229
244 361
200 471
270 396
58 436
123 347
62 259
84 335
376 406
380 468
10 254
3 475
328 391
60 194
148 377
301 372
206 429
178 381
43 216
25 371
119 364
192 269
121 254
260 398
58 229
49 383
103 291
378 409
68 295
159 482
242 396
242 408
208 391
197 397
33 421
18 232
114 363
159 294
266 317
14 27
51 417
290 342
50 311
376 377
72 173
97 197
83 328
163 198
22 129
14 36
220 491
206 283
72 383
107 197
131 488
297 306
293 401
68 498
86 425
307 347
126 392
313 477
222 394
199 284
202 413
2 92
233 280
166 455
25 327
58 234
39 88
232 427
50 500
236 488
304 443
237 361
285 362
275 460
14 65
15 500
237 336
220 402
54 282
21 498
131 386
50 324
184 207
220 380
142 363
100 304
22 192
243 353
9 139
207 276
41 162
207 246
277 353
292 391
8 166
219 424
161 446
80 124
319 336
96 479
8 270
170 289
104 463
90 345
280 473
109 348
215 283
190 300
392 403
61 255
182 256
104 368
12 48
33 67
127 302
229 309
121 180
79 289
124 493
30 479
224 229
198 473
266 424
188 264
154 469
251 254
137 141
54 499
166 490
148 294
276 440
334 481
53 287
134 281
116 128
330 407
106 260
99 343
93 401
435 455
54 132
9 478
127 401
160 335
1 113
6 348
44 220
30 137
1 210
169 447
113 351
271 344
354 423
230 497
25 329
181 428
306 367
117 422
48 134
217 307
47 443
180 332
139 301
137 447
238 452
235 340
37 424
62 441
103 478
24 300
272 331
41 164
147 460
297 479
43 473
23 51
77 179
199 445
215 282
251 372
351 360
328 459
40 254
45 385
117 167
4 365
287 432
31 62
168 296
63 73
165 360
193 496
121 485
121 271
170 321
284 336
364 488
35 246
75 286
243 443
440 485
49 142
350 500
426 453
15 238
269 303
346 474
253 315
290 495
395 430
43 303
29 321
129 300
127 446
100 140
359 468
47 278
67 143
135 373
74 97
16 43
457 470
165 176
224 340
102 476
53 437
108 300
37 228
308 424
69 409
78 358
260 273
96 163
458 467
318 371
245 442
363 386
92 372
95 193
42 238
40 338
191 442
242 415
346 435
131 323
209 416
306 495
28 304
286 459
290 477
89 256
55 295
154 373
160 212
8 291
124 179
262 375
223 444
8 253
53 364
124 491
32 143
74 189
94 380
15 339
42 106
42 130
230 374
321 400
87 451
179 371
101 236
167 452
327 402
277 281
135 179
8 67
300 498
425 489
128 372
222 449
35 234
22 182
174 450
85 302
180 411
139 214
25 65
135 419
42 422
25 359
43 388
327 380
71 463
399 462
321 417
91 307
190 262
31 419
81 412
190 401
462 493
30 323
422 474
354 469
4 105
320 445
29 91
106 494
258 272
113 397
99 193
14 380
284 370
53 422
282 382
261 450
240 476
34 143
83 188
254 329
237 486
367 389
74 184
89 115
58 325
64 475
62 302
238 351
222 326
20 183
27 168
3 344
226 391
65 70
48 67
225 304
63 357
172 499
26 476
167 341
127 214
325 495
121 191
100 253
86 278
246 379
222 493
184 206
180 405
280 365
182 219
82 452
345 403
218 267
346 392
36 468
3 442
134 341
156 203
54 485
322 360
139 365
182 453
191 458
268 283
123 321
73 282
91 191
60 400
287 404
308 478
2 93
101 446
19 245
9 60
144 165
47 346
64 284
216 271
64 155
102 215
7 243
151 363
460 468
30 341
197 298
40 466
141 227
166 288
325 343
60 314
76 373
222 227
44 388
165 432
147 419
207 376
61 139
333 347
439 457
104 311
183 391
19 182
47 208
205 457
17 449
184 421
208 372
104 290
342 469
22 388
290 317
205 379
351 427
78 300
45 127
50 357
287 500
142 345
193 344
83 441
355 380
154 176
16 383
238 495
117 257
177 404
220 280
254 463
428 447
297 330
282 314
367 393
102 443
273 275
15 448
307 474
203 226
265 268
288 300
51 318
8 281
273 459
201 363
69 375
51 384
173 499
268 492
28 287
232 247
173 219
39 315
238 382
40 269
27 477
5 402
32 224
327 385
237 263
105 136
215 266
212 264
72 229
219 485
31 53
221 498
158 341
349 401
448 471
389 441
36 93
274 373
247 354
165 273
157 328
249 404
269 362
313 496
168 332
55 210
271 373
195 234
415 433
238 334
105 422
372 410
361 495
66 451
51 310
292 359
239 375
434 499
183 467
278 309
8 261
13 81
288 493
209 339
77 497
387 411
126 169
94 423
132 258
118 456
415 472
318 394
164 418
406 412
57 437
74 168
29 398
2 168
198 390
112 485
56 89
3 268
67 330
428 476
363 450
241 442
131 363
58 306
200 380
183 337
352 457
321 479
344 486
243 259
211 434
142 165
290 310
51 313
190 258
288 327
234 383
218 279
158 421
181 450
15 84
80 131
122 155
173 278
163 204
70 248
57 319
118 377
169 412
338 491
197 395
21 70
9 87
195 335
297 497
125 207
62 148
379 402
76 260
146 278
116 182
105 162
125 365
40 313
63 332
73 216
104 364
235 392
158 214
238 355
462 489
319 396
82 500
32 335
246 377
141 454
465 497
28 488
183 239
250 422
52 88
47 95
162 295
40 498
197 306
68 342
231 233
78 282
150 210
211 225
81 108
58 327
269 450
80 412
291 362
17 479
305 410
244 308
110 185
69 259
105 393
91 483
91 340
88 438
2 293
115 393
143 293
80 234
318 346
28 447
380 417
146 289
3 400
189 299
161 410
184 432
62 329
75 348
205 492
348 413
163 358
415 468
422 435
210 266
165 388
133 433
1 292
318 391
290 406
168 308
294 324
295 402
272 370
154 264
176 295
122 422
35 286
69 330
17 101
139 352
15 121
35 448
84 277
67 339
111 233
195 418
204 273
19 376
331 426
141 271
5 58
39 46
139 371
340 496
209 238
229 392
105 445
403 478
62 354
337 495
233 430
15 375
354 491
247 489
353 485
42 230
142 431
142 385
172 371
10 258
196 215
252 465
39 354
108 124
144 216
235 262
88 399
37 270
236 371
207 467
172 324
269 463
41 364
170 448
116 440
34 234
182 414
243 397
260 388
109 460
124 490
239 412
139 275
132 389
147 410
60 290
382 473
76 469
7 204
117 124
118 287
20 91
57 196
112 354
183 231
21 297
135 407
34 399
234 398
170 489
89 98
174 414
357 432
184 347
236 307
401 445
2 486
170 355
66 380
249 491
211 458
335 458
250 316
7 249
35 52
10 72
460 491
62 391
166 423
117 299
51 500
236 261
100 346
82 195
305 477
441 474
78 392
5 173
276 278
432 437
318 369
282 466
14 361
271 447
42 411
75 463
136 160
50 379
26 77
5 490
35 86
141 469
335 491
21 340
282 370
235 421
97 138
98 251
47 474
176 278
197 413
46 407
198 214
328 349
176 446
95 394
80 359
264 489
37 497
33 105
68 340
133 219
56 245
272 299
181 478
10 259
433 449
171 334
113 197
38 238
386 449
46 127
347 457
289 339
171 224
94 305
45 233
30 454
359 403
123 173
2 350
43 425
164 398
298 393
17 412
310 438
395 406
163 230
48 92
93 415
50 348
202 244
21 489
48 460
150 247
6 476
31 147
78 162
70 277
343 422
270 377
6 327
168 205
283 407
79 499
255 308
56 154
388 483
29 364
8 190
10 58
205 241
298 332
46 186
185 452
265 269
108 298
88 195
12 286
232 408
82 185
213 254
85 496
283 413
59 336
282 323
207 487
21 466
128 494
331 479
195 383
269 435
97 149
210 425
469 485
232 346
124 248
199 413
290 491
344 382
103 349
2 44
398 432
130 350
296 461
284 445
190 239
316 495
219 401
69 342
466 468
222 440
371 477
342 343
236 377
68 183
27 467
107 455
102 223
35 194
58 222
475 491
92 458
80 155
148 164
220 455
212 421
153 209
241 266
343 486
85 352
249 472
142 252
70 243
55 83
14 256
331 438
115 477
162 321
174 479
100 404
355 477
379 433
58 482
106 470
188 327
299 313
288 374
9 67
287 300
393 495
21 380
169 324
203 250
213 297
41 461
159 322
311 423
336 363
191 259
253 488
36 165
28 275
1 178
151 227
387 428
122 310
203 349
259 467
133 491
65 214
194 339
98 474
283 410
39 476
31 54
26 356
329 346
173 295
263 310
283 309
158 379
42 218
72 251
250 351
47 258
64 433
211 435
28 231
131 405
157 369
237 358
108 302
98 369
64 111
320 373
368 375
247 334
245 327
190 495
282 498
118 420
5 388
182 286
191 380
39 213
90 172
311 324
396 482
60 377
241 332
249 330
147 472
120 185
271 333
119 259
42 198
342 368
105 496
110 160
397 422
428 486
245 329
118 410
203 281
122 196
292 344
105 427
210 422
129 279
32 260
47 456
297 478
4 93
171 222
309 396
59 66
173 467
38 355
53 462
96 207
176 241
107 232
115 347
98 204
104 179
151 284
82 104
166 496
112 313
17 294
149 182
241 428
163 411
26 442
87 349
167 368
350 481
93 269
203 302
103 405
234 276
78 327
337 431
75 500
99 273
32 329
225 466
73 161
60 468
118 486
255 356
28 444
335 445
240 299
316 479
121 126
152 356
185 399
105 497
302 309
154 425
106 161
70 117
168 199
327 384
233 248
73 280
186 436
72 438
192 360
137 140
150 414
182 241
397 488
32 240
40 320
101 315
9 155
267 344
263 321
385 494
287 377
72 140
150 222
110 366
281 414
335 492
84 210
77 420
369 457
181 256
288 294
206 488
245 459
86 455
72 286
422 430
212 494
338 469
89 418
346 427
17 430
56 374
226 403
413 421
17 327
71 212
142 327
285 404
346 363
103 258
127 410
187 409
47 177
133 342
116 242
1 10
181 308
8 362
107 358
40 102
62 458
277 330
411 463
434 462
259 323
209 460
110 392
230 289
68 175
216 274
172 226
310 328
143 346
198 302
51 327
299 375
304 320
280 470
109 150
426 446
453 462
89 148
314 374
320 384
267 447
5 220
14 137
257 495
367 400
122 489
139 211
66 215
266 275
181 260
90 232
241 415
248 334
130 242
17 219
292 497
124 427
107 312
175 468
210 336
164 360
66 275
209 351
157 493
118 353
15 324
147 305
93 266
76 329
175 438
24 385
209 329
319 405
3 11
145 315
64 277
106 240
244 385
179 474
141 210
89 369
75 143
148 344
12 269
82 392
150 232
91 122
121 484
52 252
154 414
57 241
222 353
180 256
133 392
174 336
146 345
19 449
105 363
393 432
238 367
258 449
196 462
385 397
174 306
60 199
261 337
174 178
108 110
317 392
137 369
74 279
246 317
326 385
188 418
72 480
293 446
10 108
305 469
60 320
190 423
13 266
319 446
200 313
341 384
22 23
38 108
182 402
351 440
283 306
225 323
432 465
115 188
423 490
59 484
26 113
199 418
11 192
261 346
212 351
68 83
107 124
350 356
210 408
165 194
40 161
254 377
123 338
153 297
293 323
244 268
207 349
148 341
232 429
362 474
171 326
38 259
178 404
204 380
55 278
81 274
158 438
170 174
100 127
86 421
346 421
270 348
30 273
78 96
367 496
390 443
324 395
159 246
125 390
116 499
210 498
294 399
388 463
211 431
15 354
87 424
109 122
123 493
168 324
387 441
125 424
38 323
134 251
51 425
257 303
115 306
347 484
486 495
104 114
284 493
20 498
110 187
342 402
350 352
186 413
92 403
62 100
41 58
205 490
317 483
122 180
6 334
134 353
20 343
103 146
54 61
256 459
197 465
41 419
372 456
77 383
202 377
347 429
274 494
19 329
180 325
165 170
242 472
409 435
45 89
133 164
14 484
26 363
147 412
59 495
20 434
53 173
164 206
30 388
228 291
254 497
88 326
220 442
164 435
120 171
6 216
42 237
219 320
343 416
4 235
248 430
247 266
254 423
7 80
194 408
79 141
181 415
35 481
8 124
359 389
214 325
352 408
296 466
325 352
32 116
465 475
75 132
71 75
320 453
143 450
186 465
100 351
469 489
289 421
120 205
182 275
182 287
383 492
61 466
69 166
223 251
136 254
293 418
171 495
60 346
61 453
59 427
83 102
77 423
63 314
274 348
381 413
220 483
109 447
160 342
295 341
308 465
134 301
328 356
163 216
67 421
196 323
18 106
1 430
152 435
54 151
257 330
171 446
140 193
212 444
124 272
216 343
153 202
106 376
392 412
325 397
310 396
57 334
115 490
39 311
338 422
27 80
158 378
266 404
8 466
110 484
146 175
299 454
76 166
462 497
108 434
271 293
8 442
372 459
58 388
78 130
180 285
155 459
128 410
91 97
11 179
266 322
278 280
436 451
357 367
339 438
299 422
77 84
328 361
14 184
172 437
133 323
418 484
315 476
267 494
221 319
141 211
69 472
255 323
431 458
380 473
189 300
282 360
76 94
267 366
47 393
75 403
78 477
87 446
337 480
286 456
92 443
237 450
155 386
128 465
94 163
149 168
12 267
465 500
162 340
15 389
38 275
216 324
391 397
101 247
125 421
287 451
160 441
144 256
231 289
276 349
104 171
268 349
18 500
354 401
376 433
92 463
381 456
207 253
59 470
29 30
218 421
285 430
330 424
40 115
110 385
402 472
287 301
143 270
231 326
308 413
383 417
32 429
115 216
150 454
207 397
164 269
163 396
21 321
285 369
16 388
60 429
8 31
151 489
40 177
343 369
44 121
58 235
133 446
177 500
254 471
9 390
70 350
192 195
125 227
129 474
135 162
352 456
154 361
35 181
112 274
101 278
23 305
213 383
130 236
104 366
255 496
28 129
143 408
79 457
270 278
136 218
289 392
262 486
47 367
83 99
58 77
52 208
35 309
41 383
72 491
166 373
293 429
92 436
354 444
156 362
200 347
254 277
377 478
114 228
436 489
64 67
196 401
68 415
125 291
238 305
19 375
163 482
201 432
157 210
391 471
127 217
39 350
202 456
24 453
43 493
387 489
105 189
189 293
286 299
74 272
165 244
5 328
136 430
155 181
93 477
54 500
105 349
103 410
129 281
3 311
26 327
6 395
76 487
266 432
143 262
53 337
128 487
122 492
75 467
195 440
200 209
308 309
20 105
80 190
31 101
220 326
382 460
213 319
368 469
324 409
318 481
442 474
351 396
230 452
154 333
44 239
264 487
185 396
102 382
237 256
20 204
380 383
235 247
453 463
162 269
144 188
388 482
49 457
113 486
8 344
172 448
315 346
135 252
195 268
73 304
306 432
131 356
97 386
39 177
210 370
45 124
120 351
83 492
252 342
140 445
85 185
375 392
186 391
9 111
57 272
50 225
155 251
168 383
246 302
68 261
263 455
27 469
355 401
160 421
6 42
320 411
241 327
26 459
118 444
49 153
358 413
39 275
137 188
202 323
53 294
33 335
205 266
198 347
133 226
128 198
167 194
79 257
96 321
134 159
331 407
214 400
247 478
380 400
256 496
148 162
33 303
260 304
197 321
124 342
185 332
264 498
192 489
192 215
391 469
326 382
178 215
431 446
16 82
43 190
80 460
131 322
339 473
57 235
284 393
6 102
89 292
197 221
80 429
432 473
127 272
148 192
178 484
97 392
335 499
125 136
70 486
320 459
59 467
280 347
16 152
263 318
388 402
204 419
291 376
75 169
101 427
385 405
237 376
53 389
316 378
310 330
330 345
325 330
420 462
252 318
24 294
304 362
159 219
117 290
61 328
334 350
261 269
125 485
162 187
71 407
50 174
35 137
35 333
369 380
196 383
119 169
222 347
375 379
182 249
98 159
422 480
143 347
442 490
108 479
85 259
248 438
36 40
234 403
211 262
112 114
354 496
376 482
260 329
209 254
216 310
214 487
403 486
80 243
430 492
55 197
446 455
406 497
64 352
255 479
103 464
55 384
36 39
196 371
259 351
67 324
165 405
178 459
32 163
127 242
231 486
102 195
43 286
76 376
62 294
356 500
120 141
245 287
122 332
100 276
14 136
91 427
105 129
116 190
94 190
315 340
88 397
101 162
114 163
200 465
296 336
241 494
92 174
82 107
102 241
138 434
60 253
233 290
290 341
151 386
102 135
113 213
97 476
377 401
368 500
125 233
152 381
82 499
14 114
56 360
107 393
60 458
30 245
195 204
102 368
29 288
81 467
366 492
115 426
134 484
15 165
214 418
300 440
169 419
157 346
206 208
233 375
46 239
17 165
229 230
456 465
2 131
146 147
117 390
351 384
44 307
132 411
101 435
90 120
454 496
159 452
227 313
81 90
67 379
301 499
245 256
397 423
213 433
195 368
319 345
286 318
104 490
91 433
53 471
293 471
143 461
392 490
44 276
27 455
157 318
250 263
55 331
321 453
295 296
185 249
39 405
206 238
128 392
9 480
21 165
60 159
368 430
243 278
96 451
75 145
18 154
239 455
26 399
79 177
136 318
170 213
195 391
362 427
201 206
19 434
15 194
405 434
12 410
113 388
175 485
342 378
177 462
174 420
118 462
80 350
67 413
364 418
177 400
47 345
323 495
217 244
249 411
179 249
72 452
154 450
100 206
9 57
284 285
67 409
47 75
307 356
238 499
19 38
75 203
67 229
36 109
298 455
90 213
355 482
53 153
191 270
152 261
178 471
245 454
186 357
257 425
71 409
151 434
330 471
298 418
281 324
118 179
57 178
46 450
18 91
16 192
2 271
2 289
2 309
97 162
102 153
146 183
66 177
257 266
155 266
316 443
145 199
119 315
191 277
51 123
85 197
39 393
260 439
22 207
391 409
140 267
341 350
17 293
79 219
295 329
279 364
159 175
50 336
321 437
36 187
52 89
90 239
411 492
234 260
53 311
10 194
210 357
99 226
265 366
54 387
87 183
211 424
65 316
83 143
151 396
221 233
241 419
133 421
100 211
187 333
387 389
309 373
132 453
269 391
95 99
361 479
324 361
27 407
178 201
97 383
85 239
294 375
158 405
31 448
320 369
261 310
116 259
84 324
1 96
303 390
362 410
36 439
256 457
166 376
30 140
228 443
89 388
45 295
114 345
28 172
211 360
180 206
15 273
126 294
152 436
245 487
117 249
106 134
84 432
98 178
89 234
116 405
66 223
193 357
271 459
138 176
7 122
268 477
339 489
376 487
2 181
266 490
28 471
143 342
91 371
126 288
88 143
11 20
428 436
44 270
57 94
377 421
133 308
74 308
271 323
65 213
40 139
38 131
85 441
46 448
110 131
310 419
24 462
47 432
158 178
56 87
298 457
196 301
33 207
288 475
100 187
318 422
357 489
113 477
49 405
179 365
223 239
355 396
166 472
57 441
244 270
68 289
53 72
24 84
16 118
196 499
204 476
143 237
208 368
186 288
321 414
73 467
87 376
124 495
394 470
130 280
128 288
173 226
73 347
273 318
141 355
147 202
209 434
303 427
179 242
5 280
34 193
322 363
21 260
183 394
265 280
9 472
27 29
25 140
325 384
159 240
303 462
145 323
7 158
34 205
232 294
288 441
16 311
349 378
124 246
300 402
461 477
251 386
160 383
348 382
257 450
348 471
194 245
96 340
18 432
132 436
39 116
114 147
362 371
278 323
72 442
180 495
71 208
157 206
61 83
35 158
13 125
50 91
412 463
291 454
256 297
335 464
11 350
267 457
84 131
73 264
89 101
132 160
154 487
149 279
26 337
45 405
83 395
211 268
155 246
268 290
22 212
152 376
206 344
136 416
41 107
64 412
273 438
135 138
74 185
202 428
198 360
35 141
5 120
325 357
229 378
464 495
33 322
354 370
110 194
59 360
268 444
44 102
212 269
37 151
163 300
42 488
37 344
45 346
46 209
104 296
32 385
207 389
72 471
1 307
308 468
308 352
258 351
89 197
268 343
358 421
97 292
300 356
65 383
249 318
170 439
120 316
78 380
43 324
32 467
61 193
113 415
148 394
17 192
330 341
241 417
24 192
210 254
85 192
197 404
133 461
106 216
118 478
79 247
156 487
304 457
17 198
117 123
273 391
119 485
294 479
183 330
199 389
445 451
58 495
10 25
27 113
222 338
104 476
33 472
409 449
250 450
296 335
277 469
231 379
209 379
87 124
231 368
271 415
106 289
10 283
101 193
149 458
259 290
372 447
54 459
346 362
90 297
182 486
49 499
185 313
310 335
133 232
138 223
11 68
330 374
236 390
86 132
51 154
62 231
149 409
213 390
5 103
44 424
71 430
134 302
89 350
9 301
145 378
197 482
224 390
183 286
104 207
384 417
185 289
115 335
285 311
143 392
118 302
343 462
79 392
184 208
94 140
29 110
306 469
86 291
369 497
62 168
105 429
429 450
440 477
97 407
111 242
149 494
44 463
139 478
360 443
447 494
330 466
356 452
225 233
351 386
196 242
347 497
304 394
114 412
115 186
59 355
323 458
83 158
84 409
17 467
107 432
32 403
219 476
38 47
44 485
156 308
11 53
4 371
81 481
311 448
21 410
48 222
89 329
218 242
91 481
404 474
274 340
85 475
271 272
349 462
236 269
183 366
273 489
46 76
378 382
126 200
18 281
17 25
52 107
446 454
220 262
183 363
15 422
153 464
150 295
201 377
19 335
272 485
142 284
18 394
45 176
302 483
145 496
90 441
395 426
360 371
187 317
19 106
53 102
441 484
188 340
267 418
417 441
26 416
103 368
425 453
266 439
259 376
76 127
75 252
258 334
3 204
201 289
136 236
130 201
17 133
179 321
164 223
222 466
173 202
367 407
464 474
323 337
35 444
58 274
9 170
170 229
281 432
172 453
75 342
78 361
81 132
21 324
308 353
16 483
30 306
29 229
324 485
8 145
293 357
135 411
161 488
321 333
140 162
162 457
130 389
167 386
177 236
152 297
352 394
108 399
39 496
106 126
334 471
305 365
114 499
367 457
65 174
295 403
231 384
413 499
47 270
74 191
6 73
132 404
160 500
250 327
103 423
214 286
33 478
137 213
48 380
40 458
272 453
16 100
177 453
25 184
82 422
91 288
89 305
60 268
414 430
307 400
58 128
303 394
346 419
24 165
106 196
96 319
389 453
480 485
179 350
167 280
53 426
190 419
93 464
43 414
224 429
21 408
147 272
26 116
241 391
111 210
39 404
66 274
154 196
204 493
244 402
310 474
87 394
75 213
487 493
298 445
102 464
231 440
61 219
142 206
126 487
145 457
6 337
302 393
170 237
154 398
451 480
127 469
68 239
316 374
285 352
11 319
54 308
249 374
150 290
306 361
170 353
63 346
340 377
327 457
132 193
409 441
171 294
26 486
220 452
139 157
11 235
480 496
277 421
53 105
297 451
163 214
325 486
27 468
111 347
175 329
180 349
356 450
187 398
161 396
208 349
167 403
343 399
4 152
232 297
263 344
213 350
445 489
13 284
175 275
41 206
228 368
377 436
191 482
86 189
155 241
54 193
155 188
68 318
135 169
116 189
152 361
39 96
206 366
114 456
457 464
150 307
411 496
49 377
220 312
74 469
233 293
36 232
26 186
179 190
255 300
24 122
190 196
403 461
101 148
224 282
113 304
112 380
80 178
289 307
99 340
92 228
167 349
207 464
299 305
142 360
209 274
215 279
19 169
12 402
27 323
24 409
187 247
146 414
213 455
40 255
133 140
197 247
38 43
256 280
319 409
221 473
197 281
221 439
42 252
151 174
37 307
160 392
16 128
19 45
131 422
401 404
241 392
304 412
285 481
226 271
118 473
224 329
375 426
210 277
37 136
449 477
57 492
102 467
55 105
9 218
71 213
101 484
356 407
170 478
145 345
408 416
218 305
121 272
83 136
282 283
193 319
225 423
185 300
32 41
335 402
148 472
197 362
37 235
127 454
178 331
26 279
42 345
206 422
331 402
288 435
143 309
337 450
251 490
25 61
17 252
197 225
319 486
67 322
360 497
286 382
127 362
43 378
313 322
55 120
27 260
172 247
216 379
36 348
88 475
61 396
149 325
214 499
2 209
113 172
103 138
156 443
19 320
311 407
335 419
27 328
126 385
49 487
138 356
200 436
145 369
79 397
26 393
5 377
193 250
40 148
175 365
164 272
4 432
112 134
341 359
393 407
362 373
205 416
305 368
149 443
253 427
321 500
227 303
337 400
348 406
23 486
149 215
115 488
44 119
349 463
106 299
43 263
234 271
192 499
280 496
40 110
32 259
386 406
235 269
47 116
51 86
156 419
45 47
288 301
143 305
234 261
36 79
38 223
222 331
38 321
336 421
24 364
208 276
289 464
113 236
205 255
216 273
81 272
7 424
395 427
204 366
267 491
70 244
88 344
345 480
79 373
13 22
55 422
203 377
334 391
62 482
331 364
165 391
211 283
119 380
129 437
157 275
29 238
36 476
45 280
115 466
338 371
206 430
22 402
256 341
407 464
403 458
22 439
319 333
266 281
183 202
18 251
426 456
319 477
398 429
145 494
3 480
43 301
42 68
220 348
18 204
319 366
317 425
107 413
115 239
289 316
69 308
91 485
62 290
144 241
61 306
20 70
401 482
215 257
415 438
200 235
229 313
207 327
264 436
82 103
198 432
77 341
351 443
155 372
183 352
110 488
299 328
265 449
188 304
43 131
216 342
110 487
453 467
265 420
412 439
369 381
10 180
82 395
150 439
186 464
6 147
78 156
165 376
184 313
53 67
108 393
178 281
98 182
1 387
119 422
49 316
29 70
209 239
265 430
127 480
37 133
89 184
264 399
100 345
184 383
110 129
129 310
62 223
323 399
178 401
29 415
80 454
126 183
154 163
255 382
242 338
302 476
43 150
72 497
255 476
49 160
39 473
287 438
58 168
101 132
386 467
206 416
435 459
349 407
295 482
5 443
349 388
13 498
107 434
162 485
326 419
106 483
280 441
157 292
149 411
43 249
24 381
105 117
142 248
126 164
8 110
247 490
154 432
99 275
203 315
373 442
67 465
242 486
79 82
47 184
22 108
120 252
96 148
305 497
202 248
105 467
204 395
13 236
108 439
88 321
44 319
141 293
181 332
140 166
75 396
241 413
100 126
12 122
252 346
198 335
318 319
31 279
273 494
100 201
190 208
1 370
147 462
87 130
149 472
111 198
426 454
10 113
88 137
307 406
192 256
300 452
130 237
203 285
277 370
79 500
288 370
191 306
96 500
259 291
129 429
99 496
432 451
363 464
215 324
11 232
364 414
133 489
13 119
77 313
171 286
293 440
62 118
186 496
310 488
327 353
2 443
102 483
353 447
277 458
116 452
249 386
186 223
83 421
26 437
14 234
60 445
216 435
425 448
267 428
239 426
147 172
29 38
240 386
368 420
355 440
233 242
266 280
175 403
25 393
403 481
214 349
370 444
23 37
170 389
41 448
105 469
33 467
167 322
23 287
11 52
173 486
114 264
46 385
225 486
188 234
280 440
108 173
73 345
116 161
114 315
34 426
126 275
302 399
286 340
245 347
243 308
175 408
206 384
45 408
99 384
104 392
3 322
271 423
141 182
364 439
28 436
159 261
46 183
68 93
71 340
80 435
381 463
199 297
329 336
423 481
23 175
256 276
92 123
33 413
68 99
392 438
356 460
207 318
118 220
161 356
29 472
159 363
230 436
98 293
38 282
115 404
404 442
120 132
126 461
44 445
214 369
322 327
141 500
19 87
18 112
37 361
147 243
12 435
39 248
400 483
100 487
73 275
110 463
56 368
410 442
231 310
215 341
422 436
232 377
167 182
114 341
397 436
131 316
163 371
32 285
221 307
389 471
120 288
387 393
113 299
36 400
46 296
324 491
38 293
345 346
178 332
117 234
147 271
21 301
177 336
170 387
186 200
258 400
263 421
140 394
75 350
111 361
49 479
13 295
87 255
11 183
63 333
83 291
146 415
237 332
159 423
167 462
264 394
2 382
47 404
365 388
252 317
65 337
260 365
156 485
411 416
112 444
25 45
80 445
193 342
129 140
239 289
423 424
173 468
61 414
246 284
23 210
171 298
271 336
75 375
61 271
9 115
44 165
258 399
259 305
268 316
200 408
11 437
26 415
62 363
78 148
299 396
83 216
70 499
95 270
169 408
38 367
11 248
30 64
106 446
108 378
276 355
170 340
45 133
43 169
189 490
25 447
326 356
266 323
126 393
19 123
73 272
381 470
52 327
42 349
252 382
40 424
274 442
239 274
185 318
253 354
371 395
173 200
123 168
253 332
217 228
101 478
48 422
303 363
146 352
428 460
48 338
131 202
19 337
138 451
161 491
249 277
278 304
33 323
37 211
103 161
152 336
287 449
202 205
202 310
361 428
151 176
269 440
23 274
424 464
99 274
103 398
143 487
7 359
76 169
221 317
103 481
94 216
198 485
87 245
151 272
158 448
316 356
321 357
146 396
228 448
83 310
78 87
249 477
87 379
90 272
26 40
37 368
206 434
363 391
69 229
371 475
2 243
114 337
3 96
303 357
59 77
77 157
291 391
164 433
141 362
4 349
220 321
277 477
293 343
355 496
412 434
351 434
44 368
91 428
66 158
172 289
230 265
437 473
337 398
11 13
274 313
428 467
333 467
130 311
89 381
69 396
239 345
466 476
158 321
339 404
172 382
225 254
424 474
266 414
51 92
295 462
101 470
49 135
257 457
79 367
126 400
163 193
31 309
249 478
62 180
288 471
234 412
96 273
14 257
126 274
47 94
162 483
99 242
56 348
95 257
378 474
155 330
5 27
325 483
88 142
34 100
47 401
50 303
357 378
125 146
298 438
173 186
221 280
161 277
256 353
202 453
111 438
302 425
63 470
241 262
318 469
267 455
163 342
311 397
83 165
129 468
344 457
11 453
273 320
192 315
389 468
5 164
350 416
134 442
10 95
384 496
28 111
123 372
20 356
141 300
122 135
206 387
147 454
357 410
59 342
24 36
52 365
28 300
334 493
288 446
24 264
49 346
289 358
136 219
16 237
113 239
93 273
130 271
460 499
29 103
347 370
452 467
194 311
237 271
29 467
373 489
359 433
254 292
20 158
191 384
106 318
12 433
257 370
307 333
160 234
264 471
205 246
9 476
9 412
253 412
153 309
15 126
33 66
111 153
301 471
239 384
149 353
302 396
197 368
233 332
66 492
129 486
50 81
64 265
421 464
290 299
76 407
6 160
225 467
28 200
305 306
186 402
5 373
154 343
162 332
79 118
337 363
83 416
130 281
7 163
175 430
347 393
351 472
70 305
203 297
107 326
365 436
189 307
235 403
15 225
206 460
66 377
202 425
227 401
402 475
98 279
170 430
95 404
136 360
123 465
362 447
20 52
105 257
3 183
359 431
24 440
2 214
246 271
85 86
274 291
86 435
38 39
26 443
185 191
236 404
23 414
189 361
44 476
191 287
3 286
93 271
58 497
296 487
340 341
224 287
59 444
91 116
29 208
418 455
214 287
256 346
294 378
277 389
174 334
152 467
183 354
334 351
41 225
151 468
15 382
116 307
428 484
154 232
214 326
49 68
242 321
269 384
51 126
139 144
231 401
177 493
214 318
105 132
43 489
168 340
338 478
74 319
262 318
351 489
331 424
228 494
273 402
256 396
179 358
127 440
360 447
62 390
68 244
386 470
171 343
275 414
88 257
400 417
353 448
163 357
304 354
188 238
20 219
111 155
294 393
165 253
173 329
58 311
379 422
3 303
43 393
276 387
119 123
192 305
241 482
217 252
429 474
44 82
207 272
101 496
31 440
47 52
307 446
19 153
54 346
419 451
131 272
83 199
29 52
129 234
107 239
364 480
59 157
215 333
284 429
143 286
353 467
220 308
69 181
29 105
24 105
235 333
1 312
93 290
289 323
201 304
91 235
176 489
367 466
230 378
257 302
29 93
103 300
91 490
217 470
379 441
16 285
114 195
79 303
58 372
74 431
74 105
90 298
42 459
163 249
27 287
472 475
36 489
62 323
348 354
69 245
160 477
251 437
106 442
271 281
237 328
6 114
258 330
229 424
153 455
14 318
280 352
30 145
273 299
64 211
55 191
75 240
242 413
26 61
411 465
39 428
235 390
94 339
36 74
16 126
29 190
417 486
186 490
66 298
62 298
110 197
58 220
259 457
112 339
100 248
299 344
37 399
241 253
301 424
12 98
314 343
376 408
377 405
7 274
311 496
107 229
26 98
342 454
354 398
41 296
250 483
86 335
106 237
168 452
84 142
226 280
246 406
159 421
275 433
220 258
19 383
7 254
130 435
45 360
179 323
113 117
362 375
65 494
55 183
27 135
82 369
206 388
216 314
41 421
178 378
43 368
146 212
58 480
128 470
131 261
324 375
81 452
297 410
4 37
73 255
372 423
196 366
129 452
455 466
140 231
93 474
259 342
296 385
36 395
61 132
61 245
21 320
85 209
71 242
354 433
189 394
53 196
106 270
91 255
271 375
47 236
207 489
86 98
26 365
71 343
78 190
300 466
13 469
183 309
69 378
358 420
129 255
2 37
257 276
305 334
252 388
77 81
112 264
143 229
141 277
201 425
286 444
22 114
242 344
58 151
212 289
62 369
205 250
141 496
6 387
118 335
245 386
29 375
189 228
136 182
172 293
73 497
7 143
293 385
178 329
215 270
323 361
402 458
139 150
97 463
4 62
167 313
81 207
239 396
347 374
186 303
352 396
234 273
98 301
290 375
9 235
209 244
89 124
403 459
202 279
234 337
7 67
157 395
283 315
158 497
118 328
294 397
223 341
158 343
151 359
157 427
31 369
60 181
71 348
221 360
168 198
10 382
310 425
76 184
292 457
186 260
129 264
153 368
90 116
111 476
258 395
39 206
81 315
240 489
46 91
249 324
187 401
106 347
192 210
46 102
50 194
117 352
179 437
214 393
277 415
70 332
10 126
60 107
113 357
219 314
304 364
179 477
327 361
9 470
45 88
53 222
140 320
108 159
114 254
103 308
275 408
68 89
231 353
215 420
66 131
67 302
134 175
99 298
19 347
25 85
323 496
91 291
87 475
61 111
126 387
350 354
154 309
106 272
65 92
170 295
17 196
14 30
121 256
66 357
190 257
105 488
164 288
20 473
326 410
224 256
63 77
65 439
241 288
134 217
435 452
42 318
201 323
105 137
350 438
194 218
83 373
31 159
68 479
121 173
8 264
82 207
262 326
71 309
62 256
121 380
32 267
416 449
69 476
80 489
206 494
210 325
16 296
155 489
388 500
108 435
347 437
317 352
353 482
230 351
311 346
37 460
225 249
65 457
52 229
113 206
269 480
281 357
178 441
159 449
49 105
256 370
310 442
66 428
25 116
203 298
417 448
208 344
299 433
264 298
260 452
269 387
27 430
70 235
52 391
93 197
7 293
66 106
323 366
112 377
138 252
215 433
248 288
272 284
426 449
156 411
283 290
178 298
216 317
65 224
32 172
223 464
398 434
410 479
123 365
134 309
306 413
402 490
41 207
160 427
307 312
270 329
96 392
136 201
56 226
260 296
219 488
57 289
98 324
6 233
153 387
53 489
298 385
14 295
10 465
68 147
454 479
193 356
326 480
109 176
72 197
38 376
221 327
32 488
321 413
63 380
213 454
223 458
39 279
53 415
121 340
38 294
226 338
151 259
158 395
250 346
72 237
320 462
40 92
192 413
91 250
415 428
149 245
433 438
189 310
32 33
180 473
70 157
47 415
216 399
11 391
180 404
168 373
350 376
344 422
99 197
2 283
463 479
8 112
67 355
345 406
390 431
280 372
52 281
275 300
46 179
103 467
284 328
187 236
269 473
153 471
125 165
352 458
73 261
371 401
8 34
69 355
195 266
164 178
239 346
92 481
7 235
236 432
16 174
255 361
142 396
215 354
283 354
190 233
85 323
108 245
303 463
308 451
203 481
103 128
207 500
64 145
142 425
80 486
244 307
37 197
67 95
385 431
55 71
85 353
119 218
344 369
204 368
10 416
135 387
400 465
3 296
41 89
153 206
297 424
265 461
250 481
179 184
6 141
16 47
182 500
123 266
15 406
314 423
370 408
65 149
97 200
91 292
333 372
311 400
14 311
36 290
311 432
66 422
15 249
133 370
38 351
238 455
307 496
17 93
115 169
20 93
115 343
177 363
58 354
31 457
278 448
42 413
328 467
47 162
298 345
78 475
325 418
135 286
33 248
147 265
63 395
268 421
1 283
202 284
268 445
434 441
72 151
236 351
176 205
156 184
367 499
159 456
56 417
182 258
61 450
46 428
20 484
122 189
221 429
268 356
42 107
63 270
58 339
348 435
77 359
308 310
409 424
88 113
50 146
175 232
168 420
409 476
65 377
137 203
175 347
15 18
101 212
46 79
460 480
92 386
202 412
308 350
29 363
460 465
153 192
158 473
368 421
263 392
37 259
382 476
287 429
79 469
202 477
57 395
30 447
222 378
34 448
209 417
331 399
239 486
149 439
112 263
358 372
96 309
88 493
11 253
263 497
89 145
31 482
381 424
70 368
46 222
20 220
398 463
71 236
205 245
121 273
93 362
178 179
23 430
267 308
302 414
204 374
67 474
134 277
143 206
52 344
88 415
37 403
347 359
206 461
135 386
42 439
9 271
178 354
57 381
241 296
229 426
266 409
25 343
353 391
44 105
65 399
28 125
4 121
45 51
228 292
21 35
386 450
82 384
2 87
346 408
126 284
21 458
276 439
11 83
83 217
196 454
16 220
262 477
166 323
227 416
122 372
300 417
155 213
247 464
108 131
159 198
257 397
43 192
202 490
152 402
157 378
281 386
126 238
307 363
8 288
319 353
440 442
210 435
200 500
197 428
479 483
9 15
137 223
234 269
267 396
182 278
193 316
52 196
177 418
97 176
107 384
164 375
41 103
117 283
295 308
3 266
165 181
304 425
55 432
255 452
176 481
254 479
130 269
411 477
2 370
364 491
64 338
101 345
456 490
190 221
25 266
6 244
123 261
246 449
122 299
157 181
57 295
440 479
44 411
132 151
161 175
219 294
187 481
130 484
43 340
45 265
320 472
234 445
334 419
107 295
326 343
64 498
43 380
32 62
12 309
390 496
116 216
469 470
23 360
72 247
2 140
97 327
135 350
112 393
97 123
454 500
42 425
227 381
200 497
223 245
242 402
28 94
47 230
49 262
147 364
109 454
287 292
25 84
209 381
118 203
238 437
164 369
157 359
17 330
269 272
180 468
404 458
265 380
30 252
181 373
28 320
185 296
203 473
40 293
331 368
95 312
33 191
47 498
18 101
462 464
183 198
86 235
128 414
69 207
274 381
113 371
405 424
159 226
316 487
270 371
16 262
14 16
402 429
282 499
116 269
28 333
187 188
142 198
60 324
211 485
213 220
23 227
189 481
67 147
129 180
29 99
140 187
228 420
335 410
33 282
208 219
254 343
264 291
147 424
238 490
138 397
19 467
152 426
251 465
78 178
222 417
49 326
256 426
39 331
442 500
126 316
352 365
143 196
253 486
76 342
58 390
229 444
123 129
99 186
129 146
247 460
181 388
63 418
216 365
241 447
222 312
101 304
175 357
251 414
188 384
162 366
161 251
275 479
93 333
274 474
11 394
169 372
48 342
78 451
101 488
116 381
111 392
6 201
369 382
97 216
26 155
130 261
155 414
116 173
177 456
12 180
242 308
123 344
171 493
25 492
15 27
55 184
5 149
224 301
261 372
204 348
142 168
256 453
174 357
102 434
13 255
194 393
77 270
174 458
184 234
123 343
107 442
11 420
416 436
18 396
249 476
169 178
105 112
119 165
70 204
481 498
107 347
373 486
428 445
316 337
64 394
254 414
168 327
173 306
239 438
109 421
238 241
106 426
232 422
126 277
4 237
122 301
14 58
245 285
188 283
20 269
105 400
168 260
257 399
195 430
159 272
162 310
17 383
43 238
40 433
356 432
206 229
298 348
454 481
40 430
41 138
63 245
49 216
337 430
180 352
184 261
95 369
49 315
405 410
158 220
275 374
351 376
130 134
309 320
198 451
385 469
171 316
369 429
317 410
325 487
34 139
155 311
173 311
42 310
13 438
10 38
397 471
240 385
253 254
92 370
484 485
235 304
110 290
86 433
20 172
298 422
199 449
107 449
203 320
327 343
326 333
120 136
231 461
119 210
81 406
225 237
237 260
256 292
472 485
43 103
13 235
87 310
247 302
151 374
371 447
82 328
145 479
85 274
306 424
153 210
172 412
130 345
91 325
233 335
175 369
162 283
211 362
61 234
159 474
356 383
7 429
66 486
74 320
285 370
14 381
337 399
38 445
254 295
228 309
84 405
327 460
25 59
88 175
57 152
4 462
35 467
1 296
170 220
94 234
425 463
151 220
346 370
229 441
77 237
85 101
134 248
158 238
259 287
184 326
227 406
318 335
121 297
310 443
90 262
153 318
202 343
42 209
121 454
128 376
26 114
255 310
151 497
171 450
142 282
16 319
97 217
118 467
259 486
101 197
441 462
66 290
133 371
123 138
160 209
52 168
379 465
140 390
98 131
381 382
304 462
64 317
307 381
158 393
389 496
208 341
44 338
75 380
37 245
141 372
113 256
143 404
118 245
331 463
204 469
183 470
104 267
172 356
55 388
52 385
313 347
167 252
48 294
310 440
24 150
89 231
241 412
431 468
57 130
135 279
348 393
3 334
411 420
488 500
309 377
122 178
378 397
175 225
166 226
63 76
191 427
193 296
62 162
189 417
4 337
106 304
206 444
15 155
22 96
186 395
11 163
138 423
192 463
429 496
22 361
294 404
78 271
90 340
85 403
348 463
223 343
224 490
133 494
194 221
293 478
40 114
178 412
223 445
39 138
61 331
319 474
7 47
349 398
228 253
70 177
71 104
19 212
209 234
404 421
306 407
120 393
206 247
382 418
256 316
92 342
44 88
34 160
176 203
5 399
33 202
362 421
34 299
150 497
167 395
157 373
321 409
111 305
258 498
361 379
308 318
183 211
264 386
166 340
73 154
241 312
306 338
126 374
156 205
18 147
184 209
147 262
326 397
148 233
324 374
26 455
451 491
346 444
33 99
358 441
39 436
117 453
417 419
112 240
124 487
347 479
98 443
155 343
141 290
311 338
446 500
342 452
249 437
44 470
274 331
167 371
224 260
286 309
329 369
77 163
113 193
444 456
69 412
72 221
112 241
139 222
138 481
247 453
40 78
139 337
103 119
200 361
263 298
9 448
45 320
321 444
40 251
27 442
49 226
91 268
218 272
182 480
283 367
6 53
97 406
32 425
345 415
335 398
18 57
172 284
8 410
224 368
319 378
10 355
6 183
29 390
198 260
185 328
128 313
208 393
251 383
112 500
173 324
256 470
373 422
164 291
219 453
123 379
24 226
43 182
60 289
217 480
393 429
23 218
183 419
103 214
18 92
51 407
106 269
98 360
99 108
256 492
94 317
325 349
127 316
25 420
336 365
175 491
2 307
151 461
83 280
146 211
74 132
8 19
7 320
52 141
441 457
28 160
367 424
78 102
175 426
315 352
129 409
198 267
226 427
1 136
133 154
33 49
82 165
135 332
111 261
440 493
3 24
173 270
181 285
36 267
65 451
400 424
121 460
293 309
61 210
71 121
80 472
196 372
458 474
80 263
71 89
319 321
294 320
258 492
333 340
315 398
68 263
262 381
2 456
43 326
79 340
346 463
197 334
131 452
111 230
178 352
77 131
199 336
298 377
175 207
415 436
106 150
269 439
327 377
169 489
2 172
119 281
87 435
37 192
186 234
328 364
54 297
342 455
126 185
184 278
179 258
167 306
31 283
28 458
157 336
141 189
156 350
421 469
274 432
414 454
79 152
418 454
20 407
178 277
175 455
171 184
176 454
269 344
181 279
227 355
97 211
313 433
87 405
8 484
150 500
226 312
8 411
95 131
7 190
53 376
319 481
300 428
272 343
327 443
154 344
250 488
118 422
100 286
432 459
124 369
264 265
418 421
177 479
361 426
15 477
273 338
35 356
266 428
137 465
88 213
326 408
100 383
153 218
49 60
22 102
20 480
126 222
6 93
354 422
249 399
128 139
162 372
78 117
160 320
206 259
260 282
28 233
77 385
127 279
242 331
370 430
220 372
2 497
119 192
153 169
137 372
70 79
56 291
166 194
102 229
335 407
104 481
143 395
407 474
32 493
273 322
79 400
132 500
381 491
2 220
41 304
159 228
255 341
281 408
327 444
385 477
163 443
7 48
41 327
310 324
380 431
176 230
124 363
36 98
52 256
150 469
21 148
42 486
56 230
396 490
71 495
30 498
176 177
61 208
82 347
107 386
110 259
60 478
100 210
109 383
17 279
8 441
128 304
322 349
125 189
216 292
133 403
27 231
69 416
156 484
493 496
36 59
1 195
71 259
309 445
207 243
92 110
164 173
478 489
271 324
13 219
61 213
303 403
14 60
126 207
423 452
307 486
31 59
460 483
334 398
171 410
161 189
93 242
71 171
158 249
417 489
117 364
184 473
99 152
372 406
68 159
182 276
303 316
183 225
136 229
241 361
313 400
117 355
85 191
106 385
293 499
253 401
434 485
151 278
269 395
7 378
86 141
63 71
210 389
200 262
38 436
403 466
229 383
14 468
313 393
29 351
179 331
164 273
365 384
116 185
13 32
197 453
104 170
496 498
216 236
123 310
170 325
80 300
115 252
49 362
200 232
25 30
122 162
212 479
69 265
92 201
138 476
57 375
8 127
96 149
26 122
462 470
213 285
69 460
110 329
124 204
42 428
195 311
48 323
279 384
89 191
331 477
251 486
169 429
7 104
215 401
27 280
148 276
2 326
55 207
103 154
83 369
13 380
197 387
325 434
378 392
300 397
273 341
361 454
277 428
89 116
214 271
239 244
208 352
221 324
380 499
295 415
115 383
106 118
177 210
368 484
30 278
263 375
257 414
36 415
100 151
101 121
136 407
191 194
46 161
2 103
100 426
62 211
174 303
184 398
216 250
238 254
287 302
157 316
228 275
164 358
166 409
63 322
17 254
162 495
151 394
293 445
225 261
102 114
360 455
294 326
317 452
118 367
286 287
159 362
143 384
224 255
144 371
201 371
19 181
82 474
31 89
32 489
47 253
372 386
211 255
155 316
466 474
215 446
172 375
147 148
298 428
204 425
25 300
199 214
301 428
97 249
126 435
277 427
169 194
183 186
26 31
95 397
166 398
129 340
371 462
96 160
63 308
168 421
34 392
88 220
118 330
67 384
299 420
197 264
71 460
115 137
129 374
117 237
207 335
46 336
47 382
30 342
161 487
336 359
196 312
108 285
347 407
88 242
92 112
371 422
94 478
300 347
256 440
91 335
66 314
23 165
76 428
29 68
5 257
446 461
83 110
152 314
17 185
41 378
34 93
208 375
195 398
319 432
60 68
20 41
359 452
117 334
310 456
7 103
388 419
143 274
143 245
292 473
359 385
120 425
119 352
136 334
143 391
380 470
122 223
198 385
325 340
41 134
64 296
103 397
108 129
68 344
351 420
1 221
170 433
40 116
52 254
266 458
93 439
103 361
48 261
198 220
291 315
181 369
176 276
30 279
342 377
333 424
99 276
282 343
97 429
4 95
273 379
170 470
186 343
62 67
102 186
35 169
308 448
14 178
68 489
80 415
375 466
315 377
16 147
365 383
333 353
284 435
138 190
242 372
448 479
165 471
178 360
109 201
81 106
39 92
4 273
93 199
110 359
287 456
299 487
144 196
420 434
90 226
285 495
148 314
110 181
176 217
195 444
48 471
36 51
440 484
120 306
70 260
217 309
207 226
83 348
148 479
166 446
27 107
214 295
149 372
353 412
325 416
40 463
326 452
66 358
125 183
307 407
143 492
4 214
97 274
38 390
2 124
318 479
189 199
112 131
237 481
141 172
33 203
219 238
244 256
214 248
39 475
49 217
451 467
178 336
211 273
359 372
78 160
11 48
212 350
102 141
212 422
109 202
47 433
385 419
139 327
166 426
59 252
358 403
185 425
290 420
111 491
207 315
17 306
250 317
206 293
88 381
20 366
256 447
106 170
163 212
76 449
381 476
164 440
231 345
68 247
132 224
343 413
181 364
294 340
357 482
357 470
249 264
44 409
159 436
191 359
145 299
7 269
112 361
46 386
325 421
47 476
14 93
180 452
87 154
78 381
56 440
31 241
251 478
19 379
1 411
15 391
36 289
400 486
176 207
255 368
301 467
68 477
46 369
128 203
87 166
19 186
18 151
108 123
183 497
85 435
9 225
168 402
307 423
200 309
220 221
227 486
83 371
146 180
50 131
368 373
176 192
133 281
385 486
190 485
324 367
18 27
161 302
27 352
142 455
122 167
280 417
174 244
85 481
161 227
100 242
144 222
229 436
404 493
8 485
406 418
337 338
358 434
250 255
360 486
454 472
362 418
390 498
35 288
330 372
204 300
122 209
164 492
2 258
92 175
106 375
147 431
186 197
72 215
417 439
145 186
294 328
339 371
329 368
324 435
281 292
129 386
391 440
205 365
189 210
398 411
210 399
109 410
325 331
37 340
198 427
45 104
22 278
373 436
188 397
368 372
57 269
16 479
72 279
65 388
292 361
141 311
97 454
297 432
339 450
83 320
3 190
324 462
241 490
225 482
254 472
384 494
6 456
288 387
348 477
336 496
32 480
13 444
170 422
88 287
371 399
144 179
179 448
2 403
214 335
105 493
161 483
55 106
62 459
371 464
69 281
368 377
229 404
138 296
408 431
296 320
56 79
55 460
140 378
52 374
393 413
90 218
101 136
235 270
327 365
249 384
80 129
124 466
224 299
280 375
68 136
224 350
331 442
99 406
144 247
189 452
72 461
192 441
3 162
203 484
176 309
206 312
211 289
177 460
397 401
164 217
272 314
72 243
445 467
58 209
228 282
344 489
233 497
109 469
103 340
175 337
246 360
185 473
366 408
58 330
418 478
141 429
111 388
109 261
129 426
11 201
188 478
383 457
190 317
216 327
241 299
5 268
207 219
202 433
64 139
152 290
84 98
28 211
39 237
32 93
99 230
2 112
16 136
127 143
154 223
279 375
71 130
94 179
192 217
166 212
188 401
208 423
12 500
261 264
89 424
303 304
139 425
214 387
82 441
138 198
385 395
204 258
143 265
226 305
121 437
2 252
150 369
31 385
312 388
30 315
357 499
200 254
64 72
123 466
104 265
43 308
2 358
77 208
413 470
16 133
397 407
259 386
307 453
258 410
227 480
9 362
129 221
120 333
190 312
109 462
126 490
166 357
417 497
44 167
45 178
70 304
187 421
167 466
465 484
397 404
156 335
149 359
264 426
183 474
59 442
87 356
78 155
156 201
260 281
444 462
220 482
61 119
70 183
88 284
164 364
377 485
222 230
246 329
11 34
7 451
253 337
76 96
23 336
282 486
90 375
24 476
217 365
58 369
253 391
66 413
282 292
76 243
80 293
110 289
212 312
412 485
96 497
204 388
79 96
332 473
138 403
171 260
190 491
173 207
244 389
315 464
242 300
59 143
45 214
53 101
103 134
132 261
243 284
122 477
219 408
106 478
70 413
88 207
104 306
132 493
282 284
250 400
29 478
31 483
92 204
4 466
169 496
124 383
185 404
101 156
210 290
53 232
281 286
34 49
180 397
6 288
188 298
30 66
250 359
21 84
88 465
250 427
13 369
92 380
10 410
89 100
254 485
227 373
137 192
20 263
88 250
448 460
350 492
152 312
324 443
180 290
141 149
118 310
226 227
71 281
335 467
88 231
5 67
53 56
114 401
261 394
302 340
131 480
46 61
219 362
269 482
65 133
35 191
411 482
261 499
153 170
215 250
56 207
166 330
234 370
43 232
72 259
456 470
163 432
175 431
94 159
14 374
45 439
86 422
54 252
22 383
56 237
51 426
246 432
327 451
381 492
262 300
333 407
277 292
111 373
129 331
24 443
184 334
5 253
212 476
183 206
169 245
159 469
243 437
42 418
394 474
35 174
300 404
101 438
99 462
308 488
113 217
53 313
303 313
50 459
91 384
12 371
40 82
215 245
46 86
88 247
174 404
184 262
371 480
82 473
299 460
64 220
185 458
332 372
117 367
189 477
62 321
120 454
224 480
2 407
488 491
413 452
190 306
100 407
66 350
62 233
314 416
192 328
80 115
93 491
64 469
136 444
2 126
99 205
12 486
214 304
165 492
180 189
171 291
155 285
73 129
264 459
149 488
250 471
76 312
134 202
268 465
19 211
118 131
326 486
64 408
185 454
339 366
383 468
388 476
132 341
72 94
172 415
71 334
49 476
240 437
100 298
424 429
371 412
472 484
227 237
159 485
18 491
59 263
48 120
356 368
100 177
35 157
333 371
267 359
356 418
59 419
8 73
121 362
161 282
27 158
31 128
20 497
299 383
101 408
57 346
16 90
43 364
202 404
97 432
47 277
201 215
258 297
82 244
92 383
161 411
58 142
207 326
56 88
352 380
72 115
61 230
175 195
26 303
48 409
191 335
33 178
409 411
139 195
85 480
131 263
109 353
247 487
13 468
30 199
243 339
75 131
451 476
200 477
362 439
321 346
11 491
226 268
147 438
180 384
444 458
174 298
16 26
102 446
84 378
299 456
213 436
107 446
22 119
144 488
187 260
87 121
6 355
164 230
37 200
194 361
13 496
31 322
218 227
384 444
294 449
76 254
46 82
20 243
145 413
8 276
14 40
79 405
74 197
85 457
217 238
33 245
45 301
8 311
22 115
387 439
285 334
7 62
450 485
35 159
9 101
220 381
85 409
5 168
53 481
326 470
244 245
278 289
151 175
204 439
73 204
358 456
360 500
231 376
20 96
470 481
299 355
305 352
27 69
86 428
26 52
83 213
160 314
201 226
68 499
131 442
18 185
58 88
188 242
336 411
41 168
186 423
218 371
45 291
180 417
70 467
284 302
213 234
76 223
195 393
7 321
297 414
370 499
205 243
171 236
347 383
146 472
275 421
131 373
90 119
315 345
366 461
162 204
92 199
8 476
27 411
330 496
137 287
432 477
6 305
125 369
483 489
411 474
270 300
71 243
108 157
3 193
135 290
48 357
287 447
164 200
398 494
389 402
307 457
44 386
58 292
380 481
25 129
43 382
265 365
113 372
49 127
96 241
251 352
339 391
306 404
270 400
173 457
337 373
72 262
74 241
176 224
220 276
212 424
119 275
281 376
25 461
2 498
442 443
5 262
270 452
97 374
200 401
88 391
78 312
99 399
58 156
206 296
79 92
264 334
2 68
201 260
14 465
58 416
154 186
174 419
17 396
242 272
293 486
269 302
281 407
188 395
11 364
21 58
240 431
86 327
130 405
322 353
263 288
332 411
248 458
184 277
108 443
367 378
471 473
46 112
200 328
201 284
75 134
118 311
242 418
55 223
306 323
238 463
180 366
52 393
215 482
27 388
429 442
415 424
157 233
368 481
16 346
18 314
342 493
313 458
48 89
241 294
58 260
43 351
144 400
75 171
79 262
125 168
162 233
134 488
104 168
224 261
133 221
163 174
47 334
227 394
148 354
179 369
20 464
200 440
112 387
44 115
28 130
28 303
26 124
95 276
29 123
168 252
333 431
433 499
100 397
424 490
335 336
16 25
19 270
257 455
74 350
179 226
205 240
1 35
125 258
322 423
311 343
379 448
150 353
122 499
98 496
233 456
291 313
47 359
20 180
149 198
22 494
204 463
32 108
130 471
224 304
307 454
46 181
52 389
30 318
103 369
19 264
251 446
134 269
252 364
69 106
101 119
37 333
44 234
328 426
208 241
49 328
41 370
132 387
133 453
131 255
133 269
386 442
38 177
154 313
137 446
203 280
66 379
47 399
112 153
229 348
326 371
4 263
49 408
237 480
399 418
342 486
341 458
86 464
19 378
51 79
130 307
19 309
25 147
38 368
110 213
175 318
195 459
176 213
437 458
72 331
98 487
370 485
378 400
60 306
206 354
225 496
10 27
231 237
219 283
330 385
17 408
2 392
326 339
198 243
2 259
185 275
102 327
363 439
110 124
259 265
301 464
125 479
357 452
55 287
39 465
291 397
215 291
299 324
279 458
198 239
286 321
269 402
271 275
374 377
14 262
20 73
109 172
5 462
84 452
194 229
405 445
151 404
448 470
352 423
51 52
432 478
311 446
236 489
145 209
34 300
400 457
206 495
25 72
422 465
62 312
297 490
44 354
62 444
22 483
158 177
3 453
213 443
28 48
445 471
83 167
329 475
49 243
215 366
336 395
310 421
99 248
18 425
309 369
164 340
164 228
10 141
64 126
16 113
198 306
255 299
111 160
146 484
284 348
221 436
30 85
80 491
147 190
200 404
72 296
127 227
341 387
370 406
13 234
118 135
218 447
461 465
360 449
340 369
3 109
50 142
112 144
434 460
89 370
476 495
16 396
75 115
239 318
316 318
401 411
327 396
114 380
268 305
271 378
137 313
50 282
351 432
215 351
41 45
128 167
354 357
91 204
231 251
165 340
131 439
80 133
23 174
61 288
15 288
226 264
212 412
38 381
164 199
349 386
333 463
245 419
85 240
173 428
24 252
202 235
133 275
73 263
187 347
17 130
244 320
274 423
61 272
25 385
225 287
209 491
299 379
108 367
133 457
224 319
114 208
214 419
53 356
75 79
30 62
268 360
157 454
257 316
332 397
405 426
59 476
156 448
63 254
44 412
31 137
162 353
129 254
41 280
343 490
72 186
203 404
135 308
19 70
252 305
5 435
124 351
62 69
26 219
161 231
342 392
178 222
59 75
74 192
70 118
77 119
394 472
95 285
168 221
76 485
154 399
54 73
101 281
307 397
88 245
132 306
280 422
167 272
45 496
94 297
247 301
149 483
314 427
158 250
25 32
447 483
165 246
208 419
90 424
251 484
443 460
319 482
58 186
104 496
42 498
31 249
333 472
176 311
87 402
36 122
111 248
184 442
96 378
311 377
238 408
163 295
95 106
155 244
129 438
143 369
6 170
60 100
294 492
252 424
105 416
225 360
74 273
124 196
207 301
212 281
355 419
106 407
38 427
133 355
79 203
22 158
192 223
168 229
60 216
99 403
302 450
8 89
198 418
347 464
42 147
193 225
372 425
255 412
277 335
39 225
63 313
320 410
18 417
47 477
62 389
11 30
341 495
121 127
219 277
100 389
112 350
23 406
93 471
75 205
151 271
262 406
6 227
65 314
11 82
313 427
344 366
286 433
23 288
46 224
36 462
311 443
80 458
183 416
180 403
47 396
259 474
61 63
63 283
44 279
191 228
140 184
2 279
194 323
9 190
51 293
195 457
98 105
257 435
268 280
161 162
11 338
230 493
259 261
81 371
390 445
323 477
348 368
62 107
230 434
207 415
224 410
5 396
295 491
29 399
240 311
73 431
219 271
238 327
386 422
162 456
175 352
10 175
46 302
147 337
203 303
262 366
162 417
52 355
126 338
49 451
157 475
396 423
45 218
258 299
33 95
356 438
187 378
42 358
349 445
120 203
210 463
19 185
28 251
109 278
102 405
125 422
12 419
116 234
113 362
82 498
24 441
95 262
95 225
196 456
215 349
56 168
253 359
83 285
206 404
341 428
53 181
170 196
147 478
199 215
47 248
8 113
362 392
104 460
328 472
128 301
88 409
81 491
56 406
326 354
173 423
114 168
186 327
228 341
246 281
218 413
330 486
206 301
45 394
184 315
163 239
117 269
367 458
99 289
30 331
57 77
8 275
306 439
253 261
223 461
239 469
146 429
406 468
131 270
204 494
194 310
51 285
353 410
103 168
260 385
15 145
146 499
93 268
224 423
16 103
14 324
160 417
236 387
157 183
18 127
229 423
208 272
222 333
390 397
257 471
234 252
203 238
336 389
225 285
59 296
332 459
103 448
64 163
339 491
156 341
24 492
243 351
15 280
153 419
148 361
127 168
61 114
375 461
96 446
122 391
267 450
369 396
275 334
357 481
169 293
115 134
64 282
296 401
94 275
125 160
430 496
1 57
67 338
377 411
323 373
391 485
385 418
9 265
33 205
193 219
341 416
197 441
1 497
71 165
182 493
122 230
46 304
156 471
40 357
39 182
92 161
200 269
149 474
390 395
11 43
308 493
232 244
58 172
50 439
179 396
29 228
98 110
459 470
294 316
11 348
85 108
34 262
102 237
218 451
246 250
64 495
102 103
307 422
85 124
363 369
207 364
187 192
88 320
177 450
8 303
12 107
248 299
214 382
41 105
105 460
115 387
224 312
439 464
148 416
93 188
282 301
3 67
45 191
83 290
330 422
316 355
218 478
338 379
90 256
153 239
161 207
285 480
194 481
22 221
203 362
295 395
389 427
89 395
439 449
71 206
70 315
252 347
241 353
122 445
43 170
51 132
323 409
156 225
88 122
170 276
30 133
224 263
302 447
86 396
476 492
37 352
254 419
63 352
125 244
180 205
190 462
76 435
308 399
368 488
118 405
171 204
5 306
192 286
339 407
77 332
234 390
18 100
122 449
150 281
195 417
104 391
301 419
153 301
164 439
95 283
332 351
162 318
276 437
266 420
44 221
6 415
7 187
92 286
74 137
46 445
356 402
158 431
238 459
188 294
28 445
170 371
180 196
439 448
255 269
322 384
31 242
310 359
109 324
31 345
137 437
25 457
136 277
277 364
121 260
10 195
7 296
112 324
33 39
384 482
311 317
375 425
74 204
198 421
259 388
2 268
215 397
23 451
85 376
22 497
41 357
37 496
248 294
27 37
210 268
46 470
351 475
364 381
80 493
108 277
57 109
58 469
56 477
25 379
182 408
390 414
136 193
293 457
333 435
141 367
143 420
116 168
203 428
47 56
305 385
354 470
172 191
134 299
243 260
219 220
69 295
93 253
165 320
339 435
88 304
171 268
127 500
75 107
328 404
12 480
53 54
183 336
12 68
80 418
201 360
41 270
21 290
157 401
110 118
312 493
215 274
99 124
40 196
55 186
227 357
313 487
290 385
133 382
98 151
260 275
206 473
24 437
208 266
19 232
268 412
247 321
341 420
423 457
218 278
102 475
437 470
296 340
221 255
137 167
192 438
16 273
234 496
77 356
149 190
24 56
27 281
261 321
369 413
135 330
426 469
130 453
349 499
65 122
245 369
432 488
259 278
326 391
4 49
293 331
383 472
183 290
176 444
372 380
50 127
106 251
190 362
146 156
443 474
21 180
99 350
433 441
125 171
67 381
210 418
216 306
71 194
259 390
337 500
52 379
67 87
131 350
72 466
161 247
124 418
344 396
290 472
115 342
234 420
6 68
241 471
426 450
211 335
212 310
221 290
136 149
52 372
244 300
125 397
60 124
249 370
201 326
9 46
224 417
43 410
114 188
132 412
448 472
52 264
361 459
34 242
13 169
218 458
32 399
147 474
71 331
143 459
178 429
43 180
71 120
178 309
6 247
4 229
120 437
149 432
407 447
360 380
14 363
68 229
64 232
88 351
86 287
247 469
327 419
45 222
261 299
107 453
30 121
262 451
329 354
218 321
171 215
168 309
235 325
206 230
178 192
211 241
70 424
190 212
195 239
72 226
404 478
160 345
178 287
276 431
270 370
286 409
11 433
377 462
55 473
185 197
48 103
29 172
148 486
135 200
244 260
472 492
400 404
33 428
82 481
131 280
108 284
148 244
199 226
34 465
19 135
245 475
58 323
300 375
6 353
276 389
292 373
281 430
69 309
471 479
310 333
260 303
182 185
70 422
321 396
80 376
33 365
233 272
86 462
378 420
24 110
42 344
95 378
160 255
60 482
347 408
159 354
2 475
376 417
156 403
313 479
159 321
21 418
317 379
28 97
290 332
5 166
395 405
349 375
48 153
175 219
70 461
83 435
475 490
304 453
80 134
132 233
39 205
73 270
253 276
96 270
78 354
64 119
13 191
2 40
91 164
19 416
370 425
162 163
190 424
32 346
112 333
323 358
127 382
94 451
287 364
204 389
312 400
182 419
43 91
14 354
265 303
125 248
112 273
128 367
267 304
314 498
162 270
161 229
2 107
69 329
163 227
291 463
185 331
122 224
53 264
437 442
277 315
273 279
333 427
296 345
102 334
318 362
72 419
32 166
188 436
214 356
271 363
334 487
154 468
92 266
252 416
427 498
105 245
134 372
113 394
1 15
342 465
158 206
79 186
288 492
58 340
119 432
372 399
31 323
301 333
182 401
198 435
187 233
5 41
226 482
280 300
167 417
227 415
53 439
278 336
234 338
160 306
219 263
71 129
121 178
37 225
5 11
238 369
62 427
158 251
278 377
156 291
57 382
173 378
34 101
74 225
391 436
232 261
260 265
102 284
64 499
87 314
190 415
433 480
4 80
282 449
329 380
112 465
422 462
450 460
49 351
128 398
34 388
119 386
17 162
240 499
255 482
206 245
100 125
382 396
89 335
132 307
209 303
312 323
36 329
246 247
207 237
214 367
108 388
332 469
204 459
181 208
16 419
287 450
121 372
64 164
20 427
159 347
350 406
102 148
378 488
106 233
75 82
247 362
310 479
444 446
50 408
107 203
2 402
159 191
196 487
66 446
363 468
1 124
359 457
199 311
292 481
49 386
14 70
252 400
172 335
249 293
83 163
231 446
187 422
53 280
285 398
166 274
5 248
357 389
64 144
212 403
347 379
166 392
237 372
220 377
145 252
6 27
270 291
185 483
223 389
306 366
245 408
36 69
293 325
295 347
204 432
146 330
44 80
325 372
178 422
43 315
125 393
50 254
301 324
49 466
283 380
13 122
299 436
343 496
131 389
170 339
239 472
172 268
238 350
217 475
242 350
160 236
104 162
91 224
12 249
343 376
133 352
12 266
48 473
167 479
155 162
220 458
341 399
62 300
153 293
70 109
313 341
312 402
78 281
381 435
196 269
251 340
274 428
199 422
202 355
432 467
170 386
97 263
20 278
292 401
108 301
64 251
172 212
136 220
364 453
5 26
156 416
193 345
274 294
17 400
193 418
125 318
91 369
286 354
348 404
244 393
28 240
338 407
143 315
141 446
124 153
9 392
351 490
31 45
179 316
249 393
11 379
88 458
249 284
2 334
42 190
94 313
301 493
201 220
139 196
7 373
248 364
49 99
42 269
57 451
388 427
175 204
127 162
83 450
120 298
151 309
253 363
116 389
1 360
69 497
18 22
18 300
292 335
195 346
118 217
76 315
95 173
8 342
84 343
220 277
286 499
213 250
254 280
8 295
298 391
376 422
126 314
206 304
183 307
181 203
253 442
259 264
338 423
95 168
284 456
271 376
136 397
67 434
45 348
334 469
29 224
156 413
124 238
243 372
391 393
188 393
307 336
11 449
70 251
173 454
182 412
465 476
88 396
133 351
211 404
407 448
250 439
294 487
88 179
29 325
182 498
150 460
194 469
18 123
115 189
484 491
204 376
402 457
122 430
38 246
133 357
42 365
181 233
354 446
223 476
233 500
131 328
59 499
346 406
34 364
52 394
64 397
51 328
127 202
161 455
11 156
249 379
323 355
15 401
372 473
221 428
390 487
220 475
383 449
242 460
131 148
1 266
38 142
173 466
335 440
92 377
216 249
123 464
296 408
268 380
105 164
326 402
246 277
209 248
357 417
58 208
381 390
11 374
132 444
41 329
409 414
54 287
70 386
19 141
242 325
26 103
39 412
1 213
138 362
127 157
13 484
3 396
12 347
57 105
85 231
114 172
244 254
72 202
73 470
131 210
13 112
146 189
5 426
259 334
128 187
360 473
130 426
47 257
202 476
226 431
97 239
242 388
194 390
91 391
23 371
101 382
45 276
35 421
36 78
127 464
128 221
80 395
131 431
224 234
335 415
9 495
33 270
423 432
215 304
89 241
297 315
90 464
165 409
165 345
355 439
204 387
209 395
197 219
28 196
133 249
270 366
20 234
5 240
321 398
296 467
224 307
105 313
188 379
82 181
409 437
208 460
314 398
322 446
1 79
203 240
59 179
184 296
242 304
9 90
258 391
313 472
51 241
237 432
389 477
433 454
20 310
138 409
21 208
184 462
236 280
361 413
41 249
7 154
350 433
122 123
42 206
382 446
419 432
227 441
157 282
19 202
215 424
88 164
270 271
204 482
454 494
75 162
147 469
435 438
241 344
319 497
181 497
385 417
229 255
200 413
138 170
38 267
390 428
119 402
243 346
70 371
174 485
109 437
245 447
213 305
103 279
192 405
155 487
18 400
61 273
257 287
64 465
75 89
31 342
283 313
378 430
49 452
315 483
21 245
202 461
164 222
194 462
185 354
82 420
141 385
231 374
65 434
46 168
118 177
260 450
273 369
427 454
164 268
188 417
187 299
359 365
339 447
199 250
53 75
24 32
78 345
95 202
52 310
106 239
264 377
393 457
73 323
257 295
53 478
187 286
167 404
121 407
162 237
418 431
106 342
41 95
124 200
142 353
326 453
262 454
141 330
166 500
302 434
3 210
127 356
123 226
121 247
265 326
468 469
197 415
6 200
17 384
100 356
9 86
22 74
161 191
94 495
61 347
30 333
310 388
221 372
61 423
179 309
29 95
278 406
132 457
57 131
67 164
319 472
17 98
164 191
153 417
336 499
242 305
82 262
58 324
57 353
32 214
189 493
194 369
85 223
236 265
114 343
102 175
212 428
64 172
39 266
7 448
206 272
158 432
120 292
23 184
284 404
116 139
175 419
7 298
233 274
25 49
14 265
22 498
60 258
84 113
77 79
243 381
268 437
135 398
71 361
106 248
81 328
116 453
95 475
13 75
295 396
170 282
32 364
424 460
98 147
141 462
4 110
5 357
68 281
441 442
43 376
33 352
79 236
79 375
109 285
24 189
433 444
267 324
292 411
79 290
73 393
65 413
218 269
143 371
91 127
77 347
47 470
48 158
212 328
189 296
230 386
184 346
321 377
66 283
3 16
82 139
39 323
81 140
76 385
58 415
260 466
440 463
394 427
122 429
35 138
30 423
107 496
37 421
282 328
391 399
91 365
408 426
180 434
232 420
341 486
105 188
72 320
142 320
81 266
417 445
10 79
179 245
19 56
234 279
16 250
1 309
57 359
113 293
104 305
101 198
86 276
80 111
273 351
342 356
217 247
12 273
434 469
415 491
78 333
424 492
305 380
86 489
136 163
30 130
143 495
163 194
94 299
281 326
277 485
61 432
314 438
153 284
90 325
175 367
112 343
156 368
96 188
46 66
105 449
50 321
177 211
276 473
345 458
166 195
402 445
307 437
203 278
124 465
52 172
47 444
296 379
227 500
176 193
246 359
164 287
70 346
246 463
114 189
37 198
138 370
56 409
404 425
18 69
121 466
376 390
435 476
271 467
16 374
388 455
54 123
19 125
419 468
176 327
119 477
209 364
61 155
106 205
39 90
390 436
162 491
290 411
72 275
100 313
239 453
122 213
272 389
216 356
139 433
6 398
18 348
172 182
89 343
319 495
75 275
10 110
18 125
196 310
61 303
165 357
263 431
188 449
288 306
356 397
102 336
338 386
63 428
40 51
35 47
198 408
68 151
378 395
118 378
57 226
274 464
1 401
83 150
267 372
328 422
408 430
283 449
43 111
67 177
218 392
69 176
338 346
210 218
300 342
183 435
290 352
28 35
129 319
137 296
300 382
130 297
189 306
77 190
12 444
474 494
15 323
335 343
334 480
414 415
89 167
128 460
64 331
214 291
24 431
170 398
376 469
101 314
184 457
40 408
315 424
398 404
24 202
171 367
170 290
39 280
249 389
26 255
97 381
114 370
365 405
176 366
92 284
163 344
87 211
443 457
49 391
308 359
197 341
82 332
201 303
28 132
37 77
260 442
152 472
180 466
196 498
56 240
428 498
118 425
210 221
299 342
237 301
27 300
139 179
159 291
460 474
114 471
80 195
477 496
266 387
31 222
44 65
157 222
250 267
9 249
287 328
320 321
219 474
51 422
48 145
10 71
115 353
2 70
152 439
80 391
121 404
96 437
191 461
359 399
55 150
204 392
264 325
74 161
243 361
8 265
234 236
106 487
159 312
295 438
272 329
11 312
83 376
191 357
109 266
44 145
109 337
387 480
114 487
176 403
221 269
253 483
104 371
132 324
262 389
209 386
52 367
85 222
30 152
74 492
240 433
216 437
187 391
154 265
99 322
106 456
232 398
200 351
40 420
416 500
411 464
416 499
180 398
183 316
65 345
1 251
119 180
109 498
233 478
360 370
167 267
81 112
430 470
37 42
255 465
66 196
2 178
310 334
206 305
118 301
113 374
291 439
160 253
136 232
64 409
32 379
348 440
52 200
384 400
141 410
36 90
51 254
25 77
236 356
6 223
198 376
482 493
8 301
100 138
121 264
140 500
104 137
230 268
38 451
19 90
88 169
30 379
36 61
20 459
233 370
403 414
440 470
266 371
11 286
238 409
193 460
126 148
105 209
155 466
212 293
211 491
433 453
63 401
69 422
4 217
60 95
81 188
422 487
209 498
99 125
138 427
88 402
281 490
61 135
157 274
99 330
7 26
116 353
68 463
58 266
366 418
203 235
18 479
43 175
117 188
288 425
87 296
148 404
12 417
50 129
48 236
262 339
406 474
73 477
290 427
177 423
114 392
387 468
35 478
169 393
333 413
277 482
92 236
461 483
80 428
169 270
28 288
93 123
125 343
396 411
31 302
187 427
331 336
197 347
244 257
50 484
72 327
60 211
310 450
137 277
325 475
23 250
3 329
235 494
356 403
36 405
273 371
328 336
367 433
63 344
98 498
68 422
236 314
169 459
95 399
75 289
207 269
53 292
188 246
148 280
349 414
35 156
157 279
124 165
53 209
22 243
148 421
29 257
67 327
410 458
33 169
130 397
13 426
420 431
58 68
308 467
375 438
74 433
249 470
226 462
284 342
93 317
152 185
246 389
56 482
384 469
443 494
431 456
159 388
340 483
63 194
1 418
135 432
376 455
8 440
421 460
48 478
74 370
39 276
48 366
138 468
80 296
273 343
120 305
47 186
4 402
13 19
188 213
28 56
171 497
54 352
151 362
165 269
91 478
270 433
216 299
23 373
30 418
86 272
73 85
304 348
323 370
209 430
46 207
120 418
350 360
54 475
66 207
339 495
85 243
324 457
305 474
43 361
143 435
325 413
309 349
173 206
226 320
286 371
316 343
63 182
182 386
58 244
203 268
126 158
228 315
8 416
222 500
331 458
309 327
225 340
13 241
35 360
28 297
220 428
36 340
31 286
62 418
321 375
39 239
75 337
127 139
82 354
103 367
312 363
6 424
60 406
228 274
49 385
197 270
138 289
449 475
108 329
76 259
100 443
13 186
442 464
270 485
123 385
338 405
271 297
65 230
10 159
20 487
157 301
68 397
24 477
256 344
52 226
118 184
214 255
5 246
11 330
52 477
16 159
289 438
191 374
13 429
239 272
111 142
22 65
15 212
184 419
15 256
177 383
39 461
98 245
107 491
130 194
63 226
111 177
94 439
77 122
81 340
181 310
221 383
77 123
6 230
21 363
119 487
54 449
388 415
54 213
150 234
234 304
307 411
177 292
154 437
212 445
18 188
53 213
49 128
74 464
250 414
93 465
192 472
193 459
150 284
69 157
57 195
147 304
118 477
330 365
291 319
292 396
79 402
54 465
16 312
141 309
463 485
164 294
260 300
274 349
31 401
270 363
141 387
25 364
24 231
349 402
287 343
145 402
419 483
405 482
31 480
468 486
409 461
93 468
173 387
346 448
218 500
232 459
122 334
360 419
42 197
91 489
120 295
85 189
62 327
243 331
206 424
97 300
46 242
205 462
220 450
190 497
18 285
372 412
285 385
121 265
352 425
13 335
246 464
92 190
441 454
176 281
7 338
161 278
193 406
144 377
285 373
68 106
242 335
220 300
37 466
248 346
90 358
251 292
109 435
193 308
73 441
343 348
252 285
147 173
49 238
26 447
37 75
100 320
17 413
435 460
2 484
53 458
409 442
87 428
44 406
4 332
414 486
345 378
302 435
162 401
82 408
68 378
240 359
192 435
39 427
18 42
226 413
229 324
117 329
234 366
115 120
256 303
191 224
218 303
93 258
284 487
206 235
413 497
138 325
213 407
234 442
171 193
3 376
43 181
296 410
94 346
140 466
360 471
1 405
222 361
265 413
34 321
22 169
99 486
145 169
4 72
49 498
24 278
81 117
232 354
70 382
457 479
113 470
98 365
158 404
25 475
209 452
231 412
77 200
63 454
289 463
245 462
176 259
29 344
224 265
162 249
288 373
73 356
135 191
221 422
12 123
209 330
348 456
215 488
42 88
85 327
298 372
16 370
81 461
135 475
65 265
53 496
208 248
99 154
27 415
274 451
42 495
93 282
395 434
326 340
337 457
151 302
213 398
11 98
294 474
47 309
11 139
66 478
132 269
300 336
23 128
60 82
6 255
21 383
79 453
283 404
31 168
417 468
63 146
175 220
131 492
65 336
94 357
58 483
289 391
147 492
313 411
96 493
247 323
284 373
88 156
183 400
106 402
12 465
193 256
42 65
10 54
182 425
77 143
427 430
200 272
15 248
331 487
261 488
203 247
43 202
100 448
23 438
26 258
97 358
329 486
142 484
91 348
45 167
26 187
98 439
188 290
189 344
272 278
283 420
303 429
237 329
26 320
269 464
123 352
217 222
53 175
6 168
37 302
6 364
151 158
221 295
106 268
22 220
173 375
139 217
292 380
288 316
97 224
30 461
187 289
83 241
2 76
252 265
185 484
131 167
9 482
25 369
128 186
252 455
35 265
60 477
154 334
78 375
322 395
109 112
224 238
124 180
37 308
52 144
140 462
43 272
119 464
28 271
221 411
4 213
188 282
5 468
26 105
28 113
343 402
237 499
239 429
299 378
273 364
173 421
113 119
24 224
377 437
176 301
218 250
14 175
229 366
209 476
171 275
175 252
41 377
167 226
337 358
51 71
67 342
392 467
27 372
10 143
241 315
208 313
203 213
354 452
57 388
118 407
72 478
368 403
428 431
165 378
76 374
372 495
475 493
242 381
71 378
218 474
156 189
192 318
292 295
90 489
368 476
17 372
218 457
97 116
172 194
317 320
180 348
115 484
7 401
187 344
224 483
126 289
148 274
251 306
49 270
65 158
14 73
2 430
226 377
71 175
188 316
219 461
183 261
40 434
127 385
279 334
183 213
81 135
97 226
50 90
214 436
248 450
307 374
38 274
177 250
108 431
23 405
94 447
281 316
13 121
292 324
101 367
174 251
260 372
33 195
25 232
267 387
227 242
379 407
42 114
278 444
172 294
170 413
286 425
115 439
246 345
417 465
412 413
234 310
100 362
137 339
98 409
96 99
14 233
83 431
90 125
56 346
29 315
89 93
35 281
335 426
3 207
217 291
180 226
101 494
45 162
50 239
332 452
269 414
345 375
105 441
49 74
153 354
283 382
207 336
125 436
257 378
189 223
215 388
349 356
76 279
107 258
35 374
210 311
76 369
355 449
6 310
44 457
199 414
96 300
228 266
165 326
244 253
28 469
17 325
238 281
180 320
444 482
244 473
103 380
267 493
181 462
227 305
17 184
85 104
386 469
159 460
156 401
231 322
262 399
54 436
147 365
175 330
218 364
66 469
87 216
250 307
102 254
109 167
188 414
236 490
187 476
303 456
338 473
54 355
431 448
60 426
65 480
4 264
248 402
261 433
42 426
161 220
395 466
119 354
56 316
32 76
172 239
132 496
154 442
413 431
402 415
105 258
159 249
55 376
224 231
188 233
123 423
342 411
132 439
15 187
135 434
15 208
131 468
387 453
388 468
264 329
334 475
418 423
43 226
79 162
85 372
90 207
135 397
68 411
21 432
74 478
289 325
70 276
6 120
90 104
38 424
62 483
213 323
277 480
60 309
104 288
261 278
6 377
392 460
332 406
233 419
117 498
213 446
256 267
187 284
226 334
67 110
77 330
313 360
312 481
393 448
10 257
139 377
95 251
86 280
195 326
32 269
10 13
174 358
11 140
342 456
364 456
330 400
56 426
322 490
91 376
368 395
248 279
180 319
74 487
255 320
123 396
167 210
93 460
177 221
81 102
87 92
5 295
226 244
256 277
402 488
255 333
13 473
53 82
59 283
237 360
232 267
72 224
53 361
152 258
185 287
20 253
154 438
219 284
62 161
191 471
202 417
42 461
44 208
298 436
56 423
301 387
231 359
24 269
457 471
4 30
142 164
171 473
261 285
317 334
82 146
32 60
143 455
280 421
130 156
43 108
110 394
292 319
226 465
116 414
232 234
122 469
184 289
75 281
104 261
20 128
134 204
225 314
414 472
27 201
224 449
101 188
316 352
94 217
161 174
88 405
141 285
218 445
62 373
217 436
309 322
385 433
223 246
94 226
5 395
332 348
3 380
65 98
276 322
322 437
248 394
23 113
58 164
120 319
296 492
105 381
76 311
363 466
231 239
58 83
226 276
4 302
215 303
168 194
163 334
161 209
161 217
163 195
392 417
72 280
2 405
286 329
215 371
405 438
148 497
316 422
26 45
226 404
314 489
253 319
236 343
41 226
115 253
189 347
176 333
205 400
145 434
229 347
344 433
361 362
37 116
303 439
410 492
53 465
37 239
281 351
93 115
66 343
57 274
288 444
30 265
18 181
59 107
96 387
321 426
85 232
86 371
359 472
42 320
50 116
26 339
230 309
65 366
123 205
91 359
179 332
168 471
29 170
228 301
61 392
54 374
178 495
213 260
224 242
3 326
272 430
97 278
252 261
291 300
9 333
78 122
64 257
82 450
30 39
87 254
55 152
341 344
395 428
100 470
144 311
90 176
182 481
155 169
118 265
255 386
324 417
146 228
56 144
32 80
36 334
83 262
78 88
276 462
123 362
374 423
161 289
51 169
240 346
327 421
434 450
73 400
124 436
135 375
267 351
151 349
208 392
287 306
60 462
302 341
124 384
39 487
18 93
82 497
111 139
178 255
10 312
52 124
75 130
131 186
198 387
285 403
19 484
15 276
278 373
396 400
104 169
263 412
43 265
197 483
11 425
209 446
22 206
157 399
164 213
34 87
63 124
260 293
125 157
356 449
102 396
136 188
282 490
6 370
257 419
54 410
188 308
125 327
92 96
303 352
22 421
131 187
163 383
279 446
147 222
179 450
220 485
7 434
324 350
230 320
5 294
39 185
214 494
242 394
384 394
81 284
109 286
154 345
119 243
14 373
169 469
72 359
196 469
103 181
19 323
117 477
234 463
265 342
120 170
419 454
102 157
36 490
122 246
273 325
37 267
154 211
84 382
212 389
15 390
98 334
32 101
148 398
91 129
351 404
267 409
317 359
64 424
234 384
24 78
168 447
86 91
306 489
329 494
177 417
50 185
6 39
64 373
140 396
57 327
261 327
72 80
209 293
64 467
74 100
124 396
332 343
128 353
163 175
2 357
243 430
244 291
116 214
34 337
46 238
95 178
213 287
321 339
188 420
104 190
157 295
120 228
135 496
92 122
12 349
230 473
25 28
19 93
126 460
142 293
92 482
199 351
399 446
13 326
184 266
201 479
246 481
177 407
30 407
327 476
185 402
63 137
238 368
39 118
184 253
111 346
196 500
315 487
97 246
163 429
250 331
133 195
384 413
36 446
351 426
55 461
389 491
87 123
317 355
263 449
184 247
82 370
34 223
267 458
280 356
112 315
226 277
81 158
324 442
208 494
228 358
161 456
7 420
28 245
10 338
165 226
302 368
121 128
310 471
114 283
283 487
135 451
139 405
31 319
178 302
248 390
7 329
101 330
91 377
292 331
164 234
54 58
84 484
45 234
115 409
45 86
22 479
229 459
103 447
291 417
61 97
36 104
119 305
166 297
73 291
248 369
35 371
118 126
83 494
260 295
50 149
246 410
291 359
89 204
10 146
56 437
266 406
14 292
328 351
196 413
166 223
49 57
306 331
257 431
113 203
158 368
261 384
161 219
49 480
152 419
391 493
124 472
69 276
25 86
223 363
231 457
196 374
357 479
147 233
66 349
366 376
155 367
69 140
168 211
3 205
27 336
120 142
76 451
103 386
192 460
59 343
159 212
208 346
1 198
16 74
424 499
126 157
483 488
124 498
65 471
259 431
270 344
58 190
173 281
39 451
255 342
125 279
17 451
228 238
38 279
57 200
367 471
228 482
100 113
246 350
141 369
212 439
215 277
99 410
22 28
192 386
236 376
90 326
74 309
94 403
430 442
58 299
28 464
187 200
119 277
316 339
21 230
20 293
113 237
23 168
76 472
369 467
223 274
254 441
348 415
136 351
270 336
50 330
29 417
282 495
237 497
60 236
166 410
145 450
68 240
70 342
170 221
100 338
261 318
98 166
264 376
98 384
311 316
168 172
305 370
150 491
332 441
150 325
238 422
19 286
77 101
380 462
2 14
63 193
419 455
90 282
84 182
55 138
79 498
146 337
246 454
110 326
26 185
161 489
98 442
286 331
131 181
44 488
274 384
102 310
167 186
18 422
202 458
36 429
103 433
145 442
282 338
318 336
128 196
115 498
119 296
205 371
286 356
63 242
58 457
76 488
58 289
198 336
423 500
390 407
353 415
192 401
76 303
181 261
51 208
279 400
155 340
83 382
40 171
273 410
463 466
130 244
322 460
50 245
328 480
172 278
71 380
494 497
94 322
89 216
120 492
202 222
120 196
84 374
311 463
45 427
135 264
99 316
148 329
305 392
243 371
175 391
145 497
71 436
223 441
169 461
66 440
3 33
22 413
259 439
117 287
238 240
45 432
269 437
175 341
217 490
180 483
11 131
446 448
131 212
159 419
76 170
280 284
328 441
64 349
290 318
10 377
148 451
186 388
55 128
416 441
28 454
425 475
406 422
47 320
298 447
7 271
50 103
39 216
18 85
44 256
115 454
37 60
294 392
120 129
374 397
67 175
81 187
46 191
227 428
153 453
278 376
46 455
152 479
204 298
96 142
115 494
145 484
174 388
298 435
182 265
106 138
28 134
322 450
311 396
364 477
268 452
56 211
304 305
308 466
48 295
107 296
25 386
447 459
168 187
169 170
12 61
171 337
113 180
5 152
191 417
318 396
325 423
194 443
12 119
189 353
362 414
335 494
440 481
355 467
87 389
64 107
77 247
96 220
140 153
122 444
477 497
2 141
172 429
261 400
212 238
253 402
169 288
259 319
58 478
220 250
262 500
234 348
36 229
80 400
262 396
211 499
199 313
159 465
107 282
184 255
249 392
248 362
155 403
210 382
95 210
206 459
15 305
169 336
228 363
35 154
194 471
442 444
86 319
272 487
22 159
83 85
337 478
44 211
125 252
263 417
197 272
399 444
56 434
303 330
202 223
260 286
351 428
390 480
21 406
43 95
345 452
144 420
175 351
132 243
191 272
17 195
197 242
140 438
290 409
26 313
11 190
3 100
88 178
100 476
307 367
17 89
240 302
308 333
134 177
45 220
179 356
1 284
99 444
90 113
326 441
86 184
216 423
350 466
92 254
37 432
46 129
93 166
154 393
62 472
388 445
47 60
232 332
172 460
250 464
307 377
298 433
130 415
313 348
132 410
257 445
65 264
156 185
212 239
72 236
243 474
187 207
244 433
173 446
101 195
45 451
262 498
266 330
138 410
113 323
67 400
6 173
112 179
268 454
286 328
207 478
104 143
296 426
126 434
153 373
63 416
217 382
302 342
303 320
106 348
120 162
109 294
316 419
74 148
51 216
73 420
231 393
43 437
83 480
281 298
7 23
121 226
82 463
272 423
72 164
107 114
165 349
119 383
295 343
94 308
221 257
317 356
38 485
34 85
36 244
229 265
166 302
227 251
156 440
244 348
31 103
157 289
87 94
183 382
153 308
48 327
274 318
184 358
34 477
18 392
24 174
28 159
276 333
113 200
221 426
373 456
298 340
28 96
141 382
318 463
36 463
1 205
100 380
161 211
161 421
364 428
371 499
224 323
64 230
206 294
64 489
113 420
53 74
253 256
81 195
301 375
181 349
341 466
230 262
45 392
215 500
155 447
408 442
63 434
48 324
273 334
81 287
38 298
169 181
178 307
30 107
252 289
17 428
209 497
15 229
177 440
18 278
296 357
82 460
59 205
160 181
232 455
227 451
130 375
238 417
52 410
259 321
199 396
102 218
196 337
224 254
343 410
374 399
79 485
70 187
240 423
59 203
262 428
37 170
147 223
385 463
108 150
137 299
111 409
139 163
281 369
272 426
367 394
447 449
131 145
123 131
321 353
252 286
315 498
273 481
200 277
320 497
227 349
193 424
99 381
225 228
83 336
117 462
45 415
191 352
194 400
103 320
363 378
18 436
398 431
160 298
107 364
75 451
144 191
321 343
332 493
37 160
254 406
61 69
45 482
136 492
118 479
92 195
107 182
144 417
220 275
256 372
252 432
107 439
107 244
185 276
106 415
178 279
31 455
97 469
4 90
175 439
67 78
202 405
9 186
80 325
104 316
430 441
328 492
182 240
88 271
281 313
4 118
213 399
294 372
104 341
73 231
485 488
255 318
36 48
176 257
15 247
2 99
118 132
83 169
184 210
14 28
12 49
117 191
106 323
356 410
155 179
180 454
211 430
126 299
21 233
79 218
19 418
130 154
332 409
128 183
79 318
34 67
96 281
286 492
282 289
52 268
174 321
248 338
154 159
329 419
217 349
170 372
79 341
69 305
321 402
82 479
102 182
164 414
232 246
74 476
34 317
135 137
177 362
318 487
139 270
22 234
170 301
31 188
278 468
282 299
194 263
52 239
242 281
32 415
114 375
352 427
98 207
4 407
454 486
65 340
257 376
194 246
102 200
259 466
37 248
483 497
122 483
29 492
1 438
34 356
195 486
144 227
418 439
99 180
128 132
160 426
319 325
213 463
177 239
68 447
63 120
12 455
382 395
450 470
194 394
99 326
128 218
256 460
9 368
338 448
92 165
237 385
152 375
117 199
49 448
220 239
96 276
41 257
11 166
85 355
78 97
184 343
203 244
73 115
40 133
13 277
196 293
91 411
16 470
16 467
63 180
30 113
361 429
19 392
20 363
154 291
31 144
400 436
224 437
53 272
372 440
188 237
152 423
214 435
271 280
41 205
94 335
270 424
27 414
96 205
35 97
64 416
309 386
152 200
12 17
3 174
26 403
80 280
52 346
110 384
232 393
248 372
139 189
228 478
42 292
69 131
270 415
60 389
269 458
205 259
249 429
33 375
192 306
209 431
134 495
250 356
141 299
35 46
162 433
60 259
457 499
382 433
19 301
75 284
31 392
143 401
18 202
124 290
169 188
65 263
166 257
286 337
98 333
16 51
275 399
232 423
142 338
47 195
79 441
154 461
133 404
184 460
134 334
87 102
35 257
1 303
279 350
358 393
160 448
234 413
224 331
37 52
268 323
383 473
311 384
357 434
226 432
3 420
75 307
463 480
127 177
236 478
186 448
206 432
117 255
37 392
138 154
252 336
365 368
331 495
31 492
165 467
351 381
242 370
389 447
450 478
129 143
348 411
357 491
316 492
311 332
216 254
151 482
380 486
106 484
154 379
106 360
198 249
329 456
266 301
77 323
384 399
331 371
146 425
48 231
42 104
14 232
60 234
23 195
169 267
435 498
85 153
439 481
173 252
12 46
282 392
294 396
23 389
67 422
301 422
13 339
212 407
89 466
364 489
126 253
411 413
106 465
284 486
192 406
356 484
307 318
106 451
118 267
167 314
395 407
331 352
79 332
225 301
112 309
22 256
190 286
148 261
397 453
67 464
38 216
32 304
57 167
256 336
37 182
175 338
264 395
287 412
97 464
36 457
80 298
82 291
265 397
81 429
123 348
2 476
120 286
111 243
72 206
16 251
125 284
150 225
55 131
33 471
128 400
316 399
8 409
216 493
47 436
228 357
234 344
88 197
256 295
239 441
82 132
224 345
219 280
393 489
292 402
185 292
220 383
109 497
214 478
117 322
98 391
181 259
196 218
83 411
196 219
49 352
440 466
15 166
32 353
151 248
14 118
94 220
193 468
87 408
160 250
23 347
273 296
66 429
128 486
29 407
256 308
221 443
159 439
349 359
4 168
6 134
132 186
302 377
357 376
84 112
267 362
152 370
5 485
116 248
31 320
220 266
62 206
445 496
279 452
106 373
244 378
189 458
453 468
181 292
52 118
350 430
91 151
71 330
172 201
38 105
127 282
269 352
88 365
132 281
104 483
113 417
290 295
268 311
8 135
52 314
84 123
174 242
222 489
180 410
93 111
205 217
271 460
196 397
15 57
20 146
141 445
10 249
83 128
112 378
100 233
276 368
61 365
292 427
86 152
70 195
114 399
369 377
334 496
421 489
309 311
15 315
210 460
413 458
190 347
15 336
63 202
29 298
52 235
128 300
43 63
333 354
148 330
133 450
15 457
91 437
17 498
51 303
13 373
258 379
170 259
196 299
73 136
136 280
187 221
226 342
206 464
99 119
268 396
1 414
225 456
272 347
109 314
234 331
228 399
272 336
37 454
146 229
81 354
98 128
117 316
388 397
99 314
389 405
291 492
276 347
31 87
68 330
161 389
231 307
106 247
256 450
38 403
324 484
310 332
231 445
129 156
33 483
291 440
72 176
289 494
12 27
208 342
187 249
131 291
263 460
101 244
57 98
171 231
143 165
201 400
152 311
9 150
220 251
33 218
235 354
86 144
23 74
56 200
86 356
56 469
229 400
140 288
190 482
22 199
131 284
187 449
109 474
147 452
325 379
57 428
6 359
82 156
41 146
209 473
20 496
107 123
275 428
156 336
150 475
80 139
27 94
243 314
333 478
184 310
123 480
82 445
254 470
12 63
276 481
68 348
252 380
104 447
142 208
106 139
163 439
14 177
48 94
133 261
202 206
24 37
241 261
145 259
80 436
435 469
15 278
82 109
139 302
237 447
14 85
433 481
166 339
370 449
433 484
72 288
11 377
211 459
33 373
213 314
417 463
292 379
187 295
371 385
227 362
151 463
411 497
114 225
37 90
18 485
40 413
110 337
84 298
78 491
129 334
69 465
104 398
29 107
260 267
358 376
21 143
183 224
37 285
62 413
150 306
234 380
73 99
80 303
2 236
260 319
256 357
75 210
302 480
61 427
347 353
221 277
154 300
148 177
67 318
130 401
35 60
257 477
79 253
57 143
178 240
207 378
46 198
289 380
38 490
58 493
9 162
44 155
69 301
371 400
101 279
148 166
261 430
287 435
46 319
392 405
22 322
167 175
265 441
167 319
206 302
6 410
45 365
110 414
341 445
128 317
66 194
251 426
28 357
256 487
317 322
199 457
102 421
127 306
31 255
307 359
25 407
12 20
363 458
147 263
77 382
123 436
78 163
78 485
182 424
154 197
108 225
110 152
87 383
90 246
70 317
423 456
196 297
165 348
198 491
45 225
257 301
405 490
245 322
399 475
50 319
97 349
49 252
92 131
403 471
450 457
117 314
237 405
149 337
248 321
141 377
257 293
305 470
146 395
257 334
316 441
117 190
25 172
134 476
132 365
27 496
7 169
142 256
416 493
171 259
8 495
285 396
17 135
125 243
62 500
120 215
106 499
95 108
133 216
117 337
264 413
95 409
280 379
127 276
407 442
192 212
126 336
64 65
395 494
37 400
127 327
325 365
38 340
410 470
70 217
256 325
348 484
8 228
39 466
284 409
150 498
148 255
155 394
222 351
183 347
8 236
252 351
275 456
362 479
184 481
152 315
129 288
303 500
42 385
345 482
67 115
239 393
349 450
156 276
120 243
98 423
121 222
50 414
10 137
70 483
452 487
477 484
322 407
278 438
202 253
53 130
5 192
269 299
19 119
32 109
7 176
102 361
11 321
25 288
177 208
103 370
21 302
200 405
50 352
53 297
114 296
61 300
114 131
367 375
26 361
318 353
50 314
60 115
125 352
273 405
39 208
103 347
186 250
136 443
153 405
466 478
254 394
300 344
238 244
175 425
465 467
8 76
196 278
11 252
96 155
307 338
142 392
202 263
44 288
398 468
87 175
149 422
42 63
143 241
1 173
266 359
245 391
210 247
134 434
191 385
29 293
112 294
157 495
341 386
100 432
235 443
29 431
423 469
482 486
209 321
193 233
255 490
70 409
191 394
247 427
215 372
10 93
115 428
280 298
41 198
240 351
175 226
267 423
28 126
161 318
40 66
41 56
119 140
34 129
5 285
322 323
106 255
107 141
109 262
201 298
243 322
269 285
194 423
284 354
153 227
139 381
24 310
298 407
110 335
138 243
102 160
222 395
110 336
78 244
151 330
138 399
164 220
87 346
191 285
359 464
179 351
85 462
54 56
357 416
21 395
197 384
144 223
148 187
85 315
3 497
217 278
64 487
206 223
329 453
77 337
123 355
1 117
307 323
360 402
144 469
291 374
231 323
313 415
122 331
172 223
227 315
261 295
118 317
154 201
14 131
328 417
53 187
9 144
26 290
133 136
321 470
377 386
16 131
49 260
25 27
50 269
40 180
117 346
11 421
93 447
83 84
76 248
96 291
175 377
155 406
391 449
163 164
130 414
43 448
161 287
68 474
200 212
22 174
201 313
40 343
41 90
106 208
8 384
203 290
119 428
284 289
381 489
268 457
435 457
352 401
126 255
79 133
163 363
375 476
374 442
156 199
5 199
197 410
316 326
158 186
193 237
299 468
105 474
4 47
150 152
284 400
247 482
175 301
161 442
64 213
96 208
263 405
24 388
222 346
22 328
114 467
249 308
79 448
393 474
403 434
223 257
100 301
348 391
53 77
11 403
56 76
11 445
357 453
296 382
83 239
73 367
86 445
165 203
310 391
203 300
83 225
94 321
280 410
67 124
24 104
97 227
61 206
156 247
34 360
68 493
344 421
15 330
259 340
390 392
290 300
200 381
176 352
221 326
208 492
177 261
21 261
116 211
222 454
21 444
118 397
70 388
365 377
155 243
48 492
174 489
243 250
18 373
164 297
164 453
107 394
329 340
191 494
238 415
110 214
99 457
35 432
32 100
19 98
29 433
405 464
345 401
30 192
68 375
207 240
73 135
127 247
132 357
336 413
170 397
9 351
210 261
59 185
326 393
350 449
208 411
127 367
108 372
33 38
231 500
258 371
156 353
129 178
159 164
73 248
329 334
11 316
224 257
261 484
172 256
16 206
113 168
63 321
65 104
149 265
175 500
130 256
124 316
58 139
176 401
106 132
205 473
49 198
147 206
130 485
86 483
98 428
251 492
13 161
168 409
246 393
40 160
92 392
253 441
225 415
167 430
11 443
31 462
125 328
207 344
81 471
138 262
406 420
224 377
278 322
240 360
22 66
146 426
58 60
390 446
198 327
88 152
193 382
70 484
184 465
178 427
51 316
252 377
226 447
191 483
127 456
368 433
248 329
149 286
319 491
251 356
299 458
254 476
351 496
201 321
225 308
143 355
45 372
190 407
4 423
300 363
38 482
86 162
189 245
267 274
12 328
263 413
248 274
426 488
114 202
164 348
256 327
91 286
172 237
167 172
151 324
234 266
147 266
194 396
105 140
110 437
369 450
141 438
183 356
179 422
9 132
76 222
120 464
131 317
201 275
24 320
233 267
34 177
355 405
31 43
186 425
179 379
110 387
18 116
40 250
172 292
54 494
186 294
385 499
199 219
321 334
153 412
378 439
426 434
160 406
19 393
23 94
324 333
128 377
12 420
31 355
286 315
8 489
347 417
186 348
182 403
334 458
388 432
26 138
341 448
3 151
123 169
3 75
28 95
92 467
410 433
44 71
37 324
26 412
64 71
31 267
71 424
296 332
264 341
136 365
303 348
17 71
188 355
95 317
242 323
97 99
292 434
74 310
52 93
110 333
95 142
186 239
374 376
199 384
174 296
52 162
78 118
219 259
153 174
269 399
163 438
191 322
102 408
174 188
58 315
180 242
39 120
22 301
250 454
55 213
475 486
93 152
227 262
5 350
67 127
57 414
86 366
134 367
360 440
87 403
55 100
46 459
376 394
188 288
90 472
277 449
101 422
157 435
322 425
79 274
111 161
123 199
424 428
124 321
41 116
302 446
114 338
103 334
133 397
24 387
214 319
202 291
299 345
142 175
402 439
220 358
73 251
39 189
46 303
123 224
99 400
38 186
5 356
164 188
245 422
17 230
83 147
73 217
352 386
113 176
112 448
169 195
261 498
11 91
83 237
368 406
193 205
174 225
135 445
94 147
125 371
197 430
449 493
107 262
25 308
118 337
213 397
320 499
90 382
173 361
27 115
57 300
111 446
351 476
10 243
313 412
21 299
36 107
124 318
10 42
54 311
19 275
119 240
157 442
336 368
474 481
226 495
104 325
264 367
264 286
65 82
115 143
346 466
115 447
363 437
149 366
63 214
381 440
271 487
44 401
109 331
399 452
178 337
257 395
302 408
28 419
107 136
122 276
234 438
414 477
49 87
60 241
401 488
353 424
405 499
93 246
67 223
22 195
222 257
278 428
202 220
189 365
212 245
151 368
335 348
50 474
136 170
272 451
215 227
228 463
253 459
151 286
305 450
200 458
15 340
143 253
76 265
210 359
32 193
22 106
28 281
85 236
41 275
143 350
250 369
200 242
112 471
56 112
26 243
284 294
154 209
289 296
155 300
253 479
172 442
18 79
170 352
31 460
186 307
273 372
1 455
226 295
368 396
223 268
2 233
311 398
148 232
240 313
231 465
196 388
92 142
223 346
137 292
234 256
209 275
257 484
124 426
146 487
316 345
163 338
147 197
288 297
210 249
381 488
171 355
113 268
380 453
242 293
491 497
85 446
16 257
56 95
179 406
298 412
220 233
162 319
172 249
80 141
315 446
17 44
33 74
225 385
38 283
7 490
193 402
382 482
56 161
188 311
67 246
352 488
28 64
9 341
158 213
181 489
68 155
167 457
56 463
113 308
267 288
53 118
211 497
28 229
170 382
412 420
67 336
129 355
106 500
413 482
362 445
98 331
7 319
383 389
54 270
30 365
34 409
146 305
270 474
296 352
245 307
77 221
216 252
75 428
216 340
17 222
193 242
35 183
240 458
213 493
217 383
353 396
39 360
391 455
321 463
376 427
37 246
35 458
201 294
159 232
73 157
139 164
43 58
134 289
151 416
54 444
296 400
204 491
106 226
60 474
389 481
33 70
58 349
116 372
190 481
26 377
48 387
13 416
184 441
261 438
276 456
269 420
199 272
160 416
84 96
40 65
69 393
327 429
5 59
32 99
218 399
464 491
91 495
108 112
60 112
299 300
429 456
170 222
152 476
54 288
164 254
170 492
258 347
306 332
8 427
369 393
122 448
31 239
260 422
183 296
9 471
289 396
90 156
47 183
103 431
188 491
96 303
161 179
13 58
84 477
416 487
23 308
4 212
162 484
27 118
284 451
85 121
10 201
46 416
131 446
77 384
434 492
280 309
164 185
37 423
304 316
143 255
239 484
42 159
264 463
318 402
136 417
100 392
64 392
68 141
13 297
101 364
343 449
335 477
3 359
228 419
278 434
168 238
98 252
219 382
223 340
186 427
170 254
77 451
170 248
435 453
84 373
34 348
35 222
15 120
238 379
67 201
24 484
148 460
209 267
23 100
307 443
52 129
47 268
43 276
183 380
47 125
103 216
15 255
292 468
11 170
40 399
499 500
273 294
286 364
207 452
462 488
73 243
154 495
144 473
113 275
205 272
247 275
263 283
139 206
380 390
194 372
203 488
170 354
181 200
402 465
283 496
116 394
196 277
308 402
67 236
326 482
17 111
9 401
125 355
96 110
10 16
407 478
91 346
131 345
187 445
315 316
12 446
99 315
11 31
120 444
291 490
40 126
356 374
484 493
118 144
185 487
213 465
21 120
428 459
173 239
162 179
208 327
358 426
341 354
12 143
133 373
225 289
97 369
238 336
74 362
419 488
183 221
55 249
100 348
209 211
239 312
63 288
115 330
85 137
52 292
187 386
21 494
228 230
101 431
216 469
397 439
142 194
317 439
236 301
39 132
151 378
35 332
57 78
440 478
223 290
77 431
65 151
119 234
91 312
86 294
44 58
228 342
100 500
17 476
138 287
19 322
192 409
229 276
17 359
30 213
25 105
242 283
117 183
11 272
180 232
384 484
297 488
9 31
60 451
78 152
91 496
199 315
78 233
16 421
55 91
349 421
146 383
242 303
95 232
162 221
158 386
6 286
5 25
24 172
54 490
224 313
420 440
41 305
226 439
179 299
136 381
38 149
193 322
129 459
70 331
145 344
77 500
335 394
117 256
329 375
145 192
30 232
369 390
39 174
41 496
160 169
44 253
40 233
124 362
126 184
40 485
122 400
299 455
185 459
192 296
2 500
307 360
149 181
127 174
415 443
22 433
31 304
412 448
233 349
26 132
283 292
105 483
287 337
38 143
99 337
53 288
128 464
123 227
12 458
41 412
36 67
304 415
204 489
377 409
81 370
40 242
39 53
318 412
262 445
124 334
221 238
60 487
125 394
208 457
128 327
296 381
72 194
482 488
50 415
11 75
161 264
94 352
177 390
461 471
147 237
13 328
16 482
184 281
87 395
48 144
204 411
37 62
405 422
41 394
169 441
219 398
323 367
377 490
118 180
100 294
183 450
74 477
107 110
157 170
323 390
265 297
49 253
25 410
379 393
319 417
170 406
93 399
156 399
33 395
8 232
167 330
91 124
349 422
315 423
263 422
6 264
89 221
133 264
71 108
461 498
213 262
152 295
217 396
172 281
181 318
41 369
196 234
77 150
192 434
266 328
240 496
14 247
320 401
340 447
100 218
432 454
48 284
114 220
33 364
379 414
206 489
321 399
58 459
56 388
35 254
236 305
168 259
263 349
7 487
209 384
257 428
104 161
216 397
111 498
205 377
25 462
180 312
158 309
288 351
329 451
21 282
11 463
244 280
222 356
46 165
101 199
278 477
353 453
382 474
273 385
69 423
228 325
190 296
179 262
163 414
66 394
362 424
120 474
170 418
203 229
187 375
483 492
70 394
57 438
154 279
58 464
451 498
385 434
24 365
35 57
67 98
312 485
23 147
130 474
9 291
36 327
160 494
397 492
185 294
10 420
448 489
50 347
99 279
158 189
4 132
323 359
254 318
40 372
33 453
396 419
321 471
148 352
41 320
258 263
6 378
195 373
84 489
49 291
444 486
73 299
134 207
93 119
83 303
14 46
298 474
148 271
4 393
244 484
68 381
78 482
342 471
283 450
199 484
168 349
38 460
259 423
227 286
333 370
174 184
396 410
364 425
451 455
85 362
330 472
330 388
35 321
115 485
407 409
161 234
376 418
150 274
130 356
108 280
127 299
288 443
383 463
150 302
53 429
90 470
286 306
79 209
63 249
124 406
229 357
69 389
301 459
45 125
55 439
57 337
300 378
145 203
16 110
80 185
81 459
53 492
112 190
364 372
439 478
358 374
83 175
7 59
159 339
113 279
50 274
337 442
252 389
334 377
29 94
97 498
256 497
108 398
255 372
15 478
217 305
60 312
106 258
53 205
246 319
37 351
169 255
360 417
188 452
168 315
144 302
292 438
107 433
52 243
141 349
118 151
157 193
410 486
195 332
26 269
324 348
205 382
53 169
162 217
76 182
56 163
44 297
439 477
317 348
261 376
257 392
55 132
102 267
421 497
225 319
236 415
155 253
29 474
38 156
168 298
130 408
6 124
203 248
34 132
350 422
224 226
466 485
33 454
216 366
162 437
328 429
210 455
158 300
41 395
245 363
86 326
465 472
5 17
304 371
155 387
111 474
142 349
90 387
89 280
46 218
265 277
81 298
454 470
1 20
360 437
432 476
7 315
26 108
274 449
129 275
150 219
295 435
152 383
57 68
241 486
262 333
43 383
227 436
97 103
352 412
34 140
457 485
39 426
182 446
441 452
53 499
32 315
236 249
171 188
386 484
233 262
279 321
48 151
2 162
166 474
147 413
118 426
317 491
119 269
161 262
357 487
124 361
269 426
104 110
352 371
142 207
63 460
202 240
37 207
354 387
9 340
81 318
16 350
227 432
225 248
204 211
179 246
202 221
80 282
22 339
76 245
308 354
227 295
264 427
196 440
243 451
122 482
235 364
217 417
264 359
424 478
403 426
412 426
229 387
34 126
165 241
38 378
77 262
50 155
357 471
372 385
119 430
32 83
250 265
105 346
150 280
331 436
244 478
123 156
63 311
26 172
196 211
242 442
124 432
62 189
75 180
35 488
290 467
5 467
307 438
211 338
388 473
234 465
440 446
1 271
106 366
138 391
169 228
187 423
228 414
82 138
142 478
391 484
144 352
72 225
84 408
126 128
31 50
115 208
54 185
108 197
204 275
342 404
74 412
35 215
167 476
17 360
16 318
73 279
255 399
285 305
200 274
296 355
113 324
74 285
12 437
354 415
352 413
415 494
15 191
169 435
186 302
312 379
399 471
320 361
302 382
21 104
196 438
4 390
263 274
184 380
15 75
195 452
302 349
71 191
184 385
2 8
221 353
161 182
185 398
160 282
353 432
231 453
133 242
286 357
51 309
312 403
421 446
425 444
36 427
272 419
68 292
42 174
104 449
127 190
110 355
336 414
79 267
99 257
435 462
78 370
263 466
171 173
345 414
314 436
78 259
300 489
200 259
129 207
12 39
58 472
110 498
268 455
30 398
92 154
373 455
121 440
446 453
231 336
170 471
272 274
220 295
27 329
99 354
462 495
3 498
92 455
140 301
124 261
65 361
204 252
71 162
335 420
308 418
176 365
43 343
320 482
64 132
187 328
29 316
45 82
298 464
166 441
162 203
74 470
3 214
80 85
263 410
104 166
104 283
238 268
106 135
3 405
301 453
59 177
171 182
64 356
29 470
62 491
193 399
271 310
228 424
90 442
100 387
302 356
30 267
109 446
270 345
201 211
48 472
408 467
9 328
68 81
166 391
107 440
230 442
334 355
112 232
17 500
167 310
130 146
309 415
27 93
173 422
242 447
65 452
18 118
102 289
128 396
383 384
20 200
194 352
8 337
184 300
475 499
60 484
160 171
187 373
264 278
115 121
287 408
89 210
251 458
137 199
150 330
265 344
197 464
152 157
281 301
214 376
460 490
141 457
147 213
305 465
15 142
359 395
172 192
129 473
87 268
129 365
263 458
60 273
229 295
196 468
56 273
198 206
252 344
98 148
237 498
399 464
73 149
62 152
52 285
246 352
112 270
408 425
278 294
103 257
220 395
75 101
22 50
315 422
246 450
84 330
5 175
61 378
185 455
30 452
175 340
192 376
291 488
94 492
104 389
152 212
21 452
21 106
248 380
88 354
113 188
162 239
50 266
69 328
145 396
387 388
165 411
79 198
119 294
185 413
128 129
28 461
446 465
52 302
303 401
186 219
233 378
150 347
166 175
208 233
44 242
361 452
52 184
125 441
473 491
89 190
118 211
179 465
138 220
189 466
157 160
465 495
71 147
1 453
172 489
46 232
182 214
266 421
74 488
79 199
62 216
71 411
443 488
46 298
319 389
402 485
388 422
11 199
189 298
116 425
264 402
55 57
99 488
223 440
59 180
34 407
157 339
212 235
96 222
251 489
177 324
7 413
55 119
62 236
66 216
128 496
309 357
259 455
214 476
210 483
147 248
37 153
134 164
43 337
212 489
340 430
330 402
231 327
329 353
253 473
213 379
389 416
225 355
66 144
283 444
20 357
26 49
123 490
79 151
30 88
399 456
216 383
425 435
137 428
266 457
220 351
62 411
71 385
58 227
121 322
183 442
181 315
119 146
154 262
58 217
221 222
279 381
370 463
387 483
355 459
244 435
35 312
40 176
237 491
162 335
49 425
25 470
49 305
286 411
143 232
67 243
120 478
287 319
54 403
144 376
5 304
287 289
288 372
150 318
34 206
105 296
67 142
214 402
23 490
258 262
342 381
165 435
399 477
201 411
350 484
85 90
384 488
57 389
378 391
132 388
13 105
301 408
66 404
44 303
44 258
43 49
302 491
84 255
133 386
275 493
77 231
188 394
399 450
104 444
27 432
167 385
290 345
16 490
13 350
7 8
6 210
255 492
3 306
3 116
22 253
193 500
240 323
391 404
97 158
259 316
30 339
71 224
92 208
359 366
260 389
123 318
43 295
435 484
343 465
7 219
36 126
189 375
254 435
208 223
376 438
338 438
303 412
366 449
140 479
127 204
114 238
85 474
204 421
188 332
204 250
70 362
342 467
266 479
426 438
257 398
22 77
246 445
295 382
219 248
343 445
105 160
98 465
37 65
287 434
122 273
363 447
317 487
74 162
203 366
60 139
291 388
40 486
115 362
322 471
274 322
261 313
71 283
220 265
244 370
217 384
66 234
352 464
430 486
101 489
268 433
131 409
45 336
17 259
244 297
222 247
3 351
171 332
86 341
161 263
263 393
357 393
32 236
94 240
42 271
300 359
32 98
71 335
156 215
161 245
48 106
197 382
289 468
19 75
264 474
209 290
195 316
57 188
338 431
64 159
232 480
24 265
251 316
216 219
165 177
29 382
111 157
119 416
161 412
165 243
194 384
306 368
25 43
84 483
57 339
60 271
216 285
297 401
285 472
298 399
159 254
45 287
445 480
69 365
87 135
133 205
190 248
207 377
107 143
388 457
77 418
65 491
136 475
285 489
157 414
211 316
221 241
396 434
50 79
79 398
389 467
113 367
68 288
1 56
3 263
105 169
225 299
140 144
133 402
107 113
24 317
98 112
118 209
92 119
44 433
128 133
335 487
262 405
181 240
66 105
46 391
254 311
215 403
214 281
166 479
105 434
455 500
170 466
4 382
38 165
46 375
259 394
352 411
190 348
43 436
285 431
110 279
266 367
167 439
104 343
147 261
74 209
83 203
42 294
227 488
103 322
47 294
330 399
340 453
126 281
87 421
102 323
36 412
230 333
66 369
340 405
68 235
111 199
126 295
327 389
288 474
121 262
213 337
85 254
121 345
175 189
15 106
4 233
75 161
122 282
318 477
7 447
256 467
411 412
97 273
8 95
93 309
241 319
32 97
12 53
99 237
21 291
132 175
24 106
97 470
226 299
66 256
209 346
126 201
24 308
46 130
62 392
440 486
139 436
53 359
1 171
109 310
353 382
18 96
248 259
126 203
253 440
415 451
39 423
231 407
22 157
18 447
10 319
143 304
465 489
4 372
143 405
230 296
353 473
183 430
94 435
248 298
256 390
15 266
337 456
173 447
237 302
127 159
284 449
209 324
363 487
330 363
24 493
275 386
399 408
297 420
80 278
282 417
82 462
41 399
234 298
236 444
2 424
3 129
217 423
138 343
287 327
125 285
140 192
340 409
116 383
420 465
46 411
128 446
284 478
36 392
31 437
86 365
94 480
75 182
190 277
67 473
258 477
163 219
153 251
358 485
319 387
235 263
347 373
172 185
20 309
212 433
300 370
13 489
143 244
58 445
128 150
155 365
73 167
3 447
398 418
192 487
76 409
487 490
74 373
2 291
146 256
342 359
155 322
81 331
346 455
71 357
255 343
162 168
51 389
203 318
114 330
4 33
90 182
214 416
309 355
191 407
101 327
429 495
162 473
92 214
384 391
255 321
372 494
36 331
452 491
237 409
339 358
25 159
206 433
246 370
338 375
247 404
139 284
83 166
145 379
100 264
66 220
253 274
123 494
47 261
18 73
76 175
158 410
308 489
139 338
386 481
23 379
235 258
81 206
61 276
400 411
98 376
137 393
211 223
276 354
89 500
215 318
224 347
118 239
331 382
6 296
257 272
141 350
144 478
153 159
21 453
47 419
21 438
158 317
184 304
311 354
34 486
130 295
93 195
70 328
325 451
282 462
10 358
179 214
272 374
213 267
110 399
409 492
383 415
125 385
216 426
382 462
72 199
178 373
405 418
323 374
360 384
68 258
236 476
40 455
341 443
358 493
52 295
192 471
179 278
39 379
357 415
442 462
377 456
55 231
230 404
306 442
211 264
252 476
180 248
90 315
15 385
24 99
360 425
291 401
232 366
381 461
118 269
227 452
59 313
261 283
2 216
10 463
54 394
218 495
207 456
314 444
62 90
127 248
114 151
401 427
72 135
50 306
28 457
228 252
57 363
245 263
238 342
340 345
141 464
159 445
8 402
256 358
104 320
156 344
119 183
17 206
118 471
47 89
145 432
444 483
242 248
315 437
376 466
118 358
398 410
306 359
201 234
82 336
307 425
141 223
239 401
257 338
69 268
140 273
64 413
46 160
108 436
78 257
204 373
185 349
137 168
360 450
109 479
91 117
135 335
435 449
395 396
140 182
215 486
117 317
269 278
174 389
330 401
102 403
122 318
321 459
47 458
147 370
271 448
126 230
125 221
193 400
141 147
190 340
63 107
45 71
92 409
185 461
329 352
345 491
179 195
95 133
119 185
46 175
113 175
336 460
280 322
476 494
200 435
289 454
145 279
382 405
88 239
174 371
135 412
129 215
462 463
169 307
308 373
86 181
188 192
10 155
237 238
64 447
217 308
175 470
335 404
29 274
238 391
107 125
82 226
22 123
49 461
78 251
136 422
304 379
185 427
172 270
37 224
300 424
280 331
291 309
234 332
464 476
224 334
423 441
93 109
99 418
245 367
12 184
6 151
455 462
3 298
129 357
177 381
158 461
252 302
132 435
69 496
246 279
175 370
143 321
336 384
79 483
51 393
68 495
26 206
297 383
324 330
43 114
68 233
295 304
304 396
258 319
38 408
126 291
17 322
112 439
212 330
304 385
330 462
75 303
456 496
143 202
272 401
262 282
330 418
239 435
21 415
2 347
89 185
53 98
60 179
225 470
44 494
216 358
275 284
23 257
24 40
437 482
28 290
208 414
61 313
193 202
94 499
55 363
7 184
20 132
298 326
34 98
212 241
127 261
28 366
191 409
166 425
9 347
75 417
70 75
177 353
176 313
258 279
64 121
151 171
163 186
108 137
96 424
337 407
164 302
59 258
252 368
21 276
194 233
134 409
4 352
302 487
64 298
6 50
246 354
49 104
404 455
22 367
59 117
337 340
51 475
61 438
147 207
146 247
134 443
52 338
134 146
297 392
51 287
14 24
347 395
110 315
329 407
399 442
354 440
141 450
94 488
191 290
160 218
237 315
37 100
145 389
133 377
4 353
110 397
12 483
303 342
45 171
120 183
88 139
13 313
81 83
111 302
158 334
39 113
222 483
149 396
41 55
349 399
243 369
388 487
157 337
250 364
319 424
34 75
149 165
67 194
63 304
107 417
64 148
97 404
291 477
143 340
322 385
58 224
216 431
362 420
137 439
7 475
132 158
187 308
145 296
37 306
126 193
66 249
123 460
149 201
220 289
206 244
292 492
374 460
70 339
152 161
59 468
76 400
212 447
23 110
29 88
98 386
121 274
144 480
317 357
57 232
57 208
192 440
43 478
104 215
223 316
27 70
334 435
243 326
48 117
13 397
226 351
121 365
249 492
91 123
219 251
31 75
213 418
218 417
224 431
87 331
129 448
263 272
142 475
136 429
10 56
172 282
245 289
112 183
135 219
224 465
135 201
236 321
291 352
333 415
7 467
282 485
57 281
48 347
376 471
221 370
80 390
257 456
198 207
173 464
347 442
281 459
357 396
231 297
183 233
58 185
123 330
12 209
312 489
351 422
249 481
474 499
127 197
79 210
282 391
339 401
359 426
294 357
299 308
6 422
169 282
158 159
87 262
15 378
68 478
112 136
39 186
225 406
90 293
78 366
230 371
409 427
165 260
371 467
19 487
10 152
440 492
31 100
18 343
54 497
247 370
142 335
149 302
50 154
73 131
341 383
285 454
136 165
268 321
111 377
418 466
121 462
63 158
4 484
360 386
366 369
270 386
406 423
84 424
11 65
203 392
164 216
270 337
9 138
107 329
2 329
202 287
134 265
56 386
59 250
344 429
349 437
202 280
143 158
245 333
84 117
234 422
137 404
291 495
53 431
295 332
315 354
62 160
19 279
20 244
27 426
233 260
84 257
121 455
125 281
188 444
381 431
240 280
385 462
142 467
298 402
278 389
77 267
179 220
222 296
468 472
233 240
174 271
374 447
171 212
95 383
216 258
204 448
292 328
335 414
1 357
319 489
156 451
154 498
6 199
358 448
59 420
252 403
333 418
69 236
106 411
206 243
22 431
313 327
145 443
172 313
7 262
99 351
174 392
369 447
132 426
56 78
43 367
6 496
95 351
333 408
188 402
25 370
138 199
15 226
102 316
357 387
61 101
332 340
62 460
284 498
428 453
382 427
119 175
428 463
48 448
257 447
281 349
101 242
205 476
309 479
214 397
421 449
12 381
53 340
136 495
127 319
51 397
252 378
364 465
188 303
2 333
156 244
135 481
233 273
86 398
37 355
6 150
114 373
198 423
303 453
133 354
170 293
210 448
38 324
7 209
316 474
16 143
240 373
232 461
317 362
229 289
258 388
21 242
176 462
186 305
207 258
132 383
227 447
146 254
5 23
31 427
170 198
290 395
352 476
244 395
189 430
29 207
184 258
13 176
439 495
101 479
453 488
22 382
35 468
63 147
196 381
159 348
23 89
384 432
59 280
105 170
446 492
196 424
116 395
174 206
183 459
69 91
2 108
307 479
234 356
254 351
217 331
189 280
63 83
246 499
290 321
209 227
353 366
28 328
279 455
10 187
344 360
231 317
136 214
200 367
360 494
360 375
31 217
1 498
257 415
133 443
14 75
79 463
153 362
112 256
82 171
98 346
39 381
81 479
76 80
355 424
211 304
143 159
148 367
144 464
15 377
66 259
206 425
124 250
118 262
33 60
121 204
87 248
23 372
217 415
55 66
183 461
23 474
129 285
28 163
173 174
129 185
131 154
45 388
332 354
118 288
1 34
327 423
416 451
256 444
98 381
161 352
89 285
392 399
135 187
157 195
20 288
260 367
177 309
46 353
117 262
83 269
52 111
332 374
47 358
83 201
42 186
80 345
298 302
155 431
142 361
38 407
185 210
101 158
314 399
39 63
341 481
162 222
45 83
92 273
177 349
391 456
166 322
41 203
295 316
19 88
303 373
183 228
86 219
278 486
220 414
104 266
109 431
233 310
134 400
54 84
256 499
13 200
375 416
38 486
188 262
190 324
379 387
100 411
195 223
2 421
117 438
42 195
217 379
44 193
151 207
184 231
129 190
75 150
48 450
303 491
99 281
55 204
240 418
79 286
121 219
406 434
322 374
180 343
402 478
105 222
106 224
162 409
17 406
84 128
231 273
372 427
147 432
425 431
191 452
382 451
38 85
370 422
145 264
235 244
112 209
350 496
231 418
109 486
133 425
82 490
1 131
217 317
84 371
94 418
156 486
274 393
383 479
328 331
179 407
4 320
187 303
416 497
128 307
379 481
52 466
182 391
337 361
9 210
387 440
73 133
122 335
61 459
260 262
6 214
146 184
329 476
194 345
8 305
164 405
424 497
102 343
267 290
38 363
63 206
169 340
342 494
216 297
77 171
368 455
45 271
278 374
42 500
130 480
76 114
127 315
121 289
67 173
61 236
306 481
107 279
128 423
51 162
117 474
79 102
196 256
342 429
307 458
160 270
128 283
114 184
72 406
463 492
276 309
103 208
78 215
114 344
128 318
202 210
315 425
472 483
270 324
387 430
45 429
342 407
4 386
246 355
204 335
87 486
21 69
185 237
106 344
346 489
132 456
344 482
448 474
414 466
29 337
153 487
278 367
62 401
225 352
15 445
419 472
4 138
126 340
42 309
144 381
44 448
211 482
78 127
240 469
175 469
137 308
87 309
329 382
236 385
221 333
100 106
200 333
154 476
325 470
158 291
324 463
33 264
144 323
345 366
142 324
272 476
92 124
100 266
92 278
195 482
170 464
198 248
112 297
358 384
40 493
204 317
338 413
198 308
4 128
385 461
49 140
261 293
254 353
347 365
216 483
47 306
232 302
219 244
18 288
43 369
44 296
15 217
80 196
116 246
51 60
229 445
32 215
94 392
21 60
162 416
86 212
220 459
141 202
132 486
31 404
251 410
36 163
118 266
101 280
230 496
33 119
73 437
120 266
312 321
168 449
148 444
69 498
94 330
67 244
272 290
96 401
191 298
142 262
75 93
123 294
132 302
190 203
79 122
160 360
247 330
133 259
80 160
87 318
88 385
10 236
197 315
256 423
55 199
376 495
106 454
268 443
71 72
50 479
21 226
259 284
107 458
343 472
11 110
66 419
212 222
333 406
206 414
152 274
171 243
370 457
170 288
93 202
250 410
48 382
272 277
218 400
341 362
221 412
53 432
280 319
300 435
165 210
307 348
49 215
39 86
189 410
258 445
163 302
52 382
173 411
11 351
181 469
219 423
77 82
10 300
220 234
146 454
131 222
131 428
397 428
92 322
73 436
96 184
288 324
70 321
121 214
17 401
405 415
72 238
279 300
262 386
162 313
190 342
19 130
70 443
163 459
209 292
16 99
422 490
229 483
177 191
331 410
102 439
82 424
251 409
156 182
256 403
288 468
397 475
156 314
72 110
18 481
251 307
290 353
90 301
48 200
151 244
388 395
67 383
171 297
288 376
75 188
202 329
275 452
184 265
325 381
203 472
40 261
208 463
285 327
427 446
436 472
28 38
87 386
139 161
55 379
104 189
128 490
123 435
157 348
158 500
206 386
280 396
108 252
177 426
45 97
277 371
140 283
170 458
196 329
278 441
402 483
394 417
132 215
344 488
104 369
398 408
272 371
12 206
160 372
20 160
53 260
7 349
93 432
409 456
160 316
28 87
223 307
43 97
344 423
34 297
157 410
473 478
81 457
141 458
16 497
19 328
2 110
121 216
215 258
102 244
256 285
120 251
47 468
117 326
254 420
48 372
88 163
71 226
76 359
250 299
245 267
80 168
41 390
34 282
349 440
103 116
163 425
187 322
213 371
105 410
120 439
168 282
209 342
66 204
10 432
84 461
70 71
302 363
183 432
115 472
88 390
141 417
91 137
145 460
32 396
148 252
279 323
16 290
159 306
41 212
11 372
192 396
223 255
327 342
6 301
181 375
208 486
239 268
130 174
25 287
187 213
107 176
179 344
336 366
1 139
451 460
379 381
366 481
47 342
49 413
437 468
114 371
176 231
198 441
385 488
337 372
77 483
337 421
166 220
251 359
204 413
286 408
79 196
56 320
69 104
34 404
146 192
295 437
306 352
163 261
122 464
417 458
165 479
109 269
82 333
9 298
160 269
156 310
28 336
65 459
96 304
316 476
105 192
58 126
84 418
143 354
156 332
230 358
413 494
258 307
139 193
396 428
302 465
281 463
42 448
388 462
254 403
36 200
71 322
146 177
434 443
12 315
298 481
208 458
315 416
191 203
97 312
214 309
317 482
88 279
141 473
24 263
235 371
60 125
51 183
66 327
193 196
25 496
51 409
39 211
139 395
83 267
179 189
120 191
21 381
167 450
161 194
80 377
104 117
353 433
271 305
156 356
188 404
454 462
320 370
67 267
453 486
424 484
119 285
88 363
1 399
132 424
224 354
53 390
221 451
346 364
309 493
14 331
325 377
94 214
29 428
83 405
110 150
135 376
171 267
44 166
211 449
77 441
27 175
121 450
240 389
196 368
85 464
6 192
64 175
200 327
149 427
41 160
28 235
141 250
306 397
54 160
12 67
202 427
325 329
131 432
236 359
193 234
68 192
179 392
74 229
31 93
191 356
37 190
289 326
131 159
213 427
59 301
382 447
32 457
82 91
224 467
187 419
53 318
218 348
78 311
176 439
32 459
297 375
178 325
449 459
205 337
93 98
256 310
219 433
66 352
208 339
217 488
282 374
31 300
18 206
251 390
123 212
18 442
147 310
126 486
76 210
128 417
170 260
137 358
276 327
130 323
92 399
69 349
110 410
270 355
269 491
29 323
24 199
285 440
225 293
42 232
256 490
237 396
227 235
108 463
67 453
65 282
218 292
154 287
55 181
133 331
249 280
88 474
41 492
150 226
42 322
330 420
56 454
277 443
7 498
340 484
60 157
138 364
101 420
87 434
31 182
153 208
267 310
337 343
50 482
301 383
33 463
58 196
119 451
426 447
194 488
29 198
136 177
177 469
150 320
100 283
73 489
297 350
138 329
163 177
122 461
80 456
355 488
97 256
115 319
1 267
86 164
161 267
193 281
135 353
185 299
85 429
288 356
107 139
334 387
55 457
85 266
142 243
105 477
149 460
93 493
261 360
4 6
5 482
380 477
414 465
249 486
295 409
57 249
100 284
129 227
122 216
74 454
9 217
134 227
4 7
301 473
261 432
269 441
243 359
207 231
376 421
346 351
270 358
135 149
218 372
80 114
7 332
210 473
133 191
230 271
277 395
48 121
33 311
137 182
120 382
50 492
291 489
333 497
331 377
147 307
266 417
284 321
322 356
351 438
366 381
6 229
59 190
90 483
76 339
241 441
26 168
236 330
205 435
278 403
109 332
356 427
158 454
380 436
455 496
178 497
381 391
80 269
133 497
141 228
100 271
109 151
118 230
21 450
21 482
4 31
284 405
141 375
65 285
206 295
237 314
17 229
126 210
36 349
45 268
410 425
114 292
112 348
276 485
80 135
10 165
31 363
31 490
9 49
141 412
246 256
96 345
376 449
142 236
361 497
128 340
239 456
121 299
34 125
125 329
106 306
135 164
31 230
356 483
226 345
94 395
78 210
139 245
444 484
107 275
41 66
260 405
14 463
52 121
322 456
194 420
308 409
85 216
52 110
173 408
26 375
278 288
13 382
25 428
260 496
158 325
411 415
12 74
272 361
140 280
162 267
72 248
44 359
14 455
67 277
445 497
61 144
399 438
67 352
32 183
116 422
208 489
77 274
107 490
123 280
101 346
309 473
344 440
463 499
403 422
188 197
354 475
219 496
160 464
238 339
45 65
182 454
48 150
69 353
150 477
354 447
304 417
204 320
49 269
110 350
235 291
56 358
6 174
87 215
121 494
8 143
349 384
14 132
240 266
87 409
125 240
188 254
276 305
133 394
221 407
46 231
218 471
15 239
216 220
39 108
48 457
260 465
132 204
103 130
193 282
180 440
19 179
265 424
217 232
42 212
197 350
225 382
141 470
317 413
83 194
26 299
80 152
71 352
403 420
49 164
103 267
4 408
102 245
149 154
318 417
22 448
429 446
8 474
221 245
60 80
298 426
26 233
393 490
182 293
71 78
382 428
431 475
263 483
17 57
229 479
39 100
80 194
40 411
3 12
102 500
290 319
155 465
390 488
80 424
47 486
365 410
104 293
104 436
158 372
100 483
66 214
34 308
261 320
9 123
176 302
121 405
66 164
83 487
401 476
258 362
53 286
32 86
37 486
101 209
117 276
288 485
101 348
135 462
39 471
188 481
164 187
45 413
317 437
129 375
109 422
190 493
53 194
349 431
36 207
105 230
247 465
186 459
18 455
441 450
289 324
88 310
212 309
100 446
100 337
131 293
263 470
346 375
13 167
80 331
416 435
462 484
19 310
97 455
258 301
246 444
214 493
157 288
429 491
61 455
42 420
149 492
17 231
120 320
61 434
95 267
55 478
348 400
325 445
456 459
203 384
209 228
467 486
90 292
378 445
110 161
137 459
234 301
100 327
122 401
210 235
44 464
383 440
86 342
1 262
187 348
202 435
128 177
46 326
278 412
163 168
68 237
113 381
160 279
57 384
163 323
68 212
194 435
290 350
8 48
21 335
106 124
194 468
36 341
369 496
169 344
66 279
1 473
19 85
140 349
38 204
38 56
140 174
66 143
345 442
134 499
251 281
278 356
237 313
125 254
45 251
299 387
1 488
397 442
11 218
195 260
243 287
105 402
71 189
232 372
282 389
104 486
246 323
84 252
44 135
56 309
318 488
58 159
1 340
90 310
171 289
36 221
264 373
44 365
64 470
185 262
168 408
379 482
32 409
227 238
283 344
454 487
47 406
132 399
66 356
201 327
220 245
126 171
460 473
403 495
336 488
35 168
473 486
228 486
37 148
181 436
219 400
138 345
122 203
91 472
269 314
278 318
54 347
48 70
222 472
96 133
58 352
59 433
128 214
31 136
133 363
29 232
138 499
10 407
15 347
211 390
26 432
46 110
77 86
414 429
165 373
294 457
314 495
441 446
94 95
168 424
236 263
185 303
241 374
68 119
208 238
27 170
105 430
134 151
189 211
230 427
175 467
127 379
123 216
37 121
223 298
195 422
243 298
160 410
48 49
300 327
309 462
32 40
63 330
56 83
216 355
86 118
80 380
201 300
224 496
37 371
158 256
4 239
236 299
21 490
260 369
204 379
354 375
132 372
36 426
240 405
23 415
197 301
256 378
98 238
22 271
62 454
27 413
55 483
210 273
69 332
18 282
226 443
71 405
30 426
2 67
256 473
152 247
64 365
2 417
281 328
47 428
63 326
33 257
20 393
139 199
50 470
195 318
32 437
63 210
16 436
266 447
308 445
185 323
212 337
37 358
30 91
168 489
60 321
255 291
96 193
179 231
41 449
25 154
5 193
37 258
392 472
176 214
342 373
324 456
92 196
106 345
419 462
4 367
266 381
264 451
298 458
55 248
20 452
395 449
243 409
124 422
86 420
255 478
246 257
204 304
268 475
73 309
315 362
239 310
119 276
45 156
181 463
113 129
228 285
336 497
233 474
262 280
151 318
119 480
278 378
95 354
123 185
199 353
142 423
281 454
265 489
139 363
285 366
159 242
78 383
102 315
19 189
108 450
83 423
17 55
431 489
45 480
92 256
58 160
189 354
177 198
112 467
15 78
394 456
50 469
25 373
164 334
107 469
461 488
93 485
410 445
9 191
180 476
78 144
323 325
28 331
358 472
25 81
44 177
465 496
135 338
115 381
126 217
59 454
238 449
150 248
74 224
55 267
44 487
173 393
93 411
5 44
192 237
270 443
248 302
252 482
276 425
196 479
275 281
328 493
278 370
99 389
39 462
110 447
68 102
32 117
323 357
204 346
117 225
290 344
75 334
357 483
32 292
230 300
160 468
11 191
37 366
1 389
192 451
99 137
168 467
26 259
304 492
12 233
169 465
218 356
204 364
47 199
431 444
255 274
16 373
339 355
147 349
145 208
371 402
320 366
52 498
62 134
244 425
415 484
109 160
22 410
103 492
81 440
22 130
96 199
186 216
294 499
95 156
101 241
39 48
196 464
41 311
229 480
104 147
64 442
53 409
2 32
370 412
363 494
163 392
104 204
229 247
266 321
187 403
21 499
221 463
87 303
268 425
105 264
460 492
90 436
330 451
197 249
53 282
223 275
53 379
93 467
168 385
114 494
88 229
264 346
227 342
384 480
4 226
281 496
130 353
35 498
298 373
284 291
201 231
137 440
135 154
279 304
77 406
118 157
52 75
107 181
169 478
306 317
191 193
444 479
437 448
6 80
76 332
275 337
82 159
160 450
85 432
193 222
89 375
100 418
41 266
180 480
186 498
6 259
282 418
78 164
83 233
242 260
188 232
104 275
118 418
323 381
142 226
54 298
374 486
237 369
260 290
186 187
42 193
127 246
172 347
249 407
4 142
183 332
331 469
187 446
286 308
230 291
4 100
168 448
418 496
84 468
162 206
308 370
113 387
266 448
223 280
46 274
84 176
111 442
210 413
75 448
190 377
447 480
54 429
42 472
111 225
220 257
144 432
102 485
134 457
380 490
73 385
132 241
127 399
193 235
57 421
67 137
66 315
19 246
264 480
59 496
96 498
233 446
78 452
345 439
90 461
4 76
155 423
84 463
45 212
150 371
350 441
321 495
136 137
10 101
1 245
156 171
137 374
127 376
81 190
308 431
219 381
294 416
54 101
19 20
71 426
31 340
149 303
88 199
49 470
194 295
42 44
95 120
45 493
41 443
81 332
99 333
88 382
306 395
21 54
251 455
17 260
54 86
54 362
218 425
192 342
110 168
321 392
15 420
24 312
92 149
95 208
122 201
16 168
394 475
136 415
121 486
8 96
204 329
63 243
367 368
179 420
49 181
1 419
159 407
157 406
99 464
337 463
161 253
292 479
334 399
75 381
296 476
155 187
34 475
202 481
110 260
95 166
39 316
323 418
37 494
440 483
249 421
187 194
284 352
62 150
53 351
94 441
342 408
148 339
71 432
20 420
221 302
149 292
101 159
15 433
434 449
172 386
332 342
299 371
49 186
188 383
395 418
235 480
154 303
52 96
191 239
1 435
113 285
260 402
133 358
126 252
26 322
146 269
144 369
130 197
120 160
42 457
289 342
58 452
208 257
264 331
32 137
15 456
285 498
235 415
126 261
175 227
320 428
338 377
187 495
241 276
66 475
52 261
12 487
48 65
174 195
62 266
166 251
342 410
352 434
89 199
52 77
412 470
316 384
137 485
96 388
262 283
5 327
55 201
241 350
44 479
211 330
350 460
95 229
214 239
128 369
213 475
284 323
23 25
50 190
123 148
49 122
245 253
43 64
375 446
183 340
125 419
19 118
334 363
343 491
211 364
90 219
231 256
123 299
66 254
48 395
88 157
40 215
52 176
220 263
9 491
155 337
259 478
41 190
5 275
43 474
410 416
355 483
126 370
319 331
228 335
50 284
373 451
77 305
195 264
99 185
181 473
432 464
1 494
69 260
338 401
25 396
43 357
8 414
197 478
343 500
34 171
64 156
147 156
199 318
106 357
70 192
52 276
43 177
76 95
175 404
180 378
260 434
340 364
132 492
201 458
309 497
368 463
464 465
54 401
78 103
124 386
20 63
69 314
322 345
40 146
272 491
355 403
121 137
220 341
85 497
286 431
35 387
210 458
177 302
381 449
98 395
336 473
141 224
185 269
374 462
382 452
212 225
66 88
109 184
174 304
175 446
421 500
36 157
34 244
231 435
60 325
66 471
11 168
285 435
395 401
172 464
229 500
218 430
130 360
326 363
192 437
189 463
298 431
216 414
276 383
119 347
417 488
111 458
42 113
9 314
157 404
229 294
30 480
140 177
471 486
143 485
36 310
213 468
121 329
67 210
197 497
212 359
135 287
295 302
250 419
139 149
386 479
316 435
319 444
298 360
186 290
274 446
166 399
160 294
58 343
150 181
196 257
220 281
225 430
144 422
28 184
59 435
104 177
122 153
101 358
223 270
13 189
62 488
137 360
236 391
155 494
140 433
404 471
303 400
165 333
365 372
75 200
63 378
40 365
95 453
49 106
6 469
79 83
99 160
186 221
272 405
228 347
156 260
334 461
167 424
269 308
100 161
261 429
60 230
79 103
143 300
268 384
449 468
187 463
395 500
212 270
465 493
25 334
210 326
141 453
183 440
222 435
19 326
111 360
146 252
221 349
126 265
202 457
150 390
163 262
123 485
95 114
141 201
141 194
153 307
326 331
113 182
271 349
262 348
74 449
116 421
175 368
259 424
135 298
293 436
305 446
25 208
200 300
290 313
57 225
51 381
52 464
235 362
351 410
30 493
146 191
186 367
279 286
247 260
114 473
384 430
140 199
125 234
45 479
191 237
426 445
65 166
287 388
255 290
297 493
75 473
55 164
399 407
291 393
295 488
73 360
16 239
186 329
8 251
27 450
321 448
52 320
443 447
219 359
120 233
48 421
345 388
82 459
259 489
95 260
134 153
133 375
68 420
344 408
273 347
429 469
65 233
62 497
139 453
14 460
43 298
29 32
65 124
263 389
119 452
437 486
279 301
207 308
254 436
149 438
340 478
7 226
148 286
430 482
102 335
85 284
1 191
250 411
65 437
194 235
48 123
23 82
189 316
27 449
207 274
79 232
304 376
110 159
319 372
19 174
189 262
270 418
14 275
365 408
205 401
337 410
300 302
293 320
285 303
243 329
160 290
48 328
9 37
140 196
163 226
309 410
172 233
273 483
80 176
402 427
72 203
202 376
418 495
45 61
106 365
41 379
208 483
155 344
132 163
47 139
49 433
151 203
39 207
105 439
22 133
49 221
237 375
189 273
11 267
332 480
118 161
103 190
78 467
209 428
34 109
271 498
329 406
220 386
52 199
212 382
14 288
474 476
52 484
240 273
247 300
144 424
9 187
27 374
14 389
32 422
206 288
160 369
290 380
371 444
236 296
72 276
127 183
165 284
273 440
18 310
17 445
5 113
142 367
120 124
248 307
111 379
152 319
16 182
122 378
388 464
438 488
392 476
132 427
309 440
266 326
44 410
13 450
254 457
26 166
253 340
80 299
323 380
118 150
325 411
71 374
204 232
435 481
54 191
38 379
216 381
57 150
121 429
84 111
141 249
93 128
278 419
10 478
203 355
31 497
250 360
222 437
253 351
135 311
24 370
300 388
44 373
55 406
88 476
221 388
319 448
62 402
299 312
101 260
73 286
222 339
191 250
203 308
166 328
34 395
162 466
14 365
191 496
127 466
20 193
381 386
91 317
43 205
1 265
163 327
49 184
202 430
320 409
145 185
191 262
92 126
284 481
210 297
195 226
44 443
132 196
43 248
366 438
90 186
269 500
411 460
478 485
191 292
199 237
142 294
18 460
237 415
272 469
22 321
219 242
207 454
96 484
8 123
422 491
169 445
10 260
128 239
81 309
169 201
63 272
40 302
396 455
8 161
178 200
148 194
41 199
369 376
109 246
22 139
57 379
326 463
63 64
30 70
11 277
192 311
31 181
91 161
396 437
11 442
131 194
144 382
72 73
258 290
213 318
189 447
48 418
80 245
51 176
30 182
111 468
64 480
78 200
27 265
176 222
133 479
163 364
100 185
205 415
133 197
86 460
258 309
270 417
255 388
361 496
4 338
261 362
406 426
9 374
259 343
144 470
215 235
26 90
260 395
5 191
27 102
4 57
354 355
420 447
13 101
49 136
391 466
59 198
16 89
57 259
113 284
335 481
42 400
50 308
250 366
354 490
219 460
228 464
325 366
38 271
227 240
210 302
324 467
61 382
66 169
226 471
191 446
42 72
235 448
133 372
229 300
55 280
245 269
109 394
226 395
340 375
321 387
153 442
457 484
52 319
36 147
71 317
212 223
254 371
157 356
16 495
116 202
174 421
117 342
213 272
140 454
118 355
239 270
174 326
170 431
199 348
235 391
12 117
340 427
104 123
266 460
203 314
177 289
242 290
135 449
245 373
106 313
37 74
64 91
63 127
122 364
230 259
166 353
186 352
50 432
80 402
124 378
112 146
121 142
198 268
39 272
63 148
142 173
164 257
113 227
241 246
24 414
114 300
263 286
22 208
369 454
112 204
173 401
315 449
22 26
134 459
79 175
93 294
219 233
269 330
97 130
64 286
125 486
82 287
288 405
391 400
7 438
44 380
161 485
80 259
192 439
72 357
347 444
159 342
90 405
372 497
150 485
218 402
20 61
36 393
383 462
42 300
169 250
100 183
81 118
114 215
4 222
50 290
400 443
141 288
200 344
73 432
116 244
281 360
212 495
228 265
63 273
250 363
163 434
209 392
1 169
63 251
367 464
169 296
262 435
131 295
7 408
473 499
108 267
14 420
98 290
401 406
262 439
145 483
272 483
153 312
176 271
130 444
252 337
81 343
18 341
60 284
76 195
37 314
122 348
156 236
53 469
441 477
75 311
382 431
158 406
28 254
144 187
190 207
18 403
123 201
33 247
105 122
342 445
57 371
67 284
404 414
419 482
180 280
21 38
62 478
295 356
157 246
202 421
241 250
209 320
21 277
299 409
8 129
181 253
261 452
281 401
318 380
366 455
371 436
350 482
395 414
5 86
139 458
4 406
274 358
121 361
266 442
236 262
54 334
91 194
354 363
141 370
98 101
134 441
94 165
15 43
19 241
30 106
89 320
71 368
232 492
75 333
185 314
243 489
86 434
130 358
61 171
146 440
202 374
74 458
95 164
160 241
490 493
183 251
31 97
4 174
117 324
234 471
461 475
395 458
125 322
78 338
4 234
4 315
115 415
78 265
328 421
299 362
206 239
2 62
362 484
368 409
38 325
368 389
334 392
308 458
458 490
133 300
39 204
67 235
41 373
131 326
258 493
140 414
177 326
282 367
44 499
221 362
15 471
1 426
254 350
365 367
245 274
205 264
30 228
76 350
227 434
152 257
4 143
373 453
239 466
70 180
97 295
297 328
262 315
179 300
112 235
123 481
126 303
114 178
157 340
25 260
258 467
167 197
384 409
150 440
133 251
14 458
388 396
17 95
159 398
149 304
235 303
258 411
188 354
82 247
116 210
170 203
91 222
165 494
41 195
7 78
78 154
195 284
13 366
109 461
168 395
35 422
324 347
251 298
449 450
360 406
18 38
201 336
261 267
221 288
286 393
89 295
15 170
145 156
339 340
65 426
250 455
8 233
89 165
86 255
37 315
73 344
262 369
156 240
164 244
129 343
290 483
229 465
289 462
37 407
235 379
24 498
64 293
365 463
6 459
119 272
144 276
77 189
292 382
42 153
144 317
76 277
157 403
235 467
360 388
165 302
142 161
94 355
269 377
232 368
37 46
227 239
250 479
337 477
191 218
301 444
374 466
10 328
181 424
1 258
21 344
75 193
281 291
61 338
114 137
139 299
63 191
100 464
299 326
262 395
92 257
99 109
54 140
309 480
333 337
189 434
370 451
220 236
22 327
146 370
73 84
145 215
206 446
365 403
121 413
202 440
271 287
256 298
80 101
82 162
62 416
470 483
138 286
183 288
136 258
156 312
66 468
159 310
51 398
88 306
2 122
199 305
60 174
117 224
216 354
328 408
319 368
298 468
228 288
339 350
60 313
210 406
173 354
166 400
167 236
323 403
87 306
104 403
383 400
80 244
20 448
69 255
365 409
234 305
101 308
137 251
287 402
45 130
56 110
218 282
8 350
48 363
164 219
72 161
231 378
88 317
108 418
201 243
119 120
211 490
59 469
134 232
364 459
48 146
442 453
120 168
247 326
133 419
243 435
354 451
39 221
343 478
233 385
179 384
345 408
25 448
30 165
382 458
76 326
143 496
131 339
372 434
182 303
57 430
37 387
168 390
40 331
56 206
260 322
32 164
26 429
343 463
38 268
63 291
274 405
123 431
33 500
329 383
153 366
25 158
7 44
99 112
215 380
156 300
34 450
37 298
99 397
21 475
147 328
231 305
32 331
224 288
6 179
91 234
195 262
4 491
228 440
120 440
61 122
158 464
160 445
89 307
247 488
95 326
175 474
322 419
156 249
164 474
464 477
28 265
378 423
178 359
54 482
281 363
17 85
101 377
405 416
34 427
431 443
44 255
156 438
4 341
270 354
202 342
22 459
118 199
65 392
235 412
158 314
76 445
243 274
36 411
15 46
325 346
64 105
32 198
20 334
437 475
183 496
294 379
181 406
115 336
91 396
323 400
299 405
8 255
283 353
127 256
470 490
204 350
212 296
23 205
168 302
7 499
111 404
127 207
273 434
241 476
406 424
297 323
94 180
163 462
135 440
204 240
69 369
154 478
250 396
378 386
225 499
23 293
6 490
346 433
101 207
311 489
204 378
71 466
326 500
339 381
24 367
142 190
109 177
196 328
234 498
17 286
215 461
58 379
24 253
105 156
70 302
310 390
43 488
156 385
68 388
168 343
421 487
225 475
220 267
145 149
28 392
343 429
73 466
110 111
23 200
53 64
3 89
9 306
225 265
236 392
72 100
182 234
21 244
433 462
224 474
182 264
21 160
243 416
206 400
288 407
418 472
248 493
471 484
324 448
5 196
93 129
355 490
39 114
308 429
357 358
105 173
102 326
321 480
37 45
184 414
319 383
180 355
356 461
8 144
98 488
156 498
179 425
292 406
206 417
482 499
14 290
124 212
244 453
128 499
68 107
354 456
87 264
197 408
137 422
185 264
175 498
162 344
21 123
443 469
14 208
172 329
155 437
404 480
230 283
103 271
294 310
247 391
71 123
194 281
30 402
297 390
198 210
180 294
207 455
135 346
97 430
264 300
240 350
261 276
100 306
248 272
66 427
72 245
80 317
124 348
54 98
148 226
69 128
205 309
380 496
351 393
91 170
178 405
118 470
455 494
443 490
233 317
154 471
82 455
194 289
35 336
225 270
115 456
69 262
26 500
340 365
76 423
27 32
254 432
364 461
363 469
13 199
196 322
79 208
63 433
305 395
309 319
291 324
303 333
51 369
394 462
387 482
377 487
407 483
82 335
358 432
321 422
237 306
32 481
368 459
66 79
11 361
84 387
262 429
110 210
309 339
158 281
90 204
279 329
437 445
119 492
316 430
289 328
57 307
136 225
81 267
28 137
125 487
51 367
131 220
245 471
420 444
109 425
139 168
171 277
249 336
2 33
40 42
51 478
199 436
333 358
39 47
114 356
150 396
325 391
22 239
13 128
13 418
83 224
203 241
176 436
30 421
157 218
253 258
201 467
83 153
156 375
25 107
152 415
10 423
12 441
13 376
157 443
373 476
156 439
364 498
378 381
19 324
291 367
394 487
40 309
51 440
152 184
163 250
175 284
234 242
45 182
51 308
79 355
35 370
272 306
96 285
404 418
323 329
15 344
120 190
218 418
16 433
79 160
3 218
325 481
274 407
86 300
65 298
113 137
63 468
30 403
103 246
36 43
48 310
35 231
42 214
57 62
21 124
49 172
233 390
27 169
143 191
29 481
362 448
79 496
213 481
259 368
20 185
219 426
21 330
211 415
428 440
203 438
79 317
69 481
408 421
123 223
93 444
334 404
50 164
52 485
189 408
48 419
266 464
209 306
67 85
87 400
210 322
294 500
114 397
46 173
36 350
390 403
437 441
229 453
354 453
4 223
266 400
231 349
429 467
22 309
352 448
262 390
373 379
2 54
33 235
21 46
353 388
324 425
368 369
322 391
189 268
31 500
153 254
259 313
115 470
91 281
51 294
6 63
51 156
428 472
11 223
33 58
277 478
304 421
45 60
402 405
270 425
74 473
263 488
151 328
25 437
55 178
167 465
27 499
33 162
76 484
156 409
223 314
80 268
431 473
170 463
392 444
40 283
137 389
240 241
93 137
39 171
70 190
207 461
101 486
35 76
311 440
143 471
84 368
420 489
73 239
21 237
86 179
258 348
282 497
282 340
227 297
310 415
161 328
26 411
401 468
28 84
190 363
207 273
17 486
28 355
44 381
172 423
103 333
184 238
26 471
113 378
152 326
120 224
223 383
360 403
213 275
345 470
164 356
17 494
24 92
209 230
58 82
303 441
71 223
46 333
54 162
4 489
31 354
446 458
43 461
18 210
209 499
181 417
81 437
264 458
435 478
246 248
293 421
119 124
49 55
84 278
207 477
178 267
337 379
13 259
320 436
40 384
210 298
108 188
415 450
86 267
84 209
198 433
17 246
182 235
130 285
111 338
360 416
124 142
274 275
294 358
89 272
392 433
44 68
284 298
60 252
147 468
98 292
374 440
73 302
76 83
215 416
166 383
153 331
150 397
324 469
142 212
476 479
261 266
175 262
136 274
353 406
273 367
264 440
316 330
151 380
349 392
68 96
222 293
375 406
36 112
46 388
223 391
42 155
230 364
303 454
287 420
179 451
367 438
1 311
139 470
202 345
73 181
10 278
211 416
2 292
171 304
26 283
244 362
470 472
197 325
103 213
164 177
18 427
233 492
171 464
3 223
77 124
25 299
129 394
17 176
115 407
102 172
137 246
116 195
311 409
27 437
289 490
243 342
53 86
112 389
22 46
140 258
410 482
29 167
115 457
104 135
152 489
208 474
239 296
100 197
378 484
113 411
347 498
131 179
125 408
117 140
161 415
137 288
57 443
101 430
5 129
177 267
253 288
71 298
7 364
54 254
183 279
49 363
320 406
426 476
159 248
79 273
273 337
64 278
57 305
50 259
210 294
132 188
288 414
385 457
26 32
164 391
12 21
338 356
74 236
268 322
52 104
104 244
449 488
77 104
189 381
75 441
275 293
274 290
175 388
418 445
271 300
98 427
69 212
204 351
145 153
291 437
126 241
13 198
24 483
349 351
124 168
2 235
286 441
291 465
5 434
270 378
50 370
51 170
240 478
167 271
305 313
94 342
180 306
239 354
221 401
131 346
115 185
384 453
96 323
96 295
324 396
262 357
262 494
138 483
172 454
215 328
412 488
41 261
119 297
162 241
88 129
208 429
23 160
75 179
242 276
421 443
311 320
8 43
156 200
419 420
233 341
88 373
53 298
318 471
66 269
82 471
144 427
169 295
298 337
186 243
171 205
53 84
253 303
17 379
128 268
19 483
230 449
197 317
400 461
214 215
168 227
84 304
100 340
110 429
108 294
363 438
53 372
203 426
94 227
50 88
49 403
64 491
226 316
282 330
43 252
22 49
47 188
259 329
377 406
186 495
344 437
313 396
404 482
320 339
146 310
483 499
157 192
26 100
102 389
44 232
11 135
139 184
368 400
3 489
37 218
151 393
132 221
166 292
55 206
86 106
97 253
321 374
158 258
26 265
40 397
120 187
151 294
31 195
341 361
163 263
468 484
251 407
150 185
39 334
253 447
80 322
369 374
125 334
97 414
314 492
169 364
70 364
375 448
176 396
44 198
53 473
24 153
337 367
77 109
14 90
170 349
32 298
180 438
163 494
359 421
101 380
292 374
5 57
120 485
313 349
192 289
372 442
28 467
117 179
150 224
385 424
218 232
81 383
31 459
73 197
25 425
156 181
163 487
18 377
230 402
254 270
185 243
74 374
343 459
151 382
207 306
412 424
18 52
221 467
255 298
64 483
184 459
300 317
214 426
85 205
181 342
156 282
138 426
195 209
222 297
21 224
206 284
94 320
84 365
334 447
412 442
109 300
253 300
252 298
35 102
43 187
5 363
230 247
12 24
18 80
299 333
116 322
236 425
55 160
251 420
38 350
40 187
151 221
343 426
56 456
318 419
225 373
226 459
76 252
190 422
231 449
327 362
267 389
425 436
236 328
391 500
95 329
347 472
165 446
168 381
185 498
22 178
294 303
108 289
427 432
70 111
153 198
302 478
147 177
490 492
5 487
123 316
122 244
1 290
13 209
289 440
53 124
139 463
194 198
160 488
220 328
141 284
417 449
66 82
247 463
297 459
27 395
371 449
477 493
108 347
60 424
225 296
161 261
361 366
313 340
131 217
372 474
436 442
217 459
212 306
11 161
309 399
109 302
368 497
286 336
296 365
40 225
22 260
81 219
71 373
203 233
488 490
420 486
135 433
114 170
159 386
243 425
235 275
72 482
220 460
84 126
270 381
242 376
3 375
6 112
297 368
289 384
92 108
224 440
7 460
107 328
254 265
381 436
72 344
20 262
314 428
435 487
220 350
243 385
149 244
44 330
55 362
124 336
22 227
199 490
126 366
208 452
20 256
213 292
44 149
108 303
154 219
124 483
37 289
319 365
250 291
252 295
130 432
132 219
174 440
4 336
202 384
299 482
27 345
82 259
241 474
66 463
185 222
100 279
297 298
89 367
91 102
55 157
316 415
181 398
259 312
200 301
189 420
78 428
190 391
196 332
214 307
359 442
1 140
275 382
17 420
322 361
181 193
38 341
279 298
91 303
114 320
12 99
8 105
83 482
109 210
153 274
16 281
76 310
456 475
218 329
211 325
284 475
258 442
307 427
94 312
393 410
103 377
331 390
149 239
86 110
61 74
341 421
50 329
361 425
43 127
11 259
75 292
114 210
272 366
87 484
108 127
262 463
101 464
345 387
304 469
310 401
99 172
179 325
125 128
422 458
106 201
62 347
10 139
104 203
320 422
111 249
96 328
163 448
96 203
367 419
18 441
152 256
165 427
116 400
139 212
226 433
348 356
169 422
67 478
47 71
118 408
357 443
294 496
260 403
428 477
78 393
184 220
30 238
186 386
122 144
140 194
4 265
26 126
475 482
120 394
354 359
121 349
41 463
223 497
13 228
44 496
102 161
327 430
136 483
135 355
360 427
14 390
221 364
94 363
6 290
134 241
231 271
419 486
41 239
5 425
212 227
86 494
417 424
146 368
26 336
17 129
444 474
37 260
145 394
41 153
94 222
170 224
6 13
36 66
3 94
49 175
79 200
256 402
130 316
14 436
13 322
79 105
232 479
67 156
238 286
266 349
287 411
347 391
222 281
162 426
17 84
480 493
59 452
38 339
287 323
21 196
194 217
39 241
404 417
349 483
4 28
382 392
193 300
306 374
226 364
67 321
204 496
96 240
242 466
188 258
171 199
35 269
34 237
30 46
18 119
384 397
63 252
96 313
45 259
50 293
232 235
134 447
38 377
206 218
385 413
15 17
160 481
388 407
256 273
123 222
10 33
261 483
252 315
215 334
1 125
88 484
52 187
67 178
201 310
52 323
70 122
204 343
55 491
339 499
271 361
389 488
125 442
359 388
299 434
181 250
21 80
411 446
168 265
312 461
211 442
45 473
244 295
98 191
32 325
202 449
310 418
132 288
186 380
278 409
143 360
66 201
414 499
317 412
236 313
336 493
75 494
188 474
185 231
89 396
6 294
213 423
35 243
6 394
242 244
216 277
107 387
323 469
219 389
293 476
151 367
43 204
172 427
132 216
73 369
197 214
263 448
148 241
46 429
339 380
245 321
252 383
235 259
307 478
349 409
98 129
46 358
54 215
165 451
93 240
83 361
83 349
166 309
320 387
106 212
21 488
116 401
191 362
49 415
377 389
37 313
142 393
225 251
275 299
246 396
26 297
182 465
292 372
177 442
288 379
229 492
25 99
115 377
397 402
244 376
263 408
97 377
210 489
164 198
173 300
73 465
169 427
197 261
365 395
196 340
43 81
105 273
65 449
344 499
329 405
397 426
42 117
69 79
220 366
62 307
24 118
13 349
141 183
204 209
55 255
41 223
11 400
185 373
74 81
245 251
13 325
215 301
63 263
185 290
28 155
216 477
396 446
54 81
76 355
217 227
19 199
141 184
336 443
7 392
114 306
168 472
153 235
105 106
419 443
114 181
311 361
29 360
51 55
407 486
124 166
92 159
99 130
64 149
333 403
328 350
229 297
402 410
125 245
76 93
317 454
236 308
315 361
272 429
117 214
131 395
87 158
7 35
202 357
28 106
88 480
443 482
10 462
151 197
175 259
130 463
162 308
55 125
128 351
336 383
45 100
49 146
133 408
333 446
340 371
148 206
414 470
340 468
369 401
217 358
384 461
126 449
53 397
192 443
32 152
141 452
280 464
46 120
208 373
332 362
131 262
60 326
350 497
66 277
432 456
373 381
59 399
90 281
196 402
306 307
297 491
417 485
168 249
157 158
437 460
45 49
89 436
429 464
102 210
51 148
162 330
62 453
112 271
240 253
204 222
134 303
201 311
17 346
218 280
260 497
230 241
214 450
97 254
124 497
170 486
162 271
188 352
15 316
211 266
120 341
169 212
88 115
225 479
212 247
184 413
224 290
96 250
394 401
151 346
353 495
32 452
416 463
90 129
17 237
84 237
42 80
62 415
79 270
105 236
14 347
411 461
200 299
4 82
21 243
67 417
25 349
221 470
138 276
273 398
81 409
79 424
89 402
190 315
133 177
248 261
315 451
121 246
314 394
16 223
155 348
26 177
327 483
343 346
271 431
256 443
100 379
210 436
121 314
120 130
324 429
12 394
124 475
101 288
25 413
22 25
70 387
155 412
186 220
318 449
310 367
274 344
3 34
205 252
303 425
114 175
308 410
175 263
293 484
100 262
106 162
37 233
30 477
254 334
97 243
148 349
211 377
43 214
270 408
183 377
333 361
251 305
119 215
53 65
27 62
243 357
442 472
12 210
61 161
349 430
6 375
89 477
332 412
351 403
11 216
183 276
129 198
437 500
146 328
481 489
70 218
294 348
420 482
325 449
160 295
241 398
48 278
56 447
8 456
387 481
218 220
254 449
198 301
126 306
137 160
52 429
129 177
279 312
213 237
12 379
97 139
119 424
14 210
22 399
41 355
374 434
142 148
51 271
99 451
56 401
5 380
381 403
2 204
172 458
145 164
24 358
40 50
17 68
107 219
61 70
89 439
46 338
234 357
70 442
221 414
279 475
42 95
90 344
218 294
143 453
167 444
152 262
75 492
79 437
101 333
266 403
213 336
30 458
262 411
366 478
152 447
149 341
155 294
278 287
265 358
319 346
159 430
171 377
16 117
161 462
63 360
260 380
347 485
367 376
179 302
165 229
15 162
301 380
138 320
104 484
80 434
170 180
127 492
437 481
29 487
43 496
354 474
122 231
331 489
19 311
180 369
211 413
165 168
102 257
40 305
104 222
12 284
228 259
15 312
290 315
66 133
75 103
153 361
12 358
202 431
254 257
88 92
9 465
465 486
56 258
228 376
36 190
344 432
41 75
107 463
129 408
8 318
83 115
123 471
276 279
346 496
4 431
180 182
357 473
187 243
61 363
262 267
119 454
338 367
357 370
19 71
458 460
298 300
46 310
67 206
219 406
55 434
116 365
146 473
44 345
299 374
449 482
72 156
341 460
85 265
57 227
441 461
363 480
332 360
13 68
215 358
169 409
246 403
342 374
476 491
340 494
48 267
232 409
244 261
6 234
200 305
224 412
253 287
46 151
66 403
57 329
60 379
175 346
33 61
196 421
201 223
69 220
265 300
438 460
52 438
105 262
45 115
37 215
4 15
72 124
147 311
20 26
98 135
76 92
37 87
215 281
348 385
131 330
112 308
191 366
215 399
295 446
55 190
43 262
111 206
3 178
54 393
141 404
111 172
46 435
136 470
316 446
51 331
333 419
193 462
278 500
204 233
58 251
85 87
145 361
114 433
45 494
25 314
49 90
270 410
90 479
381 473
109 268
317 415
17 125
7 134
78 368
385 407
70 323
415 465
194 257
226 333
18 256
127 228
138 455
131 224
7 393
131 151
458 471
62 244
154 302
120 127
152 199
297 353
266 284
287 341
382 471
425 487
287 338
177 185
6 336
35 375
391 395
320 498
282 307
82 173
65 484
73 422
162 234
144 207
32 401
123 189
6 12
319 361
208 379
200 338
232 487
178 383
184 483
322 468
214 219
59 266
50 457
247 387
3 310
217 482
170 469
151 173
296 473
94 367
25 325
111 131
91 310
150 490
306 389
1 104
17 496
263 378
113 191
68 401
324 420
321 340
35 445
49 371
416 459
84 180
226 469
73 416
421 463
123 276
190 209
24 410
95 259
106 297
222 387
34 411
183 315
355 480
60 133
382 399
79 491
26 245
97 286
248 407
420 423
233 256
99 270
104 354
173 494
248 391
214 218
424 451
163 385
19 454
325 430
183 439
9 330
4 189
112 362
159 304
135 383
469 495
255 259
90 422
122 248
294 406
93 332
92 287
61 225
49 404
165 421
291 358
27 390
125 301
35 267
25 131
25 213
324 331
182 499
367 485
27 497
63 81
75 447
295 320
298 425
152 186
73 460
132 308
199 289
78 91
245 474
91 443
245 484
73 97
322 397
89 175
358 483
81 176
116 197
99 474
85 360
23 338
313 401
99 229
259 302
244 496
183 193
60 297
212 347
143 174
283 334
80 192
221 274
3 53
153 204
294 337
210 416
92 499
61 325
27 304
102 471
196 352
26 387
315 433
131 360
233 314
100 482
103 459
139 331
399 427
15 209
123 241
41 450
98 106
68 331
9 309
31 389
145 327
159 195
210 231
260 485
119 292
12 207
31 391
153 450
22 173
427 459
365 370
305 480
140 291
430 495
327 397
83 409
187 474
61 362
296 356
41 420
99 478
326 462
220 256
213 238
78 106
188 408
1 269
108 489
277 320
1 293
156 466
310 323
304 346
108 193
20 287
173 410
37 76
49 80
220 391
223 285
31 488
116 236
190 464
158 422
246 436
100 245
65 138
267 400
149 282
246 407
488 499
2 328
203 456
266 393
307 396
93 417
6 500
255 389
201 281
185 337
89 385
138 236
70 232
164 500
43 354
89 360
59 315
40 113
335 437
180 386
216 429
390 444
62 404
311 450
191 349
406 484
310 371
284 350
187 433
111 162
23 119
173 267
29 477
265 444
27 473
55 134
181 411
125 310
239 336
196 324
201 290
49 307
27 174
112 491
96 266
60 190
91 421
17 270
48 141
16 263
91 313
115 388
34 370
30 422
242 431
262 461
168 257
358 380
194 442
257 342
141 286
48 226
137 322
9 163
58 422
171 281
148 338
282 394
186 212
160 308
178 439
141 491
57 212
123 438
1 277
39 441
27 116
330 434
19 307
133 499
16 478
193 458
362 382
215 476
32 492
227 438
17 435
220 426
26 224
150 473
31 243
53 208
171 302
345 447
106 327
273 396
295 346
67 91
229 356
12 133
442 451
6 132
326 477
236 382
200 441
144 456
268 286
195 465
44 154
168 180
192 364
104 312
168 371
117 491
67 337
271 500
115 242
348 434
180 383
59 307
184 185
42 438
224 415
179 209
26 374
139 300
167 377
290 485
27 138
253 333
258 450
232 298
215 268
291 328
9 297
195 263
169 482
17 425
335 469
253 358
250 426
106 194
250 322
81 317
21 369
4 97
85 380
300 431
305 500
171 484
78 109
319 362
44 112
355 373
111 188
9 451
451 482
52 468
219 366
151 422
397 410
317 471
152 378
223 369
32 499
183 462
108 310
232 304
366 451
19 472
138 489
21 77
386 472
59 345
161 193
280 451
154 371
309 317
130 286
255 337
97 477
147 384
86 93
37 367
115 124
283 461
98 401
36 182
103 411
395 440
178 316
233 363
280 296
138 361
60 465
469 479
92 483
198 370
62 175
2 149
111 149
54 150
19 360
16 111
132 353
63 248
6 425
4 256
264 468
158 336
331 453
281 452
115 450
162 312
308 316
247 279
350 408
224 438
79 345
105 335
252 422
63 149
91 484
214 392
259 328
104 317
142 267
192 231
75 458
238 341
136 455
260 457
5 117
70 105
222 232
246 465
247 461
19 110
60 425
339 422
53 160
22 409
419 496
59 337
100 176
34 359
136 500
68 110
205 292
74 146
51 248
132 472
132 187
239 474
314 361
269 448
143 155
83 343
50 72
54 328
2 314
127 459
255 437
18 219
217 314
214 231
60 356
276 289
265 349
149 479
59 322
108 136
84 103
59 129
11 398
3 481
215 404
152 416
22 355
134 432
100 129
165 318
33 55
263 302
372 394
36 210
223 481
117 142
199 349
43 320
98 453
253 331
39 287
195 309
318 373
236 309
5 352
120 259
144 404
59 96
329 349
64 78
248 479
6 401
134 162
56 497
138 202
125 465
85 297
7 291
40 407
182 334
306 398
113 282
227 443
145 329
169 339
122 249
199 439
105 432
63 448
187 466
125 333
47 272
186 449
349 397
481 499
137 472
342 424
142 204
240 293
301 316
203 327
229 403
315 409
23 294
166 225
167 181
222 399
2 320
132 352
30 320
79 189
158 466
270 334
346 473
26 328
244 272
63 140
64 347
195 348
110 294
268 295
83 277
76 429
126 162
263 346
134 424
310 336
214 241
101 177
36 62
215 288
237 252
65 209
6 62
187 223
174 294
93 494
72 293
172 363
86 340
157 413
353 426
331 387
135 220
147 330
86 157
54 433
327 472
49 223
31 418
84 139
187 407
11 297
112 367
84 311
8 9
23 214
135 188
54 457
120 465
18 342
54 211
41 247
49 275
246 297
331 370
261 390
16 142
196 370
178 346
119 214
159 255
72 401
52 366
176 285
114 372
152 465
272 421
234 303
262 443
115 150
72 185
443 454
266 307
123 408
38 374
49 133
60 269
157 419
372 466
283 437
393 422
252 423
382 438
87 104
10 176
52 402
327 427
102 440
237 343
116 158
174 426
36 449
96 157
60 467
32 367
44 379
93 342
400 421
96 115
3 217
145 165
318 480
377 451
10 371
305 325
280 477
128 397
179 438
472 476
2 338
198 224
145 276
373 441
308 382
158 337
235 417
28 202
109 147
403 498
141 333
72 425
220 492
149 294
113 422
89 125
429 477
102 480
156 275
347 468
20 376
482 489
313 421
152 470
248 463
196 477
190 305
180 323
94 445
164 232
220 296
1 192
180 422
69 248
46 290
252 396
108 231
118 200
43 358
257 374
180 479
417 428
257 373
98 165
466 498
356 422
18 397
167 219
197 279
207 458
2 431
68 171
225 493
161 447
291 446
191 329
8 286
10 240
98 375
99 425
3 342
181 338
137 240
24 143
373 437
322 492
400 405
43 264
260 479
139 264
188 476
251 323
202 439
28 272
34 254
145 202
293 460
210 349
441 489
372 421
71 478
375 477
209 249
173 365
97 134
18 402
163 182
405 462
103 121
343 487
121 400
327 435
28 416
179 386
243 498
20 179
312 445
344 385
210 287
83 274
118 297
372 465
36 115
138 164
240 348
151 341
180 273
139 382
178 242
381 455
352 432
186 489
131 338
198 392
207 250
149 224
49 201
9 345
122 346
35 276
232 498
329 454
249 488
54 484
286 310
112 426
325 396
273 297
112 214
22 24
70 78
5 250
350 391
119 256
148 396
134 480
226 304
259 495
280 455
103 166
233 431
222 332
47 402
36 46
374 478
146 206
18 424
96 317
297 417
300 398
57 324
83 279
132 161
189 264
217 414
160 230
40 89
338 454
222 376
188 348
28 136
63 420
425 492
38 203
207 427
301 394
274 493
145 399
29 272
333 362
26 392
197 230
79 282
56 224
239 372
300 441
305 457
130 341
171 308
66 126
243 281
41 260
173 366
357 475
284 378
233 325
196 267
10 96
247 319
104 402
223 434
49 354
92 242
296 388
39 396
8 298
384 474
24 251
217 499
58 146
155 438
58 393
244 278
16 353
4 490
93 449
68 492
9 256
28 54
118 259
39 497
278 390
96 187
235 495
241 358
253 387
379 392
116 396
388 470
44 271
289 343
361 398
59 259
126 231
254 385
239 247
19 411
214 395
296 470
65 249
103 162
319 350
25 453
254 454
26 204
108 120
198 381
373 469
480 494
344 468
145 286
363 382
309 492
236 332
47 140
297 399
236 237
203 350
102 266
150 420
166 298
217 491
113 337
3 128
36 86
270 437
234 312
359 367
155 451
22 75
31 67
223 414
277 336
228 403
301 466
50 172
110 128
245 444
411 489
9 236
220 243
208 450
108 484
254 321
181 343
218 386
328 433
55 212
355 422
157 420
58 466
245 407
188 440
37 139
26 390
172 352
385 436
151 170
133 309
39 117
51 193
336 352
267 298
138 360
50 410
3 439
102 125
413 477
404 430
305 383
65 391
11 234
322 476
163 314
186 293
198 254
156 187
134 331
77 209
87 286
167 331
71 399
30 420
122 272
191 311
140 189
130 227
155 221
133 134
428 493
9 176
95 148
413 467
175 374
95 465
109 366
23 427
162 258
454 493
151 292
161 337
271 484
41 374
284 316
83 137
257 427
53 435
288 462
45 147
99 331
372 486
52 236
55 233
222 266
95 226
304 441
171 442
300 346
34 181
55 481
117 266
2 398
65 411
54 261
45 343
92 237
90 334
434 486
201 469
197 419
26 445
208 382
183 341
14 435
62 163
136 320
20 301
62 386
50 455
223 413
27 299
48 71
62 359
278 305
182 471
214 266
22 432
235 373
20 323
49 438
186 320
305 350
22 97
212 334
210 350
7 386
22
1 2
2 3
3 4
2 5
2 6
4 7
1 8
6 9
4 10
2 11
8 12
11 13
2 14
4 15
15 16
6 17
10 18
3 19
10 20
10 21
1 22
22
1 2
1 3
3 4
3 5
3 6
5 7
7 8
4 9
2 10
3 11
8 12
3 13
4 14
1 15
13 16
4 17
5 18
17 19
4 20
1 21
2 22
22
1 2
1 3
2 4
3 5
3 6
6 7
1 8
5 9
3 10
5 11
10 12
7 13
4 14
4 15
8 16
3 17
1 18
3 19
3 20
18 21
16 22
22
1 2
1 3
1 4
1 5
1 6
4 7
7 8
4 9
9 10
1 11
10 12
3 13
2 14
3 15
11 16
8 17
8 18
10 19
13 20
6 21
2 22
22
1 2
2 3
2 4
1 5
3 6
4 7
2 8
6 9
6 10
1 11
2 12
2 13
1 14
14 15
1 16
11 17
9 18
14 19
14 20
9 21
2 22
22
1 2
1 3
1 4
3 5
5 6
3 7
2 8
6 9
2 10
9 11
5 12
8 13
12 14
12 15
14 16
12 17
14 18
13 19
2 20
5 21
8 22
22
1 2
1 3
2 4
1 5
5 6
2 7
3 8
8 9
6 10
2 11
11 12
11 13
9 14
11 15
14 16
16 17
6 18
13 19
14 20
12 21
5 22
22
1 2
1 3
3 4
2 5
4 6
3 7
6 8
7 9
2 10
7 11
10 12
10 13
1 14
4 15
4 16
7 17
8 18
5 19
16 20
9 21
15 22
22
1 2
2 3
1 4
3 5
3 6
5 7
4 8
7 9
5 10
6 11
1 12
2 13
7 14
7 15
10 16
4 17
14 18
12 19
14 20
13 21
9 22
22
1 2
2 3
3 4
2 5
5 6
5 7
7 8
7 9
5 10
5 11
8 12
5 13
7 14
14 15
2 16
11 17
5 18
12 19
15 20
5 21
3 22
22
1 2
1 3
1 4
2 5
4 6
6 7
1 8
5 9
9 10
7 11
3 12
5 13
4 14
12 15
11 16
9 17
17 18
4 19
3 20
6 21
8 22
22
1 2
2 3
3 4
4 5
5 6
2 7
7 8
7 9
2 10
4 11
9 12
10 13
7 14
12 15
3 16
8 17
8 18
1 19
8 20
6 21
20 22
22
1 2
2 3
3 4
2 5
1 6
5 7
4 8
6 9
2 10
4 11
6 12
9 13
3 14
13 15
13 16
13 17
17 18
16 19
4 20
8 21
21 22
22
1 2
2 3
1 4
3 5
2 6
1 7
3 8
6 9
1 10
3 11
9 12
5 13
2 14
10 15
3 16
13 17
10 18
8 19
9 20
10 21
17 22
22
1 2
2 3
2 4
2 5
4 6
1 7
7 8
2 9
1 10
2 11
1 12
1 13
1 14
12 15
13 16
11 17
16 18
4 19
16 20
14 21
3 22
22
1 2
2 3
1 4
3 5
5 6
6 7
2 8
4 9
1 10
8 11
1 12
12 13
2 14
10 15
2 16
1 17
17 18
4 19
2 20
9 21
16 22
22
1 2
1 3
3 4
3 5
5 6
4 7
3 8
2 9
9 10
2 11
9 12
3 13
7 14
4 15
14 16
16 17
6 18
2 19
4 20
10 21
10 22
22
1 2
1 3
1 4
2 5
4 6
4 7
3 8
7 9
2 10
9 11
11 12
6 13
12 14
4 15
2 16
11 17
15 18
16 19
6 20
13 21
13 22
22
1 2
2 3
2 4
1 5
3 6
4 7
3 8
8 9
3 10
3 11
11 12
3 13
13 14
1 15
3 16
10 17
6 18
11 19
1 20
15 21
4 22
22
1 2
1 3
3 4
3 5
2 6
2 7
3 8
6 9
7 10
4 11
5 12
5 13
2 14
12 15
2 16
14 17
2 18
16 19
15 20
14 21
5 22
22
1 2
1 3
2 4
3 5
4 6
4 7
4 8
8 9
6 10
6 11
7 12
1 13
13 14
1 15
11 16
5 17
2 18
1 19
18 20
8 21
10 22
22
1 2
1 3
1 4
1 5
3 6
6 7
5 8
7 9
2 10
7 11
4 12
10 13
10 14
11 15
5 16
16 17
13 18
1 19
17 20
12 21
1 22
22
1 2
1 3
1 4
3 5
4 6
1 7
1 8
2 9
5 10
5 11
7 12
10 13
1 14
7 15
13 16
8 17
6 18
17 19
9 20
15 21
1 22
22
1 2
2 3
1 4
1 5
5 6
2 7
3 8
5 9
9 10
1 11
1 12
7 13
3 14
6 15
11 16
12 17
12 18
16 19
19 20
20 21
4 22
22
1 2
1 3
3 4
1 5
5 6
3 7
3 8
4 9
6 10
1 11
9 12
6 13
10 14
8 15
14 16
11 17
5 18
1 19
18 20
2 21
9 22
22
1 2
1 3
1 4
2 5
3 6
4 7
3 8
6 9
4 10
7 11
7 12
4 13
9 14
8 15
7 16
2 17
9 18
3 19
6 20
12 21
21 22
22
1 2
2 3
2 4
1 5
3 6
5 7
3 8
8 9
6 10
5 11
3 12
11 13
12 14
14 15
3 16
15 17
5 18
17 19
18 20
9 21
10 22
22
1 2
1 3
2 4
2 5
3 6
6 7
7 8
2 9
7 10
6 11
11 12
5 13
10 14
9 15
10 16
3 17
13 18
14 19
15 20
8 21
1 22
22
1 2
1 3
3 4
3 5
2 6
1 7
3 8
8 9
2 10
2 11
9 12
9 13
5 14
7 15
10 16
11 17
15 18
13 19
7 20
4 21
14 22
22
1 2
1 3
3 4
3 5
1 6
3 7
1 8
7 9
2 10
9 11
9 12
2 13
3 14
1 15
7 16
7 17
1 18
5 19
8 20
16 21
15 22
22
1 2
1 3
3 4
2 5
5 6
6 7
1 8
6 9
4 10
7 11
1 12
10 13
4 14
3 15
10 16
8 17
4 18
6 19
14 20
2 21
3 22
22
1 2
1 3
1 4
4 5
5 6
3 7
7 8
6 9
5 10
4 11
8 12
8 13
1 14
8 15
6 16
2 17
16 18
3 19
3 20
19 21
17 22
22
1 2
2 3
2 4
2 5
5 6
5 7
1 8
7 9
2 10
3 11
3 12
3 13
2 14
5 15
13 16
6 17
6 18
7 19
16 20
4 21
2 22
22
1 2
2 3
1 4
2 5
4 6
4 7
1 8
4 9
2 10
4 11
1 12
3 13
2 14
2 15
1 16
8 17
6 18
8 19
18 20
11 21
2 22
22
1 2
1 3
2 4
3 5
5 6
6 7
5 8
3 9
3 10
7 11
4 12
2 13
3 14
9 15
3 16
12 17
15 18
8 19
7 20
3 21
8 22
22
1 2
2 3
2 4
3 5
5 6
1 7
1 8
6 9
5 10
8 11
3 12
10 13
10 14
7 15
11 16
7 17
16 18
13 19
2 20
15 21
21 22
22
1 2
1 3
1 4
1 5
4 6
2 7
5 8
7 9
3 10
3 11
11 12
9 13
11 14
8 15
15 16
5 17
12 18
8 19
12 20
2 21
13 22
22
1 2
1 3
2 4
1 5
4 6
6 7
4 8
7 9
8 10
3 11
9 12
7 13
6 14
9 15
11 16
4 17
8 18
4 19
19 20
16 21
4 22
22
1 2
1 3
3 4
1 5
1 6
2 7
5 8
1 9
6 10
5 11
1 12
11 13
13 14
9 15
3 16
9 17
5 18
14 19
19 20
14 21
3 22
22
1 2
1 3
1 4
1 5
4 6
5 7
3 8
4 9
9 10
3 11
9 12
1 13
12 14
10 15
13 16
16 17
15 18
4 19
11 20
4 21
20 22
22
1 2
1 3
2 4
1 5
1 6
3 7
1 8
1 9
7 10
5 11
7 12
7 13
13 14
3 15
6 16
1 17
13 18
14 19
13 20
19 21
13 22
22
1 2
1 3
3 4
2 5
1 6
6 7
1 8
5 9
7 10
8 11
9 12
6 13
11 14
8 15
10 16
13 17
15 18
7 19
5 20
19 21
15 22
22
1 2
2 3
2 4
1 5
3 6
6 7
3 8
1 9
8 10
8 11
5 12
9 13
10 14
5 15
6 16
12 17
14 18
11 19
19 20
4 21
8 22
22
1 2
2 3
1 4
4 5
5 6
4 7
1 8
5 9
6 10
7 11
2 12
2 13
11 14
2 15
6 16
3 17
11 18
12 19
4 20
13 21
11 22
22
1 2
2 3
1 4
1 5
2 6
3 7
1 8
5 9
1 10
4 11
9 12
5 13
6 14
14 15
11 16
14 17
8 18
15 19
1 20
1 21
9 22
22
1 2
1 3
1 4
2 5
5 6
5 7
7 8
5 9
4 10
8 11
2 12
5 13
10 14
12 15
7 16
15 17
17 18
17 19
1 20
18 21
21 22
22
1 2
2 3
3 4
2 5
4 6
4 7
6 8
2 9
2 10
1 11
4 12
8 13
13 14
9 15
10 16
15 17
2 18
12 19
7 20
1 21
9 22
22
1 2
1 3
1 4
1 5
2 6
6 7
4 8
3 9
9 10
1 11
3 12
9 13
9 14
12 15
5 16
10 17
10 18
8 19
5 20
11 21
1 22
22
1 2
2 3
3 4
1 5
4 6
4 7
3 8
4 9
4 10
10 11
1 12
8 13
3 14
6 15
12 16
5 17
9 18
15 19
3 20
10 21
14 22
22
1 2
2 3
3 4
3 5
5 6
3 7
2 8
7 9
4 10
5 11
11 12
6 13
13 14
10 15
15 16
1 17
2 18
16 19
4 20
6 21
3 22
22
1 2
2 3
2 4
2 5
5 6
2 7
5 8
7 9
3 10
1 11
2 12
1 13
5 14
9 15
3 16
11 17
3 18
17 19
4 20
17 21
18 22
22
1 2
2 3
3 4
2 5
3 6
3 7
5 8
8 9
2 10
2 11
7 12
1 13
13 14
14 15
3 16
15 17
5 18
9 19
10 20
19 21
17 22
22
1 2
1 3
2 4
2 5
4 6
4 7
5 8
1 9
8 10
8 11
4 12
3 13
10 14
5 15
10 16
14 17
14 18
7 19
17 20
16 21
19 22
22
1 2
1 3
3 4
2 5
4 6
2 7
7 8
2 9
9 10
7 11
7 12
4 13
13 14
10 15
14 16
9 17
14 18
11 19
11 20
6 21
13 22
22
1 2
1 3
1 4
4 5
1 6
5 7
4 8
8 9
3 10
2 11
1 12
6 13
2 14
8 15
10 16
10 17
2 18
2 19
8 20
6 21
7 22
22
1 2
2 3
1 4
4 5
2 6
2 7
4 8
5 9
4 10
6 11
5 12
4 13
10 14
9 15
4 16
10 17
15 18
2 19
15 20
17 21
10 22
22
1 2
2 3
3 4
4 5
5 6
6 7
3 8
6 9
8 10
4 11
3 12
3 13
2 14
5 15
11 16
2 17
8 18
14 19
12 20
11 21
14 22
22
1 2
2 3
2 4
1 5
1 6
6 7
5 8
2 9
2 10
6 11
7 12
6 13
5 14
8 15
12 16
11 17
11 18
5 19
17 20
9 21
13 22
22
1 2
2 3
3 4
1 5
1 6
1 7
2 8
4 9
8 10
10 11
6 12
10 13
10 14
1 15
9 16
8 17
2 18
4 19
6 20
7 21
10 22
22
1 2
2 3
3 4
1 5
5 6
3 7
1 8
7 9
8 10
5 11
6 12
1 13
1 14
8 15
10 16
16 17
8 18
17 19
18 20
15 21
2 22
22
1 2
2 3
2 4
4 5
2 6
5 7
5 8
6 9
6 10
6 11
10 12
7 13
10 14
1 15
4 16
16 17
10 18
15 19
14 20
16 21
4 22
22
1 2
1 3
2 4
2 5
4 6
5 7
2 8
3 9
4 10
5 11
4 12
10 13
8 14
14 15
11 16
12 17
9 18
15 19
13 20
18 21
4 22
22
1 2
2 3
1 4
2 5
4 6
3 7
2 8
2 9
2 10
4 11
2 12
2 13
4 14
5 15
9 16
15 17
5 18
11 19
3 20
7 21
7 22
22
1 2
1 3
3 4
4 5
2 6
5 7
1 8
6 9
1 10
8 11
10 12
9 13
3 14
9 15
12 16
15 17
14 18
6 19
7 20
5 21
14 22
22
1 2
1 3
2 4
1 5
2 6
1 7
1 8
4 9
3 10
7 11
5 12
9 13
8 14
3 15
2 16
10 17
12 18
2 19
2 20
1 21
11 22
22
1 2
1 3
3 4
2 5
1 6
1 7
3 8
6 9
6 10
7 11
1 12
12 13
6 14
7 15
11 16
7 17
14 18
6 19
10 20
6 21
9 22
22
1 2
1 3
3 4
3 5
1 6
6 7
6 8
7 9
4 10
9 11
1 12
10 13
13 14
7 15
4 16
1 17
11 18
11 19
8 20
20 21
13 22
22
1 2
1 3
2 4
1 5
2 6
5 7
7 8
7 9
7 10
2 11
3 12
8 13
13 14
14 15
6 16
16 17
12 18
2 19
1 20
1 21
11 22
22
1 2
1 3
1 4
4 5
1 6
2 7
3 8
6 9
6 10
9 11
4 12
1 13
6 14
13 15
7 16
1 17
3 18
3 19
17 20
16 21
18 22
22
1 2
1 3
1 4
4 5
3 6
6 7
5 8
4 9
5 10
9 11
6 12
11 13
1 14
9 15
14 16
15 17
14 18
17 19
12 20
18 21
5 22
22
1 2
2 3
1 4
2 5
2 6
5 7
5 8
8 9
3 10
4 11
9 12
3 13
1 14
4 15
12 16
5 17
6 18
7 19
6 20
13 21
3 22
22
1 2
2 3
1 4
4 5
1 6
3 7
5 8
4 9
3 10
1 11
2 12
1 13
6 14
8 15
7 16
8 17
1 18
3 19
11 20
16 21
1 22
22
1 2
2 3
2 4
2 5
5 6
6 7
5 8
8 9
9 10
8 11
6 12
12 13
2 14
7 15
4 16
16 17
16 18
3 19
3 20
3 21
1 22
22
1 2
2 3
1 4
2 5
5 6
1 7
5 8
6 9
1 10
2 11
7 12
1 13
11 14
9 15
7 16
8 17
7 18
12 19
17 20
16 21
8 22
22
1 2
2 3
3 4
2 5
3 6
5 7
4 8
7 9
5 10
10 11
1 12
5 13
7 14
5 15
10 16
9 17
16 18
8 19
15 20
4 21
5 22
22
1 2
2 3
1 4
2 5
4 6
4 7
6 8
6 9
3 10
3 11
11 12
1 13
9 14
1 15
1 16
1 17
11 18
16 19
12 20
17 21
20 22
22
1 2
2 3
1 4
1 5
4 6
1 7
5 8
3 9
5 10
5 11
2 12
2 13
13 14
2 15
10 16
8 17
4 18
12 19
13 20
9 21
10 22
22
1 2
1 3
1 4
2 5
5 6
2 7
3 8
6 9
9 10
9 11
9 12
10 13
13 14
8 15
5 16
11 17
3 18
8 19
2 20
3 21
16 22
22
1 2
2 3
2 4
2 5
4 6
5 7
2 8
8 9
8 10
6 11
9 12
2 13
2 14
13 15
6 16
10 17
2 18
9 19
4 20
5 21
16 22
22
1 2
1 3
2 4
1 5
5 6
2 7
5 8
8 9
3 10
6 11
8 12
5 13
12 14
7 15
2 16
3 17
16 18
1 19
18 20
2 21
13 22
22
1 2
1 3
1 4
4 5
2 6
1 7
7 8
8 9
4 10
7 11
10 12
10 13
4 14
11 15
2 16
16 17
4 18
1 19
6 20
13 21
5 22
22
1 2
1 3
3 4
2 5
5 6
5 7
7 8
2 9
2 10
4 11
7 12
3 13
6 14
1 15
6 16
16 17
3 18
11 19
13 20
2 21
11 22
22
1 2
1 3
3 4
3 5
4 6
5 7
4 8
1 9
6 10
7 11
5 12
4 13
7 14
3 15
13 16
4 17
16 18
16 19
13 20
8 21
8 22
22
1 2
2 3
3 4
3 5
4 6
6 7
7 8
2 9
1 10
1 11
6 12
10 13
7 14
5 15
8 16
7 17
5 18
4 19
4 20
13 21
10 22
22
1 2
1 3
2 4
3 5
5 6
4 7
3 8
2 9
3 10
3 11
1 12
10 13
2 14
6 15
3 16
3 17
4 18
11 19
18 20
19 21
17 22
22
1 2
1 3
1 4
4 5
5 6
6 7
3 8
6 9
4 10
9 11
6 12
2 13
1 14
3 15
11 16
14 17
2 18
2 19
9 20
14 21
11 22
22
1 2
2 3
1 4
2 5
1 6
3 7
6 8
3 9
9 10
5 11
7 12
3 13
13 14
13 15
1 16
5 17
5 18
15 19
3 20
12 21
8 22
22
1 2
1 3
2 4
2 5
4 6
6 7
3 8
2 9
4 10
10 11
1 12
4 13
1 14
12 15
7 16
10 17
14 18
11 19
7 20
17 21
17 22
22
1 2
2 3
2 4
1 5
5 6
6 7
4 8
4 9
4 10
9 11
2 12
6 13
9 14
9 15
14 16
16 17
17 18
16 19
12 20
17 21
2 22
22
1 2
2 3
1 4
4 5
2 6
5 7
4 8
4 9
9 10
6 11
10 12
1 13
1 14
11 15
14 16
3 17
11 18
13 19
13 20
18 21
3 22
22
1 2
1 3
2 4
1 5
3 6
1 7
4 8
5 9
4 10
9 11
4 12
6 13
12 14
10 15
6 16
3 17
2 18
13 19
9 20
15 21
17 22
22
1 2
2 3
1 4
2 5
1 6
1 7
1 8
6 9
5 10
6 11
5 12
9 13
11 14
14 15
8 16
13 17
12 18
9 19
18 20
8 21
15 22
22
1 2
2 3
1 4
4 5
4 6
5 7
7 8
2 9
7 10
4 11
11 12
8 13
7 14
11 15
10 16
8 17
17 18
9 19
9 20
9 21
18 22
22
1 2
2 3
2 4
4 5
5 6
3 7
2 8
6 9
4 10
3 11
1 12
5 13
9 14
14 15
4 16
11 17
8 18
6 19
8 20
19 21
8 22
22
1 2
1 3
3 4
1 5
1 6
5 7
2 8
8 9
3 10
10 11
11 12
2 13
4 14
10 15
4 16
2 17
12 18
4 19
10 20
2 21
3 22
22
1 2
1 3
3 4
1 5
1 6
1 7
7 8
8 9
6 10
7 11
10 12
2 13
5 14
10 15
14 16
8 17
13 18
18 19
5 20
13 21
15 22
22
1 2
2 3
2 4
4 5
1 6
6 7
6 8
5 9
7 10
4 11
5 12
2 13
12 14
6 15
3 16
10 17
1 18
8 19
10 20
15 21
11 22
22
1 2
1 3
3 4
3 5
1 6
1 7
1 8
3 9
1 10
2 11
5 12
10 13
3 14
8 15
11 16
14 17
9 18
9 19
9 20
15 21
16 22
22
1 2
1 3
1 4
4 5
2 6
3 7
3 8
8 9
7 10
8 11
6 12
8 13
5 14
4 15
5 16
11 17
4 18
12 19
11 20
20 21
6 22
22
1 2
1 3
1 4
4 5
1 6
4 7
6 8
6 9
5 10
9 11
1 12
10 13
3 14
5 15
5 16
8 17
4 18
13 19
1 20
9 21
12 22
22
1 2
1 3
3 4
3 5
4 6
5 7
5 8
3 9
4 10
2 11
6 12
4 13
9 14
14 15
5 16
10 17
4 18
1 19
11 20
9 21
18 22
22
1 2
1 3
1 4
3 5
1 6
2 7
2 8
6 9
3 10
1 11
1 12
2 13
7 14
5 15
12 16
4 17
1 18
7 19
15 20
14 21
9 22
22
1 2
2 3
3 4
2 5
1 6
3 7
5 8
6 9
9 10
8 11
6 12
12 13
13 14
2 15
3 16
10 17
17 18
16 19
4 20
5 21
5 22
22
1 2
2 3
1 4
1 5
2 6
1 7
3 8
4 9
1 10
10 11
3 12
6 13
7 14
5 15
15 16
5 17
11 18
1 19
15 20
19 21
12 22
22
1 2
1 3
3 4
2 5
3 6
3 7
4 8
1 9
4 10
3 11
3 12
8 13
10 14
13 15
14 16
3 17
14 18
1 19
16 20
5 21
7 22
22
1 2
2 3
1 4
4 5
4 6
4 7
5 8
4 9
5 10
8 11
3 12
4 13
9 14
3 15
13 16
2 17
1 18
11 19
12 20
10 21
15 22
22
1 2
2 3
2 4
3 5
2 6
1 7
5 8
4 9
5 10
7 11
8 12
1 13
1 14
5 15
10 16
9 17
6 18
14 19
15 20
7 21
11 22
22
1 2
2 3
1 4
3 5
1 6
6 7
3 8
7 9
7 10
5 11
1 12
2 13
11 14
10 15
2 16
16 17
14 18
2 19
17 20
2 21
1 22
22
1 2
2 3
1 4
4 5
2 6
1 7
6 8
8 9
3 10
1 11
11 12
7 13
12 14
3 15
1 16
6 17
13 18
5 19
13 20
8 21
3 22
22
1 2
1 3
2 4
3 5
3 6
5 7
6 8
8 9
4 10
10 11
9 12
6 13
10 14
14 15
10 16
8 17
16 18
13 19
10 20
12 21
18 22
22
1 2
2 3
2 4
1 5
3 6
1 7
1 8
1 9
3 10
9 11
8 12
9 13
1 14
2 15
10 16
8 17
3 18
12 19
1 20
14 21
17 22
22
1 2
1 3
2 4
1 5
1 6
6 7
4 8
1 9
2 10
10 11
11 12
5 13
11 14
1 15
14 16
6 17
8 18
14 19
16 20
8 21
1 22
22
1 2
2 3
2 4
3 5
2 6
5 7
4 8
2 9
2 10
9 11
8 12
7 13
12 14
5 15
13 16
1 17
16 18
15 19
3 20
17 21
21 22
22
1 2
2 3
1 4
2 5
4 6
6 7
2 8
4 9
3 10
10 11
8 12
6 13
1 14
11 15
15 16
10 17
6 18
2 19
9 20
17 21
21 22
22
1 2
1 3
2 4
1 5
1 6
6 7
3 8
4 9
9 10
8 11
2 12
1 13
7 14
10 15
14 16
15 17
4 18
14 19
14 20
10 21
19 22
22
1 2
1 3
2 4
4 5
1 6
6 7
4 8
7 9
3 10
7 11
11 12
3 13
2 14
7 15
10 16
6 17
8 18
18 19
5 20
6 21
1 22
22
1 2
2 3
3 4
2 5
3 6
6 7
3 8
4 9
9 10
2 11
5 12
1 13
3 14
1 15
5 16
11 17
16 18
17 19
4 20
13 21
6 22
22
1 2
2 3
3 4
4 5
1 6
4 7
2 8
8 9
1 10
5 11
6 12
4 13
1 14
9 15
6 16
15 17
11 18
6 19
3 20
14 21
17 22
22
1 2
1 3
1 4
3 5
2 6
1 7
5 8
2 9
3 10
7 11
3 12
10 13
8 14
10 15
10 16
15 17
5 18
8 19
18 20
6 21
7 22
22
1 2
2 3
1 4
2 5
5 6
6 7
6 8
6 9
3 10
9 11
4 12
8 13
11 14
5 15
13 16
11 17
4 18
6 19
10 20
3 21
7 22
22
1 2
1 3
1 4
4 5
4 6
5 7
4 8
6 9
8 10
5 11
7 12
10 13
2 14
4 15
2 16
6 17
10 18
17 19
13 20
16 21
12 22
22
1 2
1 3
2 4
3 5
2 6
3 7
5 8
6 9
4 10
3 11
1 12
1 13
4 14
12 15
2 16
12 17
11 18
2 19
7 20
20 21
13 22
22
1 2
1 3
3 4
1 5
1 6
5 7
4 8
1 9
5 10
2 11
7 12
11 13
1 14
2 15
10 16
6 17
11 18
18 19
4 20
11 21
12 22
22
1 2
1 3
3 4
2 5
5 6
5 7
5 8
4 9
3 10
8 11
6 12
1 13
11 14
13 15
13 16
3 17
11 18
9 19
2 20
1 21
17 22
22
1 2
1 3
1 4
1 5
3 6
5 7
7 8
1 9
1 10
1 11
8 12
3 13
4 14
6 15
6 16
1 17
4 18
17 19
19 20
3 21
18 22
22
1 2
1 3
2 4
4 5
5 6
2 7
2 8
3 9
6 10
6 11
5 12
5 13
8 14
10 15
8 16
14 17
9 18
12 19
18 20
4 21
13 22
22
1 2
2 3
1 4
3 5
5 6
5 7
6 8
5 9
5 10
7 11
11 12
1 13
11 14
5 15
11 16
4 17
14 18
18 19
7 20
11 21
3 22
22
1 2
1 3
2 4
3 5
5 6
1 7
1 8
1 9
3 10
1 11
11 12
5 13
1 14
4 15
4 16
11 17
4 18
14 19
1 20
6 21
10 22
22
1 2
2 3
3 4
2 5
1 6
3 7
5 8
6 9
8 10
8 11
11 12
6 13
4 14
12 15
3 16
5 17
5 18
16 19
9 20
9 21
10 22
22
1 2
2 3
2 4
1 5
4 6
4 7
6 8
5 9
3 10
10 11
3 12
12 13
4 14
12 15
12 16
15 17
12 18
1 19
17 20
9 21
7 22
22
1 2
1 3
1 4
2 5
3 6
4 7
2 8
6 9
7 10
5 11
9 12
1 13
2 14
11 15
7 16
12 17
10 18
15 19
10 20
8 21
15 22
22
1 2
1 3
1 4
4 5
3 6
5 7
6 8
7 9
5 10
1 11
1 12
10 13
1 14
7 15
4 16
5 17
12 18
4 19
18 20
16 21
2 22
22
1 2
2 3
2 4
3 5
5 6
4 7
7 8
8 9
4 10
7 11
7 12
6 13
11 14
13 15
12 16
15 17
9 18
18 19
17 20
14 21
7 22
22
1 2
1 3
1 4
3 5
5 6
6 7
5 8
5 9
5 10
1 11
1 12
1 13
9 14
2 15
7 16
2 17
15 18
15 19
16 20
10 21
8 22
22
1 2
1 3
3 4
3 5
4 6
1 7
4 8
2 9
3 10
9 11
1 12
2 13
13 14
9 15
6 16
9 17
7 18
11 19
16 20
16 21
2 22
22
1 2
2 3
2 4
2 5
3 6
3 7
6 8
4 9
3 10
6 11
1 12
5 13
10 14
4 15
9 16
5 17
4 18
14 19
4 20
6 21
8 22
22
1 2
2 3
3 4
4 5
4 6
3 7
2 8
7 9
3 10
9 11
11 12
11 13
5 14
2 15
3 16
11 17
10 18
3 19
1 20
13 21
11 22
22
1 2
1 3
3 4
1 5
1 6
4 7
1 8
2 9
8 10
9 11
2 12
12 13
10 14
10 15
14 16
2 17
12 18
1 19
8 20
19 21
11 22
22
1 2
2 3
2 4
4 5
1 6
4 7
4 8
2 9
1 10
2 11
1 12
3 13
7 14
13 15
11 16
4 17
13 18
16 19
12 20
11 21
13 22
22
1 2
1 3
2 4
2 5
3 6
2 7
2 8
6 9
1 10
8 11
3 12
7 13
12 14
1 15
15 16
9 17
12 18
15 19
11 20
3 21
15 22
22
1 2
1 3
2 4
1 5
2 6
5 7
7 8
5 9
1 10
1 11
7 12
4 13
13 14
9 15
11 16
6 17
3 18
16 19
2 20
20 21
14 22
22
1 2
2 3
1 4
4 5
5 6
2 7
2 8
3 9
5 10
8 11
7 12
2 13
5 14
6 15
11 16
11 17
15 18
11 19
13 20
8 21
3 22
22
1 2
1 3
2 4
2 5
4 6
3 7
1 8
2 9
2 10
10 11
3 12
2 13
2 14
12 15
15 16
9 17
4 18
1 19
18 20
17 21
14 22
22
1 2
1 3
3 4
3 5
5 6
4 7
6 8
8 9
2 10
10 11
5 12
5 13
1 14
10 15
14 16
7 17
5 18
9 19
8 20
19 21
4 22
22
1 2
1 3
2 4
1 5
2 6
6 7
4 8
5 9
4 10
10 11
3 12
2 13
7 14
9 15
6 16
12 17
17 18
13 19
7 20
9 21
19 22
22
1 2
1 3
1 4
1 5
3 6
6 7
3 8
3 9
6 10
7 11
2 12
4 13
5 14
6 15
11 16
10 17
16 18
14 19
18 20
16 21
8 22
22
1 2
2 3
1 4
3 5
4 6
6 7
1 8
6 9
4 10
1 11
1 12
6 13
12 14
1 15
11 16
16 17
9 18
4 19
15 20
4 21
8 22
22
1 2
2 3
1 4
1 5
2 6
2 7
5 8
7 9
4 10
4 11
1 12
11 13
4 14
2 15
13 16
8 17
2 18
10 19
4 20
10 21
9 22
22
1 2
2 3
3 4
2 5
2 6
5 7
3 8
7 9
9 10
2 11
4 12
7 13
13 14
8 15
2 16
15 17
11 18
8 19
8 20
13 21
12 22
22
1 2
1 3
2 4
1 5
3 6
4 7
1 8
7 9
4 10
2 11
9 12
8 13
3 14
4 15
12 16
10 17
14 18
13 19
10 20
12 21
11 22
22
1 2
2 3
3 4
3 5
5 6
6 7
1 8
5 9
4 10
6 11
7 12
6 13
9 14
12 15
9 16
3 17
17 18
3 19
6 20
13 21
20 22
22
1 2
2 3
3 4
3 5
1 6
1 7
6 8
2 9
7 10
1 11
7 12
7 13
12 14
5 15
4 16
9 17
13 18
6 19
11 20
16 21
2 22
22
1 2
2 3
1 4
1 5
2 6
1 7
7 8
8 9
5 10
3 11
1 12
8 13
6 14
7 15
13 16
13 17
5 18
10 19
3 20
12 21
19 22
22
1 2
2 3
2 4
4 5
2 6
3 7
1 8
3 9
5 10
1 11
8 12
2 13
3 14
10 15
12 16
4 17
5 18
7 19
18 20
12 21
3 22
22
1 2
1 3
3 4
3 5
3 6
3 7
7 8
4 9
8 10
7 11
8 12
11 13
1 14
1 15
14 16
1 17
13 18
7 19
2 20
7 21
6 22
22
1 2
1 3
1 4
2 5
4 6
4 7
1 8
6 9
1 10
9 11
6 12
10 13
1 14
7 15
1 16
7 17
2 18
1 19
19 20
2 21
9 22
22
1 2
1 3
1 4
3 5
5 6
2 7
3 8
6 9
4 10
7 11
7 12
4 13
2 14
14 15
6 16
1 17
1 18
16 19
11 20
8 21
3 22
22
1 2
1 3
2 4
2 5
3 6
2 7
6 8
6 9
8 10
6 11
2 12
7 13
6 14
14 15
8 16
10 17
14 18
7 19
1 20
16 21
18 22
22
1 2
1 3
2 4
1 5
5 6
3 7
5 8
1 9
3 10
1 11
7 12
12 13
10 14
6 15
9 16
16 17
12 18
8 19
17 20
3 21
12 22
22
1 2
2 3
1 4
2 5
3 6
2 7
5 8
5 9
5 10
7 11
9 12
10 13
11 14
6 15
4 16
15 17
7 18
5 19
15 20
16 21
3 22
22
1 2
2 3
1 4
2 5
2 6
6 7
7 8
1 9
4 10
2 11
8 12
5 13
1 14
3 15
2 16
13 17
3 18
16 19
4 20
14 21
6 22
22
1 2
2 3
2 4
1 5
1 6
1 7
3 8
1 9
7 10
1 11
6 12
6 13
4 14
1 15
2 16
13 17
6 18
10 19
9 20
12 21
5 22
22
1 2
2 3
3 4
1 5
5 6
2 7
4 8
1 9
9 10
10 11
7 12
5 13
8 14
5 15
7 16
11 17
9 18
12 19
7 20
20 21
15 22
22
1 2
2 3
3 4
4 5
5 6
2 7
2 8
7 9
3 10
7 11
6 12
10 13
8 14
10 15
1 16
16 17
1 18
13 19
13 20
6 21
2 22
22
1 2
1 3
3 4
3 5
2 6
6 7
1 8
6 9
3 10
8 11
1 12
1 13
1 14
2 15
14 16
7 17
13 18
6 19
14 20
19 21
18 22
22
1 2
2 3
2 4
4 5
4 6
3 7
7 8
2 9
9 10
10 11
11 12
9 13
8 14
14 15
9 16
1 17
10 18
18 19
15 20
6 21
16 22
22
1 2
1 3
3 4
2 5
5 6
5 7
1 8
6 9
8 10
4 11
6 12
1 13
9 14
1 15
15 16
11 17
7 18
10 19
7 20
20 21
13 22
22
1 2
1 3
1 4
3 5
5 6
3 7
7 8
5 9
8 10
9 11
8 12
9 13
11 14
6 15
15 16
1 17
8 18
11 19
15 20
2 21
4 22
22
1 2
2 3
3 4
4 5
2 6
1 7
3 8
3 9
8 10
1 11
4 12
7 13
11 14
1 15
12 16
7 17
17 18
16 19
13 20
6 21
5 22
22
1 2
1 3
1 4
3 5
1 6
1 7
7 8
3 9
9 10
7 11
8 12
5 13
2 14
11 15
10 16
7 17
3 18
8 19
17 20
18 21
20 22
22
1 2
2 3
2 4
3 5
5 6
6 7
7 8
8 9
6 10
2 11
6 12
2 13
11 14
7 15
11 16
16 17
3 18
6 19
15 20
8 21
12 22
22
1 2
2 3
3 4
2 5
3 6
4 7
1 8
5 9
6 10
9 11
10 12
10 13
11 14
6 15
6 16
13 17
14 18
11 19
7 20
10 21
20 22
22
1 2
1 3
2 4
4 5
4 6
6 7
7 8
7 9
1 10
7 11
8 12
9 13
4 14
14 15
4 16
7 17
6 18
16 19
14 20
16 21
19 22
22
1 2
1 3
3 4
2 5
3 6
1 7
5 8
8 9
3 10
9 11
5 12
12 13
3 14
13 15
10 16
2 17
3 18
11 19
13 20
16 21
4 22
22
1 2
2 3
2 4
2 5
5 6
6 7
5 8
7 9
7 10
5 11
9 12
7 13
4 14
4 15
5 16
12 17
10 18
10 19
12 20
10 21
9 22
22
1 2
1 3
2 4
1 5
1 6
6 7
1 8
5 9
8 10
7 11
5 12
11 13
2 14
13 15
4 16
8 17
14 18
8 19
12 20
9 21
19 22
22
1 2
1 3
2 4
4 5
2 6
5 7
7 8
2 9
2 10
4 11
5 12
10 13
8 14
14 15
1 16
9 17
6 18
8 19
4 20
12 21
9 22
22
1 2
1 3
1 4
2 5
2 6
2 7
3 8
5 9
5 10
3 11
8 12
12 13
4 14
14 15
13 16
13 17
14 18
6 19
11 20
15 21
5 22
22
1 2
1 3
1 4
2 5
1 6
1 7
2 8
5 9
2 10
6 11
10 12
6 13
4 14
5 15
7 16
12 17
4 18
2 19
18 20
20 21
9 22
22
1 2
1 3
1 4
1 5
4 6
1 7
4 8
4 9
3 10
5 11
9 12
10 13
2 14
11 15
7 16
9 17
11 18
4 19
19 20
17 21
4 22
22
1 2
2 3
2 4
2 5
2 6
2 7
2 8
3 9
6 10
8 11
11 12
2 13
12 14
4 15
3 16
15 17
6 18
18 19
6 20
8 21
6 22
22
1 2
2 3
1 4
2 5
5 6
4 7
7 8
8 9
9 10
6 11
4 12
7 13
10 14
3 15
15 16
14 17
3 18
2 19
17 20
10 21
8 22
22
1 2
2 3
2 4
2 5
5 6
3 7
3 8
1 9
6 10
7 11
7 12
11 13
7 14
3 15
5 16
3 17
13 18
8 19
14 20
6 21
2 22
22
1 2
1 3
1 4
3 5
1 6
6 7
3 8
3 9
9 10
6 11
3 12
8 13
8 14
12 15
4 16
9 17
1 18
1 19
4 20
6 21
11 22
22
1 2
2 3
1 4
4 5
1 6
2 7
5 8
7 9
8 10
6 11
2 12
6 13
9 14
14 15
2 16
5 17
12 18
15 19
6 20
1 21
19 22
22
1 2
1 3
2 4
2 5
5 6
2 7
6 8
4 9
5 10
5 11
10 12
11 13
12 14
14 15
10 16
11 17
1 18
13 19
15 20
8 21
12 22
22
1 2
2 3
1 4
1 5
3 6
3 7
5 8
7 9
6 10
8 11
10 12
10 13
13 14
3 15
15 16
7 17
3 18
3 19
9 20
6 21
4 22
22
1 2
1 3
2 4
4 5
5 6
3 7
7 8
8 9
7 10
3 11
9 12
6 13
5 14
9 15
7 16
10 17
1 18
14 19
15 20
15 21
12 22
22
1 2
1 3
1 4
3 5
2 6
1 7
1 8
4 9
8 10
3 11
1 12
6 13
1 14
7 15
12 16
16 17
3 18
3 19
5 20
9 21
8 22
22
1 2
1 3
1 4
3 5
5 6
3 7
2 8
4 9
3 10
1 11
11 12
11 13
10 14
12 15
13 16
11 17
15 18
14 19
15 20
13 21
2 22
22
1 2
2 3
1 4
4 5
3 6
5 7
6 8
6 9
9 10
6 11
1 12
1 13
13 14
1 15
13 16
15 17
6 18
12 19
16 20
9 21
8 22
22
1 2
2 3
1 4
2 5
4 6
2 7
2 8
3 9
3 10
5 11
9 12
2 13
5 14
4 15
9 16
8 17
8 18
12 19
5 20
20 21
11 22
22
1 2
2 3
1 4
4 5
2 6
3 7
7 8
2 9
6 10
9 11
9 12
6 13
7 14
13 15
5 16
10 17
17 18
13 19
1 20
14 21
20 22
22
1 2
1 3
1 4
4 5
2 6
1 7
5 8
7 9
7 10
8 11
3 12
6 13
1 14
12 15
4 16
8 17
5 18
15 19
16 20
9 21
2 22
22
1 2
1 3
2 4
2 5
1 6
5 7
4 8
6 9
6 10
7 11
4 12
5 13
11 14
1 15
13 16
9 17
7 18
5 19
12 20
3 21
3 22
22
1 2
1 3
1 4
2 5
4 6
6 7
7 8
3 9
6 10
10 11
7 12
10 13
11 14
9 15
15 16
15 17
2 18
11 19
5 20
10 21
19 22
22
1 2
2 3
2 4
2 5
1 6
1 7
7 8
6 9
5 10
8 11
5 12
5 13
4 14
9 15
4 16
3 17
6 18
16 19
5 20
11 21
10 22
22
1 2
1 3
1 4
2 5
2 6
6 7
3 8
3 9
6 10
1 11
1 12
10 13
11 14
12 15
8 16
3 17
10 18
15 19
14 20
10 21
18 22
22
1 2
2 3
1 4
3 5
1 6
4 7
1 8
6 9
3 10
6 11
5 12
5 13
11 14
2 15
8 16
9 17
6 18
14 19
7 20
19 21
9 22
22
1 2
2 3
3 4
2 5
5 6
4 7
7 8
1 9
8 10
7 11
5 12
8 13
11 14
7 15
15 16
5 17
11 18
14 19
6 20
19 21
14 22
22
1 2
1 3
3 4
2 5
1 6
3 7
6 8
3 9
7 10
2 11
2 12
12 13
6 14
10 15
6 16
8 17
4 18
17 19
7 20
7 21
19 22
22
1 2
1 3
2 4
3 5
2 6
5 7
5 8
4 9
7 10
6 11
9 12
12 13
9 14
14 15
15 16
11 17
11 18
2 19
10 20
6 21
12 22
22
1 2
2 3
1 4
3 5
4 6
1 7
4 8
8 9
5 10
7 11
3 12
4 13
2 14
1 15
2 16
1 17
8 18
10 19
4 20
5 21
7 22
22
1 2
2 3
2 4
4 5
4 6
5 7
6 8
1 9
8 10
10 11
5 12
8 13
4 14
4 15
9 16
15 17
10 18
8 19
4 20
14 21
7 22
22
1 2
2 3
1 4
4 5
1 6
6 7
2 8
2 9
2 10
3 11
7 12
12 13
4 14
1 15
9 16
2 17
11 18
11 19
9 20
2 21
7 22
22
1 2
1 3
2 4
4 5
1 6
1 7
1 8
2 9
6 10
7 11
6 12
6 13
3 14
3 15
6 16
14 17
17 18
14 19
8 20
2 21
18 22
22
1 2
2 3
1 4
1 5
4 6
6 7
7 8
6 9
9 10
7 11
4 12
5 13
8 14
8 15
12 16
14 17
9 18
3 19
7 20
11 21
8 22
22
1 2
1 3
3 4
1 5
1 6
4 7
5 8
1 9
5 10
2 11
7 12
11 13
7 14
11 15
5 16
4 17
17 18
9 19
1 20
4 21
8 22
22
1 2
2 3
3 4
1 5
5 6
6 7
2 8
6 9
2 10
6 11
3 12
12 13
5 14
8 15
7 16
10 17
14 18
2 19
11 20
1 21
18 22
22
1 2
1 3
1 4
2 5
3 6
4 7
1 8
2 9
8 10
4 11
7 12
1 13
11 14
6 15
11 16
4 17
5 18
1 19
19 20
7 21
13 22
22
1 2
2 3
3 4
1 5
1 6
1 7
3 8
1 9
6 10
4 11
11 12
2 13
9 14
12 15
14 16
4 17
2 18
8 19
6 20
17 21
12 22
22
1 2
2 3
3 4
4 5
4 6
5 7
4 8
2 9
2 10
8 11
6 12
10 13
2 14
12 15
7 16
12 17
7 18
4 19
11 20
11 21
15 22
22
1 2
1 3
1 4
1 5
5 6
5 7
7 8
3 9
8 10
2 11
6 12
10 13
5 14
10 15
12 16
8 17
16 18
9 19
19 20
2 21
1 22
22
1 2
1 3
1 4
1 5
2 6
4 7
5 8
7 9
2 10
7 11
11 12
5 13
11 14
6 15
14 16
16 17
9 18
3 19
15 20
1 21
1 22
22
1 2
2 3
3 4
4 5
5 6
4 7
4 8
7 9
7 10
3 11
3 12
12 13
10 14
2 15
3 16
6 17
14 18
2 19
10 20
17 21
21 22
22
1 2
1 3
3 4
2 5
1 6
3 7
5 8
2 9
6 10
3 11
2 12
1 13
13 14
7 15
14 16
1 17
7 18
14 19
13 20
18 21
3 22
22
1 2
1 3
2 4
3 5
2 6
4 7
1 8
2 9
2 10
3 11
5 12
8 13
2 14
2 15
11 16
5 17
10 18
2 19
8 20
3 21
6 22
22
1 2
1 3
2 4
1 5
3 6
6 7
4 8
2 9
2 10
6 11
6 12
1 13
2 14
14 15
12 16
15 17
17 18
10 19
19 20
9 21
8 22
22
1 2
1 3
2 4
4 5
3 6
6 7
4 8
4 9
4 10
6 11
3 12
3 13
12 14
1 15
14 16
10 17
6 18
8 19
8 20
12 21
15 22
22
1 2
2 3
3 4
4 5
2 6
2 7
1 8
3 9
5 10
4 11
6 12
6 13
7 14
2 15
4 16
9 17
3 18
7 19
19 20
16 21
15 22
22
1 2
1 3
3 4
4 5
4 6
3 7
7 8
5 9
3 10
4 11
3 12
5 13
11 14
6 15
12 16
16 17
17 18
15 19
6 20
12 21
6 22
22
1 2
1 3
2 4
1 5
5 6
6 7
3 8
5 9
4 10
2 11
5 12
9 13
12 14
8 15
4 16
2 17
11 18
7 19
19 20
15 21
10 22
22
1 2
2 3
1 4
4 5
3 6
3 7
3 8
7 9
9 10
10 11
6 12
10 13
12 14
13 15
1 16
6 17
16 18
8 19
7 20
18 21
6 22
22
1 2
2 3
2 4
2 5
1 6
5 7
2 8
8 9
5 10
3 11
2 12
12 13
7 14
1 15
10 16
8 17
15 18
5 19
9 20
17 21
13 22
22
1 2
1 3
1 4
4 5
3 6
4 7
4 8
5 9
8 10
6 11
6 12
5 13
8 14
2 15
5 16
7 17
6 18
16 19
19 20
16 21
1 22
22
1 2
1 3
2 4
1 5
5 6
1 7
6 8
7 9
4 10
7 11
3 12
3 13
3 14
11 15
6 16
1 17
12 18
1 19
7 20
5 21
17 22
22
1 2
1 3
3 4
1 5
2 6
5 7
3 8
5 9
3 10
5 11
11 12
9 13
8 14
7 15
14 16
14 17
2 18
7 19
18 20
10 21
15 22
22
1 2
1 3
3 4
3 5
4 6
4 7
3 8
2 9
3 10
5 11
8 12
5 13
9 14
3 15
1 16
8 17
5 18
8 19
3 20
12 21
4 22
22
1 2
1 3
1 4
4 5
2 6
6 7
5 8
3 9
3 10
6 11
11 12
12 13
3 14
6 15
3 16
7 17
5 18
17 19
12 20
19 21
2 22
22
1 2
1 3
3 4
2 5
5 6
5 7
4 8
2 9
3 10
7 11
2 12
6 13
7 14
7 15
7 16
4 17
17 18
9 19
9 20
16 21
5 22
22
1 2
2 3
3 4
3 5
2 6
5 7
1 8
3 9
7 10
6 11
6 12
8 13
4 14
9 15
3 16
9 17
10 18
9 19
14 20
13 21
18 22
22
1 2
1 3
2 4
4 5
3 6
6 7
5 8
6 9
1 10
10 11
3 12
1 13
4 14
10 15
13 16
13 17
16 18
15 19
11 20
13 21
9 22
22
1 2
2 3
2 4
3 5
3 6
3 7
1 8
6 9
5 10
6 11
7 12
9 13
7 14
6 15
4 16
13 17
14 18
4 19
2 20
16 21
21 22
22
1 2
1 3
2 4
2 5
5 6
5 7
7 8
3 9
8 10
8 11
2 12
2 13
7 14
5 15
1 16
8 17
5 18
7 19
11 20
9 21
5 22
22
1 2
2 3
3 4
4 5
5 6
3 7
7 8
8 9
3 10
5 11
6 12
1 13
3 14
10 15
9 16
12 17
16 18
3 19
5 20
11 21
19 22
22
1 2
1 3
2 4
1 5
3 6
6 7
7 8
8 9
2 10
3 11
9 12
8 13
12 14
9 15
6 16
12 17
9 18
15 19
10 20
3 21
4 22
22
1 2
2 3
3 4
4 5
4 6
2 7
5 8
2 9
6 10
1 11
1 12
5 13
6 14
13 15
9 16
4 17
14 18
18 19
8 20
8 21
19 22
22
1 2
2 3
1 4
3 5
2 6
1 7
4 8
6 9
4 10
2 11
11 12
4 13
13 14
10 15
11 16
13 17
15 18
15 19
11 20
6 21
11 22
22
1 2
2 3
2 4
2 5
1 6
2 7
3 8
2 9
5 10
1 11
11 12
8 13
2 14
13 15
4 16
3 17
10 18
2 19
13 20
5 21
8 22
22
1 2
1 3
1 4
3 5
4 6
4 7
6 8
4 9
6 10
10 11
7 12
4 13
11 14
7 15
8 16
8 17
15 18
11 19
6 20
2 21
12 22
22
1 2
1 3
3 4
4 5
4 6
5 7
5 8
2 9
8 10
6 11
4 12
12 13
4 14
6 15
12 16
11 17
15 18
13 19
6 20
13 21
15 22
22
1 2
1 3
1 4
3 5
5 6
5 7
1 8
8 9
7 10
7 11
11 12
3 13
1 14
9 15
9 16
4 17
11 18
6 19
10 20
10 21
10 22
22
1 2
2 3
2 4
1 5
4 6
3 7
1 8
3 9
2 10
9 11
4 12
4 13
11 14
1 15
11 16
14 17
15 18
1 19
13 20
9 21
2 22
22
1 2
2 3
1 4
1 5
2 6
2 7
7 8
5 9
2 10
4 11
6 12
7 13
6 14
6 15
10 16
5 17
7 18
4 19
15 20
7 21
14 22
22
1 2
1 3
3 4
3 5
4 6
4 7
4 8
4 9
8 10
2 11
4 12
7 13
6 14
13 15
9 16
6 17
10 18
12 19
10 20
8 21
16 22
22
1 2
2 3
3 4
3 5
1 6
3 7
2 8
4 9
2 10
2 11
2 12
11 13
6 14
5 15
10 16
11 17
7 18
14 19
12 20
3 21
4 22
22
1 2
2 3
2 4
4 5
4 6
5 7
5 8
7 9
5 10
3 11
2 12
8 13
4 14
6 15
4 16
8 17
13 18
3 19
2 20
5 21
6 22
22
1 2
1 3
2 4
2 5
3 6
4 7
6 8
7 9
7 10
5 11
2 12
11 13
1 14
10 15
13 16
4 17
4 18
8 19
10 20
7 21
17 22
22
1 2
1 3
2 4
4 5
2 6
4 7
1 8
3 9
5 10
7 11
7 12
5 13
6 14
11 15
5 16
11 17
1 18
3 19
5 20
18 21
8 22
22
1 2
2 3
3 4
4 5
1 6
6 7
6 8
7 9
2 10
1 11
4 12
2 13
7 14
6 15
2 16
6 17
9 18
1 19
14 20
16 21
19 22
22
1 2
2 3
3 4
2 5
4 6
4 7
5 8
5 9
9 10
1 11
4 12
1 13
10 14
3 15
14 16
12 17
15 18
3 19
16 20
13 21
20 22
22
1 2
2 3
3 4
2 5
3 6
5 7
4 8
6 9
5 10
3 11
9 12
9 13
11 14
3 15
13 16
7 17
15 18
10 19
9 20
17 21
6 22
22
1 2
2 3
3 4
4 5
1 6
4 7
4 8
8 9
7 10
1 11
4 12
12 13
13 14
6 15
7 16
8 17
3 18
11 19
15 20
10 21
1 22
22
1 2
2 3
1 4
3 5
4 6
5 7
7 8
4 9
2 10
3 11
9 12
9 13
11 14
1 15
11 16
6 17
3 18
14 19
7 20
16 21
16 22
22
1 2
2 3
3 4
2 5
3 6
1 7
3 8
2 9
7 10
10 11
9 12
3 13
2 14
12 15
7 16
5 17
6 18
2 19
1 20
12 21
6 22
22
1 2
2 3
2 4
4 5
4 6
5 7
5 8
1 9
6 10
3 11
1 12
11 13
4 14
1 15
6 16
3 17
12 18
11 19
17 20
13 21
2 22
22
1 2
1 3
1 4
1 5
2 6
2 7
1 8
7 9
3 10
6 11
11 12
1 13
7 14
1 15
10 16
16 17
17 18
3 19
17 20
16 21
6 22
22
1 2
1 3
3 4
4 5
2 6
3 7
7 8
2 9
1 10
4 11
7 12
1 13
5 14
6 15
13 16
15 17
10 18
1 19
15 20
18 21
18 22
22
1 2
1 3
3 4
2 5
1 6
5 7
5 8
5 9
1 10
7 11
9 12
8 13
13 14
2 15
8 16
14 17
12 18
15 19
13 20
15 21
17 22
22
1 2
2 3
2 4
2 5
3 6
5 7
5 8
5 9
6 10
7 11
3 12
11 13
2 14
5 15
14 16
15 17
7 18
16 19
17 20
7 21
13 22
22
1 2
1 3
3 4
3 5
5 6
4 7
3 8
8 9
7 10
2 11
10 12
2 13
1 14
14 15
8 16
8 17
14 18
6 19
1 20
5 21
17 22
22
1 2
1 3
2 4
2 5
4 6
1 7
7 8
5 9
1 10
1 11
5 12
9 13
7 14
5 15
9 16
15 17
2 18
13 19
14 20
9 21
21 22
22
1 2
1 3
3 4
4 5
3 6
6 7
7 8
2 9
6 10
6 11
11 12
6 13
10 14
13 15
15 16
9 17
1 18
4 19
3 20
15 21
18 22
22
1 2
2 3
1 4
1 5
4 6
6 7
7 8
8 9
9 10
10 11
5 12
11 13
9 14
7 15
7 16
3 17
5 18
14 19
12 20
3 21
4 22
22
1 2
2 3
1 4
1 5
2 6
1 7
2 8
7 9
8 10
5 11
4 12
12 13
3 14
2 15
7 16
13 17
11 18
18 19
5 20
15 21
2 22
22
1 2
1 3
2 4
1 5
5 6
1 7
4 8
4 9
5 10
10 11
5 12
1 13
1 14
4 15
4 16
12 17
16 18
10 19
7 20
9 21
17 22
22
1 2
2 3
3 4
4 5
4 6
6 7
3 8
8 9
2 10
1 11
7 12
8 13
1 14
1 15
12 16
4 17
4 18
8 19
2 20
17 21
10 22
22
1 2
1 3
3 4
1 5
2 6
6 7
3 8
6 9
3 10
10 11
11 12
5 13
2 14
2 15
1 16
2 17
15 18
16 19
18 20
2 21
15 22
22
1 2
2 3
1 4
2 5
5 6
6 7
7 8
4 9
2 10
8 11
9 12
4 13
10 14
9 15
13 16
5 17
5 18
2 19
5 20
20 21
9 22
22
1 2
2 3
2 4
2 5
2 6
4 7
7 8
8 9
7 10
7 11
10 12
12 13
9 14
2 15
10 16
4 17
3 18
13 19
7 20
6 21
6 22
22
1 2
1 3
3 4
3 5
2 6
6 7
4 8
1 9
9 10
6 11
1 12
2 13
9 14
14 15
5 16
11 17
1 18
10 19
10 20
19 21
14 22
22
1 2
2 3
1 4
4 5
1 6
1 7
2 8
1 9
9 10
4 11
8 12
11 13
12 14
11 15
13 16
8 17
7 18
16 19
10 20
11 21
4 22
22
1 2
2 3
1 4
2 5
1 6
4 7
7 8
8 9
6 10
5 11
8 12
6 13
13 14
4 15
13 16
8 17
6 18
1 19
7 20
8 21
3 22
22
1 2
2 3
2 4
1 5
4 6
1 7
2 8
1 9
6 10
4 11
2 12
4 13
13 14
13 15
11 16
9 17
17 18
11 19
1 20
6 21
21 22
22
1 2
1 3
1 4
1 5
4 6
4 7
1 8
1 9
7 10
9 11
4 12
2 13
6 14
6 15
7 16
1 17
8 18
5 19
17 20
15 21
3 22
22
1 2
1 3
3 4
1 5
1 6
6 7
2 8
6 9
6 10
2 11
10 12
10 13
5 14
1 15
3 16
16 17
10 18
6 19
9 20
14 21
21 22
22
1 2
1 3
3 4
2 5
2 6
2 7
2 8
6 9
6 10
1 11
11 12
10 13
1 14
9 15
3 16
8 17
3 18
9 19
17 20
13 21
14 22
22
1 2
2 3
2 4
1 5
5 6
3 7
1 8
7 9
4 10
3 11
6 12
1 13
6 14
1 15
8 16
15 17
14 18
16 19
16 20
3 21
21 22
22
1 2
1 3
3 4
1 5
4 6
1 7
7 8
8 9
8 10
4 11
6 12
3 13
13 14
13 15
12 16
10 17
1 18
4 19
5 20
17 21
20 22
22
1 2
1 3
1 4
1 5
5 6
5 7
6 8
1 9
5 10
3 11
3 12
8 13
10 14
12 15
5 16
7 17
14 18
9 19
10 20
8 21
4 22
22
1 2
1 3
3 4
4 5
2 6
5 7
2 8
3 9
1 10
1 11
9 12
11 13
13 14
9 15
10 16
4 17
4 18
7 19
9 20
12 21
20 22
22
1 2
2 3
1 4
1 5
2 6
6 7
7 8
6 9
7 10
6 11
6 12
10 13
5 14
3 15
4 16
13 17
6 18
15 19
17 20
15 21
3 22
22
1 2
1 3
1 4
2 5
3 6
5 7
1 8
4 9
2 10
6 11
3 12
1 13
12 14
4 15
7 16
10 17
1 18
12 19
15 20
12 21
3 22
22
1 2
1 3
3 4
1 5
2 6
1 7
3 8
5 9
3 10
6 11
11 12
12 13
13 14
8 15
12 16
3 17
16 18
12 19
15 20
2 21
6 22
22
1 2
2 3
1 4
4 5
3 6
4 7
2 8
7 9
9 10
1 11
5 12
3 13
13 14
4 15
15 16
10 17
6 18
14 19
2 20
15 21
15 22
22
1 2
2 3
3 4
3 5
3 6
5 7
3 8
2 9
9 10
9 11
4 12
10 13
7 14
11 15
9 16
8 17
4 18
18 19
12 20
4 21
19 22
22
1 2
2 3
2 4
4 5
1 6
5 7
7 8
3 9
1 10
8 11
9 12
3 13
3 14
2 15
7 16
1 17
11 18
4 19
15 20
1 21
3 22
22
1 2
2 3
1 4
3 5
5 6
6 7
6 8
6 9
1 10
6 11
5 12
12 13
8 14
7 15
6 16
13 17
14 18
4 19
13 20
6 21
20 22
22
1 2
2 3
2 4
2 5
1 6
1 7
1 8
6 9
2 10
5 11
11 12
6 13
1 14
13 15
2 16
13 17
12 18
3 19
3 20
12 21
5 22
22
1 2
2 3
3 4
1 5
1 6
5 7
6 8
8 9
8 10
5 11
1 12
9 13
5 14
11 15
5 16
7 17
10 18
16 19
18 20
19 21
20 22
22
1 2
2 3
3 4
2 5
1 6
5 7
2 8
7 9
3 10
6 11
8 12
11 13
11 14
6 15
14 16
9 17
8 18
18 19
2 20
17 21
16 22
22
1 2
2 3
1 4
1 5
5 6
5 7
1 8
1 9
8 10
9 11
9 12
10 13
2 14
4 15
5 16
7 17
12 18
3 19
11 20
14 21
1 22
22
1 2
2 3
2 4
4 5
4 6
5 7
4 8
7 9
9 10
10 11
4 12
4 13
3 14
1 15
9 16
10 17
17 18
16 19
19 20
3 21
5 22
22
1 2
1 3
3 4
3 5
1 6
4 7
6 8
8 9
4 10
4 11
8 12
9 13
5 14
11 15
4 16
3 17
10 18
2 19
5 20
16 21
3 22
22
1 2
2 3
2 4
4 5
4 6
5 7
7 8
7 9
7 10
3 11
2 12
8 13
12 14
8 15
5 16
12 17
7 18
13 19
19 20
6 21
1 22
22
1 2
1 3
3 4
1 5
1 6
1 7
4 8
2 9
5 10
4 11
3 12
3 13
8 14
8 15
15 16
16 17
9 18
5 19
17 20
19 21
1 22
22
1 2
2 3
1 4
3 5
2 6
1 7
3 8
6 9
4 10
6 11
9 12
1 13
6 14
14 15
6 16
11 17
7 18
10 19
3 20
5 21
11 22
22
1 2
2 3
2 4
2 5
3 6
5 7
1 8
3 9
9 10
5 11
2 12
10 13
8 14
14 15
10 16
6 17
9 18
4 19
19 20
6 21
18 22
22
1 2
2 3
2 4
3 5
4 6
3 7
1 8
6 9
7 10
8 11
8 12
6 13
9 14
14 15
3 16
10 17
11 18
9 19
6 20
2 21
15 22
22
1 2
1 3
1 4
3 5
5 6
1 7
2 8
5 9
1 10
4 11
1 12
3 13
3 14
5 15
4 16
7 17
16 18
14 19
3 20
16 21
2 22
22
1 2
2 3
3 4
1 5
1 6
5 7
3 8
5 9
1 10
6 11
6 12
2 13
2 14
10 15
15 16
6 17
12 18
1 19
19 20
14 21
15 22
22
1 2
2 3
2 4
2 5
1 6
5 7
5 8
3 9
4 10
8 11
11 12
10 13
3 14
5 15
14 16
10 17
12 18
8 19
3 20
5 21
7 22
22
1 2
2 3
3 4
3 5
3 6
6 7
7 8
6 9
5 10
3 11
1 12
3 13
1 14
11 15
8 16
12 17
4 18
6 19
3 20
20 21
16 22
22
1 2
2 3
2 4
4 5
2 6
4 7
7 8
2 9
5 10
8 11
9 12
10 13
10 14
8 15
7 16
16 17
12 18
12 19
6 20
11 21
1 22
22
1 2
2 3
2 4
3 5
2 6
1 7
6 8
5 9
6 10
8 11
5 12
5 13
11 14
8 15
15 16
15 17
16 18
13 19
3 20
10 21
15 22
22
1 2
1 3
3 4
4 5
4 6
4 7
7 8
7 9
2 10
2 11
1 12
8 13
7 14
3 15
8 16
6 17
12 18
16 19
17 20
2 21
8 22
22
1 2
2 3
3 4
3 5
2 6
3 7
5 8
8 9
1 10
7 11
8 12
8 13
12 14
7 15
1 16
1 17
5 18
1 19
6 20
4 21
7 22
22
1 2
2 3
3 4
2 5
2 6
4 7
4 8
7 9
4 10
3 11
3 12
7 13
9 14
14 15
12 16
11 17
13 18
12 19
7 20
5 21
19 22
22
1 2
1 3
1 4
1 5
5 6
2 7
6 8
7 9
7 10
4 11
11 12
12 13
6 14
9 15
8 16
9 17
4 18
3 19
19 20
20 21
21 22
22
1 2
1 3
3 4
1 5
2 6
6 7
1 8
4 9
4 10
7 11
5 12
6 13
6 14
5 15
5 16
5 17
6 18
3 19
6 20
3 21
5 22
22
1 2
2 3
1 4
3 5
3 6
2 7
3 8
3 9
9 10
4 11
7 12
3 13
2 14
2 15
14 16
12 17
2 18
8 19
7 20
12 21
2 22
22
1 2
1 3
3 4
1 5
5 6
4 7
4 8
6 9
9 10
5 11
9 12
9 13
1 14
10 15
12 16
14 17
16 18
18 19
14 20
7 21
4 22
22
1 2
2 3
2 4
2 5
4 6
2 7
6 8
7 9
1 10
10 11
5 12
4 13
12 14
10 15
2 16
13 17
2 18
13 19
10 20
1 21
8 22
22
1 2
2 3
2 4
4 5
3 6
4 7
4 8
4 9
2 10
6 11
3 12
1 13
13 14
11 15
1 16
6 17
1 18
17 19
17 20
13 21
10 22
22
1 2
2 3
1 4
3 5
1 6
4 7
6 8
2 9
3 10
4 11
4 12
4 13
12 14
5 15
9 16
10 17
9 18
15 19
7 20
16 21
4 22
22
1 2
1 3
3 4
2 5
5 6
2 7
4 8
6 9
7 10
4 11
5 12
12 13
3 14
9 15
3 16
14 17
7 18
16 19
13 20
2 21
21 22
22
1 2
1 3
2 4
1 5
5 6
5 7
3 8
3 9
8 10
6 11
4 12
9 13
2 14
3 15
15 16
8 17
13 18
13 19
1 20
12 21
6 22
22
1 2
1 3
2 4
1 5
3 6
5 7
7 8
8 9
5 10
5 11
2 12
5 13
3 14
14 15
6 16
10 17
11 18
5 19
4 20
4 21
14 22
22
1 2
2 3
1 4
2 5
4 6
3 7
2 8
2 9
2 10
2 11
4 12
1 13
2 14
7 15
11 16
1 17
13 18
18 19
4 20
7 21
14 22
22
1 2
2 3
2 4
3 5
5 6
5 7
7 8
5 9
3 10
4 11
8 12
4 13
5 14
2 15
13 16
3 17
16 18
15 19
9 20
9 21
3 22
22
1 2
2 3
1 4
4 5
2 6
1 7
7 8
6 9
9 10
9 11
10 12
4 13
5 14
3 15
12 16
9 17
6 18
17 19
19 20
1 21
16 22
22
1 2
1 3
2 4
4 5
5 6
4 7
6 8
7 9
5 10
7 11
9 12
10 13
5 14
11 15
14 16
5 17
12 18
14 19
18 20
15 21
21 22
22
1 2
1 3
3 4
4 5
4 6
1 7
6 8
3 9
2 10
10 11
10 12
3 13
7 14
5 15
15 16
15 17
11 18
11 19
3 20
13 21
2 22
22
1 2
2 3
3 4
3 5
2 6
2 7
3 8
1 9
9 10
1 11
1 12
11 13
4 14
4 15
2 16
13 17
17 18
14 19
18 20
12 21
9 22
22
1 2
2 3
3 4
2 5
4 6
2 7
7 8
6 9
3 10
10 11
2 12
4 13
9 14
10 15
14 16
16 17
1 18
16 19
4 20
1 21
4 22
22
1 2
2 3
2 4
3 5
2 6
1 7
1 8
3 9
1 10
9 11
11 12
7 13
2 14
1 15
11 16
3 17
5 18
14 19
2 20
3 21
1 22
22
1 2
1 3
1 4
1 5
2 6
2 7
1 8
6 9
7 10
2 11
11 12
3 13
3 14
7 15
4 16
14 17
12 18
16 19
5 20
8 21
12 22
22
1 2
1 3
1 4
1 5
2 6
1 7
2 8
5 9
8 10
1 11
8 12
12 13
10 14
8 15
3 16
4 17
4 18
13 19
8 20
11 21
12 22
22
1 2
2 3
2 4
2 5
5 6
5 7
1 8
3 9
2 10
9 11
1 12
12 13
6 14
5 15
1 16
4 17
15 18
15 19
8 20
10 21
4 22
22
1 2
2 3
1 4
4 5
4 6
3 7
5 8
1 9
6 10
9 11
7 12
6 13
6 14
4 15
8 16
9 17
17 18
17 19
2 20
20 21
10 22
22
1 2
2 3
2 4
1 5
2 6
1 7
5 8
4 9
6 10
1 11
9 12
2 13
5 14
13 15
14 16
11 17
3 18
17 19
3 20
4 21
17 22
22
1 2
2 3
1 4
3 5
2 6
1 7
5 8
5 9
4 10
10 11
3 12
8 13
4 14
11 15
11 16
7 17
12 18
7 19
9 20
7 21
6 22
22
1 2
1 3
3 4
4 5
1 6
4 7
1 8
5 9
5 10
1 11
5 12
8 13
9 14
8 15
8 16
11 17
16 18
12 19
12 20
12 21
7 22
22
1 2
2 3
1 4
2 5
3 6
4 7
7 8
1 9
6 10
4 11
7 12
9 13
5 14
10 15
11 16
1 17
9 18
8 19
13 20
19 21
15 22
22
1 2
2 3
1 4
2 5
4 6
5 7
4 8
3 9
3 10
1 11
3 12
12 13
3 14
3 15
12 16
12 17
11 18
3 19
4 20
19 21
8 22
22
1 2
2 3
1 4
1 5
2 6
1 7
2 8
2 9
2 10
6 11
2 12
2 13
11 14
2 15
6 16
15 17
12 18
1 19
18 20
6 21
4 22
22
1 2
1 3
2 4
2 5
2 6
4 7
6 8
7 9
2 10
8 11
9 12
3 13
5 14
1 15
13 16
4 17
14 18
6 19
3 20
19 21
13 22
22
1 2
1 3
2 4
3 5
4 6
1 7
1 8
7 9
9 10
1 11
4 12
10 13
2 14
13 15
6 16
16 17
11 18
17 19
13 20
10 21
14 22
22
1 2
2 3
2 4
4 5
4 6
3 7
5 8
6 9
6 10
3 11
5 12
11 13
8 14
4 15
1 16
3 17
5 18
15 19
5 20
6 21
20 22
22
1 2
1 3
1 4
3 5
4 6
1 7
7 8
4 9
3 10
1 11
11 12
6 13
3 14
10 15
11 16
6 17
4 18
15 19
4 20
7 21
9 22
22
1 2
1 3
2 4
2 5
3 6
2 7
3 8
1 9
2 10
4 11
1 12
8 13
9 14
6 15
2 16
2 17
1 18
7 19
12 20
17 21
4 22
22
1 2
2 3
1 4
4 5
1 6
4 7
5 8
1 9
2 10
7 11
5 12
5 13
5 14
3 15
12 16
8 17
5 18
13 19
6 20
1 21
7 22
22
1 2
1 3
1 4
3 5
5 6
6 7
5 8
3 9
2 10
4 11
8 12
12 13
12 14
11 15
7 16
3 17
4 18
6 19
9 20
20 21
1 22
22
1 2
2 3
3 4
1 5
5 6
2 7
1 8
6 9
4 10
8 11
2 12
5 13
3 14
8 15
2 16
9 17
16 18
16 19
3 20
11 21
8 22
22
1 2
1 3
2 4
2 5
2 6
4 7
1 8
1 9
2 10
8 11
5 12
3 13
7 14
13 15
13 16
11 17
8 18
12 19
17 20
3 21
15 22
22
1 2
2 3
1 4
1 5
4 6
4 7
4 8
5 9
6 10
8 11
4 12
11 13
4 14
4 15
13 16
16 17
3 18
7 19
11 20
5 21
14 22
22
1 2
2 3
3 4
3 5
4 6
3 7
1 8
6 9
1 10
1 11
11 12
5 13
10 14
8 15
3 16
8 17
1 18
16 19
16 20
17 21
20 22
22
1 2
2 3
3 4
1 5
3 6
3 7
5 8
5 9
2 10
3 11
2 12
9 13
8 14
4 15
8 16
10 17
9 18
17 19
9 20
15 21
21 22
22
1 2
2 3
1 4
3 5
5 6
3 7
1 8
1 9
6 10
8 11
6 12
3 13
10 14
3 15
9 16
5 17
14 18
14 19
1 20
9 21
1 22
22
1 2
2 3
2 4
4 5
1 6
3 7
2 8
8 9
1 10
8 11
3 12
7 13
1 14
5 15
6 16
15 17
4 18
18 19
12 20
6 21
20 22
22
1 2
2 3
3 4
3 5
5 6
4 7
1 8
4 9
2 10
6 11
10 12
8 13
2 14
7 15
13 16
9 17
16 18
10 19
2 20
18 21
11 22
22
1 2
1 3
3 4
2 5
3 6
1 7
7 8
2 9
4 10
6 11
4 12
6 13
10 14
9 15
13 16
15 17
5 18
2 19
13 20
14 21
5 22
22
1 2
1 3
1 4
2 5
5 6
3 7
6 8
2 9
7 10
3 11
6 12
6 13
12 14
11 15
7 16
11 17
16 18
2 19
9 20
16 21
18 22
22
1 2
2 3
2 4
1 5
3 6
5 7
7 8
6 9
4 10
7 11
8 12
9 13
10 14
5 15
4 16
3 17
12 18
18 19
5 20
18 21
12 22
22
1 2
2 3
1 4
3 5
4 6
1 7
7 8
2 9
6 10
6 11
10 12
3 13
2 14
3 15
15 16
9 17
5 18
16 19
9 20
17 21
11 22
22
1 2
1 3
2 4
3 5
5 6
3 7
3 8
3 9
7 10
5 11
2 12
12 13
3 14
7 15
2 16
5 17
13 18
15 19
17 20
19 21
1 22
22
1 2
1 3
3 4
2 5
1 6
1 7
3 8
5 9
1 10
3 11
8 12
9 13
5 14
14 15
3 16
4 17
2 18
15 19
16 20
15 21
10 22
22
1 2
1 3
2 4
4 5
3 6
3 7
4 8
3 9
7 10
7 11
10 12
10 13
13 14
9 15
12 16
13 17
12 18
15 19
14 20
6 21
14 22
22
1 2
2 3
2 4
2 5
2 6
5 7
2 8
4 9
9 10
7 11
2 12
1 13
3 14
4 15
7 16
13 17
7 18
14 19
17 20
12 21
1 22
22
1 2
1 3
3 4
3 5
3 6
4 7
6 8
4 9
1 10
2 11
7 12
11 13
10 14
2 15
1 16
6 17
17 18
15 19
6 20
19 21
13 22
22
1 2
2 3
3 4
4 5
2 6
5 7
5 8
7 9
8 10
10 11
2 12
2 13
4 14
13 15
13 16
14 17
6 18
7 19
4 20
20 21
14 22
22
1 2
2 3
2 4
2 5
2 6
6 7
2 8
5 9
7 10
7 11
11 12
3 13
10 14
6 15
8 16
5 17
11 18
4 19
9 20
19 21
7 22
22
1 2
2 3
3 4
2 5
2 6
1 7
4 8
4 9
9 10
8 11
1 12
2 13
12 14
6 15
3 16
11 17
1 18
7 19
19 20
3 21
19 22
22
1 2
1 3
2 4
2 5
2 6
1 7
5 8
1 9
1 10
7 11
9 12
8 13
6 14
1 15
3 16
5 17
1 18
13 19
12 20
13 21
19 22
22
1 2
1 3
2 4
4 5
1 6
3 7
3 8
7 9
5 10
2 11
2 12
8 13
2 14
13 15
8 16
6 17
4 18
18 19
10 20
17 21
4 22
22
1 2
2 3
2 4
3 5
5 6
5 7
4 8
4 9
2 10
10 11
5 12
10 13
4 14
5 15
6 16
7 17
10 18
5 19
19 20
9 21
21 22
22
1 2
1 3
3 4
1 5
4 6
6 7
7 8
1 9
8 10
7 11
2 12
12 13
5 14
7 15
12 16
4 17
11 18
12 19
2 20
4 21
3 22
22
1 2
2 3
3 4
3 5
2 6
6 7
4 8
7 9
9 10
4 11
2 12
7 13
11 14
1 15
8 16
3 17
8 18
15 19
4 20
1 21
12 22
22
1 2
1 3
3 4
1 5
4 6
6 7
5 8
2 9
4 10
8 11
1 12
4 13
9 14
11 15
1 16
7 17
12 18
5 19
11 20
14 21
9 22
22
1 2
2 3
3 4
4 5
3 6
5 7
2 8
4 9
2 10
9 11
4 12
3 13
8 14
10 15
5 16
8 17
5 18
14 19
14 20
5 21
6 22
22
1 2
1 3
3 4
4 5
3 6
6 7
2 8
5 9
9 10
1 11
8 12
3 13
3 14
8 15
5 16
3 17
9 18
5 19
18 20
19 21
21 22
22
1 2
2 3
3 4
1 5
3 6
6 7
1 8
8 9
6 10
4 11
1 12
3 13
11 14
4 15
10 16
10 17
7 18
16 19
10 20
14 21
15 22
22
1 2
2 3
1 4
3 5
4 6
2 7
1 8
1 9
1 10
8 11
11 12
2 13
6 14
8 15
3 16
4 17
15 18
18 19
4 20
14 21
12 22
22
1 2
2 3
1 4
3 5
5 6
3 7
7 8
1 9
3 10
10 11
2 12
5 13
9 14
9 15
3 16
1 17
11 18
11 19
8 20
3 21
19 22
22
1 2
1 3
1 4
3 5
3 6
3 7
1 8
8 9
9 10
5 11
2 12
11 13
4 14
5 15
2 16
7 17
2 18
14 19
9 20
1 21
13 22
22
1 2
2 3
2 4
1 5
4 6
3 7
5 8
1 9
6 10
9 11
10 12
9 13
3 14
14 15
9 16
6 17
8 18
11 19
5 20
5 21
7 22
22
1 2
2 3
3 4
1 5
5 6
5 7
4 8
6 9
8 10
10 11
1 12
1 13
8 14
5 15
1 16
1 17
4 18
9 19
14 20
18 21
10 22
22
1 2
1 3
1 4
4 5
4 6
3 7
7 8
8 9
1 10
3 11
8 12
1 13
6 14
2 15
10 16
4 17
13 18
13 19
16 20
3 21
1 22
22
1 2
2 3
2 4
4 5
3 6
3 7
3 8
5 9
2 10
6 11
8 12
5 13
12 14
14 15
6 16
12 17
13 18
1 19
1 20
9 21
16 22
22
1 2
2 3
2 4
4 5
5 6
6 7
2 8
8 9
7 10
1 11
11 12
3 13
6 14
2 15
15 16
9 17
15 18
4 19
3 20
13 21
9 22
22
1 2
1 3
3 4
2 5
3 6
5 7
2 8
8 9
4 10
9 11
1 12
3 13
10 14
10 15
10 16
10 17
4 18
2 19
15 20
8 21
16 22
22
1 2
1 3
1 4
2 5
3 6
1 7
2 8
4 9
7 10
3 11
1 12
11 13
8 14
5 15
1 16
14 17
12 18
14 19
17 20
3 21
10 22
22
1 2
1 3
1 4
3 5
5 6
4 7
1 8
1 9
8 10
7 11
1 12
2 13
2 14
10 15
13 16
9 17
8 18
11 19
4 20
11 21
12 22
22
1 2
2 3
3 4
3 5
4 6
4 7
2 8
6 9
5 10
8 11
5 12
5 13
5 14
12 15
2 16
3 17
12 18
9 19
5 20
10 21
17 22
22
1 2
2 3
2 4
3 5
2 6
6 7
6 8
7 9
1 10
4 11
6 12
2 13
4 14
5 15
1 16
6 17
7 18
4 19
15 20
6 21
5 22
22
1 2
2 3
3 4
4 5
1 6
6 7
1 8
2 9
8 10
5 11
5 12
9 13
8 14
3 15
9 16
6 17
14 18
17 19
15 20
16 21
17 22
22
1 2
2 3
2 4
3 5
3 6
5 7
4 8
3 9
7 10
10 11
4 12
3 13
7 14
7 15
2 16
4 17
12 18
1 19
2 20
9 21
10 22
22
1 2
1 3
3 4
2 5
2 6
4 7
6 8
6 9
6 10
2 11
10 12
4 13
3 14
2 15
10 16
10 17
10 18
9 19
13 20
8 21
11 22
22
1 2
1 3
2 4
3 5
4 6
2 7
5 8
2 9
8 10
7 11
3 12
12 13
1 14
7 15
6 16
12 17
5 18
7 19
11 20
8 21
1 22
22
1 2
1 3
1 4
2 5
4 6
5 7
1 8
2 9
4 10
4 11
5 12
12 13
2 14
9 15
12 16
16 17
16 18
7 19
17 20
6 21
5 22
22
1 2
2 3
3 4
3 5
1 6
3 7
5 8
1 9
2 10
10 11
8 12
1 13
2 14
2 15
13 16
15 17
14 18
16 19
17 20
8 21
14 22
22
1 2
1 3
1 4
4 5
2 6
4 7
5 8
1 9
6 10
2 11
8 12
12 13
12 14
2 15
11 16
6 17
8 18
17 19
11 20
7 21
16 22
22
1 2
2 3
3 4
1 5
5 6
6 7
1 8
5 9
4 10
1 11
5 12
12 13
7 14
7 15
12 16
4 17
4 18
11 19
13 20
1 21
19 22
22
1 2
2 3
1 4
1 5
2 6
3 7
6 8
6 9
3 10
6 11
4 12
12 13
3 14
12 15
13 16
8 17
1 18
3 19
6 20
14 21
13 22
22
1 2
1 3
3 4
2 5
5 6
1 7
5 8
8 9
9 10
10 11
8 12
4 13
6 14
2 15
1 16
13 17
14 18
2 19
18 20
4 21
3 22
22
1 2
1 3
3 4
3 5
1 6
4 7
1 8
8 9
2 10
8 11
3 12
3 13
11 14
10 15
2 16
10 17
13 18
3 19
1 20
15 21
6 22
22
1 2
1 3
2 4
2 5
1 6
4 7
1 8
3 9
2 10
6 11
9 12
1 13
6 14
6 15
8 16
3 17
5 18
5 19
19 20
20 21
8 22
22
1 2
2 3
3 4
1 5
3 6
3 7
3 8
7 9
3 10
9 11
2 12
7 13
3 14
3 15
14 16
2 17
9 18
13 19
19 20
15 21
9 22
22
1 2
2 3
3 4
3 5
2 6
2 7
3 8
8 9
7 10
3 11
3 12
11 13
4 14
14 15
10 16
13 17
4 18
1 19
8 20
18 21
17 22
22
1 2
1 3
2 4
4 5
5 6
1 7
4 8
6 9
9 10
10 11
1 12
3 13
13 14
3 15
12 16
10 17
2 18
13 19
19 20
9 21
8 22
22
1 2
2 3
3 4
3 5
3 6
3 7
5 8
2 9
4 10
10 11
5 12
11 13
7 14
7 15
10 16
2 17
12 18
15 19
1 20
8 21
20 22
22
1 2
2 3
3 4
1 5
1 6
2 7
4 8
8 9
1 10
6 11
4 12
4 13
1 14
6 15
9 16
4 17
8 18
8 19
1 20
9 21
13 22
22
1 2
1 3
2 4
1 5
2 6
5 7
4 8
7 9
2 10
8 11
5 12
2 13
2 14
1 15
2 16
7 17
15 18
6 19
16 20
10 21
21 22
22
1 2
2 3
1 4
2 5
4 6
6 7
1 8
7 9
4 10
2 11
4 12
5 13
7 14
7 15
5 16
9 17
7 18
7 19
1 20
13 21
7 22
22
1 2
2 3
2 4
4 5
2 6
3 7
6 8
5 9
2 10
1 11
3 12
5 13
10 14
4 15
1 16
1 17
16 18
9 19
14 20
7 21
12 22
22
1 2
2 3
3 4
4 5
3 6
3 7
5 8
7 9
3 10
7 11
11 12
11 13
4 14
4 15
8 16
5 17
10 18
16 19
14 20
4 21
3 22
22
1 2
2 3
2 4
2 5
4 6
2 7
6 8
8 9
7 10
9 11
10 12
3 13
13 14
6 15
7 16
16 17
4 18
2 19
6 20
6 21
1 22
22
1 2
2 3
2 4
1 5
2 6
2 7
2 8
7 9
4 10
10 11
7 12
5 13
13 14
14 15
10 16
7 17
11 18
18 19
9 20
11 21
5 22
22
1 2
1 3
3 4
3 5
3 6
1 7
7 8
6 9
1 10
1 11
9 12
12 13
2 14
10 15
6 16
3 17
3 18
5 19
17 20
5 21
3 22
22
1 2
1 3
3 4
3 5
5 6
5 7
5 8
1 9
6 10
1 11
11 12
9 13
8 14
2 15
6 16
11 17
6 18
10 19
18 20
15 21
11 22
22
1 2
2 3
3 4
1 5
4 6
3 7
4 8
2 9
6 10
7 11
6 12
8 13
9 14
14 15
14 16
13 17
17 18
8 19
18 20
14 21
15 22
22
1 2
2 3
1 4
3 5
1 6
1 7
3 8
3 9
9 10
4 11
3 12
1 13
5 14
10 15
8 16
6 17
1 18
7 19
7 20
19 21
8 22
22
1 2
2 3
3 4
3 5
4 6
1 7
5 8
4 9
9 10
10 11
7 12
3 13
6 14
2 15
13 16
14 17
3 18
6 19
1 20
11 21
14 22
22
1 2
1 3
3 4
1 5
1 6
5 7
7 8
8 9
9 10
9 11
8 12
2 13
8 14
6 15
3 16
3 17
12 18
5 19
6 20
15 21
17 22
22
1 2
2 3
3 4
4 5
2 6
3 7
5 8
3 9
6 10
3 11
2 12
9 13
1 14
13 15
13 16
14 17
14 18
9 19
8 20
6 21
7 22
22
1 2
1 3
1 4
2 5
5 6
1 7
2 8
3 9
9 10
3 11
1 12
8 13
3 14
12 15
5 16
15 17
12 18
13 19
9 20
19 21
21 22
22
1 2
2 3
2 4
1 5
1 6
3 7
6 8
8 9
4 10
1 11
6 12
10 13
4 14
9 15
6 16
14 17
14 18
1 19
13 20
4 21
18 22
22
1 2
2 3
3 4
3 5
3 6
1 7
6 8
6 9
1 10
5 11
4 12
8 13
4 14
7 15
8 16
10 17
10 18
3 19
7 20
10 21
19 22
22
1 2
2 3
1 4
3 5
1 6
1 7
6 8
2 9
3 10
10 11
1 12
8 13
3 14
13 15
1 16
4 17
13 18
5 19
16 20
5 21
15 22
22
1 2
1 3
2 4
3 5
4 6
4 7
4 8
3 9
2 10
8 11
3 12
5 13
4 14
1 15
9 16
11 17
13 18
4 19
18 20
8 21
16 22
22
1 2
1 3
1 4
4 5
5 6
3 7
3 8
3 9
7 10
4 11
2 12
12 13
13 14
4 15
7 16
13 17
14 18
11 19
11 20
16 21
19 22
22
1 2
1 3
2 4
2 5
1 6
1 7
1 8
5 9
7 10
6 11
3 12
8 13
10 14
10 15
10 16
8 17
4 18
6 19
10 20
15 21
10 22
22
1 2
1 3
2 4
4 5
3 6
2 7
2 8
5 9
5 10
2 11
6 12
12 13
13 14
1 15
4 16
4 17
4 18
12 19
3 20
1 21
7 22
22
1 2
1 3
3 4
3 5
3 6
1 7
7 8
6 9
1 10
6 11
1 12
12 13
7 14
12 15
4 16
2 17
3 18
10 19
12 20
18 21
12 22
22
1 2
2 3
2 4
1 5
3 6
1 7
2 8
5 9
5 10
8 11
11 12
2 13
4 14
12 15
6 16
4 17
8 18
9 19
6 20
6 21
18 22
22
1 2
2 3
3 4
3 5
4 6
5 7
4 8
8 9
4 10
9 11
2 12
4 13
7 14
11 15
1 16
1 17
17 18
8 19
10 20
7 21
10 22
22
1 2
2 3
1 4
1 5
3 6
2 7
3 8
7 9
4 10
7 11
7 12
11 13
10 14
2 15
15 16
13 17
4 18
8 19
18 20
13 21
16 22
22
1 2
2 3
2 4
3 5
1 6
5 7
6 8
2 9
9 10
9 11
4 12
12 13
10 14
5 15
10 16
9 17
14 18
18 19
12 20
12 21
12 22
22
1 2
1 3
3 4
1 5
1 6
1 7
3 8
1 9
7 10
5 11
4 12
2 13
3 14
8 15
14 16
6 17
6 18
1 19
19 20
6 21
8 22
22
1 2
1 3
2 4
2 5
3 6
6 7
2 8
7 9
6 10
5 11
8 12
8 13
8 14
3 15
11 16
2 17
13 18
15 19
16 20
8 21
2 22
22
1 2
1 3
2 4
3 5
3 6
3 7
1 8
5 9
5 10
8 11
4 12
7 13
2 14
1 15
2 16
5 17
13 18
6 19
13 20
9 21
20 22
22
1 2
2 3
3 4
3 5
1 6
4 7
7 8
2 9
4 10
6 11
5 12
3 13
6 14
12 15
2 16
3 17
14 18
14 19
3 20
12 21
5 22
22
1 2
1 3
3 4
3 5
3 6
3 7
4 8
7 9
7 10
2 11
5 12
11 13
7 14
10 15
1 16
8 17
9 18
16 19
11 20
10 21
6 22
22
1 2
2 3
2 4
4 5
3 6
1 7
7 8
2 9
4 10
6 11
5 12
12 13
8 14
13 15
3 16
11 17
12 18
10 19
9 20
11 21
16 22
22
1 2
2 3
3 4
2 5
5 6
3 7
7 8
2 9
5 10
7 11
2 12
10 13
12 14
3 15
7 16
5 17
14 18
18 19
9 20
1 21
18 22
22
1 2
2 3
3 4
4 5
1 6
5 7
6 8
2 9
3 10
7 11
7 12
4 13
6 14
3 15
4 16
4 17
1 18
4 19
1 20
4 21
14 22
22
1 2
2 3
1 4
1 5
1 6
2 7
6 8
6 9
8 10
3 11
10 12
1 13
2 14
11 15
6 16
16 17
8 18
11 19
14 20
13 21
20 22
22
1 2
2 3
2 4
2 5
2 6
5 7
3 8
6 9
4 10
4 11
2 12
8 13
1 14
10 15
3 16
8 17
2 18
1 19
18 20
15 21
2 22
22
1 2
1 3
3 4
1 5
3 6
4 7
7 8
5 9
2 10
9 11
8 12
8 13
3 14
9 15
2 16
3 17
1 18
18 19
13 20
15 21
10 22
22
1 2
1 3
3 4
4 5
5 6
3 7
2 8
7 9
8 10
1 11
11 12
12 13
7 14
5 15
2 16
7 17
7 18
4 19
3 20
16 21
5 22
22
1 2
1 3
3 4
4 5
2 6
5 7
5 8
4 9
6 10
10 11
2 12
11 13
9 14
3 15
15 16
4 17
13 18
12 19
16 20
15 21
4 22
22
1 2
1 3
2 4
2 5
1 6
6 7
2 8
4 9
3 10
1 11
11 12
3 13
2 14
13 15
3 16
3 17
1 18
15 19
6 20
17 21
11 22
22
1 2
2 3
2 4
4 5
1 6
4 7
7 8
7 9
8 10
8 11
8 12
12 13
9 14
5 15
11 16
6 17
13 18
10 19
4 20
12 21
20 22
22
1 2
1 3
3 4
3 5
4 6
5 7
5 8
6 9
2 10
2 11
6 12
11 13
8 14
3 15
4 16
8 17
8 18
14 19
13 20
20 21
19 22
22
1 2
2 3
1 4
1 5
2 6
4 7
1 8
8 9
9 10
8 11
8 12
5 13
13 14
4 15
13 16
9 17
10 18
12 19
13 20
10 21
15 22
22
1 2
2 3
1 4
4 5
2 6
2 7
3 8
2 9
9 10
1 11
10 12
4 13
6 14
11 15
5 16
4 17
7 18
17 19
12 20
12 21
5 22
22
1 2
2 3
3 4
4 5
1 6
1 7
2 8
6 9
8 10
2 11
11 12
7 13
1 14
11 15
5 16
12 17
16 18
6 19
19 20
10 21
20 22
22
1 2
1 3
1 4
3 5
1 6
6 7
1 8
2 9
8 10
3 11
11 12
5 13
11 14
2 15
6 16
2 17
15 18
8 19
3 20
10 21
9 22
22
1 2
1 3
2 4
3 5
1 6
2 7
1 8
6 9
2 10
1 11
8 12
1 13
13 14
7 15
6 16
2 17
8 18
3 19
15 20
1 21
11 22
22
1 2
2 3
3 4
3 5
2 6
6 7
4 8
1 9
1 10
10 11
8 12
6 13
4 14
13 15
12 16
7 17
16 18
4 19
9 20
18 21
11 22
22
1 2
1 3
2 4
2 5
5 6
5 7
3 8
8 9
6 10
7 11
7 12
6 13
4 14
7 15
10 16
3 17
17 18
18 19
8 20
9 21
17 22
22
1 2
1 3
2 4
4 5
5 6
5 7
3 8
1 9
5 10
1 11
1 12
9 13
1 14
5 15
2 16
7 17
4 18
9 19
19 20
3 21
3 22
22
1 2
2 3
3 4
2 5
1 6
1 7
6 8
1 9
9 10
8 11
5 12
4 13
9 14
12 15
4 16
3 17
15 18
12 19
18 20
19 21
21 22
22
1 2
1 3
3 4
3 5
4 6
5 7
2 8
1 9
4 10
3 11
2 12
8 13
2 14
3 15
6 16
3 17
2 18
7 19
13 20
6 21
9 22
22
1 2
2 3
2 4
2 5
4 6
4 7
7 8
4 9
3 10
10 11
1 12
1 13
6 14
6 15
8 16
9 17
8 18
12 19
14 20
8 21
14 22
22
1 2
1 3
1 4
1 5
4 6
6 7
2 8
6 9
9 10
9 11
9 12
7 13
13 14
9 15
5 16
3 17
10 18
4 19
18 20
10 21
11 22
22
1 2
2 3
1 4
3 5
2 6
1 7
3 8
7 9
6 10
6 11
5 12
2 13
6 14
6 15
1 16
5 17
14 18
11 19
11 20
20 21
13 22
22
1 2
2 3
2 4
4 5
2 6
6 7
3 8
1 9
9 10
10 11
3 12
11 13
7 14
5 15
7 16
4 17
14 18
4 19
11 20
3 21
10 22
22
1 2
1 3
1 4
1 5
4 6
3 7
2 8
4 9
4 10
7 11
8 12
6 13
13 14
11 15
14 16
4 17
9 18
9 19
5 20
14 21
21 22
22
1 2
2 3
3 4
2 5
3 6
5 7
1 8
2 9
1 10
5 11
11 12
4 13
12 14
9 15
2 16
8 17
14 18
14 19
11 20
18 21
12 22
22
1 2
2 3
3 4
2 5
1 6
1 7
7 8
8 9
2 10
6 11
11 12
2 13
10 14
10 15
2 16
9 17
8 18
2 19
2 20
18 21
10 22
22
1 2
1 3
1 4
4 5
5 6
4 7
4 8
3 9
2 10
9 11
9 12
5 13
8 14
6 15
2 16
15 17
10 18
17 19
6 20
1 21
1 22
22
1 2
2 3
3 4
4 5
5 6
2 7
1 8
2 9
8 10
5 11
8 12
6 13
11 14
12 15
14 16
4 17
16 18
2 19
12 20
2 21
18 22
22
1 2
2 3
3 4
2 5
2 6
4 7
1 8
1 9
1 10
2 11
9 12
11 13
11 14
5 15
1 16
9 17
1 18
6 19
11 20
17 21
8 22
22
1 2
2 3
1 4
2 5
1 6
3 7
4 8
6 9
4 10
3 11
7 12
6 13
13 14
4 15
7 16
1 17
16 18
6 19
16 20
17 21
3 22
22
1 2
2 3
1 4
1 5
3 6
5 7
3 8
3 9
1 10
5 11
8 12
2 13
10 14
8 15
8 16
3 17
8 18
4 19
8 20
13 21
4 22
22
1 2
2 3
1 4
4 5
5 6
2 7
7 8
5 9
4 10
2 11
8 12
9 13
6 14
5 15
6 16
1 17
14 18
5 19
8 20
8 21
2 22
22
1 2
1 3
2 4
1 5
2 6
2 7
5 8
7 9
7 10
5 11
4 12
5 13
6 14
13 15
8 16
2 17
14 18
16 19
19 20
4 21
17 22
22
1 2
1 3
3 4
3 5
2 6
4 7
5 8
7 9
3 10
9 11
11 12
11 13
2 14
5 15
4 16
15 17
11 18
3 19
11 20
6 21
5 22
22
1 2
1 3
3 4
3 5
5 6
1 7
7 8
6 9
2 10
2 11
11 12
2 13
5 14
14 15
5 16
2 17
5 18
4 19
9 20
4 21
12 22
22
1 2
1 3
2 4
4 5
2 6
1 7
3 8
1 9
8 10
5 11
11 12
2 13
10 14
9 15
3 16
10 17
3 18
18 19
7 20
12 21
21 22
22
1 2
2 3
1 4
2 5
3 6
6 7
1 8
4 9
4 10
9 11
9 12
11 13
9 14
6 15
1 16
16 17
10 18
16 19
8 20
8 21
10 22
22
1 2
1 3
1 4
2 5
3 6
6 7
3 8
8 9
9 10
1 11
10 12
6 13
11 14
9 15
12 16
10 17
13 18
14 19
10 20
1 21
19 22
22
1 2
2 3
3 4
4 5
4 6
2 7
5 8
5 9
7 10
3 11
5 12
10 13
2 14
12 15
1 16
15 17
14 18
2 19
18 20
11 21
6 22
22
1 2
1 3
3 4
2 5
2 6
2 7
3 8
8 9
9 10
10 11
7 12
10 13
12 14
6 15
8 16
1 17
10 18
13 19
18 20
19 21
19 22
22
1 2
1 3
2 4
3 5
1 6
4 7
6 8
2 9
6 10
7 11
8 12
10 13
9 14
14 15
14 16
8 17
16 18
14 19
7 20
8 21
14 22
22
1 2
2 3
2 4
3 5
2 6
3 7
5 8
4 9
3 10
8 11
9 12
10 13
5 14
11 15
13 16
12 17
15 18
4 19
6 20
13 21
5 22
22
1 2
1 3
1 4
4 5
1 6
5 7
2 8
7 9
5 10
2 11
1 12
7 13
2 14
11 15
12 16
7 17
4 18
2 19
15 20
8 21
14 22
22
1 2
1 3
1 4
1 5
4 6
1 7
3 8
5 9
3 10
1 11
2 12
2 13
1 14
1 15
1 16
12 17
4 18
11 19
4 20
15 21
19 22
22
1 2
2 3
3 4
4 5
5 6
2 7
4 8
3 9
8 10
9 11
1 12
3 13
4 14
4 15
11 16
14 17
14 18
14 19
13 20
1 21
17 22
22
1 2
2 3
2 4
1 5
5 6
2 7
3 8
6 9
7 10
2 11
11 12
3 13
5 14
13 15
7 16
9 17
11 18
18 19
3 20
4 21
20 22
22
1 2
2 3
3 4
4 5
1 6
3 7
6 8
2 9
1 10
2 11
7 12
11 13
9 14
8 15
15 16
1 17
2 18
17 19
7 20
1 21
5 22
22
1 2
2 3
2 4
4 5
1 6
2 7
5 8
5 9
4 10
3 11
6 12
11 13
5 14
12 15
11 16
4 17
8 18
3 19
1 20
16 21
4 22
22
1 2
1 3
3 4
1 5
5 6
6 7
2 8
6 9
5 10
9 11
5 12
7 13
2 14
14 15
13 16
10 17
3 18
11 19
14 20
11 21
12 22
22
1 2
2 3
1 4
1 5
3 6
2 7
6 8
4 9
4 10
8 11
2 12
11 13
12 14
6 15
13 16
9 17
13 18
2 19
8 20
1 21
9 22
22
1 2
2 3
2 4
3 5
2 6
5 7
6 8
8 9
3 10
8 11
10 12
5 13
12 14
14 15
14 16
11 17
12 18
6 19
12 20
10 21
2 22
22
1 2
2 3
1 4
1 5
3 6
2 7
7 8
7 9
9 10
5 11
8 12
8 13
10 14
7 15
14 16
3 17
13 18
1 19
9 20
11 21
4 22
22
1 2
1 3
1 4
2 5
3 6
3 7
4 8
5 9
8 10
7 11
8 12
2 13
12 14
9 15
9 16
6 17
4 18
17 19
7 20
5 21
15 22
22
1 2
1 3
3 4
3 5
2 6
3 7
5 8
8 9
2 10
2 11
1 12
5 13
2 14
3 15
13 16
5 17
5 18
16 19
19 20
15 21
7 22
22
1 2
2 3
3 4
2 5
3 6
2 7
6 8
7 9
7 10
4 11
8 12
9 13
9 14
6 15
11 16
5 17
17 18
18 19
17 20
7 21
5 22
22
1 2
2 3
2 4
2 5
3 6
2 7
4 8
8 9
4 10
1 11
3 12
5 13
7 14
11 15
7 16
3 17
11 18
7 19
5 20
15 21
16 22
22
1 2
2 3
3 4
2 5
3 6
2 7
1 8
6 9
2 10
4 11
9 12
10 13
2 14
8 15
6 16
8 17
3 18
9 19
14 20
1 21
12 22
22
1 2
1 3
2 4
4 5
1 6
6 7
1 8
4 9
6 10
2 11
2 12
12 13
13 14
13 15
11 16
2 17
3 18
10 19
14 20
20 21
5 22
22
1 2
2 3
1 4
4 5
4 6
3 7
2 8
6 9
6 10
10 11
3 12
3 13
3 14
7 15
6 16
2 17
8 18
16 19
6 20
3 21
20 22
22
1 2
1 3
3 4
1 5
1 6
6 7
4 8
1 9
8 10
9 11
1 12
12 13
7 14
14 15
4 16
15 17
15 18
18 19
2 20
14 21
7 22
22
1 2
1 3
2 4
1 5
2 6
2 7
4 8
4 9
7 10
7 11
11 12
7 13
9 14
12 15
13 16
15 17
9 18
18 19
3 20
15 21
9 22
22
1 2
2 3
1 4
1 5
3 6
4 7
2 8
8 9
2 10
5 11
3 12
10 13
1 14
12 15
11 16
2 17
9 18
1 19
9 20
20 21
17 22
22
1 2
1 3
3 4
2 5
4 6
5 7
7 8
6 9
6 10
8 11
7 12
11 13
3 14
10 15
12 16
8 17
8 18
15 19
8 20
1 21
8 22
22
1 2
1 3
2 4
4 5
4 6
4 7
4 8
5 9
1 10
5 11
10 12
7 13
10 14
10 15
6 16
11 17
4 18
7 19
8 20
5 21
14 22
22
1 2
2 3
2 4
3 5
2 6
3 7
5 8
1 9
3 10
7 11
9 12
8 13
13 14
14 15
3 16
11 17
11 18
6 19
19 20
9 21
6 22
