500 22361 500
90 111
37 218
53 476
56 253
145 323
108 399
54 464
37 103
48 242
186 341
131 191
273 297
17 363
169 435
188 239
432 448
423 449
380 439
174 412
304 331
107 372
176 470
130 430
49 211
285 340
304 453
45 322
219 281
59 452
277 397
64 294
6 368
123 239
178 341
5 78
5 191
436 469
234 459
116 305
145 500
277 310
247 355
309 311
76 160
70 495
317 373
206 387
18 47
317 474
38 104
462 472
256 384
44 171
104 418
158 279
282 294
11 153
425 444
391 481
68 74
130 408
43 107
10 470
131 421
380 469
402 493
180 294
348 439
44 331
229 329
117 369
222 240
153 408
28 459
194 481
137 212
392 476
91 133
124 272
302 473
171 477
133 441
402 433
49 478
290 431
293 451
121 481
187 298
445 465
209 421
290 337
53 349
24 350
55 490
396 404
64 166
243 479
132 196
12 212
122 143
350 493
428 500
90 471
2 278
192 349
72 182
111 225
41 318
40 388
262 395
313 459
184 242
403 422
468 472
55 364
177 383
119 407
14 283
161 244
25 77
85 186
119 431
38 246
29 219
421 489
353 488
258 415
138 380
316 474
31 359
440 478
50 283
167 426
332 474
91 425
109 161
57 305
183 431
44 158
162 219
107 220
66 90
414 427
137 230
26 412
367 453
77 164
171 451
37 193
183 270
218 389
289 468
266 271
426 477
106 276
18 407
73 248
78 335
118 429
84 360
336 458
21 330
78 145
125 231
111 457
242 389
127 400
277 311
43 45
51 361
10 444
181 211
57 318
250 478
92 101
214 314
244 275
3 437
91 500
74 76
166 315
57 86
80 113
145 379
2 226
25 406
154 298
130 406
467 487
418 428
173 326
75 278
457 500
156 239
154 240
65 270
17 496
88 278
320 364
85 189
258 412
201 337
72 302
252 384
183 384
444 471
81 125
203 395
214 472
119 392
236 268
281 371
118 270
263 267
131 382
300 420
33 366
194 329
131 425
5 99
201 434
193 479
132 433
110 248
236 241
69 374
148 356
95 348
132 161
176 346
266 463
155 255
80 115
13 355
45 228
257 306
27 381
372 458
24 90
318 452
297 306
418 463
175 496
53 408
453 463
177 456
199 371
2 67
418 478
60 189
353 365
305 437
28 88
72 396
78 258
113 178
265 342
61 406
36 454
34 371
39 489
83 454
362 439
237 466
301 416
276 419
281 305
75 223
37 207
76 304
266 498
73 378
171 408
192 372
82 408
23 271
84 102
294 418
101 390
182 379
56 350
48 348
71 260
257 258
66 174
209 466
374 435
73 332
186 221
85 233
31 445
310 402
249 463
143 180
23 423
59 332
419 454
240 281
35 193
307 499
194 330
101 157
242 320
33 156
327 333
402 416
335 383
123 365
61 171
200 265
44 449
289 384
23 241
5 211
185 383
377 417
47 133
37 441
100 472
171 354
315 343
241 424
266 315
345 484
40 361
93 260
43 397
209 408
140 341
298 357
125 312
11 178
102 400
197 318
40 94
257 365
254 468
116 258
43 474
438 455
179 361
256 434
196 224
46 209
174 398
207 418
126 129
48 183
360 467
40 170
221 242
242 438
26 493
164 299
28 223
51 86
211 387
340 416
185 422
122 451
91 305
15 201
258 464
258 351
418 459
362 413
237 431
359 422
266 493
262 296
300 437
82 394
10 471
27 382
119 140
95 451
230 419
38 158
3 55
66 415
67 186
155 184
197 232
325 398
131 284
375 440
141 422
244 326
21 74
41 154
7 378
118 354
350 401
331 353
32 393
188 351
295 416
117 377
152 326
149 191
190 498
2 469
388 431
371 412
258 453
8 263
19 37
217 320
79 450
262 290
444 458
107 175
48 285
410 479
18 310
76 335
55 316
250 413
200 355
50 267
271 291
59 62
46 398
32 493
255 474
300 491
214 285
108 329
196 444
122 396
82 247
236 282
262 281
53 386
168 394
189 272
400 465
28 407
42 194
120 281
347 351
165 207
300 466
222 313
61 448
325 449
230 257
141 453
336 344
90 205
93 228
179 310
119 336
449 467
240 490
314 351
171 340
116 497
156 176
206 453
191 337
277 359
32 428
273 301
9 391
117 331
421 498
10 404
127 184
451 480
372 425
451 474
55 278
368 456
26 365
145 200
72 480
63 188
39 234
452 487
23 76
262 470
314 488
376 462
49 172
315 476
302 395
51 402
214 488
22 228
323 382
187 478
161 327
14 189
34 340
131 368
90 131
187 215
53 135
109 296
61 116
156 179
133 395
64 223
37 331
211 483
287 485
187 419
81 226
73 259
137 174
95 163
196 322
21 291
208 471
416 421
76 461
93 110
312 318
48 272
194 261
247 361
288 328
77 280
259 436
38 319
176 301
104 492
235 419
36 261
145 393
401 437
353 473
35 370
254 260
199 221
210 425
309 400
95 123
143 449
263 482
4 476
28 267
336 348
11 454
77 432
10 254
233 332
228 311
294 455
71 362
120 264
63 219
261 420
373 438
181 391
135 238
158 342
211 498
333 476
291 318
16 170
270 406
142 246
107 434
26 314
91 373
130 424
152 371
366 379
43 224
18 64
168 402
22 337
246 403
119 482
115 243
120 181
111 143
65 256
16 490
235 312
300 436
124 251
270 467
49 289
25 40
71 332
49 355
392 473
277 425
184 426
213 225
343 479
267 464
21 80
375 456
394 498
127 498
193 467
76 210
55 120
225 486
254 418
315 334
114 409
163 357
3 270
145 326
347 469
222 351
79 274
364 390
395 434
43 65
403 421
47 357
137 328
172 440
173 289
4 327
273 353
75 435
380 403
50 312
272 291
269 449
90 465
245 422
96 319
99 250
359 413
223 423
156 348
181 238
447 452
13 116
365 376
231 472
79 253
118 199
58 279
16 478
392 444
361 369
214 296
369 421
215 397
156 344
193 217
378 380
170 459
47 111
45 283
150 435
32 417
27 262
102 471
91 325
184 472
23 145
58 222
459 466
277 412
305 367
152 444
250 438
217 299
10 272
44 205
400 471
116 452
84 295
321 401
480 497
429 435
88 271
149 283
141 430
114 378
23 328
303 328
73 388
214 451
35 128
216 307
150 461
56 422
36 266
119 448
284 392
25 414
178 429
102 169
60 426
172 299
182 223
258 326
108 182
459 462
273 284
134 429
373 436
116 393
135 228
161 421
181 426
257 452
221 358
110 448
109 482
10 281
490 496
46 171
382 446
79 364
187 204
103 184
36 479
17 268
99 363
232 363
220 479
158 332
370 493
44 188
188 191
111 251
169 278
366 432
137 191
202 323
256 423
59 216
285 365
167 402
332 413
37 167
57 371
442 476
21 333
80 225
345 420
381 483
108 435
97 354
74 201
26 448
11 216
62 475
162 190
40 199
24 142
174 485
108 193
205 251
230 292
60 157
337 366
354 456
43 348
81 266
94 359
342 402
1 97
99 313
400 420
93 426
38 65
157 471
52 142
130 376
400 489
66 235
181 309
60 123
57 281
193 456
183 336
193 242
32 97
311 500
163 179
237 394
136 194
23 79
47 169
37 392
44 340
61 440
120 468
1 179
96 475
200 354
387 479
203 412
48 494
200 294
161 383
212 218
124 446
149 443
39 467
263 374
211 400
270 293
92 382
78 102
335 406
24 432
284 460
21 176
126 319
73 326
197 489
2 397
294 366
315 359
52 337
2 140
128 249
66 178
329 472
82 275
258 472
198 462
175 280
111 193
371 482
304 355
113 157
406 499
282 359
271 443
244 463
37 354
329 368
74 294
12 359
46 79
209 417
144 180
19 363
3 74
234 369
58 311
158 182
159 203
315 400
108 336
23 408
312 480
190 322
302 406
358 496
273 376
267 321
314 478
33 410
213 393
290 324
173 423
307 474
250 440
59 370
100 409
187 428
185 224
307 341
23 43
95 415
40 198
118 182
359 403
17 210
35 344
180 390
112 148
85 448
98 172
32 376
66 157
20 319
142 182
71 342
195 300
392 489
255 266
391 451
239 428
375 406
23 301
126 414
131 216
20 255
284 314
53 200
359 435
51 71
85 462
143 404
241 335
8 303
303 339
109 408
30 307
230 272
231 271
448 498
315 452
67 251
27 461
151 344
275 276
12 239
382 422
284 325
160 443
132 334
29 484
28 394
25 294
148 375
19 497
295 314
369 374
255 459
101 175
61 369
272 397
21 212
117 281
176 206
341 458
159 362
112 363
227 388
339 439
68 254
118 466
270 399
98 353
135 250
72 231
93 171
31 228
292 337
2 415
40 479
8 218
79 374
26 204
387 494
131 253
164 192
194 290
210 254
34 103
10 314
378 389
423 447
3 72
334 462
145 363
215 351
420 463
300 322
330 346
161 188
41 57
399 401
278 331
193 255
68 293
285 431
133 147
6 240
206 397
146 305
63 341
168 232
222 224
409 439
214 310
99 288
195 411
22 267
1 155
71 176
155 300
241 423
127 153
72 500
473 477
170 478
161 303
371 487
443 481
309 388
58 73
206 264
446 474
73 133
278 390
221 243
455 491
33 424
215 344
313 485
224 289
211 414
76 314
232 416
263 416
374 495
183 338
128 158
253 350
62 149
173 453
223 490
18 396
392 438
188 333
216 394
44 480
63 315
8 22
58 159
107 231
61 102
123 304
280 281
325 468
292 384
360 475
314 348
71 194
397 491
63 472
119 359
17 154
316 383
212 251
315 394
276 408
167 249
36 128
178 384
132 249
421 460
417 425
399 496
118 264
46 183
48 153
129 263
177 265
121 349
35 268
133 460
57 108
224 292
132 463
203 378
153 448
131 193
319 410
176 232
289 369
143 233
355 418
39 480
35 484
93 193
156 185
57 195
171 270
465 495
54 500
17 197
71 296
140 427
131 310
353 436
335 477
57 353
100 449
228 357
199 486
159 166
210 251
172 189
7 226
103 382
125 383
286 500
332 493
182 301
19 264
382 394
167 264
361 403
145 425
60 450
274 453
45 200
40 162
79 227
357 400
246 373
196 305
144 257
257 287
101 123
111 156
70 424
368 404
261 338
7 91
21 405
406 452
271 407
216 456
69 423
273 357
146 440
273 402
44 472
4 380
416 443
96 338
272 446
103 409
167 490
75 251
279 351
172 247
28 136
117 301
21 451
354 491
97 259
267 454
107 117
289 368
230 239
98 473
53 467
30 187
396 479
256 333
88 414
361 449
146 190
161 405
145 498
233 277
186 275
296 458
161 403
163 477
469 495
229 297
35 309
388 413
276 329
292 376
111 266
11 152
194 493
307 373
30 89
189 362
95 304
185 316
413 495
194 401
28 130
46 185
30 495
57 183
156 302
75 105
55 384
217 332
118 226
329 372
123 406
87 213
111 146
17 461
109 209
278 458
43 457
91 215
148 420
143 158
275 374
218 360
246 474
175 339
108 215
384 391
14 72
471 495
109 450
48 127
373 440
45 461
399 431
138 414
131 411
112 401
359 373
129 200
365 409
80 344
268 342
190 362
239 362
40 308
217 435
65 465
442 487
169 277
155 220
44 132
211 352
161 175
36 51
2 418
96 364
21 202
204 351
18 468
118 329
384 493
364 460
101 193
228 377
65 306
222 312
79 238
490 497
262 269
13 287
27 396
138 296
317 461
231 418
107 453
119 176
217 219
105 320
27 40
23 176
30 268
299 411
241 422
272 278
136 300
36 214
156 468
42 278
129 202
5 280
282 486
129 370
6 122
206 457
62 124
69 239
32 363
238 340
2 441
56 233
26 106
128 280
264 346
40 119
96 412
224 427
38 297
5 297
348 421
126 399
57 417
23 275
208 452
268 471
281 317
286 462
72 494
238 407
457 458
289 486
29 444
428 444
124 373
136 150
133 422
208 432
69 425
301 474
81 335
16 456
216 443
121 480
208 473
212 328
90 97
362 371
30 291
158 430
8 116
77 363
417 472
274 367
189 392
66 364
7 72
184 279
83 287
147 371
122 361
417 466
165 407
156 372
65 473
110 387
216 260
24 77
418 464
295 297
10 181
159 343
52 208
469 470
378 401
208 229
290 450
84 308
96 477
48 310
8 250
119 179
215 354
232 460
23 81
413 423
146 331
262 313
218 451
196 306
60 200
419 433
6 349
418 439
61 350
86 251
195 275
99 311
45 452
156 492
152 246
150 482
79 168
468 470
65 321
23 421
32 37
43 195
77 102
96 427
273 420
118 484
145 219
88 189
273 370
313 416
84 490
327 474
115 498
9 474
12 308
321 383
168 418
102 387
21 281
184 239
44 221
151 302
233 471
109 215
386 480
208 466
66 321
247 397
30 471
4 90
316 500
163 171
24 50
78 244
244 431
421 432
17 272
213 346
266 424
217 328
413 466
363 448
13 41
301 432
296 417
308 333
256 374
259 472
409 478
414 421
46 89
35 346
97 311
166 294
308 416
48 217
19 46
405 423
348 447
201 444
60 335
104 179
154 206
124 409
142 306
210 364
89 368
99 201
386 445
73 491
63 434
312 408
15 421
27 268
225 419
34 110
28 480
341 469
172 500
22 74
2 69
95 477
194 339
251 266
339 356
375 376
148 262
117 405
207 450
292 476
443 479
145 184
281 403
167 291
229 315
83 175
105 407
244 410
246 303
70 273
27 300
195 284
177 191
314 436
8 204
117 371
259 343
73 478
144 350
209 281
134 466
42 87
107 124
248 418
468 497
195 367
128 445
48 262
299 352
150 291
147 383
352 392
284 343
215 303
112 311
287 314
20 474
243 397
143 146
85 432
110 291
62 81
51 230
77 367
290 495
28 229
5 224
309 352
247 396
47 439
416 484
230 231
4 38
2 158
144 422
299 359
295 328
265 444
58 75
251 436
85 340
328 409
241 315
389 492
159 408
166 303
88 163
194 291
25 465
60 413
261 285
21 389
6 23
25 255
272 417
139 319
222 494
206 388
4 184
320 384
113 359
364 500
290 350
141 478
343 431
23 53
366 424
45 453
170 345
168 379
151 175
25 225
90 263
114 380
189 465
2 470
17 421
356 376
68 69
102 272
17 212
377 399
27 397
245 458
322 336
55 65
242 270
28 202
483 493
129 310
162 496
48 299
217 433
5 277
147 373
121 486
165 451
276 427
388 497
35 198
314 420
164 320
35 192
166 438
250 390
99 408
99 134
57 463
54 267
128 165
135 445
59 255
296 499
39 311
240 449
84 153
279 478
32 195
60 352
209 492
229 474
192 428
339 344
98 166
414 494
161 352
346 382
48 473
415 430
115 298
5 197
134 338
174 421
261 303
246 297
210 421
277 478
334 359
258 421
77 383
291 365
8 329
241 332
33 239
333 437
90 212
84 220
69 338
85 169
35 379
102 226
199 350
172 396
136 196
162 394
313 482
233 465
274 499
168 426
102 145
465 491
330 458
93 285
191 327
30 426
135 307
289 322
80 154
74 451
308 480
13 312
7 453
39 325
265 500
241 493
65 308
17 116
63 229
281 472
237 494
294 316
94 134
210 303
136 360
95 184
179 481
201 256
361 424
161 410
147 405
101 128
127 156
172 182
200 274
44 137
25 164
91 367
295 298
187 365
191 209
101 227
246 439
118 422
106 247
50 116
481 483
85 313
82 495
220 394
186 197
237 344
117 122
273 348
14 347
279 390
51 312
51 328
329 455
217 401
296 484
161 353
113 429
72 197
192 291
281 498
264 332
178 397
4 155
239 376
37 469
13 80
9 168
50 375
19 416
113 224
393 471
230 260
53 146
290 433
154 386
19 199
267 335
104 469
29 410
198 318
173 348
276 318
287 359
94 480
16 371
146 296
168 454
3 347
92 444
50 496
304 401
365 370
374 420
98 114
300 379
176 305
13 206
86 348
114 284
34 122
223 471
162 193
57 480
361 384
92 451
322 467
35 300
310 422
84 461
139 289
231 264
187 273
27 407
161 386
79 344
20 42
258 370
28 294
278 279
89 210
323 373
401 482
150 495
91 380
68 311
188 443
184 477
52 93
68 240
386 491
374 493
376 446
243 319
235 486
217 281
24 247
131 149
99 305
260 391
143 214
306 385
222 360
137 273
154 257
208 305
29 278
82 339
326 438
116 293
296 397
54 269
84 253
146 410
188 450
134 184
15 52
162 385
279 443
316 490
24 47
36 192
100 383
84 155
97 200
370 476
363 462
61 187
375 436
31 77
364 416
245 261
173 191
451 461
342 389
386 393
310 486
283 445
34 133
116 172
128 471
277 482
131 347
255 421
251 496
433 445
237 400
310 320
103 119
6 222
44 469
262 335
181 463
232 302
148 404
194 235
136 247
320 439
56 98
49 373
108 320
147 450
409 473
13 369
345 403
183 187
89 206
75 268
126 470
25 299
148 265
88 158
238 288
274 439
176 487
66 241
271 387
5 123
160 470
310 377
214 477
61 69
310 478
279 389
135 341
318 377
78 392
213 413
241 268
298 427
25 457
216 247
159 333
51 137
1 105
118 255
15 389
65 127
64 390
254 435
16 231
114 324
24 392
196 427
165 307
223 389
23 465
89 284
285 357
147 464
277 329
108 400
173 438
104 194
398 480
31 287
14 170
290 415
356 401
267 485
64 253
64 329
313 446
257 491
132 447
427 448
80 210
433 462
202 269
293 299
135 179
128 351
258 485
37 414
169 207
48 146
95 173
185 266
45 474
126 484
35 307
31 234
91 184
45 361
65 347
152 369
110 280
87 338
298 352
76 134
5 282
91 365
22 145
54 313
109 153
276 484
218 450
372 387
248 492
23 456
20 404
261 422
108 224
199 214
52 428
154 359
174 344
119 236
279 374
59 330
67 305
35 385
9 188
281 447
173 190
211 362
220 231
241 348
167 456
119 470
108 442
125 207
48 434
107 308
30 151
67 160
153 420
86 188
232 276
381 454
171 191
197 358
184 415
210 257
352 398
153 164
196 357
96 307
22 361
279 361
87 113
122 139
325 421
265 368
423 484
34 370
353 498
33 468
35 272
361 420
6 102
366 481
9 346
9 271
129 215
192 390
197 392
229 314
98 362
208 271
179 410
368 482
147 417
138 261
34 475
78 197
63 96
69 295
246 387
170 271
120 135
335 447
141 159
40 455
307 337
238 468
273 359
134 388
106 353
17 37
213 267
318 422
270 392
173 350
261 342
165 222
310 441
116 207
50 282
128 431
74 496
177 308
291 351
15 51
18 153
17 63
66 118
1 184
21 363
109 444
386 402
301 434
30 468
143 173
154 485
331 491
358 442
43 90
7 308
276 497
227 449
78 485
175 186
55 202
274 329
217 361
121 414
62 490
32 482
24 134
115 398
112 394
211 354
77 107
124 320
314 454
196 453
143 320
321 481
192 459
114 326
246 259
181 410
137 337
110 302
43 287
12 96
21 46
119 365
264 435
52 299
59 190
269 460
396 497
9 213
218 317
257 467
108 408
261 378
143 474
191 366
363 366
92 327
132 227
226 241
137 264
336 479
51 329
111 400
100 284
202 310
254 288
169 327
286 434
141 219
44 493
52 248
123 273
80 423
159 184
137 325
249 412
26 487
68 251
34 118
111 288
171 435
206 419
22 257
161 351
259 484
78 395
149 310
241 245
7 139
48 170
143 486
174 324
202 270
146 300
40 484
193 326
59 445
181 379
2 16
98 266
307 461
24 335
238 239
341 489
209 333
304 388
107 280
133 325
322 433
232 383
436 470
24 438
264 279
16 182
187 199
299 377
114 329
94 135
433 488
105 307
434 435
173 359
176 463
174 330
183 233
186 339
33 319
107 418
122 390
94 448
324 371
124 462
74 77
412 455
331 364
20 175
210 330
246 495
119 312
140 471
115 473
214 389
216 282
239 301
70 444
244 287
74 389
270 377
186 370
36 380
75 439
301 438
230 481
51 465
35 459
371 431
349 464
462 498
274 302
93 280
161 205
176 373
98 368
270 441
130 397
4 468
135 268
164 409
294 339
275 443
177 301
53 139
295 471
246 415
79 138
351 429
99 351
189 475
55 341
227 329
407 484
165 285
74 246
210 306
437 462
200 357
445 452
180 232
155 290
160 449
30 332
58 431
135 368
344 369
314 476
248 373
346 426
292 482
77 446
126 498
120 444
107 200
47 391
362 456
100 211
153 324
181 367
139 318
68 344
23 246
137 162
74 427
15 222
249 309
261 302
154 221
71 325
94 420
10 362
165 221
248 417
53 130
135 376
3 197
171 362
174 193
252 353
106 300
144 409
265 454
134 143
46 295
323 335
83 351
80 145
91 110
312 450
85 411
185 215
100 140
120 219
34 308
167 368
34 147
291 309
39 499
65 446
458 462
254 361
313 359
325 445
57 227
398 494
359 455
249 366
304 464
164 314
158 190
165 330
102 419
7 410
148 167
358 428
379 447
91 111
78 447
85 412
148 287
382 429
146 252
285 387
438 484
6 126
6 101
266 274
115 391
393 399
36 338
281 429
74 341
20 46
223 435
155 350
410 461
130 173
310 429
34 487
261 322
67 153
150 364
257 417
72 312
82 450
255 454
65 185
393 491
305 449
268 457
2 28
107 261
290 478
87 165
33 51
16 248
115 194
206 268
45 143
154 442
7 18
392 449
39 464
144 146
336 473
152 418
174 460
366 471
259 296
148 164
86 280
202 499
153 167
169 222
81 345
37 60
10 224
26 458
48 49
107 321
142 207
216 389
182 274
60 289
32 80
51 390
23 154
157 193
98 349
403 420
60 171
114 163
306 365
345 493
285 417
160 403
27 420
205 344
315 454
149 267
30 500
22 207
170 418
135 459
135 473
461 489
239 317
38 304
200 344
122 428
332 471
298 458
128 273
330 365
421 486
45 196
225 440
413 465
156 367
215 296
364 378
313 400
131 456
180 445
158 171
129 194
364 458
53 289
172 187
117 196
78 443
118 315
81 115
153 155
99 181
241 427
21 353
262 483
144 320
273 337
295 396
182 252
14 421
425 500
133 279
111 182
248 273
188 304
177 437
265 318
114 485
323 414
93 103
37 403
235 346
44 249
105 274
15 189
66 261
6 397
247 489
46 363
4 453
185 367
422 461
93 305
268 287
126 371
92 135
49 313
311 341
59 298
53 429
29 457
121 171
435 476
8 456
367 495
175 334
308 389
316 450
359 436
110 147
31 50
81 363
98 340
217 371
303 356
387 455
291 400
377 409
162 314
32 119
169 195
252 402
397 498
126 462
82 105
152 497
154 413
371 373
238 395
86 208
218 442
38 258
312 409
60 68
171 197
19 60
120 213
339 346
428 430
347 411
299 329
27 203
341 359
24 406
243 273
404 459
367 413
17 45
8 29
149 174
229 276
117 313
139 433
7 360
45 48
237 491
287 367
484 489
6 499
51 248
254 427
75 202
180 372
463 471
186 408
89 140
327 347
28 56
91 278
384 434
120 436
406 457
87 375
248 475
174 270
334 459
186 461
319 342
181 459
51 201
443 483
246 382
2 79
258 309
219 353
11 332
306 351
93 382
39 110
130 205
51 490
119 408
314 446
99 280
134 141
57 246
87 298
382 391
425 457
36 234
251 421
111 424
28 68
323 411
146 317
4 340
240 320
17 156
37 419
45 278
206 283
135 403
44 471
9 136
207 299
150 453
347 408
10 500
12 360
56 328
5 105
283 481
91 231
16 159
429 498
397 500
9 384
111 170
26 169
164 424
385 388
11 282
142 386
28 484
157 462
321 332
85 485
196 369
15 405
21 238
33 245
71 456
8 66
320 401
164 200
32 73
225 279
64 291
232 336
162 438
251 480
332 459
274 450
169 392
126 310
171 342
5 173
163 416
125 185
367 426
116 263
351 421
267 414
238 298
71 200
180 263
330 404
200 369
365 500
430 491
90 105
226 496
226 268
31 165
382 493
155 401
83 124
126 305
38 415
497 499
186 444
114 196
49 175
109 334
76 419
237 299
41 467
292 397
287 300
265 367
17 258
249 357
13 55
65 463
339 365
160 338
159 491
31 124
78 272
371 485
24 323
20 299
288 392
156 238
96 470
253 266
67 350
117 316
101 259
81 202
28 103
278 455
6 150
267 401
187 451
106 399
238 285
20 400
91 412
134 373
129 435
84 132
46 290
2 17
300 408
54 473
130 213
54 311
134 305
10 176
46 425
156 205
201 417
169 481
85 273
298 338
21 29
40 126
119 478
330 383
63 463
155 385
392 460
25 297
95 278
129 382
33 164
194 495
319 330
42 82
39 95
199 202
141 258
45 114
106 447
99 448
137 452
49 173
48 60
136 200
471 477
58 106
269 310
427 473
183 243
194 197
375 397
174 242
228 286
316 386
186 443
224 332
318 384
140 351
172 485
39 339
8 396
97 180
155 242
13 398
17 102
109 223
129 136
200 447
367 388
55 210
8 211
96 497
170 356
2 92
82 218
130 288
81 290
213 220
320 336
28 329
235 249
110 395
121 471
139 217
79 151
131 414
100 333
303 308
468 500
454 480
58 85
68 184
191 272
37 478
371 398
90 278
112 500
32 49
179 441
4 412
183 317
64 405
227 233
137 208
87 335
76 155
198 329
302 480
15 412
192 320
197 431
317 442
99 294
327 496
405 414
359 476
244 364
72 155
227 257
129 208
207 391
5 341
179 185
153 366
358 384
241 384
53 186
92 278
33 175
317 459
306 464
210 399
112 350
260 343
181 490
152 225
295 468
403 491
259 444
12 90
232 393
235 475
20 127
76 429
71 80
166 333
388 482
169 183
83 224
7 350
226 461
19 189
76 413
440 497
193 472
303 408
210 389
168 187
346 480
230 462
168 368
112 491
144 397
140 320
167 289
150 271
111 487
52 131
314 395
129 342
152 178
440 445
170 209
190 373
24 297
126 286
283 422
113 141
329 490
121 248
64 402
134 319
42 131
334 427
422 495
46 262
8 351
349 461
1 56
30 257
106 284
34 483
62 463
132 407
34 82
76 444
363 474
27 187
14 424
12 91
256 484
53 227
386 468
415 477
27 288
142 407
79 468
411 427
62 169
100 309
1 344
13 217
235 286
23 48
1 17
62 413
339 441
170 286
232 389
4 248
124 169
103 347
67 297
236 272
68 128
413 449
2 254
143 409
210 422
11 437
4 314
310 490
170 467
46 319
247 287
12 405
349 428
85 131
225 307
237 397
158 469
60 296
8 376
96 166
11 118
16 111
209 462
149 358
163 326
53 268
238 499
50 309
22 436
222 444
181 332
149 491
119 208
367 399
4 272
259 498
288 304
385 411
288 484
41 131
8 441
98 488
9 409
37 145
59 290
59 354
359 497
16 466
96 175
89 361
199 471
132 379
392 435
13 269
28 194
5 407
155 327
93 432
173 465
52 222
355 469
31 117
188 337
214 338
20 72
198 425
28 325
274 473
57 111
135 276
163 478
36 334
37 232
184 205
215 422
182 268
72 101
384 499
54 146
264 426
228 482
248 311
110 326
315 355
253 290
113 490
438 450
70 233
419 491
201 206
377 383
264 498
91 190
101 463
20 450
108 452
98 391
267 482
248 298
341 344
123 155
186 330
96 191
32 151
157 495
9 486
274 434
107 199
112 430
50 320
10 379
121 311
213 300
222 381
22 42
198 444
247 433
228 305
245 277
8 276
2 305
325 335
9 35
249 465
218 380
247 384
273 307
37 124
84 456
24 128
32 214
387 487
363 456
248 488
97 458
126 233
181 232
203 297
163 372
214 429
153 221
100 206
104 364
189 416
404 455
117 275
133 465
54 276
62 221
242 415
363 437
11 87
255 258
264 281
5 57
17 234
214 290
287 423
33 308
419 426
162 425
307 472
12 127
434 463
30 294
228 277
401 469
34 479
57 470
335 350
202 315
75 216
14 59
138 266
321 384
98 199
18 86
351 359
91 251
37 423
376 471
166 452
33 226
163 339
176 424
166 183
122 306
386 447
217 478
227 417
3 219
289 352
410 486
379 443
159 373
11 397
307 322
64 115
198 452
189 304
311 392
130 487
46 160
316 463
255 268
65 471
231 361
177 274
179 255
281 300
9 425
27 435
170 189
336 419
72 462
263 341
101 217
109 325
99 118
202 404
138 344
138 428
158 321
19 278
263 475
194 234
345 416
130 314
208 375
139 155
271 293
14 58
5 73
79 261
210 489
114 233
114 260
332 418
312 479
12 231
175 418
96 221
14 484
41 459
160 356
405 485
303 397
404 479
452 486
13 198
33 274
4 305
73 387
275 453
205 230
22 242
154 200
123 169
50 180
106 238
147 152
318 376
70 85
198 358
270 321
74 408
95 132
38 478
76 365
378 456
260 278
158 439
81 116
45 400
211 369
374 439
112 207
4 48
50 186
69 104
177 477
5 402
413 456
74 220
2 356
156 469
60 425
184 273
191 406
20 436
128 245
168 190
184 475
20 289
78 157
84 346
12 120
87 202
309 416
49 166
101 293
117 312
201 325
49 206
75 245
303 320
246 437
392 396
195 393
362 454
333 388
256 427
40 274
171 329
15 420
146 161
295 325
149 156
83 288
258 376
138 206
284 377
32 411
38 57
219 423
236 277
137 153
139 310
250 468
207 456
98 377
114 287
99 385
251 399
141 429
181 368
204 224
222 468
44 307
126 155
87 467
143 150
69 107
71 122
14 53
89 196
86 484
347 486
331 341
5 184
434 442
381 421
102 163
359 360
174 240
450 493
230 458
458 483
54 428
243 268
85 397
91 348
104 333
266 486
340 347
153 361
143 441
167 230
189 338
113 210
47 396
269 340
332 349
295 384
48 500
110 187
97 286
162 288
89 370
121 398
158 401
238 269
360 415
25 444
21 106
202 452
169 359
207 465
132 369
226 365
81 86
259 302
316 426
83 153
240 409
60 167
127 324
17 227
32 58
270 310
228 475
104 356
434 457
132 159
161 337
104 393
271 366
186 340
184 389
37 406
36 189
212 215
377 497
292 302
144 207
321 423
434 478
163 237
120 241
11 406
293 491
135 393
24 203
65 320
36 109
187 399
189 204
199 380
344 396
44 424
221 355
34 172
9 61
224 290
133 219
147 180
264 425
425 431
218 247
50 304
280 494
285 328
106 396
354 474
183 197
382 435
37 341
134 465
66 474
64 155
199 209
37 183
84 188
173 466
72 367
4 47
134 242
193 368
60 445
2 167
168 202
185 333
255 299
375 484
230 494
178 307
142 491
14 252
70 195
216 458
307 392
287 465
48 413
208 486
287 416
182 452
308 467
78 457
13 169
350 488
205 264
283 292
69 262
335 370
109 256
33 114
12 438
192 204
235 442
441 450
358 491
402 477
20 246
227 280
91 491
21 37
68 233
10 116
249 387
32 277
51 495
95 357
171 475
49 61
265 286
20 190
133 380
443 482
285 346
79 489
221 411
202 223
103 476
36 486
41 262
17 47
194 196
151 199
176 484
108 333
291 313
107 197
168 349
58 369
106 279
125 447
179 256
379 486
221 357
251 400
203 360
103 461
241 279
82 295
115 466
97 425
114 481
125 305
23 161
41 448
293 431
77 168
79 87
5 267
62 309
119 159
119 328
179 455
126 238
127 365
333 453
114 374
81 428
339 465
27 91
329 349
229 420
194 407
367 476
113 121
189 459
69 337
393 459
27 134
76 148
242 488
434 465
196 492
227 332
418 495
6 313
373 423
133 298
452 499
144 473
146 405
267 268
93 325
179 417
15 463
62 237
57 439
158 493
249 399
133 362
81 455
151 261
23 426
80 285
36 476
7 137
197 394
98 393
298 315
53 361
130 194
220 246
367 492
89 186
93 145
164 432
80 377
79 259
3 12
257 259
81 446
131 407
297 419
244 273
48 155
119 162
292 366
9 369
45 203
165 354
9 89
50 470
94 174
55 151
374 452
8 124
252 326
369 382
121 440
26 196
353 384
159 320
296 380
19 337
110 406
262 442
96 258
200 372
306 418
34 163
430 445
32 381
3 384
142 320
279 285
108 217
70 474
94 160
304 443
362 455
21 201
459 494
367 398
181 263
11 341
33 499
356 436
1 394
8 158
321 475
247 333
89 307
84 342
127 402
292 470
152 347
205 241
201 432
304 417
242 473
29 430
221 303
104 396
152 488
158 411
23 386
56 249
59 465
235 335
291 448
95 371
300 327
111 273
98 442
351 471
183 356
6 288
13 178
51 343
331 470
235 463
66 257
58 214
198 239
196 391
24 40
51 183
52 179
399 470
118 266
289 429
97 389
364 466
288 370
141 216
377 407
89 381
62 223
127 276
266 394
177 276
1 427
106 281
26 202
301 465
424 483
90 498
312 437
21 293
386 421
143 315
198 467
140 312
64 217
121 462
63 280
384 389
210 394
425 447
208 318
157 375
266 395
204 338
214 313
222 322
53 366
147 311
55 291
385 419
140 256
43 143
271 348
158 308
152 155
220 344
225 391
22 102
38 327
34 89
350 440
142 301
216 374
305 442
49 317
151 463
246 445
3 235
111 435
211 343
57 451
141 163
139 301
30 306
266 355
370 494
53 337
168 331
126 239
353 378
279 465
14 97
149 402
46 234
7 396
8 172
123 388
337 407
349 382
57 483
254 474
115 443
85 154
103 161
161 358
257 445
369 456
302 305
275 410
271 479
6 116
179 477
383 455
94 271
156 493
248 306
16 64
15 183
384 410
233 493
279 475
196 383
34 317
304 374
179 354
336 481
331 497
95 319
105 483
51 122
230 390
434 472
42 120
12 221
36 205
457 467
199 355
282 361
40 55
57 266
27 352
255 293
378 457
83 469
21 370
451 500
262 361
31 199
15 120
56 487
3 24
62 401
59 292
136 394
183 355
124 222
92 413
48 321
33 179
198 343
344 382
250 322
41 325
247 466
106 331
56 393
24 64
269 292
27 120
339 374
199 223
148 243
338 417
183 261
287 406
329 403
199 283
452 464
93 479
182 304
136 338
130 259
48 56
224 350
369 383
297 365
276 394
182 279
52 89
166 457
102 144
84 274
45 388
252 441
316 447
99 446
277 474
111 313
207 404
313 452
65 122
65 497
16 432
155 186
270 381
101 368
157 215
285 491
37 388
94 164
16 206
21 155
102 348
289 351
105 178
301 310
74 357
176 493
211 386
173 232
96 430
213 433
9 422
267 339
357 453
226 428
150 204
109 327
12 467
23 466
437 457
145 444
148 201
165 246
221 299
144 239
9 101
295 304
188 422
450 464
8 273
272 342
223 258
367 417
69 489
33 136
209 344
36 459
19 376
239 309
307 412
6 70
150 382
194 404
31 451
314 475
339 474
13 349
68 294
191 221
5 359
250 265
124 386
189 446
171 311
63 208
360 401
8 163
5 44
4 39
153 335
252 281
238 349
274 495
58 341
403 465
113 394
1 137
173 222
382 418
359 474
393 454
435 470
56 73
311 323
73 391
412 495
183 393
192 314
177 322
3 313
443 444
121 341
19 404
393 451
108 318
146 421
232 350
94 337
93 249
222 441
94 294
242 306
444 499
336 353
2 46
99 403
350 381
260 283
253 403
113 320
293 378
108 124
4 324
5 276
209 385
11 107
48 125
58 410
310 382
479 484
148 313
383 424
170 283
380 498
280 358
106 467
163 181
83 410
338 447
281 476
314 469
241 398
55 327
101 372
146 470
117 248
60 393
315 451
129 204
223 411
303 493
409 450
221 440
154 379
51 375
301 323
92 302
225 415
322 421
150 287
32 61
189 347
248 484
74 213
80 157
304 394
171 398
309 312
66 481
95 290
326 480
84 149
64 74
108 271
202 278
110 253
20 366
65 271
348 378
17 376
53 472
246 378
275 360
113 255
221 223
113 171
48 291
54 109
434 445
319 457
85 289
135 182
299 429
87 248
247 490
45 155
391 424
176 446
303 404
29 130
62 290
391 447
104 150
146 234
388 450
282 450
53 226
221 421
120 301
270 479
148 225
75 237
294 487
104 436
141 282
35 201
269 305
60 108
304 441
55 180
26 201
188 458
75 248
191 484
57 147
337 500
321 397
88 311
89 159
44 302
51 276
288 297
357 477
251 354
164 349
377 398
49 142
393 446
200 382
22 231
165 261
209 409
197 262
210 354
308 468
239 444
2 351
90 155
307 334
69 329
15 461
478 492
8 275
404 460
189 310
136 182
403 471
93 342
220 448
223 238
314 456
294 353
158 488
58 217
45 428
15 140
303 324
331 382
28 415
274 403
189 219
159 404
171 224
194 438
37 393
80 220
203 276
18 19
360 379
199 479
24 186
37 391
66 434
215 449
116 159
90 338
163 317
154 471
82 489
45 318
85 173
128 296
83 165
159 174
235 387
70 84
72 385
76 172
190 233
156 170
207 349
67 240
230 328
68 295
321 370
97 280
131 485
127 380
301 482
227 230
318 450
86 467
2 147
97 355
36 444
123 452
315 319
120 149
283 362
241 261
127 483
229 272
75 322
5 204
7 418
315 339
24 124
247 381
465 497
219 394
300 316
132 489
80 368
67 70
252 455
44 229
136 202
344 489
127 286
11 296
67 270
63 277
56 68
47 86
40 392
341 417
38 199
95 102
94 283
69 464
283 318
206 291
199 240
238 302
141 465
7 48
217 413
21 245
129 404
35 475
101 188
157 276
100 120
99 170
75 200
26 422
117 484
175 469
39 459
88 426
107 498
216 283
63 152
401 480
156 393
345 443
293 328
29 451
208 362
72 311
393 408
127 151
80 218
209 311
222 261
340 420
275 358
244 311
139 367
22 124
125 358
254 371
151 333
378 412
356 394
205 260
298 446
335 399
45 97
248 378
81 108
171 221
33 324
22 370
174 253
128 342
268 300
272 433
321 470
85 256
228 441
202 498
287 405
41 200
255 473
139 424
265 289
371 448
355 453
61 312
300 488
156 487
350 413
423 436
79 199
293 420
38 146
21 498
218 458
264 491
126 439
126 467
38 244
149 188
269 476
273 289
219 441
9 44
62 144
37 347
22 304
129 379
409 447
235 267
399 408
36 207
27 64
164 371
119 238
131 445
342 373
239 330
140 175
252 270
60 374
125 347
99 434
263 481
36 283
4 319
289 321
181 405
472 494
91 496
321 330
181 347
319 423
127 326
146 222
273 488
204 499
51 198
174 408
154 335
130 363
206 498
349 492
333 436
258 497
100 369
296 409
83 344
54 457
262 364
39 185
130 146
174 367
248 497
171 385
312 486
339 493
126 453
114 316
282 468
280 311
399 411
120 167
169 228
113 188
97 422
419 465
151 473
175 246
154 393
405 464
35 489
207 259
4 99
53 105
267 365
433 473
340 471
93 284
110 469
57 129
340 493
318 405
163 174
50 310
42 50
80 442
211 322
52 58
117 119
237 267
169 193
57 373
43 463
314 491
79 279
55 331
43 275
413 467
141 439
364 375
183 388
247 325
75 390
58 187
130 290
166 195
34 193
175 483
21 60
94 252
293 305
86 224
122 412
14 256
132 142
332 379
246 492
224 450
94 500
208 274
134 356
111 486
30 365
49 52
211 276
55 250
15 171
72 154
81 321
432 470
316 432
26 231
223 458
258 368
53 419
48 412
112 429
123 315
6 76
97 210
295 302
42 405
61 109
148 329
8 231
7 487
181 278
193 267
210 322
28 460
242 368
147 402
61 465
368 443
270 449
32 126
98 183
293 330
129 198
32 185
176 464
14 30
25 230
1 286
201 240
262 475
202 440
109 389
39 470
291 497
300 456
283 467
73 174
23 185
411 478
311 349
329 335
93 233
50 155
109 364
117 447
60 143
209 225
380 495
161 242
187 443
14 341
98 423
352 367
308 331
176 420
183 266
28 189
193 346
2 439
16 167
273 282
117 276
166 220
203 205
307 338
130 179
13 164
337 360
250 335
195 224
437 456
308 471
156 475
42 178
22 483
11 377
21 129
215 279
177 241
176 332
373 401
331 356
12 255
114 206
254 359
143 256
178 405
249 370
103 199
112 117
36 50
5 157
307 348
81 258
133 240
25 129
101 211
153 355
221 233
183 441
123 284
239 445
168 490
92 264
96 245
76 394
368 405
345 394
355 421
96 210
131 208
111 391
257 357
70 399
202 300
26 133
8 436
203 285
214 449
341 478
23 310
69 95
13 281
134 142
168 306
108 188
124 473
346 413
252 488
155 374
352 463
70 243
221 456
13 179
97 303
237 469
89 421
107 137
126 204
425 485
236 420
387 470
368 417
142 354
183 368
8 106
155 362
84 440
217 445
61 471
1 59
200 420
439 472
166 356
143 488
245 437
372 472
18 378
17 166
84 338
84 194
118 325
47 293
376 458
355 425
172 404
329 487
71 156
262 297
97 262
165 460
158 489
162 234
423 445
158 253
132 423
90 151
69 468
82 323
60 213
1 157
281 406
81 397
149 340
200 244
186 257
213 295
337 487
97 166
148 223
322 494
28 121
250 442
193 410
86 498
317 397
310 484
267 472
357 494
65 190
81 408
241 306
208 211
189 393
25 405
13 294
21 312
33 34
257 367
54 170
50 325
294 442
222 455
466 470
343 388
43 388
144 392
79 110
56 343
8 234
13 437
246 388
50 211
30 284
286 416
211 479
19 468
112 454
236 449
189 205
117 202
96 268
190 249
66 192
95 175
150 477
99 447
390 485
444 468
125 318
404 461
33 252
255 307
239 351
137 197
182 257
100 406
136 287
255 432
261 263
282 330
76 472
110 219
283 469
59 272
138 178
253 387
90 133
133 140
197 333
399 422
138 315
311 414
330 473
8 287
70 418
432 462
345 346
58 268
304 456
84 206
307 451
112 338
150 193
382 413
230 472
175 388
316 344
392 493
407 479
168 342
29 87
70 475
193 280
316 469
87 311
56 71
447 460
81 346
116 445
396 468
267 494
167 438
88 194
2 21
383 399
296 343
380 419
142 370
165 369
66 323
138 341
38 423
212 224
70 482
73 418
175 450
62 101
118 473
89 422
16 211
139 219
100 431
96 381
408 442
72 402
52 341
88 244
30 68
217 397
446 453
32 425
452 467
406 428
350 367
84 181
300 410
120 323
60 316
9 265
207 362
269 434
59 133
29 478
172 259
23 208
283 301
220 240
134 334
17 76
177 222
16 276
427 431
102 236
375 466
45 280
44 377
166 217
273 336
23 74
10 392
195 262
226 425
214 322
384 473
87 358
283 492
205 466
138 346
30 382
257 382
482 489
107 499
20 34
66 130
236 430
137 247
126 292
347 383
92 269
232 414
303 331
156 376
130 377
212 228
118 156
170 203
324 401
154 284
37 365
40 315
256 294
157 364
50 340
93 268
6 351
176 454
206 455
160 341
355 364
111 404
340 354
139 437
91 150
90 343
6 286
317 443
312 401
254 423
32 412
33 70
87 317
82 430
216 498
253 293
152 263
252 347
73 132
137 367
129 275
135 302
303 382
181 423
208 484
248 402
32 179
16 343
491 493
71 259
275 448
289 497
32 78
137 477
241 488
427 447
207 298
219 422
142 290
90 179
224 340
11 66
282 291
146 395
37 126
43 394
377 433
260 382
267 324
212 369
428 467
21 500
84 393
7 339
209 376
75 99
118 335
113 176
363 398
37 375
2 410
205 233
78 150
5 497
409 441
241 389
164 403
251 307
54 445
148 355
101 296
146 391
283 327
23 459
471 487
201 474
81 217
182 477
329 422
251 351
359 477
245 294
88 443
20 308
210 481
12 19
49 157
33 261
335 438
72 457
69 115
28 238
295 429
92 356
44 392
352 366
215 450
322 468
62 238
146 329
208 436
308 474
396 410
18 422
119 386
111 336
92 491
117 482
23 331
402 410
56 316
357 361
303 378
64 134
258 286
54 323
205 321
42 119
247 413
102 382
112 168
98 438
32 283
97 263
301 410
70 92
114 441
219 485
38 47
3 126
24 39
393 455
104 335
16 222
7 461
41 310
294 458
155 234
7 269
295 354
235 454
223 285
190 376
392 417
160 277
229 476
133 201
20 97
212 473
43 274
86 180
193 274
198 365
223 272
333 379
98 484
154 481
223 396
253 323
78 482
126 274
338 481
149 410
53 388
83 363
266 471
36 377
239 442
62 91
53 417
134 278
376 402
19 237
34 165
357 491
22 303
347 374
90 256
309 494
111 279
156 445
312 436
179 421
37 317
368 486
8 205
161 241
31 182
99 380
199 423
79 362
383 466
79 258
415 472
268 315
1 99
150 436
209 317
30 260
104 346
223 298
148 325
321 409
182 396
139 201
36 78
213 251
180 404
6 278
335 380
313 475
41 199
267 415
92 307
106 267
98 104
165 257
394 466
70 86
112 410
232 395
324 362
16 33
67 253
424 458
148 433
153 283
47 201
301 346
198 207
245 326
99 290
336 474
253 391
88 247
234 388
31 172
2 41
241 415
310 317
46 108
285 440
131 133
93 192
95 248
83 336
109 321
89 459
190 497
296 395
67 177
18 205
304 469
250 406
7 311
290 343
277 299
162 461
213 414
390 441
8 493
232 248
48 325
383 489
50 417
437 451
194 358
124 274
411 457
46 235
193 449
39 469
115 143
270 335
73 122
232 314
102 305
28 346
374 391
133 426
222 278
118 219
124 226
112 216
157 273
46 379
134 359
230 444
95 226
99 153
219 328
184 240
89 494
228 410
147 162
392 499
73 464
7 243
4 341
114 398
143 241
177 381
73 264
206 260
14 344
196 334
75 316
301 375
72 397
148 184
202 212
115 318
103 367
205 438
428 447
406 480
199 418
175 492
278 391
242 447
275 477
2 196
77 103
171 277
249 261
10 210
18 51
434 479
211 344
204 394
167 477
194 241
19 466
41 293
200 476
74 476
220 386
33 461
67 479
71 95
398 477
189 331
229 237
339 438
150 176
244 302
283 462
85 132
334 380
365 450
22 353
100 500
414 420
27 405
17 73
227 287
270 279
114 290
360 392
354 426
346 466
126 140
161 419
56 345
234 277
118 224
213 395
222 228
61 200
37 395
66 456
252 383
108 482
272 384
102 292
3 361
302 365
143 378
244 450
160 218
100 342
227 435
63 209
257 439
164 347
44 120
191 279
44 264
223 436
247 461
54 101
182 493
360 487
124 484
17 118
167 304
351 435
25 454
168 345
334 471
294 425
245 344
132 347
130 236
350 451
200 321
138 167
253 328
217 471
92 148
97 399
336 447
50 402
388 418
93 198
303 384
159 498
219 459
146 307
430 492
82 487
168 492
88 383
319 360
197 497
318 394
310 399
336 408
219 458
425 490
86 425
77 84
7 132
48 430
237 421
125 492
9 290
244 378
214 473
126 340
251 449
33 126
354 370
207 223
86 245
28 87
115 153
381 389
2 160
167 281
282 312
20 22
47 121
290 376
58 489
117 448
148 176
219 266
333 362
3 390
25 374
187 282
179 186
219 490
297 332
26 397
39 437
80 353
87 198
52 120
44 83
262 344
287 329
122 420
279 322
370 479
224 384
205 231
148 159
166 223
218 447
97 418
120 122
286 414
184 375
19 485
145 236
277 460
88 418
75 396
126 339
223 499
33 331
9 442
271 302
83 241
109 378
265 361
121 231
61 331
238 496
119 161
59 282
131 152
287 441
35 64
181 199
60 177
89 377
77 217
121 401
15 457
54 228
19 65
222 414
23 170
166 277
19 104
215 266
81 286
86 353
218 225
43 96
52 369
1 186
51 413
252 421
72 136
168 350
303 322
189 215
42 152
33 430
315 475
94 367
8 105
55 427
27 171
15 202
70 198
56 107
191 446
72 370
351 425
193 335
3 432
108 221
265 274
417 430
117 136
30 70
83 201
283 456
164 180
291 383
166 352
141 386
157 252
160 371
1 302
346 358
55 439
255 329
19 373
100 354
158 239
233 478
282 385
245 371
271 279
74 199
330 347
161 418
342 383
12 169
188 464
104 344
127 383
50 266
167 464
449 500
72 159
76 326
12 121
135 203
30 328
62 337
113 495
103 189
227 234
125 145
57 97
314 455
23 383
7 160
311 372
152 362
125 198
290 405
1 62
165 410
254 411
374 436
156 241
267 389
290 351
29 229
242 262
293 402
283 340
68 394
208 363
10 23
160 322
3 334
300 366
216 416
225 404
260 347
13 255
155 212
85 334
27 96
207 462
369 499
314 487
41 387
56 347
209 475
232 492
77 480
63 218
283 370
87 141
397 460
227 336
1 30
99 254
149 459
37 143
351 393
67 425
211 279
91 280
320 380
95 473
25 45
17 288
199 450
204 434
192 444
308 423
37 245
380 478
61 380
6 402
21 220
68 341
56 154
23 335
414 486
377 429
239 370
2 107
141 455
130 396
49 488
262 268
92 440
245 408
270 324
262 478
28 453
399 405
24 286
1 465
190 355
323 449
405 442
308 475
71 254
455 479
225 240
56 298
201 263
236 262
54 96
67 420
53 301
223 299
169 371
162 244
29 353
20 151
109 466
181 194
237 365
299 437
136 405
183 422
212 413
72 215
268 455
264 470
123 455
102 165
382 497
31 224
401 457
39 408
30 48
197 416
143 264
312 366
133 345
318 481
11 183
214 347
39 348
73 434
334 349
289 396
171 352
181 275
329 389
8 60
77 211
317 482
354 433
341 416
192 468
396 431
57 270
11 96
70 172
132 180
141 175
222 439
87 446
26 367
69 172
277 293
83 455
6 497
135 283
11 392
122 214
68 349
233 257
18 341
433 451
343 411
6 490
214 235
1 41
207 322
66 290
90 497
328 361
133 277
49 490
66 225
275 478
327 361
306 401
24 73
316 444
99 215
22 406
289 400
35 482
318 490
14 330
156 360
159 409
245 284
198 327
382 491
36 382
218 238
68 312
179 393
217 443
149 227
63 213
412 463
273 332
24 345
140 273
180 405
21 25
310 400
289 391
332 351
265 450
103 303
86 127
247 409
192 495
277 389
328 497
268 320
256 464
155 272
195 435
12 296
386 496
37 461
376 450
337 457
414 495
391 396
68 117
62 420
47 473
87 247
104 242
152 266
98 305
36 154
437 480
68 145
371 392
283 424
253 416
20 364
119 137
408 446
152 226
206 314
5 61
171 346
70 409
445 478
332 492
102 208
140 295
324 397
194 237
37 141
165 241
29 469
315 380
463 474
31 262
296 352
59 284
44 228
227 472
80 355
47 144
30 249
213 314
45 445
225 484
322 400
33 221
21 149
157 239
228 494
18 344
17 148
298 487
249 296
395 492
42 408
157 261
360 370
205 496
179 456
313 325
81 497
165 226
426 428
164 468
55 216
85 171
109 268
84 450
393 417
383 473
125 408
218 340
442 490
464 470
168 458
158 255
141 304
72 143
186 385
453 459
36 472
22 394
204 242
337 374
59 291
405 452
35 204
143 206
74 115
249 491
74 111
148 211
261 483
289 330
53 304
306 367
14 387
237 347
76 149
158 184
189 327
175 463
108 426
272 483
304 452
296 388
74 453
115 327
92 495
61 77
22 292
170 377
176 306
116 237
63 331
84 256
8 143
10 490
51 73
102 418
294 498
22 196
125 381
174 346
294 473
449 461
110 283
57 301
83 466
355 487
391 486
286 491
42 127
370 381
6 292
55 197
13 389
69 197
217 249
46 233
384 401
241 461
83 106
183 423
140 461
206 272
268 408
15 393
351 354
339 476
41 270
152 353
57 424
66 79
227 343
254 397
262 400
184 401
389 423
41 431
98 119
52 196
448 484
21 139
98 405
105 168
117 213
77 214
69 270
115 420
179 422
45 178
286 485
47 289
149 177
51 353
7 174
57 139
64 169
201 470
290 401
117 242
382 445
188 366
73 290
175 351
285 385
37 40
293 321
163 439
116 157
26 97
201 471
360 393
177 312
209 418
142 201
150 387
92 260
308 485
274 395
337 342
155 413
10 418
196 488
251 278
228 388
213 329
159 229
106 248
261 454
150 178
131 240
28 124
288 344
192 271
143 185
224 390
275 480
274 418
138 254
129 226
40 474
323 329
368 472
59 443
77 232
383 390
360 381
183 447
183 352
281 399
97 367
79 323
111 237
55 155
60 434
93 371
409 414
384 397
12 123
213 216
256 436
413 461
233 496
62 110
65 461
110 223
38 447
194 345
152 287
177 480
211 438
101 106
29 436
175 363
263 410
82 404
135 456
395 486
74 392
64 306
173 196
145 224
7 90
262 423
16 151
240 438
9 62
51 52
104 355
62 357
6 344
312 379
115 363
301 364
33 71
163 498
14 444
124 385
80 100
113 187
50 484
161 496
315 417
127 457
138 466
43 79
216 492
56 87
210 393
98 168
118 181
127 352
15 479
145 347
240 472
199 441
117 358
185 203
37 488
32 258
115 357
306 347
406 494
44 48
130 463
62 339
217 264
401 470
35 428
112 244
44 242
55 193
64 190
199 299
77 126
142 463
340 385
288 470
142 477
383 474
150 418
263 366
47 318
117 164
67 239
214 304
239 437
52 140
294 334
203 283
48 280
93 121
364 404
103 127
28 233
120 227
277 318
213 396
175 422
116 287
304 337
122 344
234 458
160 492
55 189
125 180
257 381
8 261
153 382
60 466
376 433
29 196
166 492
48 306
80 326
326 498
363 461
65 299
378 397
26 425
160 225
41 471
149 492
186 263
68 179
304 472
104 191
225 265
115 193
226 378
290 412
30 479
180 363
67 353
171 485
109 255
200 419
403 480
45 315
162 192
62 472
121 361
380 442
399 434
207 279
17 143
67 314
33 285
169 499
405 409
29 33
34 45
212 309
8 431
137 164
357 396
457 487
29 173
35 205
71 324
39 300
65 81
93 214
78 304
386 478
453 469
89 383
195 349
172 498
142 324
152 486
255 363
109 338
240 250
18 34
66 281
157 367
101 351
403 419
45 70
61 492
165 408
264 424
223 233
31 457
423 429
56 246
239 458
23 125
76 193
47 98
171 242
340 456
115 130
62 243
91 282
162 389
113 452
39 243
32 463
50 217
172 488
168 193
137 298
370 434
4 470
10 361
114 341
263 377
102 427
487 488
322 430
106 173
96 329
246 306
228 361
179 232
354 482
120 457
313 491
29 413
210 285
39 305
150 474
26 479
11 287
120 204
105 294
176 204
192 290
95 351
145 171
152 464
122 343
115 450
62 368
130 433
17 175
30 399
165 271
221 397
55 156
362 441
258 407
396 412
87 399
138 271
102 170
92 390
106 272
312 322
91 308
90 242
54 454
136 493
136 492
186 302
72 458
177 226
274 340
177 291
30 263
283 303
33 159
18 282
129 300
219 263
173 283
53 440
185 419
301 400
48 79
294 376
98 417
162 256
83 484
84 294
72 256
355 390
254 419
84 232
65 392
111 413
129 325
76 325
189 414
284 382
75 351
89 337
37 305
122 311
185 242
254 403
25 198
387 477
293 443
91 460
8 387
103 222
198 498
128 199
68 196
15 82
10 258
304 489
71 367
39 328
12 214
185 475
50 374
198 309
54 165
57 300
144 268
206 354
203 427
37 291
180 235
29 239
61 275
263 312
53 264
67 302
187 214
252 309
66 249
179 429
207 326
42 153
271 384
136 441
61 408
341 450
25 324
255 493
182 372
69 398
112 268
53 167
74 444
146 334
187 351
300 474
62 164
68 116
320 429
118 486
259 328
250 323
326 495
247 329
67 389
454 463
274 352
19 273
239 276
13 402
78 88
229 496
113 469
76 406
278 487
108 164
201 239
147 491
23 173
192 387
151 295
257 486
16 218
109 225
150 378
375 377
164 252
33 59
198 255
10 307
184 193
226 245
110 229
157 425
7 25
412 457
84 152
51 333
256 444
287 468
76 489
224 267
56 419
278 477
366 409
13 138
70 308
243 367
95 448
52 130
114 306
74 198
316 336
455 457
223 485
52 294
52 412
33 96
122 318
354 381
248 251
384 476
130 164
104 107
92 279
258 459
331 419
378 489
47 454
171 471
79 459
44 483
24 156
235 251
266 410
40 342
122 475
134 293
275 368
403 493
124 266
56 388
287 495
394 403
2 136
278 359
78 206
132 303
45 233
128 160
394 445
120 371
50 458
146 496
58 177
103 113
21 469
133 324
30 437
246 389
125 463
381 465
210 335
314 439
331 423
12 270
200 371
372 378
73 379
66 476
23 485
95 437
303 447
22 133
407 476
418 476
368 388
229 287
58 212
121 219
53 120
121 148
57 164
457 498
479 492
305 380
19 175
187 281
122 303
7 65
166 180
159 196
202 471
63 346
385 495
288 368
34 225
182 293
90 449
126 460
97 417
226 233
176 331
40 302
157 209
70 166
246 330
424 496
411 423
270 493
200 456
276 317
91 391
83 122
184 280
40 450
140 184
21 470
163 384
186 253
181 323
42 60
141 372
364 476
234 379
238 388
165 446
209 352
58 430
284 315
289 377
71 474
118 215
194 246
347 454
310 398
32 47
299 371
403 481
112 351
47 77
76 112
219 379
416 426
63 254
212 283
146 339
150 255
64 441
183 369
45 275
103 151
232 282
99 492
23 116
228 293
297 371
13 94
50 143
126 234
126 201
176 219
42 337
145 437
116 469
278 288
48 361
154 227
137 294
9 283
449 485
128 448
88 481
278 436
277 357
84 273
327 425
345 423
124 174
114 447
304 438
46 59
95 335
99 150
82 391
179 365
316 460
4 275
168 381
82 456
10 97
56 447
205 476
30 150
47 373
238 334
244 332
170 247
142 429
85 253
9 225
223 287
252 431
363 465
420 447
183 320
70 123
139 179
176 288
72 330
78 93
96 172
180 479
104 120
13 338
152 188
40 437
223 279
27 180
419 469
65 456
183 413
235 239
66 284
279 305
123 477
62 410
17 31
268 383
168 241
323 470
61 344
156 248
237 437
331 438
114 184
193 407
151 254
132 363
29 105
393 436
32 432
242 295
364 434
4 342
267 465
343 417
13 180
14 84
24 75
153 446
315 425
83 343
168 487
186 338
411 480
60 72
276 327
50 473
45 408
99 388
208 241
435 483
76 169
248 480
40 334
68 395
82 345
346 467
22 284
39 472
211 420
302 331
71 270
230 375
50 317
262 431
139 375
304 423
274 478
153 204
374 462
471 476
27 242
39 403
235 308
221 273
29 245
215 257
464 468
101 438
281 368
145 198
37 325
39 296
367 394
67 172
38 445
143 483
228 262
6 7
26 459
127 339
47 384
10 436
199 293
418 491
141 188
6 410
101 305
362 401
295 428
41 498
133 471
153 462
144 229
69 120
250 320
302 435
220 359
25 387
392 482
281 306
3 140
135 397
183 321
51 273
49 424
52 273
132 388
134 222
361 476
253 485
25 384
75 485
18 185
86 195
188 288
140 437
336 342
77 234
267 295
193 260
101 264
332 381
164 386
161 484
64 498
54 358
211 375
17 125
279 497
131 252
297 384
212 290
283 344
18 177
51 151
183 280
275 379
153 188
122 192
58 359
69 254
76 276
107 257
270 354
50 231
219 360
21 323
80 455
325 351
68 354
275 296
333 432
379 450
137 448
210 374
165 220
322 386
31 132
10 403
347 431
55 217
316 363
202 346
406 490
247 452
121 386
322 343
40 397
205 499
91 249
297 487
38 251
233 293
117 408
131 165
59 454
210 228
290 425
21 215
60 287
95 438
149 362
112 240
384 456
52 279
29 96
61 148
335 349
171 192
79 247
194 278
223 484
217 283
334 495
159 312
226 266
189 254
306 323
49 160
243 468
47 82
7 81
414 484
189 364
185 425
115 213
63 276
136 367
144 431
63 438
4 273
80 457
207 490
194 390
7 278
18 433
43 473
180 491
299 392
205 442
213 233
105 106
210 286
272 381
405 437
65 163
257 421
31 299
21 175
141 164
141 288
273 310
220 338
38 367
171 413
117 393
433 449
85 244
244 278
221 316
423 492
8 212
134 360
102 385
94 132
170 325
18 100
150 237
128 365
328 481
94 462
17 337
209 412
59 211
239 280
119 152
137 222
334 354
26 225
385 486
281 473
273 325
269 429
207 263
81 83
39 149
298 439
29 220
310 388
131 274
227 338
110 381
102 377
153 477
200 486
200 222
81 111
168 459
146 357
180 313
108 226
230 372
241 395
304 462
371 451
7 29
127 419
280 293
42 181
90 435
306 339
317 440
226 422
369 441
153 376
170 500
297 380
175 447
345 428
181 307
176 225
378 463
58 478
182 256
189 297
337 392
5 254
133 258
412 477
430 473
36 156
174 429
146 403
23 120
403 430
245 310
307 380
351 475
186 358
147 467
47 480
120 162
141 150
76 302
30 376
106 359
77 154
298 438
174 462
300 451
171 341
85 500
117 180
239 333
34 369
6 366
253 318
166 464
254 424
143 382
56 239
176 309
27 354
93 252
97 334
249 351
134 308
321 432
56 332
412 440
122 134
154 327
141 435
114 183
212 477
169 294
296 373
390 426
17 108
67 277
206 284
13 467
105 377
122 182
38 204
204 253
148 372
252 362
170 194
41 217
161 311
415 445
67 88
218 488
288 365
186 310
227 297
94 224
148 183
276 357
439 445
121 267
68 72
3 106
108 220
155 188
267 441
88 212
231 468
34 77
92 417
379 396
208 237
254 463
31 105
165 199
372 417
183 291
16 338
366 465
357 366
111 293
87 328
8 455
97 201
266 456
128 420
290 373
318 427
207 275
301 305
90 358
86 173
270 383
147 253
196 248
42 335
111 411
95 439
256 465
301 433
52 343
55 366
194 301
241 249
269 494
45 376
31 479
302 426
10 123
234 330
135 269
186 490
68 245
114 480
32 168
323 434
88 347
28 255
299 339
153 332
16 452
41 380
202 468
399 420
291 379
103 373
89 470
73 471
5 189
189 420
319 392
87 383
170 464
197 436
134 340
110 198
34 177
170 303
401 500
179 329
14 65
45 158
83 281
356 492
255 436
163 305
15 277
74 487
165 439
353 430
241 382
31 193
28 192
360 479
129 323
247 317
120 198
46 124
309 336
119 487
347 436
222 461
345 384
331 339
30 310
122 365
47 460
73 357
293 341
467 490
227 306
112 398
448 477
354 437
204 415
95 185
281 364
324 452
14 364
93 496
76 231
317 410
380 390
7 293
136 224
181 365
223 404
222 435
33 100
134 164
135 282
290 396
178 273
322 422
59 458
367 464
341 375
91 181
325 356
167 445
157 386
261 392
237 326
144 449
83 445
337 375
37 119
20 321
37 384
430 498
49 444
198 205
203 483
203 429
54 187
21 124
132 311
259 460
368 483
6 213
188 388
92 326
90 444
1 53
216 257
51 200
295 498
214 398
15 307
134 245
468 479
245 253
129 240
13 329
250 311
345 367
282 298
434 496
230 236
270 471
7 28
411 465
242 482
250 363
203 298
49 309
104 308
306 318
61 246
201 321
200 263
83 251
143 153
61 391
181 458
281 427
333 406
9 259
74 363
280 414
275 491
189 260
41 457
392 492
299 447
337 385
158 482
15 323
234 424
44 101
19 181
250 446
311 457
304 363
317 341
120 143
80 333
245 339
291 296
291 301
379 407
34 38
286 349
321 345
374 376
261 478
152 428
78 480
311 442
14 489
275 375
11 333
299 454
60 333
129 344
94 185
72 445
65 250
204 238
416 464
135 277
427 467
286 288
45 332
215 346
158 477
176 385
17 185
330 490
236 395
247 271
125 283
60 375
154 181
182 461
42 261
252 393
472 484
308 449
32 239
205 324
258 297
250 382
60 107
196 298
23 277
79 130
7 59
63 492
84 418
123 234
86 97
312 473
247 448
8 423
107 482
48 283
36 188
2 383
42 140
212 461
342 380
366 464
297 415
228 477
241 416
8 479
49 434
363 377
230 499
108 261
132 341
85 348
135 292
19 312
218 243
66 283
56 359
276 420
61 162
298 453
88 124
152 457
265 483
93 275
97 175
48 316
426 487
353 429
118 413
50 152
57 291
130 335
217 411
108 140
177 405
20 28
283 358
127 391
190 257
252 292
96 248
12 266
41 70
240 453
260 373
97 369
155 359
268 376
36 405
128 303
167 342
435 440
226 397
200 391
82 416
254 267
232 417
163 407
140 410
266 337
184 282
391 415
219 369
372 393
129 307
240 380
303 410
351 477
142 294
26 302
90 138
278 463
313 362
55 356
161 299
140 378
130 192
225 341
268 419
250 485
293 456
60 100
314 468
53 197
436 499
351 428
265 370
212 459
165 287
122 380
247 286
166 329
105 266
10 421
462 485
262 339
300 364
29 228
152 236
7 83
95 308
165 443
23 412
181 431
145 268
392 469
33 127
107 369
343 369
242 299
261 453
235 381
325 379
18 249
169 286
37 473
289 299
393 486
122 398
11 184
178 438
339 498
95 388
125 303
159 225
462 480
105 239
34 197
271 379
305 358
290 321
164 256
36 85
262 466
342 446
130 474
331 448
64 196
134 147
141 445
153 440
183 250
153 452
295 391
318 332
41 130
153 275
246 280
14 75
19 300
109 198
67 245
90 489
478 499
32 255
95 141
163 178
384 404
105 411
106 395
7 191
30 452
175 338
185 198
93 271
127 202
442 484
30 366
99 208
31 364
184 420
128 283
138 484
412 480
127 287
155 394
16 205
142 488
10 142
54 292
203 463
310 415
29 431
338 424
93 167
29 109
140 494
56 387
269 461
274 477
379 414
128 472
128 465
128 458
81 498
63 249
225 456
43 387
106 282
111 219
66 176
72 334
356 399
175 302
161 192
182 410
298 362
80 420
212 242
52 166
198 372
382 385
243 372
192 222
337 396
190 359
127 344
132 421
354 390
134 179
377 500
343 407
362 398
424 443
77 212
102 244
397 456
34 199
110 271
66 221
258 298
195 353
322 396
105 296
40 89
209 299
93 131
292 308
201 303
84 175
160 402
85 111
244 319
342 497
173 417
11 129
61 396
406 476
36 144
150 239
469 486
224 341
45 105
261 367
335 498
97 127
81 124
74 483
88 331
253 465
144 420
236 287
152 325
281 301
163 296
113 307
19 173
2 396
218 239
6 28
37 340
261 405
13 489
263 281
36 221
206 302
149 193
184 368
16 246
115 267
384 398
233 435
125 397
108 181
310 403
28 231
84 135
192 297
78 361
448 460
157 490
221 232
84 290
125 250
134 341
239 258
150 245
242 429
207 408
229 400
211 303
61 444
377 483
88 111
224 473
36 191
127 262
162 441
159 379
115 433
158 274
155 445
20 120
36 134
254 362
158 490
54 334
78 162
164 196
58 414
89 347
178 344
213 363
293 296
434 477
18 410
245 474
63 263
23 476
114 474
167 353
241 300
150 392
479 488
17 443
211 485
7 242
23 128
257 378
194 488
408 439
58 433
61 160
134 275
219 355
441 467
312 493
52 227
354 463
269 296
181 271
36 469
76 199
207 346
206 429
206 490
3 122
110 270
335 403
423 469
296 349
289 361
96 301
39 355
54 422
239 250
218 295
259 405
125 470
53 254
46 113
146 458
89 273
4 25
45 111
3 117
154 472
181 393
339 351
149 419
464 465
88 349
129 495
200 345
234 479
312 424
370 405
218 495
273 279
36 55
9 135
340 362
23 359
119 370
61 245
80 427
82 386
133 251
316 427
270 299
151 301
119 391
172 471
95 461
174 349
93 279
178 338
217 489
27 345
67 322
98 273
262 481
89 352
118 402
23 333
184 318
172 362
260 427
46 346
274 284
190 275
2 242
60 138
12 499
248 272
238 462
371 478
194 252
58 335
198 210
234 489
221 373
27 163
182 230
2 169
46 241
94 304
141 364
161 167
67 439
127 367
459 460
12 194
42 146
155 292
349 442
9 297
211 313
284 354
25 342
12 331
62 330
327 359
7 105
262 462
34 372
301 442
20 406
24 475
384 399
156 375
134 241
15 388
177 457
38 154
110 445
307 469
44 335
18 206
298 351
34 350
14 101
8 317
98 171
30 408
229 413
181 416
339 495
305 373
66 115
83 266
263 433
101 469
173 373
219 346
203 439
363 466
250 351
101 255
115 237
7 375
64 447
417 442
42 476
244 290
178 211
255 482
9 468
336 375
187 299
164 442
265 294
81 347
294 413
244 413
54 374
333 497
298 416
433 490
45 223
105 247
414 446
443 490
166 275
67 152
58 94
189 343
139 464
58 302
87 305
420 472
85 146
57 83
66 72
39 288
271 371
119 368
403 468
107 252
436 452
152 339
443 456
171 275
348 466
190 332
80 178
105 487
165 405
339 366
387 424
125 417
34 321
98 457
187 245
121 485
221 335
259 407
313 336
316 343
21 489
236 438
338 394
90 193
234 466
153 262
158 238
261 497
113 369
195 334
26 105
221 478
196 472
228 440
368 408
199 389
141 204
2 86
219 462
277 458
195 232
251 304
68 419
27 196
39 42
14 135
182 371
154 205
124 471
55 123
231 408
47 244
62 331
320 482
130 238
20 56
244 391
188 323
313 372
107 195
214 246
258 478
315 410
383 436
23 320
35 457
471 500
418 429
144 279
2 231
7 264
370 413
183 216
215 484
110 349
194 351
63 332
71 300
386 475
127 190
219 391
177 340
113 342
390 481
71 459
9 470
161 348
221 436
215 287
24 215
57 387
18 226
56 373
35 145
366 446
47 104
226 391
326 335
120 433
196 213
288 321
376 426
114 115
301 461
132 272
248 390
204 309
121 252
268 312
252 440
70 111
188 242
186 496
54 337
132 205
37 402
440 463
401 477
110 220
236 405
146 427
84 281
231 321
82 225
311 425
59 285
226 262
263 394
447 478
50 380
9 371
171 494
188 272
20 211
228 455
117 438
42 86
115 458
115 199
357 390
131 440
180 412
150 336
101 432
183 433
117 183
287 374
381 467
111 327
315 493
92 180
59 286
235 455
46 432
109 301
97 353
125 317
250 498
312 420
317 496
69 456
163 412
25 92
217 228
221 262
258 269
134 339
437 494
365 381
67 471
97 457
192 417
33 56
55 174
219 361
49 495
343 345
163 427
233 370
282 297
107 120
317 423
190 493
279 325
136 292
197 282
65 192
252 475
160 211
441 459
324 382
150 209
57 385
61 325
292 441
106 286
438 440
400 425
138 393
4 358
5 239
412 436
229 291
66 203
41 224
259 442
383 430
12 328
364 385
232 462
221 467
27 244
81 377
222 466
241 344
54 58
197 265
118 294
233 270
94 377
180 379
19 431
442 464
245 452
339 412
141 424
58 186
63 345
192 491
99 264
268 367
152 220
140 249
121 254
4 37
249 279
88 486
264 345
203 222
286 467
236 460
79 144
24 213
49 286
358 479
95 464
26 496
83 443
340 500
84 130
70 286
355 499
219 403
152 216
222 430
245 435
205 471
32 292
31 248
55 345
164 344
272 452
32 213
40 469
20 45
28 315
408 412
145 202
13 76
144 437
216 298
21 209
39 156
196 206
41 91
109 455
235 374
28 475
278 405
17 367
331 442
19 206
61 414
32 69
136 412
145 278
159 171
367 437
40 41
18 256
171 447
60 485
112 115
332 370
317 491
224 379
109 202
263 270
71 366
190 297
115 319
346 422
308 464
315 482
345 361
328 384
106 416
264 391
42 223
52 331
113 437
463 473
184 326
358 373
109 431
5 314
101 355
21 450
62 236
133 354
69 245
170 351
204 405
434 453
294 488
155 221
269 446
284 466
194 203
209 390
137 344
97 278
79 372
98 327
300 403
29 164
14 500
300 399
192 350
216 378
92 304
2 450
161 472
11 254
167 423
290 318
12 276
57 203
99 348
235 261
235 305
236 412
177 471
150 349
305 431
187 198
31 146
14 67
57 381
125 324
3 362
280 347
230 487
275 338
193 251
133 175
157 478
110 372
210 328
125 193
169 302
151 241
118 123
294 410
161 322
192 485
106 306
428 473
328 403
94 379
371 440
92 340
150 292
366 495
90 272
46 69
152 495
71 420
19 489
343 438
383 480
201 326
100 174
344 428
224 470
221 431
117 266
119 360
139 283
15 409
314 357
141 245
5 142
177 433
89 215
30 441
181 401
30 172
146 266
89 304
354 410
334 361
133 213
221 378
144 373
363 450
369 372
100 356
67 241
342 422
105 475
290 372
348 359
60 400
244 488
119 364
59 208
358 403
259 361
148 217
228 362
153 267
138 222
296 393
49 277
73 314
23 294
98 383
63 266
174 300
238 457
321 448
42 422
3 422
28 226
30 220
207 339
135 274
1 426
210 343
8 30
170 488
174 264
210 443
99 187
69 250
200 469
328 444
201 446
11 189
91 381
119 145
149 421
356 455
306 450
188 496
279 354
244 497
56 93
170 378
161 181
302 460
106 149
5 324
224 325
331 401
309 427
269 468
242 435
15 119
335 499
216 377
36 387
105 116
281 422
131 138
242 308
118 288
59 224
39 44
259 371
95 220
196 222
208 427
234 485
21 31
66 374
7 322
35 399
461 491
279 316
62 276
21 483
71 243
245 296
142 427
36 328
100 167
186 300
411 484
382 415
130 403
65 376
111 309
44 251
227 340
263 388
137 497
8 402
245 332
21 438
421 443
217 262
237 248
108 170
391 474
49 230
45 392
76 379
251 395
200 361
176 243
16 128
133 425
305 395
170 285
315 421
92 192
332 335
35 126
30 433
77 97
315 408
164 317
18 279
243 444
219 381
11 456
307 435
378 490
46 70
179 325
62 374
55 96
129 133
81 430
100 163
136 157
16 286
116 487
229 327
15 236
314 377
68 236
306 310
77 267
107 183
120 282
222 480
241 388
219 466
114 213
6 192
11 478
350 468
45 162
327 383
150 201
221 250
414 467
106 351
240 482
229 443
22 103
145 244
103 334
126 301
236 311
58 113
58 253
81 269
182 430
157 217
10 108
230 317
176 247
214 312
6 137
13 207
154 157
429 444
344 383
112 151
307 440
420 461
162 443
56 61
224 235
401 410
31 164
40 459
33 412
34 262
154 479
409 460
160 482
243 449
58 485
231 310
113 191
231 473
126 135
16 303
142 497
128 490
278 483
154 341
50 101
337 490
399 416
122 459
1 28
69 494
293 344
264 382
29 283
110 455
48 297
308 425
49 391
142 312
41 324
130 154
110 465
106 275
52 189
29 160
223 451
255 257
290 348
136 387
72 84
433 437
30 345
147 157
10 296
219 302
139 229
139 499
195 282
245 455
53 129
62 204
153 291
277 379
141 426
85 278
254 391
68 468
254 317
57 359
370 462
149 437
185 458
239 246
271 454
346 436
13 271
320 418
104 141
251 382
47 419
205 353
414 417
179 498
60 241
308 405
190 395
245 434
119 280
74 153
145 375
169 332
436 474
38 194
218 359
304 413
124 439
469 474
192 321
51 160
172 410
40 120
72 320
101 404
249 437
22 55
379 499
285 392
7 78
94 370
304 494
335 491
121 310
230 369
186 226
395 461
342 363
181 260
388 401
331 425
201 427
46 464
95 450
263 269
105 492
181 268
286 302
9 75
169 256
397 463
129 349
95 249
95 109
132 408
163 223
172 379
33 399
258 392
51 283
120 192
13 194
1 160
247 422
222 306
362 395
109 360
72 448
84 385
252 371
232 326
147 489
124 387
164 177
388 395
36 117
259 331
94 413
130 416
237 369
352 484
260 500
11 389
191 465
263 438
77 428
111 243
226 405
26 99
132 226
112 487
207 274
183 322
236 470
19 72
20 417
63 244
231 420
10 291
271 395
245 272
108 301
138 470
376 377
144 234
123 340
102 389
44 298
200 327
149 161
54 339
153 222
86 156
74 166
136 458
247 429
386 484
343 478
113 399
74 262
160 494
106 347
36 253
133 499
69 417
179 299
327 452
189 466
127 341
346 373
318 379
35 323
437 473
359 447
47 254
66 271
369 425
154 331
1 244
46 219
116 123
170 179
125 279
88 394
155 159
298 322
101 410
53 60
284 395
310 500
351 498
119 289
356 413
58 399
80 114
139 414
118 344
377 435
45 239
161 272
305 312
195 351
153 228
375 413
174 496
15 259
146 473
10 458
56 216
147 151
94 168
169 382
415 469
21 174
17 114
179 369
128 193
50 260
83 488
95 376
58 492
275 318
236 300
9 289
418 422
284 306
39 241
228 314
388 403
54 93
176 236
445 484
170 251
90 434
32 95
395 396
100 287
238 441
153 413
11 164
263 397
55 89
341 481
9 402
248 387
82 413
278 319
174 411
279 297
392 394
47 496
12 454
423 489
1 480
69 298
107 187
351 399
204 426
219 396
36 168
61 189
205 329
37 250
268 321
272 441
224 359
189 452
39 165
471 497
329 461
352 455
53 369
370 495
329 447
253 268
259 377
76 445
213 447
141 246
181 340
229 240
93 186
127 395
50 358
294 448
208 348
292 296
222 487
207 372
3 218
226 445
71 77
141 301
11 17
481 485
160 181
95 275
414 451
27 162
223 468
205 379
50 227
152 460
237 283
329 367
189 276
36 462
187 453
283 416
286 429
228 429
124 165
2 162
233 294
184 381
176 436
161 457
390 459
177 187
14 121
43 411
131 250
264 356
88 438
156 439
53 103
31 421
59 322
178 305
138 427
328 340
62 203
4 106
156 285
12 330
64 378
127 377
65 109
286 356
240 346
248 457
76 359
39 141
20 95
141 401
452 495
34 88
162 266
267 313
144 170
93 301
265 397
138 212
56 250
231 359
15 37
25 421
147 342
70 217
304 369
105 463
123 245
14 174
226 239
156 267
209 254
53 425
52 76
9 33
303 444
147 278
166 266
77 254
259 309
78 175
342 466
23 358
27 237
316 457
48 273
384 455
33 395
348 377
173 317
228 294
84 323
15 39
332 491
85 239
170 441
53 97
458 480
15 60
13 348
150 164
21 320
9 333
97 155
132 212
83 368
304 415
96 161
7 428
264 285
249 298
488 493
14 156
12 141
254 352
248 297
42 215
271 377
284 420
463 478
43 467
209 287
306 307
222 354
245 280
208 379
71 339
92 316
48 117
268 449
249 368
63 281
168 281
111 183
22 43
31 258
188 261
33 188
354 383
340 427
272 357
328 424
312 428
100 139
353 367
62 98
58 149
204 461
418 432
89 465
272 444
14 337
9 357
295 495
92 360
165 217
220 495
74 231
26 410
8 340
51 59
432 461
399 487
329 414
339 483
10 266
9 449
192 266
43 280
346 387
124 332
437 487
141 145
246 322
385 453
82 308
56 376
227 328
182 392
316 428
133 154
37 55
62 394
69 204
144 283
51 155
243 261
104 158
76 82
26 153
32 203
89 94
4 76
327 480
50 176
25 311
75 203
73 282
127 168
11 310
99 372
371 416
42 367
348 385
306 417
168 495
230 303
455 485
197 296
231 414
88 147
120 254
12 297
227 353
320 350
105 481
100 115
15 100
25 487
231 484
390 476
149 428
77 341
54 116
116 317
161 247
207 406
97 482
119 486
68 302
61 231
216 306
62 259
71 258
262 274
118 348
129 438
12 365
76 205
118 168
24 464
356 469
98 316
32 92
173 433
148 337
207 433
60 386
135 408
74 463
159 480
44 147
447 476
283 405
182 368
177 257
43 215
262 449
65 98
8 24
95 325
410 435
42 361
111 432
196 212
79 278
140 179
283 305
51 199
151 437
61 358
33 68
59 202
222 238
413 454
80 290
48 229
41 52
24 417
223 426
101 251
48 137
124 147
121 295
230 276
139 251
214 412
79 316
293 364
174 395
81 293
44 330
47 150
282 467
158 228
107 317
221 228
105 171
147 355
236 479
317 494
439 447
46 395
30 432
127 372
347 409
39 285
188 298
32 113
66 496
280 434
15 38
418 461
4 397
74 81
257 495
134 181
45 153
37 490
206 222
35 162
283 374
85 355
264 448
59 365
240 465
128 231
404 406
218 452
242 243
11 134
104 321
253 385
129 484
150 375
109 461
291 300
267 334
7 162
203 328
170 343
288 372
225 377
168 275
47 179
242 286
246 362
302 383
81 251
194 202
33 137
109 147
355 416
108 203
135 362
306 337
225 328
34 303
8 349
118 363
443 451
107 404
107 299
200 475
306 471
192 311
277 445
266 284
201 247
125 210
218 459
367 411
4 84
106 186
353 398
45 405
39 350
102 221
232 275
169 372
283 385
5 478
25 259
157 176
1 494
10 194
145 258
83 373
73 370
174 223
13 385
54 66
40 56
265 345
142 412
93 289
57 236
215 456
283 341
200 273
288 397
242 312
334 442
67 256
145 264
38 280
165 386
234 260
307 413
66 429
189 406
2 200
334 435
122 273
150 356
190 290
27 90
94 116
208 493
37 39
222 323
239 389
217 288
110 314
80 376
134 314
25 436
26 347
361 428
267 322
119 147
235 469
98 469
309 463
59 238
120 233
187 437
134 475
222 287
52 265
8 74
273 409
121 324
268 473
278 438
191 379
100 344
310 462
15 267
131 231
90 222
99 145
91 191
102 154
127 237
158 176
65 150
383 425
201 365
124 161
336 467
297 388
283 382
53 347
223 251
3 146
146 172
118 172
287 290
276 460
135 387
387 473
204 466
217 375
311 368
59 434
193 325
166 222
322 367
144 223
4 391
96 177
44 317
223 261
157 333
367 381
125 476
372 434
152 260
327 458
231 379
27 456
237 332
299 463
105 382
71 381
440 474
219 432
161 459
41 436
46 364
285 297
184 186
466 500
143 220
258 463
160 347
163 284
345 357
52 410
82 141
398 459
295 347
117 300
242 489
293 385
58 340
95 122
72 250
31 256
106 299
43 100
142 404
158 322
232 486
315 432
62 247
219 337
118 220
91 471
130 390
5 33
7 357
202 373
234 274
46 268
109 284
221 370
92 97
387 441
22 158
105 392
205 421
135 240
216 496
234 416
18 129
216 246
31 440
22 256
147 264
237 425
154 352
75 498
445 481
351 426
330 334
322 497
79 250
30 474
111 384
437 479
67 219
201 485
289 472
309 464
308 338
76 145
82 192
192 220
142 187
264 405
156 456
110 388
219 344
271 450
178 217
75 317
184 332
295 423
81 173
173 312
329 500
333 424
3 472
29 125
109 213
194 485
317 453
75 111
75 133
223 322
38 325
72 288
237 355
138 264
45 432
263 490
84 343
129 157
329 478
31 415
56 431
84 204
68 335
212 280
217 295
95 460
334 352
147 257
131 169
152 433
21 51
292 486
53 112
384 474
60 391
59 124
367 475
218 305
337 429
137 227
1 275
368 451
344 362
28 361
112 245
232 301
53 258
9 294
84 260
412 448
269 362
131 229
29 140
253 433
70 401
85 459
140 447
81 122
172 304
487 492
77 410
136 325
293 381
345 460
29 316
10 160
210 236
246 473
77 256
42 113
40 48
31 439
86 114
43 75
234 346
55 127
130 246
51 470
49 474
354 499
330 479
127 257
64 407
83 309
119 406
161 170
110 117
14 372
2 118
229 460
18 375
178 258
25 264
137 251
38 92
2 233
47 461
84 467
53 73
44 344
300 343
340 371
112 284
328 408
1 287
199 494
396 461
139 472
159 249
72 161
284 286
236 327
150 483
139 447
241 381
113 412
236 242
362 487
103 249
123 214
237 334
59 427
43 109
7 426
100 326
279 448
41 345
343 392
477 495
184 252
49 462
155 163
3 303
20 247
425 466
65 275
75 170
288 483
34 182
318 408
185 400
139 342
248 436
18 97
224 405
310 358
80 224
67 194
4 57
73 295
316 465
66 166
380 471
58 255
135 304
279 337
51 240
116 466
133 486
72 493
397 468
164 251
240 329
32 449
183 475
70 433
249 408
43 303
49 217
52 435
464 498
337 413
97 332
195 379
301 366
14 254
150 243
62 423
268 345
234 448
346 443
49 108
243 259
193 463
303 411
90 119
118 327
206 430
228 256
127 290
216 405
264 420
95 344
34 201
82 289
220 321
126 169
390 403
127 133
426 460
113 183
322 498
416 486
133 339
376 422
90 270
86 450
103 209
428 498
38 89
81 200
173 464
104 430
229 445
6 399
248 411
209 310
90 153
239 268
25 375
283 418
213 417
177 429
295 477
89 160
106 421
368 445
46 278
41 479
268 491
51 477
227 236
395 441
222 352
111 199
212 250
121 377
153 251
166 373
195 402
169 484
138 454
341 389
328 364
211 231
84 106
302 490
146 463
124 126
292 365
18 255
270 308
150 406
36 318
72 331
228 368
297 395
103 123
127 136
100 243
24 311
1 91
68 436
192 227
168 280
33 299
159 363
110 197
161 417
52 332
72 87
142 462
107 216
47 441
227 326
6 75
272 408
313 382
334 350
303 312
67 355
26 234
391 421
34 60
4 407
201 274
338 466
89 315
343 493
180 213
125 400
80 443
195 273
179 384
185 296
267 304
282 453
312 373
150 153
121 196
185 260
337 488
104 299
334 437
311 478
109 289
172 294
86 333
153 162
46 422
90 127
215 481
9 390
222 267
314 489
199 287
47 273
134 368
288 412
35 52
195 434
42 71
171 249
88 323
220 266
258 490
41 145
9 327
107 161
109 473
226 444
96 472
187 385
103 176
97 421
98 218
218 421
175 307
276 324
23 139
226 437
23 252
118 274
65 264
373 394
159 474
195 235
127 270
161 380
160 202
109 306
259 410
147 190
69 496
264 347
311 459
150 174
484 495
125 211
121 395
371 413
427 438
275 473
253 271
293 380
475 485
226 290
163 273
349 434
286 330
64 460
84 142
64 417
69 144
207 389
64 225
102 137
103 305
37 447
140 460
109 135
62 114
6 11
238 373
96 132
23 200
201 327
231 315
76 401
200 500
15 33
65 133
181 203
135 334
224 310
69 178
133 361
112 226
38 365
258 315
356 479
247 313
102 314
39 432
177 378
310 427
88 427
352 462
242 337
234 281
74 225
120 141
136 321
354 389
203 296
2 462
243 270
235 450
147 471
135 373
32 162
42 105
255 416
21 110
453 455
261 324
264 352
106 352
117 407
17 486
134 408
419 442
258 279
35 388
149 201
311 378
177 426
188 193
206 427
117 328
39 129
166 263
2 322
247 322
125 365
192 420
128 211
8 374
32 318
111 460
380 441
356 475
38 443
154 491
85 125
16 304
246 248
59 337
12 168
355 376
37 475
49 472
75 318
362 421
457 482
151 423
35 62
229 320
406 431
40 332
59 263
237 424
17 194
222 490
179 342
239 456
205 436
273 454
43 198
66 78
154 258
173 299
142 316
197 342
272 448
234 439
219 327
482 500
86 454
239 483
117 433
192 333
101 398
251 296
170 211
267 299
269 355
253 392
378 414
171 427
277 324
196 387
243 434
20 130
136 164
186 336
215 387
127 260
341 388
284 484
129 242
459 474
246 435
97 211
75 349
80 403
36 197
18 57
73 473
219 494
5 338
117 457
243 335
38 425
27 121
272 322
154 231
9 23
256 260
111 154
120 292
292 380
408 424
50 418
157 194
128 363
201 421
50 153
14 211
224 458
22 24
408 459
152 198
191 460
160 393
81 84
53 85
88 235
18 371
299 422
302 432
187 384
34 477
489 491
127 416
208 293
271 466
5 154
130 382
402 499
265 272
167 241
179 282
75 432
270 437
258 452
15 333
29 366
292 400
120 300
142 196
439 498
17 32
103 447
295 329
254 311
49 123
53 315
163 260
20 70
405 459
56 293
125 304
339 471
276 421
282 369
90 417
32 158
357 471
404 467
208 389
266 481
94 105
174 477
130 457
432 465
39 46
50 293
5 397
28 472
84 296
163 207
416 476
11 281
157 341
249 283
41 247
144 277
29 488
361 455
175 439
284 463
9 321
48 382
131 293
267 349
118 320
438 495
119 223
315 473
191 331
280 427
152 386
134 374
305 447
3 462
154 173
220 373
164 281
199 323
75 107
190 237
99 121
8 39
268 440
63 170
125 444
346 366
10 493
51 180
245 361
159 179
437 443
26 238
21 371
17 437
151 182
36 394
162 212
239 426
257 300
257 481
124 453
99 306
281 393
203 339
433 477
135 154
19 117
9 195
114 193
254 405
131 479
339 410
96 239
416 494
42 64
91 418
299 328
250 255
394 400
32 377
138 457
94 393
211 418
155 160
123 164
216 395
317 392
499 500
175 479
145 228
212 433
47 135
80 129
258 481
312 438
444 481
103 132
248 458
147 494
81 100
401 428
437 464
316 494
68 183
228 283
297 500
56 263
291 343
311 466
70 121
18 286
85 240
49 121
140 353
87 322
18 462
12 259
79 499
24 84
61 319
363 417
173 319
275 490
361 411
326 454
118 418
148 346
49 107
191 495
35 58
255 419
261 274
120 287
59 107
134 162
151 379
152 295
65 283
53 496
42 253
145 170
92 355
200 473
279 402
111 491
253 384
244 248
60 85
31 171
88 254
194 474
81 305
127 353
196 331
278 406
19 271
308 466
154 224
31 134
151 482
73 438
178 470
300 458
448 468
398 444
83 267
133 153
129 394
204 445
278 472
330 387
129 355
244 353
16 420
41 149
298 415
154 464
52 356
143 202
281 448
320 321
68 440
285 352
128 373
142 158
179 374
159 294
99 195
304 480
192 477
176 380
10 56
172 433
17 449
99 258
379 433
435 437
100 220
56 386
409 428
46 386
241 459
196 225
91 208
212 335
26 232
216 274
79 126
192 292
195 459
91 113
37 197
323 465
320 420
219 232
257 379
118 432
14 102
1 36
27 55
113 435
262 398
28 420
146 262
30 287
104 288
242 347
137 406
215 306
292 412
325 405
452 475
231 342
446 452
26 437
307 405
339 349
82 335
203 364
84 307
11 429
27 195
184 221
402 429
151 203
16 263
344 470
318 344
322 485
155 406
82 433
74 159
163 481
67 497
269 341
193 409
36 317
229 232
113 351
117 234
209 472
231 444
133 326
47 422
109 392
399 409
141 410
42 256
193 336
27 491
376 408
189 309
71 274
300 355
27 35
212 441
21 461
246 461
279 459
331 458
253 407
53 298
293 449
347 465
142 403
22 347
30 47
192 298
58 236
73 184
169 192
109 116
171 449
151 339
63 84
51 299
34 142
43 205
74 200
121 409
35 203
103 264
48 479
259 423
94 202
13 173
229 478
343 390
111 365
168 303
52 475
305 414
256 405
245 312
93 455
146 227
354 424
311 314
135 264
304 497
2 379
28 254
71 462
217 270
123 290
207 217
292 399
212 363
17 29
112 409
31 198
435 438
70 331
55 79
413 445
333 373
98 356
85 446
134 483
99 444
349 473
173 363
495 500
13 417
219 420
333 344
98 138
34 159
103 206
150 394
222 398
40 410
169 438
297 421
103 374
5 417
59 247
105 445
312 353
9 54
52 228
325 408
85 178
179 180
200 208
131 352
309 406
178 491
301 344
213 316
196 242
75 323
369 402
167 346
350 355
42 166
29 363
151 263
61 152
334 337
90 399
63 97
181 276
84 491
100 108
73 197
329 439
78 223
42 134
161 305
186 282
137 320
160 344
4 85
13 450
151 267
112 152
156 325
269 413
184 253
59 464
185 351
51 323
95 140
93 133
68 147
276 341
67 496
111 124
118 183
144 400
97 392
11 71
220 311
355 473
1 467
126 373
137 458
19 113
352 425
29 251
43 231
173 251
137 487
392 400
263 423
249 405
31 442
93 181
376 451
219 447
329 466
361 461
82 121
85 418
2 280
236 421
68 100
121 177
434 440
44 190
132 349
126 445
77 430
393 485
261 330
295 488
185 417
89 287
49 304
224 435
95 100
31 68
322 472
288 312
139 144
369 494
77 421
159 238
201 255
121 488
345 366
239 290
399 439
28 488
229 427
83 408
195 399
340 417
143 270
233 313
133 462
127 269
132 204
41 368
282 304
172 226
31 314
71 309
6 342
16 389
89 260
56 306
121 393
302 333
49 215
186 297
330 409
5 421
243 337
168 400
319 399
105 373
322 354
145 470
412 483
182 467
58 332
97 320
131 418
358 374
101 323
70 312
11 371
131 372
257 352
28 348
92 114
130 484
125 195
425 471
212 471
160 253
6 57
324 486
218 411
313 467
145 356
363 368
122 187
96 313
138 413
154 309
129 261
264 439
276 386
55 251
1 406
15 472
222 262
30 279
401 472
107 454
1 135
201 498
310 331
210 479
14 338
180 185
66 311
66 343
463 465
197 228
82 214
77 181
185 335
168 383
63 110
337 369
246 355
164 457
363 464
32 427
52 389
8 282
26 109
135 172
252 376
401 479
86 408
88 234
163 344
196 471
8 137
228 366
8 401
183 455
276 413
41 148
113 416
316 330
18 37
208 239
23 361
286 353
144 298
39 246
225 300
47 308
45 477
49 386
233 252
233 426
134 344
26 48
476 494
64 395
254 447
315 481
133 396
132 144
114 293
20 348
274 281
291 412
304 446
255 418
33 488
24 243
104 175
13 175
140 255
20 285
314 387
72 314
84 213
89 161
312 381
127 236
275 384
246 392
424 456
270 500
134 458
226 490
374 445
27 282
8 481
181 399
143 253
85 290
190 341
65 398
37 286
187 449
198 483
202 217
42 195
13 487
160 191
228 279
369 482
436 467
113 257
136 470
132 326
346 498
254 439
99 383
53 464
63 310
38 354
88 116
73 215
287 425
98 215
143 281
80 150
193 287
244 466
195 242
186 381
287 461
264 303
60 69
171 284
211 264
66 375
247 481
144 252
95 216
43 145
107 494
151 335
432 483
231 274
161 309
186 363
98 238
341 400
181 351
55 240
161 301
153 337
154 211
252 415
141 270
237 381
136 277
15 467
46 120
224 240
166 351
294 352
56 401
50 171
199 296
311 318
10 120
130 459
277 391
130 264
72 376
186 462
284 435
8 193
375 488
416 424
201 314
380 481
95 368
195 458
179 345
113 139
262 474
88 181
359 420
236 382
169 350
256 495
251 350
77 335
51 228
252 489
262 408
78 283
231 339
125 454
144 417
111 280
127 476
24 301
452 456
377 418
46 478
9 272
342 421
25 430
181 217
95 257
306 454
106 172
412 449
97 149
11 185
57 71
190 345
164 169
59 81
322 474
185 264
31 436
66 455
70 177
100 424
327 486
186 318
248 433
22 182
261 452
309 431
339 484
220 291
175 177
60 307
191 215
97 339
140 367
94 384
199 218
222 409
2 211
315 409
101 487
66 71
333 446
49 356
280 392
15 422
156 413
167 257
14 155
200 416
178 212
166 307
55 141
50 269
58 206
197 377
138 408
455 494
255 402
382 405
80 496
229 378
434 449
186 317
376 437
283 491
310 406
66 383
413 425
135 407
95 416
34 392
188 485
14 27
169 194
273 496
96 97
279 454
11 162
453 493
320 372
188 376
123 129
175 332
349 374
192 211
119 440
175 380
207 429
333 340
197 448
288 442
362 482
48 446
176 369
24 144
5 363
358 372
184 362
359 394
131 136
264 357
21 308
355 498
227 392
98 226
201 282
356 471
146 499
91 493
62 153
129 468
68 488
116 434
191 426
224 269
450 490
16 385
234 280
198 400
70 96
214 386
322 478
157 307
169 345
284 332
287 295
297 351
29 163
44 443
275 317
52 312
111 324
169 497
88 491
230 293
225 314
313 322
116 455
15 395
190 361
5 374
68 484
42 169
26 267
93 359
80 141
51 356
137 479
363 401
336 412
20 99
209 407
126 170
138 289
255 308
432 439
371 433
285 338
254 453
149 338
76 281
9 286
32 371
212 320
144 173
4 425
195 217
14 284
333 431
29 82
79 181
410 448
237 349
156 290
101 154
77 440
274 444
99 381
107 363
22 429
12 378
8 322
121 460
96 462
409 461
198 228
78 132
160 319
215 388
47 298
347 430
168 296
257 474
419 435
11 112
278 294
152 214
101 108
266 457
271 338
45 218
151 229
427 476
119 169
318 326
1 358
80 209
121 275
3 54
162 346
31 300
9 393
109 497
169 344
77 360
222 315
204 432
396 422
273 467
194 400
454 478
311 326
74 150
261 365
48 376
113 130
94 473
156 204
130 149
132 395
45 104
34 374
286 372
83 451
113 280
306 435
3 165
47 463
25 146
136 225
35 312
57 419
356 480
22 396
80 407
160 440
202 307
93 161
35 364
93 376
462 475
47 302
164 402
102 453
214 370
229 255
147 238
80 185
39 309
30 289
1 301
125 190
270 425
334 470
123 288
132 174
315 366
360 492
221 493
355 385
96 280
93 464
159 340
119 178
125 142
33 171
31 37
147 397
169 343
302 452
211 357
384 491
156 374
167 414
246 380
6 359
54 69
128 470
73 433
408 451
141 444
202 214
10 386
8 202
259 454
194 447
225 466
37 428
295 464
196 239
282 379
248 310
198 280
47 358
269 472
325 436
115 147
247 328
376 385
99 486
22 392
313 367
118 439
218 431
458 490
14 287
74 270
280 330
19 97
81 303
28 293
112 475
204 478
92 282
247 418
421 468
262 311
392 441
189 478
228 242
117 163
186 277
29 144
287 413
280 338
133 429
4 240
284 417
151 442
209 430
274 422
237 272
37 481
62 449
346 452
82 256
13 183
125 260
56 261
159 467
202 275
228 289
301 333
34 80
57 249
163 422
296 456
328 375
431 443
113 228
56 421
120 294
137 282
16 112
24 176
129 338
75 335
142 419
360 426
244 479
49 198
52 489
230 382
8 88
143 205
220 235
254 446
18 451
187 434
212 430
48 405
218 263
443 461
156 162
34 315
372 447
401 449
41 245
92 98
175 477
79 403
51 292
79 302
34 144
32 410
93 265
207 414
70 288
27 60
9 396
17 332
156 368
7 467
122 133
106 428
158 367
380 450
56 497
74 183
40 284
224 308
128 397
184 320
53 259
357 445
224 248
76 343
178 404
7 358
279 372
117 404
84 410
116 256
339 386
203 345
33 244
27 76
141 256
45 498
87 193
298 465
19 344
41 159
132 409
292 423
205 489
40 82
199 378
265 404
7 222
154 246
189 490
65 351
241 274
182 299
309 330
425 495
111 282
67 387
318 354
134 457
206 495
223 344
42 487
41 90
73 225
87 312
203 494
148 254
155 425
120 395
29 45
247 297
141 359
55 238
242 272
272 391
58 460
182 496
202 363
304 319
271 435
341 436
151 420
74 167
137 224
47 119
106 318
48 381
55 441
313 408
183 382
127 143
29 367
283 480
436 453
171 344
308 409
185 282
259 425
312 319
173 492
274 379
300 445
291 473
412 497
163 312
370 383
149 290
148 208
33 144
206 492
124 314
56 62
165 368
265 402
203 488
6 24
391 414
301 362
277 303
124 265
1 109
333 483
306 467
216 463
38 52
58 455
22 322
261 335
291 404
175 361
334 393
167 377
274 409
283 364
234 472
160 229
186 242
182 462
110 499
398 405
99 328
166 260
26 52
1 285
243 439
54 412
181 381
113 349
190 213
374 497
297 381
239 500
210 405
116 419
261 328
312 361
265 410
348 425
19 388
143 397
18 41
1 375
1 218
424 434
19 176
131 391
106 242
2 365
37 424
44 121
194 267
245 331
47 488
267 449
256 349
290 299
8 83
37 495
41 108
81 288
151 387
48 277
119 485
72 432
271 448
457 466
191 464
345 358
416 419
282 482
296 391
314 396
67 321
183 215
79 457
78 231
19 420
199 384
170 241
186 434
28 482
111 381
7 19
58 474
135 138
240 452
153 486
50 296
67 165
147 451
252 297
324 379
158 498
123 380
68 330
118 169
371 406
233 456
29 40
129 329
171 213
220 263
297 498
273 338
102 355
146 479
36 431
190 225
169 188
80 261
181 486
23 32
34 423
61 286
91 469
5 328
280 444
204 403
111 116
288 414
152 430
309 471
257 291
305 430
425 427
2 444
255 486
42 286
5 463
71 490
46 406
91 170
81 311
341 426
196 226
57 447
68 105
205 430
355 466
124 374
83 416
228 381
6 323
61 284
453 461
224 302
389 419
128 135
295 398
373 498
10 226
180 492
136 369
111 451
304 384
127 226
414 485
3 267
146 258
180 317
333 426
165 259
46 304
5 238
447 499
1 309
40 438
97 140
226 292
40 64
50 438
324 434
45 172
313 338
103 152
399 402
57 289
279 317
206 471
108 416
135 340
91 435
25 332
331 465
418 433
86 416
28 63
102 379
140 209
227 355
375 461
320 453
16 75
124 359
345 376
188 412
127 323
420 425
277 355
106 357
125 477
138 301
13 399
28 31
24 294
14 245
171 381
92 281
232 290
76 79
214 407
40 306
43 437
159 368
119 331
216 312
223 336
197 268
123 489
330 396
378 446
345 398
24 192
128 307
184 335
254 282
71 313
330 345
405 475
146 328
275 419
2 172
213 261
49 167
232 489
72 218
152 403
9 343
147 283
338 422
353 387
105 201
53 93
93 144
138 388
176 414
253 434
175 377
195 340
205 414
109 463
207 284
158 369
291 397
123 174
325 419
250 391
32 74
101 327
193 244
334 461
298 467
174 407
119 475
221 362
59 168
201 388
201 490
69 257
8 262
230 285
19 131
46 437
242 359
123 334
11 307
64 308
268 299
117 361
13 361
84 143
139 308
27 309
193 290
117 187
62 270
362 381
108 395
49 371
216 433
298 377
390 469
65 77
85 414
60 196
19 98
315 431
128 500
27 318
196 483
152 200
2 71
249 265
184 312
39 88
145 387
105 312
227 418
272 439
53 251
93 392
37 446
301 498
100 379
279 330
160 368
127 386
85 151
290 449
89 431
66 168
114 455
46 182
359 384
125 239
267 276
136 286
123 153
164 472
142 279
40 242
85 385
127 206
228 408
17 180
171 326
87 407
203 479
277 356
399 494
53 443
40 476
27 43
120 398
228 444
91 277
263 293
239 365
252 253
316 371
225 262
163 293
90 332
133 168
15 149
124 219
279 302
187 266
7 227
251 311
86 386
147 378
77 202
141 318
200 404
252 363
436 446
90 415
124 404
70 232
10 20
179 415
266 311
142 389
230 393
271 385
180 386
26 436
78 375
33 282
365 447
299 367
11 445
170 172
286 428
118 173
28 111
68 408
364 388
334 411
273 429
431 440
131 426
143 392
123 293
149 382
241 259
66 88
42 334
63 412
41 98
105 470
442 456
230 243
238 431
186 266
425 477
292 405
15 366
6 423
77 137
325 374
73 151
13 390
194 262
250 365
16 382
419 481
218 277
146 294
355 399
23 382
99 424
475 493
302 374
77 223
184 296
32 79
89 293
335 476
339 420
35 255
128 178
101 140
148 410
314 361
261 331
379 475
15 253
106 432
144 348
13 148
174 348
307 369
249 410
151 472
294 397
421 429
91 436
171 437
3 31
108 245
2 482
61 227
277 486
57 376
153 461
127 331
320 440
31 275
301 437
208 288
296 329
36 287
322 339
47 425
105 358
168 432
260 459
47 462
27 188
179 302
355 402
70 181
124 483
22 258
52 213
144 321
169 313
327 334
92 321
4 466
271 336
154 414
292 362
340 487
103 121
183 362
287 400
181 190
19 210
208 443
417 465
149 236
214 238
102 466
158 336
52 377
85 198
334 444
220 271
116 351
82 448
275 457
101 225
80 297
277 476
63 137
24 426
92 159
3 167
479 480
402 491
27 34
227 442
288 435
8 280
100 155
388 475
40 180
152 210
195 404
131 186
182 373
149 396
47 386
18 358
276 402
4 246
182 238
77 463
19 91
398 429
247 400
78 481
71 275
90 356
31 500
122 483
360 443
169 181
96 399
91 292
49 366
219 483
110 346
15 117
5 60
49 270
387 461
402 467
214 384
154 345
60 347
242 244
324 449
99 116
306 358
394 397
72 492
96 376
13 460
113 309
70 437
69 315
200 399
74 435
168 214
123 154
218 229
51 91
165 214
14 165
34 134
68 320
457 474
21 306
292 332
27 153
300 475
15 258
130 322
347 450
202 393
130 250
89 476
74 420
112 387
93 419
63 443
375 422
53 287
55 434
321 436
76 85
139 411
3 264
196 211
126 171
398 472
16 21
111 208
46 57
53 362
216 448
30 227
155 231
303 347
100 386
150 441
157 485
328 496
74 184
112 291
99 173
91 464
236 484
4 484
172 464
406 458
140 418
360 428
109 219
93 215
453 454
85 294
140 164
20 377
125 486
173 234
239 241
57 261
96 327
172 443
349 491
142 264
238 371
296 490
184 410
224 230
179 192
286 304
165 499
176 223
126 493
47 114
17 479
299 379
197 258
31 338
284 416
123 282
100 225
353 468
19 191
2 481
317 426
385 412
279 290
202 426
28 54
120 357
276 435
53 194
71 131
200 351
134 254
29 95
51 366
65 73
55 469
96 214
165 278
266 480
152 308
182 435
33 392
246 320
187 327
153 426
88 428
98 255
357 423
356 478
60 424
116 118
176 494
139 443
100 492
138 215
44 283
370 466
265 478
88 112
133 194
301 486
143 242
289 403
122 283
208 431
320 424
278 429
311 448
268 450
140 268
34 311
256 419
86 204
298 389
35 281
125 284
411 425
118 470
101 477
123 146
55 234
194 374
28 464
73 204
115 413
205 407
125 258
28 166
103 325
244 469
138 218
378 472
21 409
56 254
51 362
345 437
109 419
18 155
78 381
152 455
58 390
285 342
102 123
218 434
13 434
210 413
128 378
113 235
101 137
93 218
158 246
277 498
325 430
99 499
42 467
178 474
386 474
306 314
49 496
91 394
278 468
205 331
296 447
72 134
294 445
42 157
336 446
226 247
62 185
353 474
311 328
427 456
480 494
64 160
67 455
416 439
243 467
40 369
6 470
169 305
185 396
23 414
16 348
146 371
51 376
37 319
31 110
144 386
26 233
57 101
314 472
84 86
82 311
109 291
191 238
76 130
168 300
366 420
130 434
270 373
27 336
232 399
92 387
39 206
175 419
32 315
248 476
399 448
287 338
41 367
27 66
83 407
129 359
296 416
51 268
19 387
66 297
165 487
327 481
27 432
304 448
220 478
127 304
100 274
321 335
274 494
76 499
5 230
33 393
138 367
30 393
112 442
1 398
207 345
150 370
46 208
259 408
232 448
88 266
236 341
180 426
142 286
61 234
204 476
226 435
143 323
200 303
351 377
160 427
60 431
224 268
275 286
47 233
220 443
296 491
140 277
148 445
52 104
280 428
239 425
6 325
185 481
195 457
330 390
32 96
78 188
162 321
293 372
33 158
157 187
192 439
107 296
423 425
15 500
41 58
382 397
60 255
324 406
81 361
198 246
9 203
36 275
179 395
114 265
344 500
345 355
5 46
89 146
166 213
100 204
193 276
176 321
40 122
339 382
148 230
56 392
200 446
262 391
438 492
85 238
68 170
116 223
264 331
82 431
113 290
86 88
217 239
97 105
228 299
423 472
191 364
240 251
87 90
291 295
70 125
273 469
163 263
38 346
347 479
112 479
44 347
220 329
139 188
152 249
73 104
71 102
236 433
253 404
94 319
47 257
122 349
41 397
262 385
151 429
40 136
154 188
109 249
177 489
364 415
3 388
298 402
65 325
239 461
141 343
254 430
132 183
28 367
260 450
115 435
55 212
365 449
396 406
160 420
267 284
299 314
270 423
1 481
201 411
63 401
104 289
25 217
25 235
5 29
239 477
78 493
110 260
122 440
191 216
87 217
182 359
328 397
341 407
224 477
104 494
276 282
260 336
323 365
85 367
99 459
168 446
49 338
76 301
24 87
175 330
338 387
283 291
7 114
123 373
131 270
421 455
373 397
9 479
88 468
92 276
62 315
120 280
10 457
234 257
53 357
227 305
36 279
18 243
241 492
14 459
428 441
126 415
168 405
195 205
102 461
67 342
139 142
126 350
294 305
160 176
11 462
125 243
99 165
394 395
42 198
181 378
388 392
308 492
34 393
314 321
250 454
24 257
25 295
59 258
220 446
139 482
40 93
33 370
219 416
200 234
118 378
241 363
76 220
28 139
32 317
451 483
104 389
245 266
150 422
54 258
9 452
73 469
273 474
344 441
114 459
290 467
191 476
126 308
123 238
82 175
143 485
194 363
105 214
203 369
293 418
24 380
231 401
235 282
68 284
236 333
46 465
43 57
171 335
314 431
44 438
62 403
139 300
51 53
203 217
103 211
383 491
297 369
268 445
391 438
7 79
164 328
177 454
67 319
186 455
75 115
108 145
205 303
184 211
33 445
230 319
162 165
79 115
139 313
106 325
18 327
240 398
160 237
44 423
95 459
15 218
75 403
213 420
248 334
256 311
354 479
114 411
185 253
139 365
361 392
13 291
24 283
343 384
173 447
213 226
279 370
72 455
195 267
166 350
454 457
397 493
205 422
111 418
13 240
83 429
218 262
182 451
95 287
65 262
294 323
4 426
144 269
115 462
11 38
25 202
258 280
141 373
152 318
216 396
28 184
109 234
128 476
53 187
1 6
432 479
221 485
1 136
109 126
196 267
250 275
62 396
304 445
157 480
90 309
238 249
118 217
182 294
292 348
100 290
21 126
77 447
3 248
133 407
462 495
231 383
38 473
126 388
22 384
266 343
201 406
417 437
97 489
408 484
401 425
73 237
301 412
99 310
136 460
131 373
273 331
114 392
318 444
66 411
3 375
27 365
120 189
302 486
146 432
142 331
131 171
393 413
262 445
17 88
108 490
174 463
375 392
96 171
40 408
87 106
33 130
95 474
172 204
74 460
479 496
129 171
217 306
256 282
124 294
104 139
64 368
75 210
205 417
2 193
15 182
410 441
119 381
255 336
307 476
111 235
23 349
419 475
369 416
320 412
161 176
177 422
4 417
63 134
336 426
267 463
333 341
316 477
271 372
162 320
56 317
294 401
203 278
98 280
22 398
29 409
185 427
33 289
108 437
222 283
44 167
99 152
218 345
224 423
293 406
88 256
121 467
66 398
43 142
140 392
64 377
52 302
195 202
294 365
181 388
192 337
216 354
108 455
26 500
65 120
216 468
123 436
201 479
208 333
23 149
25 167
187 288
424 425
170 173
40 259
7 26
461 486
115 183
16 273
397 492
76 451
221 394
101 119
47 346
20 315
295 361
276 366
87 344
146 462
168 307
341 381
292 398
211 480
50 341
40 475
71 96
371 400
113 282
222 377
223 493
52 476
486 497
213 424
78 224
34 260
59 86
289 353
127 227
113 289
39 96
90 303
257 472
215 330
143 453
8 47
237 366
7 135
95 372
27 327
217 405
297 440
65 85
36 402
1 185
365 499
302 370
307 360
126 211
140 348
110 500
272 367
414 441
233 283
154 238
118 310
177 484
60 341
318 404
41 500
52 446
33 218
269 279
97 209
115 340
178 309
59 147
210 332
324 483
229 468
249 424
15 299
315 465
187 224
34 244
348 375
79 225
209 456
248 331
183 316
196 362
226 448
9 110
17 334
369 466
13 427
92 93
131 251
34 37
211 298
197 242
26 186
419 436
187 339
88 352
114 463
81 487
132 189
135 290
87 242
99 468
108 485
280 464
245 472
133 378
121 183
212 390
70 168
10 241
2 225
207 401
219 357
208 376
30 73
71 157
44 341
22 320
86 356
22 276
184 215
49 60
164 471
28 425
119 493
206 342
102 383
88 442
8 444
230 265
214 233
116 252
7 325
148 377
350 417
69 114
133 281
3 7
210 435
137 167
250 281
372 464
33 439
61 446
95 104
160 456
312 336
352 478
145 226
239 349
345 471
1 462
38 348
17 204
219 451
28 243
22 354
251 416
115 285
93 350
42 232
331 464
86 292
194 458
75 214
185 216
116 375
134 377
109 297
21 403
140 284
38 80
49 273
398 484
47 345
218 290
232 374
166 363
430 452
191 459
174 374
344 427
153 432
32 300
18 119
12 440
325 490
29 235
145 451
122 242
377 495
196 349
349 447
208 474
112 208
92 485
380 449
231 427
246 361
141 228
148 216
52 443
22 146
169 425
3 203
22 115
129 277
223 477
13 482
219 283
193 425
238 259
114 232
395 479
79 500
52 191
63 189
57 96
158 356
136 317
225 284
137 243
441 446
68 235
157 433
151 444
287 346
62 375
31 431
48 358
460 476
244 297
421 447
13 448
135 196
186 333
404 466
206 211
17 229
132 270
300 397
51 252
147 453
72 406
104 275
101 441
131 409
269 381
240 405
33 119
342 481
266 359
166 490
411 473
35 177
209 251
43 156
363 473
184 462
348 387
259 305
268 352
98 279
144 461
65 286
35 310
216 452
46 400
261 436
287 324
52 73
207 297
6 438
57 206
158 326
96 454
192 214
120 335
228 409
24 372
265 468
90 472
346 478
15 471
191 396
304 317
128 168
236 312
338 341
81 482
153 485
405 490
63 431
35 421
107 318
164 494
7 32
24 477
350 463
306 461
121 283
352 481
82 353
42 483
17 432
399 480
274 307
263 290
220 221
145 230
192 397
38 136
46 338
347 380
135 328
173 184
139 170
135 147
45 403
21 177
322 398
332 464
161 285
19 305
43 264
382 473
260 359
87 89
360 383
233 475
94 311
197 260
43 53
185 188
273 476
126 151
359 362
22 135
27 62
78 359
141 209
33 415
115 384
90 307
125 442
100 444
255 314
380 462
134 149
391 430
153 159
29 102
150 238
118 208
181 187
162 222
87 185
61 224
54 431
164 213
103 427
164 500
227 264
124 210
172 417
113 387
102 276
209 388
475 491
18 336
3 52
91 371
191 398
152 423
49 56
377 422
159 199
427 489
344 390
170 400
270 344
136 145
280 319
263 483
13 308
138 458
37 451
5 150
66 347
11 329
295 413
146 269
34 422
258 447
23 458
318 372
114 489
188 399
113 260
306 449
437 445
44 297
451 478
93 236
275 346
99 197
185 455
166 475
187 374
55 357
3 222
237 418
299 468
156 192
234 492
39 231
225 370
21 426
116 194
316 364
109 189
241 478
132 277
245 335
82 356
275 331
146 401
33 476
240 312
65 103
206 337
230 361
149 407
148 226
27 184
64 188
82 248
189 325
71 442
149 208
46 238
117 272
281 330
179 377
205 403
357 444
354 368
59 408
86 349
200 466
95 421
237 374
197 344
431 435
34 167
121 407
230 324
243 399
175 210
215 396
148 174
296 298
177 436
17 373
227 333
77 228
131 466
98 344
179 308
121 217
230 315
236 401
182 214
123 390
165 245
186 410
117 344
1 448
194 316
64 456
63 139
249 448
95 229
70 93
200 255
426 492
384 435
85 100
243 277
47 356
37 434
76 122
126 179
128 218
342 440
172 203
346 388
372 438
462 491
260 394
36 388
81 373
83 140
120 337
70 297
340 459
128 167
106 339
203 445
439 448
50 167
310 448
18 252
310 443
117 359
167 492
57 304
53 396
77 225
153 198
382 414
81 158
43 418
335 376
198 429
30 178
468 498
142 173
112 403
280 305
156 383
216 362
23 247
77 269
296 320
56 433
102 132
117 225
51 138
116 129
143 310
235 306
251 305
242 426
85 471
209 366
110 357
238 289
285 407
50 277
304 483
212 219
95 131
47 122
243 368
47 434
180 430
60 265
212 341
172 455
89 95
171 459
232 340
144 258
101 112
78 275
119 287
81 109
55 355
217 454
427 496
248 385
90 201
305 327
194 459
121 130
182 364
105 389
91 310
375 426
308 371
98 325
60 453
99 193
118 375
297 358
392 451
297 390
93 206
74 128
260 452
279 304
44 103
93 308
191 207
58 184
59 274
153 247
140 336
178 286
239 386
181 290
68 210
4 402
196 480
48 203
35 75
129 493
10 390
76 133
120 481
248 473
4 245
172 243
14 257
347 499
305 340
22 362
184 480
20 89
33 294
301 392
55 87
34 436
36 215
289 438
192 212
11 34
338 419
376 389
120 158
280 400
72 482
65 470
156 294
54 135
406 474
323 351
21 311
10 263
340 472
32 156
24 53
171 388
12 279
331 468
125 373
1 429
226 356
169 322
70 259
181 192
31 156
260 435
153 219
194 476
115 264
32 210
413 473
173 393
120 232
319 464
49 165
339 430
185 465
13 186
219 496
41 174
275 365
164 392
108 207
459 495
120 400
203 213
305 384
442 467
90 431
154 229
118 279
87 254
39 422
122 213
114 483
12 70
80 495
203 400
103 242
330 455
37 361
129 206
49 333
15 276
171 205
115 291
16 368
118 304
67 491
296 494
342 391
221 256
120 248
162 455
59 349
58 74
190 350
27 223
127 427
63 339
199 404
128 179
49 465
64 245
223 266
239 274
478 487
28 423
124 305
61 339
74 300
346 496
246 491
232 287
67 410
1 365
346 361
67 193
41 271
268 272
44 432
36 500
20 223
199 437
47 491
198 379
5 481
227 229
129 313
76 179
245 336
183 476
388 499
184 196
63 80
124 246
159 315
325 386
295 388
340 465
296 303
174 387
139 273
92 286
250 497
61 177
389 408
184 478
207 395
25 250
230 295
118 254
90 316
276 417
284 389
175 219
476 498
228 269
154 289
331 486
84 368
16 173
13 119
49 269
40 220
204 314
73 77
59 486
382 448
30 395
5 39
49 491
317 408
130 485
33 74
91 132
116 291
197 199
203 268
183 285
6 79
28 199
150 490
352 375
306 421
247 415
395 472
228 386
102 229
10 486
32 316
77 345
238 258
289 303
50 465
347 392
18 186
88 487
361 436
80 318
135 229
40 249
112 191
200 491
350 377
32 243
73 253
249 432
16 43
53 231
186 489
139 420
103 282
240 321
73 372
229 421
18 380
207 451
283 441
117 138
128 386
176 392
108 328
45 254
38 339
49 62
147 428
79 155
14 88
159 227
79 220
174 215
184 390
344 376
251 433
57 74
85 473
139 337
364 366
288 351
190 310
87 98
287 376
27 367
330 381
301 397
64 158
173 207
256 428
308 332
240 276
160 195
183 389
122 322
109 468
133 223
260 287
33 181
94 429
168 352
66 392
104 264
25 439
298 447
62 323
384 406
12 69
105 441
303 305
292 379
57 221
256 500
402 460
79 299
244 403
66 309
238 356
317 432
73 75
298 403
256 469
3 63
260 325
97 427
56 210
186 373
267 297
152 313
2 370
52 103
13 301
356 477
328 454
407 428
90 487
248 307
177 189
1 396
268 492
347 495
380 466
294 369
128 481
398 478
228 350
302 431
115 365
7 377
221 269
69 83
24 160
105 451
69 414
176 387
192 483
143 448
329 373
77 406
38 416
98 234
169 173
45 136
301 422
168 277
33 327
125 308
58 170
170 462
188 305
331 398
44 385
44 95
85 91
8 302
365 432
69 157
6 405
207 464
297 312
171 416
25 344
104 284
109 271
156 482
74 132
18 42
132 307
190 227
411 414
398 404
196 205
152 316
114 439
190 336
19 460
46 471
31 175
317 492
63 390
228 466
33 390
330 394
28 206
336 356
75 471
133 139
202 221
4 154
2 232
5 137
89 247
60 245
217 292
143 469
271 488
143 429
121 141
67 343
105 151
14 395
265 386
164 273
206 307
123 251
388 409
4 446
333 359
101 319
94 277
51 355
289 363
150 352
64 270
221 427
107 190
206 412
311 348
178 399
49 138
391 478
73 206
363 403
308 454
83 329
336 343
111 373
307 450
186 426
198 412
1 459
79 478
78 217
180 190
176 197
102 118
94 494
109 357
299 340
78 159
192 352
112 396
220 378
56 206
345 491
46 67
73 102
9 326
235 402
205 307
13 83
129 289
284 465
17 372
108 211
58 453
299 418
65 110
183 438
123 355
52 464
64 206
105 217
260 429
60 268
282 423
65 431
201 408
64 338
252 298
151 152
31 264
330 395
232 411
17 287
73 210
165 251
126 241
109 166
296 480
86 401
110 451
191 247
165 374
17 292
112 388
181 266
397 474
82 273
282 333
40 368
139 269
150 266
23 232
117 366
120 413
86 384
41 299
30 308
68 390
157 161
52 342
333 419
50 197
160 162
225 365
402 439
15 145
92 439
26 344
464 495
178 475
118 374
231 478
239 380
3 344
191 205
130 368
61 180
141 379
142 239
42 189
206 382
347 358
129 297
79 492
69 271
251 330
382 467
149 485
225 488
271 349
104 225
142 311
30 389
358 478
220 409
54 387
56 135
98 246
193 218
180 253
126 443
114 190
463 486
162 414
135 214
180 419
209 350
122 408
14 16
381 458
234 372
19 270
277 368
57 269
229 467
155 229
112 130
57 88
428 449
65 200
189 417
119 411
9 52
125 148
178 492
55 376
412 438
299 403
43 61
76 208
154 366
79 95
195 236
87 181
108 461
353 386
7 302
165 184
424 450
22 47
377 477
262 287
159 325
129 296
148 187
242 321
183 424
176 491
241 281
354 429
4 96
444 455
106 313
23 261
95 347
223 381
400 418
117 310
157 410
137 428
60 359
93 380
129 220
194 245
90 102
305 465
137 430
159 355
188 197
374 477
68 379
93 441
240 318
208 384
275 495
42 264
80 489
94 498
229 469
53 217
181 184
24 455
377 464
232 452
168 430
172 459
329 351
29 44
82 124
157 162
50 58
162 460
103 178
134 185
148 274
372 375
143 401
106 389
143 451
13 277
89 285
28 383
87 483
199 306
411 450
230 340
19 213
217 240
80 484
43 78
271 411
257 318
139 205
40 307
363 470
264 376
53 164
107 427
147 263
291 323
126 421
161 163
17 62
94 417
182 352
263 437
11 192
77 224
34 269
257 455
207 430
28 148
202 344
26 317
105 309
219 285
1 223
50 175
114 221
166 481
40 333
8 217
163 186
182 320
132 164
227 371
244 453
35 131
269 457
260 404
16 429
163 483
116 195
391 405
269 492
25 220
246 359
186 477
147 149
165 385
101 190
13 177
141 468
103 363
179 349
90 163
23 142
224 373
14 171
68 155
80 182
309 475
85 276
246 265
139 381
225 234
16 214
202 259
16 105
123 160
439 494
305 329
371 387
19 414
236 322
60 182
438 478
128 405
177 238
162 478
381 441
90 177
143 223
134 176
208 337
167 261
17 135
373 441
170 350
272 387
275 431
56 338
141 340
27 285
310 413
31 398
18 500
201 380
37 405
167 202
77 404
366 415
31 417
71 145
285 329
221 338
55 158
239 465
79 281
342 355
139 340
180 295
102 429
17 299
107 112
47 338
46 251
6 58
149 394
104 476
54 200
122 270
439 474
328 349
47 474
240 249
163 455
139 259
239 489
139 359
10 84
54 127
117 143
121 182
449 484
350 362
271 431
204 498
266 427
227 270
16 321
104 347
308 459
49 117
106 150
361 493
327 353
24 112
301 479
32 54
316 360
66 102
106 201
313 386
278 299
104 385
172 478
93 190
234 312
72 369
276 382
50 381
146 382
88 120
433 447
167 374
407 445
10 107
185 341
26 488
331 424
316 410
11 20
82 109
12 53
134 167
287 350
63 207
57 275
137 203
342 347
193 320
49 95
38 457
77 113
324 356
65 151
237 294
353 457
66 100
109 227
138 397
40 201
10 253
265 333
101 429
119 227
100 205
243 481
4 404
206 365
283 354
28 278
187 260
398 450
30 262
185 485
200 218
259 314
324 494
82 497
475 483
386 418
247 406
25 79
24 175
177 373
77 332
152 465
227 358
195 308
270 280
234 304
376 412
243 363
108 109
17 487
354 494
89 408
420 448
299 410
253 291
80 452
104 358
121 162
289 313
94 111
177 416
293 433
130 437
190 268
2 301
251 365
208 244
81 136
174 315
329 459
247 376
135 337
88 316
201 252
153 427
81 448
224 229
119 413
108 347
398 498
56 220
287 428
132 179
209 330
26 332
439 488
165 409
101 181
178 315
185 232
174 241
213 230
262 327
124 199
248 347
286 403
253 354
162 486
291 293
237 318
18 298
100 411
396 414
189 423
160 426
188 252
243 346
179 246
253 406
366 416
78 87
217 307
66 450
143 327
135 494
1 213
77 448
51 215
484 485
113 425
162 450
66 419
19 476
285 443
346 441
104 479
300 413
38 116
365 470
350 487
351 369
101 151
24 68
10 19
197 363
162 440
245 429
72 75
344 485
178 229
23 280
145 492
7 73
77 248
37 229
122 224
274 458
91 429
63 232
27 209
195 198
151 288
402 492
103 236
287 445
124 356
238 381
23 90
227 348
265 466
108 474
163 331
187 376
48 225
307 408
11 228
2 56
120 208
26 275
196 230
48 383
286 409
403 454
253 473
105 148
239 334
109 188
183 408
259 406
41 396
43 410
114 164
82 283
58 252
156 216
212 248
41 388
283 342
270 405
410 417
242 322
260 383
49 243
77 176
125 428
262 348
348 427
11 160
22 490
314 400
178 435
33 301
98 298
30 394
153 218
49 253
418 500
91 366
41 147
160 457
256 266
146 498
114 225
196 463
215 499
149 391
103 327
208 448
278 481
53 353
113 381
290 362
73 347
234 393
196 405
262 396
313 357
107 179
229 278
51 418
288 348
120 338
128 368
194 449
311 379
85 315
247 371
219 455
60 87
337 382
29 264
90 310
126 142
165 191
155 353
165 209
35 80
256 362
348 487
63 435
268 424
180 193
301 313
21 385
246 434
351 406
96 184
12 376
233 421
243 458
165 255
376 434
196 411
317 430
11 303
40 262
193 381
54 289
78 305
32 114
128 308
257 441
220 465
220 286
103 399
26 212
157 357
352 372
124 482
252 261
84 339
33 490
98 187
125 498
190 418
5 119
20 451
129 266
59 381
353 363
59 142
391 455
91 274
30 405
346 487
169 419
34 428
330 373
112 201
242 382
338 472
127 478
371 382
225 324
295 493
349 396
20 352
98 153
277 285
33 238
85 410
273 280
290 481
133 464
109 433
193 430
32 324
402 488
146 411
26 385
353 396
391 436
386 412
175 488
47 471
108 454
371 467
83 213
475 500
141 296
120 498
331 459
436 479
112 452
226 478
56 173
89 119
222 266
252 365
68 275
6 245
8 10
85 417
2 26
88 313
136 218
272 284
108 239
59 385
328 341
218 439
135 161
230 413
181 182
150 251
450 481
116 133
12 148
41 198
166 264
76 270
375 420
70 450
61 302
34 272
154 389
316 483
24 456
287 379
4 357
2 473
141 153
59 487
282 465
290 342
285 500
108 308
312 434
176 428
135 450
43 157
20 198
415 480
54 152
258 486
343 446
154 465
2 353
2 228
127 315
67 261
317 419
94 137
310 428
39 301
230 266
183 201
19 21
171 248
6 93
93 400
8 495
24 293
135 231
238 476
39 144
195 497
73 140
50 214
116 202
58 440
173 368
96 378
207 390
365 393
117 429
383 452
4 242
4 287
352 474
268 379
64 398
276 293
454 471
360 462
7 147
12 133
20 75
48 334
242 319
98 339
84 333
180 415
183 186
137 156
137 165
172 416
277 417
138 172
110 361
38 209
140 403
222 446
14 295
336 430
2 60
111 245
290 439
181 208
194 210
184 459
58 378
188 277
305 406
439 468
54 234
73 454
82 293
268 483
167 245
323 428
387 485
137 160
55 170
151 413
114 309
278 289
423 458
19 470
333 458
10 153
19 126
375 439
337 497
318 473
125 378
406 433
204 427
216 410
307 421
89 106
210 270
176 377
312 477
188 457
62 108
54 413
111 447
108 259
233 352
13 483
365 397
4 113
104 422
13 436
252 486
268 351
56 96
88 470
78 191
185 452
350 498
4 451
196 366
183 360
380 429
35 411
284 476
183 472
62 63
93 220
165 453
215 473
56 142
23 67
147 331
341 419
223 496
97 431
268 340
160 259
190 413
21 494
90 223
21 239
141 143
394 497
93 468
63 387
292 370
14 234
89 121
168 274
38 455
393 453
191 447
233 406
13 394
81 185
404 433
105 177
42 498
11 500
10 89
394 486
410 487
264 452
170 233
333 465
27 260
80 375
400 453
74 271
343 467
31 340
308 313
3 228
121 284
126 167
225 294
179 458
48 367
136 377
94 100
367 422
23 487
32 345
37 335
103 438
352 358
110 449
181 455
32 347
5 115
197 313
12 113
260 331
29 477
38 221
42 190
384 494
50 158
199 340
80 301
112 436
148 496
164 393
309 447
360 440
29 308
183 314
382 471
169 459
145 300
303 366
270 287
146 308
40 394
77 295
74 458
107 295
167 443
164 358
68 270
345 353
56 307
14 401
41 46
305 394
21 417
82 94
364 432
157 249
158 300
164 324
165 293
329 355
41 269
297 335
397 428
110 159
93 292
251 276
112 478
37 257
43 285
176 237
245 383
254 376
324 358
194 206
258 468
117 221
385 438
88 150
73 231
315 316
289 480
288 440
282 358
384 416
245 466
293 403
14 139
2 324
1 123
219 417
208 253
343 349
1 65
295 430
164 246
13 77
127 130
104 235
49 461
405 422
123 325
26 386
39 379
73 395
136 316
99 146
200 237
139 500
146 327
259 378
9 363
15 66
43 477
404 424
174 268
52 261
184 364
190 299
226 341
168 395
194 340
115 415
7 376
199 231
313 486
1 498
150 360
5 246
19 116
410 416
194 499
49 427
55 307
281 335
263 494
6 19
340 388
136 411
117 441
294 489
104 493
172 249
206 322
37 136
88 409
120 418
60 311
101 207
43 339
84 499
52 106
430 475
22 352
106 218
241 379
158 457
161 209
165 351
156 306
146 260
485 486
250 455
118 441
90 231
57 401
201 488
87 333
293 313
93 287
319 434
28 101
450 459
308 314
244 379
377 423
68 175
24 340
30 58
69 345
408 441
91 288
131 209
266 314
410 464
278 395
117 264
70 215
166 340
220 379
253 496
304 430
99 314
172 399
116 124
55 244
92 365
355 395
170 323
164 465
366 434
36 187
90 108
209 465
79 99
229 481
114 280
267 323
21 458
23 368
66 463
59 326
184 458
202 352
199 366
368 498
38 309
182 453
227 465
250 257
303 419
101 169
14 262
134 321
215 218
124 212
273 278
257 351
50 196
77 301
143 456
181 445
57 162
358 395
232 240
387 393
465 487
257 329
52 318
171 298
212 494
252 496
107 433
145 152
33 357
122 450
406 407
84 202
160 326
287 337
126 375
289 422
305 488
317 471
274 316
11 249
180 413
158 343
180 208
267 431
345 485
94 343
385 461
154 490
99 360
164 197
28 80
186 289
196 201
29 131
342 398
121 332
258 390
152 189
415 450
322 360
402 420
67 384
167 363
88 348
17 277
180 224
92 194
232 244
135 427
204 205
194 370
300 426
58 413
120 330
320 408
309 318
113 500
250 341
134 447
361 487
205 244
88 432
155 422
262 263
419 474
447 492
265 340
168 419
16 183
94 439
282 439
8 358
23 486
52 173
114 201
36 358
18 213
200 495
114 303
272 285
195 341
327 388
207 496
211 474
329 418
52 280
343 418
233 244
125 427
75 267
357 424
143 330
188 258
329 377
201 214
261 451
223 224
188 359
30 43
100 151
266 308
137 303
112 358
199 431
253 282
33 60
352 438
167 209
340 499
180 332
147 249
6 231
316 484
386 404
86 363
71 361
36 374
43 301
56 205
202 424
24 288
249 401
67 97
225 457
266 286
90 426
150 429
223 239
116 451
242 483
8 25
10 234
200 329
249 461
94 215
136 207
158 213
240 408
181 496
384 477
221 382
274 416
275 484
27 443
180 469
332 358
38 405
151 364
25 396
32 180
214 320
13 160
143 434
200 338
457 475
56 190
133 299
128 264
119 383
484 493
80 416
17 178
441 493
112 233
209 238
62 446
36 373
198 314
40 117
244 415
140 149
150 175
231 455
235 347
215 492
251 294
227 262
262 496
190 491
18 174
100 401
26 387
389 454
88 233
230 281
21 242
57 112
5 427
149 268
9 108
208 472
397 418
302 449
39 345
162 180
144 389
42 381
314 352
373 459
52 355
119 187
336 495
148 425
302 308
323 379
192 344
11 421
23 336
101 314
327 409
7 347
241 246
295 308
185 274
207 374
69 209
68 402
476 477
289 360
2 213
147 330
175 398
219 352
171 252
170 294
274 423
73 322
91 100
178 500
67 308
104 147
106 120
93 341
157 423
50 322
179 209
186 344
284 404
30 455
310 383
312 387
404 412
342 443
20 397
298 381
212 278
247 407
238 429
59 426
185 499
101 468
240 377
263 282
65 117
179 288
75 391
259 322
102 126
60 236
42 193
184 444
378 499
145 365
76 137
118 398
153 308
77 395
87 405
45 166
107 346
66 117
208 292
152 357
403 449
26 147
290 333
52 59
196 348
320 443
284 373
100 334
204 281
192 242
111 232
170 206
244 411
381 426
384 489
467 480
91 176
416 453
22 358
410 485
209 346
75 244
91 168
67 474
222 357
8 109
61 252
82 89
451 482
3 251
82 183
291 369
95 349
73 359
34 180
337 433
470 488
388 456
6 466
52 150
55 480
349 467
165 254
151 393
380 389
170 413
228 334
283 367
440 441
298 366
418 455
341 372
88 133
25 391
218 477
28 498
123 135
16 115
173 235
77 456
102 265
79 358
107 302
112 232
175 276
188 424
321 413
320 413
139 200
67 495
12 377
173 297
175 306
7 8
2 87
125 177
97 146
35 486
217 296
251 310
343 400
80 87
305 389
175 453
95 265
55 161
193 248
6 267
16 374
87 425
309 403
122 297
97 187
96 198
235 238
126 473
368 398
297 300
193 429
42 492
160 405
139 263
360 469
77 435
101 391
227 445
37 239
58 151
222 290
205 240
248 338
98 208
221 446
302 313
152 432
98 204
56 411
293 353
34 319
67 149
11 180
92 400
230 408
251 285
32 183
56 81
221 393
2 113
90 467
37 280
101 301
281 500
201 245
138 312
237 327
94 418
30 82
337 405
27 358
199 330
6 417
208 322
35 258
288 306
122 481
171 428
124 442
88 115
195 322
11 308
37 41
138 275
98 462
45 411
42 199
109 411
113 424
155 285
13 379
81 301
341 471
258 383
93 304
106 268
92 424
234 291
193 396
407 410
132 312
6 387
320 494
258 292
17 361
92 376
16 288
235 326
99 410
32 391
373 475
2 25
29 214
175 209
160 167
98 191
283 487
145 364
77 151
368 420
5 257
76 212
29 306
219 421
1 256
347 415
68 139
146 176
145 186
33 165
354 396
181 234
165 292
256 373
288 371
64 461
322 431
235 288
130 432
72 339
311 407
116 269
221 259
14 230
194 293
277 422
15 176
110 489
200 453
55 99
408 428
188 417
35 251
312 334
345 438
279 491
112 219
149 408
43 256
91 415
158 382
72 130
201 400
295 312
61 131
251 252
268 324
247 387
205 282
26 369
294 350
30 126
38 70
183 427
135 385
127 429
16 61
2 277
267 474
136 425
50 55
447 456
182 212
118 391
189 221
82 115
49 202
394 420
260 497
55 463
251 492
115 397
351 404
32 442
141 214
107 445
2 58
15 406
320 478
68 89
389 487
207 412
43 436
269 441
55 66
149 316
239 248
259 356
73 465
375 393
134 289
105 162
25 187
173 311
64 239
348 357
63 365
243 327
145 371
335 435
12 442
212 332
397 414
51 128
162 372
231 314
110 228
186 454
121 223
107 388
438 463
123 322
383 479
147 172
89 348
175 293
187 229
208 495
138 336
55 242
358 474
422 493
18 488
114 285
358 463
131 181
86 202
129 467
78 256
122 164
369 400
123 378
118 436
290 383
239 464
100 124
319 486
121 446
225 374
292 367
51 290
233 281
26 471
33 270
299 493
73 192
2 96
331 385
97 221
2 32
101 320
205 420
223 384
162 359
470 499
381 394
135 483
183 275
337 445
195 218
248 410
128 469
137 275
363 457
21 117
228 340
283 316
90 322
141 382
247 414
120 307
392 433
281 445
102 426
334 454
66 422
49 319
141 303
229 451
150 455
335 448
110 290
120 326
109 178
93 102
58 67
141 279
205 494
48 323
118 178
243 380
212 498
114 207
401 430
247 394
134 330
226 387
209 395
144 293
285 327
26 171
8 18
390 439
294 338
245 486
145 201
364 423
296 366
13 278
399 417
158 212
109 173
121 434
380 385
4 234
432 491
105 244
221 391
76 283
6 170
438 500
111 216
56 208
147 357
223 301
348 372
358 375
110 275
144 415
91 271
3 342
352 408
95 476
11 217
339 343
233 305
172 405
93 394
123 328
235 393
360 453
178 276
69 499
272 300
341 383
171 266
308 317
320 404
96 408
264 461
223 487
159 449
240 299
11 473
264 483
274 375
60 212
150 186
300 320
79 222
84 197
31 143
31 178
13 499
26 277
218 337
37 472
134 474
78 135
241 458
440 486
208 259
52 348
47 374
336 352
271 360
389 488
171 176
443 463
11 363
122 266
104 168
121 346
21 243
57 436
162 216
132 293
254 398
17 419
47 309
231 423
333 380
189 422
80 84
142 319
272 442
268 301
48 200
439 461
156 420
42 158
22 180
321 353
5 384
261 465
46 303
360 399
216 318
191 193
142 438
37 84
17 369
125 222
431 447
292 432
431 442
41 447
424 475
101 285
23 103
301 418
194 303
125 328
68 185
1 98
123 286
348 351
342 426
193 352
265 469
257 355
325 389
17 397
56 445
36 392
62 160
251 465
15 148
56 320
113 340
24 63
19 324
31 138
219 313
16 29
117 257
105 359
38 487
54 243
144 313
51 454
37 209
190 358
39 264
129 472
144 287
64 165
197 362
179 431
415 476
124 395
79 175
107 250
1 274
46 380
3 257
27 297
452 457
4 320
155 206
18 475
201 311
263 499
83 242
239 385
187 368
208 446
273 354
171 253
18 131
328 419
312 317
242 392
217 311
246 318
274 471
32 382
209 485
52 419
76 437
199 314
191 259
197 458
285 420
86 451
353 433
455 496
135 332
83 314
153 244
189 292
28 286
140 356
238 480
386 494
288 400
176 476
325 339
358 423
254 301
170 242
120 473
125 171
63 192
54 435
145 472
206 285
128 270
274 397
249 269
15 174
323 343
225 263
334 405
32 359
123 341
62 191
33 472
109 128
132 269
204 379
53 455
61 267
3 69
329 493
8 257
196 337
139 162
284 426
43 331
217 261
17 144
303 420
227 486
117 141
246 334
52 105
90 145
392 484
254 347
44 323
263 274
231 475
140 154
106 138
322 483
1 348
19 50
425 426
260 326
161 478
272 311
61 500
48 420
102 333
230 325
10 406
412 439
383 467
58 274
401 434
142 155
51 261
210 351
71 286
411 418
23 295
168 221
84 219
379 386
137 198
278 404
55 61
130 217
224 431
160 241
189 350
241 302
236 442
334 370
352 485
134 168
167 338
445 470
288 423
75 279
409 451
273 453
167 287
49 119
4 236
91 332
154 363
334 343
202 429
188 348
152 228
160 367
179 391
79 255
154 167
20 162
68 385
21 280
11 411
176 406
341 462
114 353
56 215
7 149
7 87
142 409
338 427
400 433
86 457
303 340
4 497
123 236
390 456
132 455
335 492
391 442
213 419
91 143
32 161
104 113
361 410
118 409
78 128
174 465
15 22
449 468
257 424
266 320
157 474
70 402
55 257
158 403
87 450
258 332
303 468
134 371
412 493
78 398
129 148
242 305
204 276
140 414
226 412
29 400
49 329
223 296
81 159
259 420
67 247
309 437
58 444
33 178
84 392
57 177
162 451
80 288
219 342
40 465
208 310
204 459
172 308
296 307
124 317
234 385
96 100
37 46
315 389
240 498
328 429
12 112
68 476
4 393
106 224
31 46
1 293
182 494
291 382
362 468
119 150
222 404
116 367
473 488
143 321
177 269
202 387
203 417
207 281
304 307
102 168
270 398
170 454
223 421
190 344
124 171
125 441
151 221
25 110
37 151
131 168
220 303
153 282
33 374
36 330
31 273
43 148
116 270
94 345
125 473
303 497
261 440
73 117
169 272
312 396
98 292
27 77
54 60
329 396
71 175
220 408
98 437
343 471
190 392
202 459
281 394
116 499
166 278
418 469
81 278
161 427
212 276
415 486
80 127
451 498
288 373
204 409
61 482
102 335
400 457
348 456
346 434
145 324
137 417
46 200
170 437
57 254
129 212
181 456
55 397
78 127
392 479
52 397
212 382
118 230
174 357
140 450
189 411
37 310
9 217
306 488
106 423
41 494
110 155
88 136
93 189
166 403
88 335
67 329
202 375
165 337
56 499
314 363
11 318
300 369
393 456
114 128
317 435
107 289
140 238
306 372
124 273
258 308
315 487
14 366
204 277
123 347
74 456
13 302
350 379
155 437
213 494
120 180
184 441
215 442
43 313
356 368
36 99
198 383
321 463
55 411
228 399
24 425
207 269
64 255
302 382
377 416
89 167
323 457
33 313
130 472
189 235
124 480
38 227
81 208
420 426
244 336
126 408
115 362
135 434
433 478
141 148
35 453
182 285
50 327
120 299
65 269
111 407
93 290
30 454
37 450
137 364
58 384
122 367
141 436
48 102
227 351
292 465
4 447
343 464
169 239
4 285
48 191
18 108
100 404
49 430
143 384
344 421
72 201
252 262
61 220
29 300
283 345
15 293
1 48
370 441
257 360
102 173
45 319
160 485
297 492
142 486
217 481
69 192
10 235
305 377
287 332
195 479
223 312
232 378
155 497
217 360
101 499
13 419
165 229
127 166
6 264
88 441
8 357
15 428
94 425
342 480
347 478
14 163
123 383
211 459
174 455
176 308
72 299
140 152
271 286
256 332
40 411
69 113
268 339
81 150
238 447
57 423
259 434
467 482
291 493
137 355
293 361
92 410
88 161
18 356
29 222
17 355
119 172
252 436
240 367
319 417
171 319
185 377
442 474
125 233
60 110
19 39
31 249
325 488
167 487
47 173
137 242
11 431
100 147
257 337
330 436
351 390
161 182
162 412
242 461
246 459
82 478
251 353
154 192
77 111
8 144
37 295
67 111
214 295
68 481
16 484
176 302
165 496
377 380
312 345
338 445
3 125
75 492
345 463
50 339
22 460
227 330
271 482
292 394
246 324
83 214
10 472
389 479
64 437
37 270
220 375
305 457
299 305
76 396
69 458
104 112
42 359
314 482
172 211
20 454
44 485
182 483
137 231
149 350
313 328
393 411
8 472
22 254
74 160
169 186
22 380
170 266
182 456
62 141
134 418
104 318
13 256
286 417
40 289
112 375
139 333
322 403
157 409
179 478
79 399
168 489
152 476
83 282
91 434
404 442
231 436
96 294
174 182
32 491
200 332
204 494
248 333
146 359
430 499
303 400
15 54
97 462
30 381
84 354
52 500
278 450
145 465
400 441
198 442
266 360
10 410
63 441
114 235
131 267
109 262
18 251
238 321
139 435
322 333
214 495
34 146
131 442
393 457
99 330
193 378
43 209
27 340
389 428
284 367
99 464
40 212
251 455
54 136
352 356
101 232
126 358
50 480
70 376
10 305
196 380
223 304
184 210
30 49
227 369
263 330
155 307
12 309
328 345
74 429
279 396
16 71
37 202
42 312
201 379
123 131
103 439
131 211
24 342
191 388
167 186
225 396
99 427
219 298
409 440
140 157
218 323
207 294
173 243
433 463
145 166
166 235
143 490
65 302
147 287
417 499
4 292
99 467
127 176
11 316
212 484
387 410
197 492
113 168
23 272
351 392
259 452
11 382
250 404
149 303
21 327
7 398
443 489
56 292
60 181
361 451
156 441
285 456
364 371
161 336
56 202
88 500
48 452
24 348
52 353
50 485
65 380
97 500
46 436
306 426
75 378
67 117
309 319
245 427
55 204
66 122
151 460
180 359
68 84
42 73
309 490
175 448
128 320
9 266
207 243
46 401
85 357
397 488
124 452
93 234
118 421
354 495
246 337
320 338
218 429
106 161
59 192
74 422
198 248
64 238
135 256
237 337
264 289
200 279
93 242
36 448
88 192
93 307
32 222
16 119
67 102
95 234
395 423
55 399
128 146
213 343
134 372
359 449
127 305
60 105
190 407
19 382
78 394
144 426
314 447
78 91
53 196
243 354
127 154
50 172
199 230
199 210
36 433
99 479
87 291
137 499
210 230
50 120
36 455
136 275
13 306
141 495
106 403
28 214
57 176
136 494
177 184
56 370
37 431
105 117
287 498
32 268
53 89
308 457
19 63
349 366
127 225
20 359
177 377
210 216
132 464
326 452
316 365
77 281
178 407
9 270
446 498
274 481
207 273
292 481
212 427
20 187
98 157
258 408
90 273
114 125
163 432
254 473
185 257
77 121
145 461
110 462
114 251
234 495
267 442
3 41
5 495
75 122
451 479
239 401
34 296
305 342
80 148
159 479
305 423
135 261
44 184
290 349
340 475
35 371
190 211
230 347
188 391
93 314
252 275
112 262
189 442
37 400
4 471
164 241
10 425
185 366
6 395
27 424
53 201
195 470
123 385
256 268
326 339
241 364
28 304
183 306
248 424
209 337
52 426
173 302
34 93
380 415
146 195
32 301
214 444
32 108
196 245
200 395
127 376
79 210
182 245
149 413
42 399
377 410
101 379
103 106
160 187
11 295
130 295
31 358
72 383
297 448
82 365
240 313
389 451
269 463
200 492
125 136
176 396
44 450
233 372
225 455
102 227
62 329
305 330
245 292
197 348
71 264
306 443
431 497
239 347
414 463
54 247
162 358
49 360
100 218
304 419
239 469
116 212
323 489
35 157
127 258
30 31
264 386
323 333
3 46
38 216
119 321
21 228
96 340
62 85
142 194
265 337
244 386
215 353
77 136
302 316
32 458
176 319
118 428
157 221
139 449
292 460
66 433
182 404
225 329
471 483
206 270
198 278
55 133
65 217
39 357
368 387
96 432
21 140
330 332
120 354
78 336
6 392
12 274
22 471
340 396
364 403
46 151
68 189
256 347
58 312
117 427
6 350
202 251
204 391
231 366
154 364
32 266
106 464
20 231
384 487
329 385
111 466
193 440
366 411
34 328
121 261
149 496
252 388
144 246
40 461
2 413
286 453
25 148
249 489
99 106
40 135
292 427
68 227
295 446
15 75
120 342
344 415
355 379
313 435
370 478
103 309
152 319
3 223
278 470
211 241
34 119
336 422
245 414
23 274
197 220
309 370
13 93
262 411
149 339
361 378
37 61
202 312
28 432
114 252
105 202
158 474
161 292
174 447
337 388
70 329
51 341
270 417
49 411
105 398
16 450
147 398
282 420
200 318
33 253
158 170
101 428
115 411
276 438
143 362
87 430
88 139
203 277
7 407
5 403
179 317
282 415
109 361
341 396
292 410
107 152
409 476
78 291
312 359
24 282
40 50
80 313
19 30
206 253
235 425
89 244
64 100
52 430
155 352
51 99
9 322
250 418
25 37
177 401
264 449
258 304
61 403
407 439
214 465
44 261
42 52
214 460
215 322
66 83
104 184
392 402
236 373
72 114
56 114
321 495
212 293
226 499
264 493
102 180
357 500
271 456
275 281
25 131
160 386
62 387
125 425
121 421
125 228
14 352
264 377
252 321
74 431
78 131
162 374
37 233
45 192
28 75
14 133
93 208
175 394
127 443
105 276
123 469
140 321
317 463
80 472
218 417
66 345
80 234
141 484
185 209
129 201
315 376
166 254
246 353
383 431
163 348
260 473
248 453
140 278
197 398
302 348
57 323
79 269
205 278
54 78
221 471
124 447
27 140
123 291
335 455
20 329
451 471
237 321
401 471
64 227
46 277
214 475
453 498
441 464
240 273
27 444
246 488
127 212
40 447
148 426
210 493
71 479
19 185
52 421
76 282
270 303
3 349
120 384
141 414
116 257
26 257
43 267
78 315
275 464
38 451
132 333
399 400
231 490
20 469
210 339
22 190
39 330
37 168
185 500
190 212
349 400
88 114
89 117
144 363
140 360
16 316
105 368
113 473
179 423
142 450
107 174
58 133
431 433
188 196
292 336
275 345
32 45
146 321
84 328
155 321
79 456
85 427
322 405
65 373
218 309
228 274
274 440
216 444
388 488
217 407
300 396
233 316
196 309
241 260
69 147
288 455
76 88
99 277
350 435
319 466
48 319
290 497
178 245
96 200
4 378
105 430
78 474
10 196
164 410
96 425
370 410
137 184
30 170
210 472
31 469
85 142
34 358
37 88
384 437
76 272
129 137
64 339
75 128
284 386
91 393
281 415
74 187
152 314
50 134
164 168
29 372
98 408
43 250
286 487
262 412
64 262
251 467
295 466
67 348
102 438
185 243
383 448
218 264
92 468
406 455
313 369
367 414
12 439
183 331
103 389
188 300
277 282
97 234
147 320
7 63
3 269
164 322
242 362
34 415
44 128
114 360
46 167
61 381
114 222
40 272
196 417
53 219
77 441
284 472
115 307
358 448
136 337
294 470
3 19
219 489
209 222
74 330
93 224
201 401
293 336
80 295
132 264
71 416
414 462
310 434
24 325
111 206
131 290
312 385
95 267
51 119
132 298
100 371
201 430
297 494
247 264
1 172
108 322
4 56
201 309
103 292
92 152
249 473
17 140
43 443
87 175
215 382
27 261
237 401
385 463
186 483
229 397
181 408
100 372
213 412
62 177
29 382
312 435
120 274
411 498
231 291
357 489
60 444
273 322
269 315
98 471
170 361
202 294
78 230
335 457
220 497
150 165
440 460
225 319
12 150
79 289
119 200
77 221
280 405
185 405
27 243
315 413
104 375
129 203
245 494
250 301
43 86
138 260
231 440
85 428
81 447
129 276
201 450
221 304
324 380
53 207
26 118
163 378
35 284
390 451
223 282
69 139
71 291
4 469
344 475
53 237
43 121
82 389
1 404
80 453
424 454
24 402
28 95
153 179
89 387
130 302
7 255
120 123
57 77
1 388
17 136
202 472
269 416
60 477
157 373
272 459
87 143
239 273
73 139
251 263
129 364
124 414
73 217
175 468
485 490
140 374
7 198
339 364
329 332
132 401
39 137
231 238
97 300
279 324
140 327
184 409
126 400
229 334
3 93
199 288
204 326
304 393
31 292
147 167
281 465
50 462
105 112
344 461
356 415
33 85
178 342
346 349
168 293
25 401
89 137
232 297
383 498
252 295
321 342
43 183
8 367
215 234
220 349
317 327
110 369
36 249
424 451
194 475
25 412
214 248
8 247
392 457
407 446
202 355
221 321
365 407
220 469
58 199
64 215
366 367
274 314
301 361
411 485
282 478
312 429
148 273
54 197
234 440
149 204
105 233
245 446
357 460
413 432
230 304
177 351
97 108
160 263
12 243
353 409
133 323
291 380
79 397
208 250
430 431
54 274
251 485
434 482
197 257
258 311
395 411
103 457
72 249
198 272
251 493
190 434
114 461
191 196
8 443
133 256
328 425
58 121
307 500
155 464
233 365
9 340
207 334
411 448
148 412
337 469
91 336
281 388
159 384
330 420
164 411
12 257
283 308
152 348
5 9
178 448
217 467
185 210
334 489
16 125
129 328
456 482
465 474
65 132
170 177
193 305
185 432
376 463
52 205
85 156
359 416
325 480
177 313
189 200
83 395
93 487
77 123
369 461
1 441
91 295
181 297
10 499
355 476
44 230
405 427
121 490
111 420
116 208
164 356
1 166
176 388
153 405
222 307
112 446
8 364
57 358
42 419
193 462
87 189
348 449
167 339
152 194
196 474
31 378
204 352
14 303
174 352
69 457
206 353
354 373
53 208
26 481
329 376
103 111
66 136
119 432
26 47
27 448
196 432
4 239
60 137
190 459
148 342
50 384
44 182
107 114
135 184
246 423
38 411
272 295
169 470
323 488
187 256
123 157
114 269
223 358
270 320
262 397
218 446
56 466
274 311
385 454
119 301
19 403
452 473
73 368
116 333
223 415
378 381
275 459
70 320
103 116
436 460
97 308
58 288
180 319
300 309
205 368
330 399
58 432
75 302
318 479
79 452
309 323
402 486
135 386
232 234
93 194
47 97
286 382
234 331
77 416
56 360
135 280
226 257
349 498
352 499
127 490
180 452
157 340
467 478
193 490
71 466
198 315
106 488
146 232
174 296
182 498
390 466
1 295
202 274
280 453
4 71
368 487
153 500
85 288
105 500
23 257
33 394
401 463
47 404
175 333
63 389
302 385
166 446
185 303
78 498
7 443
265 484
350 384
327 489
91 286
48 100
160 273
355 366
36 336
18 175
200 358
427 450
484 491
322 412
60 125
409 481
191 318
93 212
157 381
232 494
128 142
336 383
245 275
53 122
423 459
308 392
37 379
160 186
167 198
108 230
208 457
155 284
314 379
225 267
236 320
96 205
68 367
73 144
161 402
34 334
38 342
246 294
70 126
184 319
332 397
174 475
66 413
4 394
269 389
67 275
79 379
75 119
28 306
98 317
34 312
191 300
201 466
338 446
146 241
82 280
50 147
61 223
126 302
216 368
334 403
473 500
180 394
242 302
124 419
29 79
308 407
3 456
141 181
302 484
158 282
368 433
83 84
312 331
153 154
68 363
197 347
199 390
282 327
162 381
242 377
189 380
77 100
119 454
380 418
113 485
98 244
21 134
263 425
327 407
16 82
207 405
60 178
112 297
92 215
456 497
9 118
226 319
66 461
201 277
65 223
277 298
42 192
139 159
386 391
107 314
233 247
166 201
203 259
81 332
123 215
207 295
307 385
7 481
423 494
206 428
180 296
185 424
415 490
403 423
20 163
478 496
132 146
56 439
398 426
296 381
12 55
16 87
71 137
324 422
124 217
285 382
55 100
59 293
43 218
6 341
41 297
9 129
108 483
101 345
69 313
258 423
382 426
175 221
1 60
33 241
81 221
90 304
362 478
120 128
37 176
188 383
33 477
25 267
20 133
97 442
9 42
208 410
351 415
194 214
421 481
100 402
86 185
268 417
361 425
187 335
224 472
351 433
66 77
180 205
342 358
7 321
41 65
42 257
20 37
7 393
90 462
15 466
16 120
71 312
313 500
112 280
63 381
27 389
151 477
129 193
113 443
7 459
313 320
240 286
83 463
8 452
41 156
122 424
112 447
29 463
381 500
108 423
29 258
113 229
332 336
184 243
203 282
52 448
87 171
444 475
4 256
93 178
203 407
96 131
452 474
201 212
76 125
252 284
66 240
67 371
44 369
111 449
16 351
330 354
64 431
15 190
451 455
256 453
144 435
223 335
182 468
38 340
160 327
51 123
189 239
101 252
458 482
117 294
37 326
180 361
71 444
56 331
86 95
81 439
80 477
139 344
42 137
210 288
148 405
209 271
1 154
246 257
47 105
289 305
24 125
7 39
276 370
182 480
334 365
113 145
63 104
201 210
151 443
74 163
221 496
230 329
125 478
419 478
134 169
207 434
210 396
184 411
123 192
110 315
57 165
30 147
30 183
85 176
33 271
29 433
153 348
24 218
69 84
7 482
68 195
143 356
32 52
292 422
66 301
115 256
186 431
327 461
413 416
453 500
259 324
7 232
439 466
298 407
250 447
54 92
166 251
241 313
25 376
201 383
63 404
12 300
127 440
142 482
248 448
258 312
261 313
244 447
21 61
140 444
247 330
440 479
86 423
32 387
222 366
151 230
161 474
68 78
140 488
66 492
25 485
223 271
7 346
172 241
346 386
326 351
171 182
45 211
293 310
127 182
68 455
152 273
284 411
119 361
109 282
302 375
280 304
23 407
25 291
55 132
31 473
244 323
302 373
28 133
57 331
104 119
52 57
92 167
141 146
304 488
43 201
86 406
163 338
17 394
360 408
443 447
275 348
249 442
384 403
349 440
325 391
33 272
26 219
142 280
172 297
189 306
5 462
65 484
82 277
391 459
369 390
133 282
264 471
259 466
143 216
220 492
116 481
134 438
359 441
146 493
90 475
227 488
138 230
184 395
117 215
203 210
80 270
68 447
154 374
157 322
272 470
285 355
68 429
372 478
331 346
118 160
274 368
74 264
14 454
138 464
146 384
81 387
41 231
226 352
130 223
124 197
142 267
79 235
101 220
147 381
122 253
7 356
173 427
249 282
328 443
295 496
200 428
69 207
67 259
197 341
158 386
70 274
212 279
96 178
53 288
92 403
430 463
291 334
53 91
180 377
250 395
84 195
75 493
86 139
137 356
68 137
360 441
141 249
20 317
348 468
45 163
298 359
223 457
131 282
77 313
458 484
138 394
231 377
349 399
64 159
297 309
60 130
137 214
71 105
201 319
64 499
149 214
253 277
281 326
30 130
134 479
170 499
275 423
397 409
138 267
384 415
246 476
232 333
44 418
273 329
446 462
419 462
77 419
261 306
55 464
299 435
202 456
34 151
112 492
278 328
278 363
77 451
276 348
243 322
276 335
267 488
329 363
205 484
21 211
392 404
15 372
186 423
94 414
201 449
428 436
5 13
62 100
208 420
60 271
136 199
341 360
4 274
203 457
146 174
101 306
146 414
203 420
71 244
119 205
36 57
335 413
70 472
46 270
77 127
199 490
37 97
194 408
233 497
280 449
28 319
330 482
129 320
149 337
462 470
364 377
193 288
228 265
114 420
6 486
241 359
120 496
57 163
190 414
259 369
187 377
59 91
97 372
105 229
159 219
457 465
126 432
369 462
247 395
64 183
80 466
244 350
47 269
67 214
64 146
261 337
77 198
34 287
69 70
102 259
311 351
112 463
142 232
229 452
342 468
79 137
115 385
87 191
249 496
432 497
353 376
286 489
113 261
169 325
123 476
40 83
312 398
53 372
189 355
402 485
10 358
350 358
75 450
64 332
424 433
10 145
182 419
54 487
29 116
269 408
201 335
89 426
273 472
142 254
65 266
393 481
312 457
241 293
142 171
255 487
359 450
3 483
338 469
31 491
95 428
221 396
456 491
66 198
306 453
317 334
29 296
140 161
63 372
116 435
148 257
96 104
143 433
112 335
241 463
162 318
327 438
247 307
26 301
55 203
65 435
333 485
17 321
297 447
110 352
191 323
435 442
53 230
208 257
161 248
72 221
131 329
93 158
128 183
35 238
68 462
212 480
86 226
238 433
116 496
425 474
69 367
355 483
64 358
72 147
38 482
110 433
337 386
110 425
191 394
407 417
150 434
113 248
188 469
254 455
12 347
108 428
107 357
8 425
132 427
484 486
209 226
80 222
16 44
376 400
264 413
102 177
42 416
29 310
131 403
178 365
104 274
433 471
78 423
15 220
174 177
178 195
59 306
265 335
21 48
131 296
90 330
78 161
336 418
368 452
242 466
196 372
26 289
218 254
52 233
344 483
208 331
257 413
176 333
18 388
88 216
358 360
381 383
273 498
180 290
44 420
337 372
341 433
34 362
168 271
379 422
44 345
6 68
83 91
87 359
61 461
1 147
196 367
13 265
146 418
108 262
97 316
245 291
80 498
68 169
330 459
181 292
12 222
172 457
6 84
53 74
340 345
65 318
7 429
238 254
316 404
60 303
73 205
146 419
116 292
136 146
468 499
31 243
57 372
289 390
86 227
173 430
164 382
55 230
101 304
2 34
14 394
67 282
74 136
193 268
358 451
107 227
296 426
2 480
256 257
207 341
117 161
313 495
25 494
84 299
222 453
35 104
70 404
240 419
12 461
55 304
310 435
89 344
346 360
349 487
302 422
182 309
268 463
81 356
328 499
435 457
273 371
244 357
90 295
250 449
156 309
191 267
109 353
94 218
79 467
299 419
351 494
94 380
48 90
185 490
74 470
7 110
104 217
192 327
483 496
84 270
63 464
78 119
56 209
271 308
208 249
104 254
60 185
58 132
426 491
360 490
2 471
319 484
155 193
46 372
256 440
122 234
215 377
92 339
243 286
324 398
123 301
178 313
219 248
164 414
223 418
225 392
145 374
80 438
52 418
20 392
55 325
246 407
67 78
251 412
312 445
80 176
225 359
426 490
235 295
326 427
29 354
42 432
22 464
108 214
292 305
97 357
252 392
268 388
47 414
144 224
331 490
198 287
171 282
258 458
80 389
166 327
97 123
29 252
346 389
119 296
262 289
161 184
444 452
260 279
348 399
204 235
268 420
274 480
41 230
95 303
13 146
303 465
160 409
166 442
56 429
1 145
277 404
366 423
276 350
60 77
329 379
81 274
431 463
72 403
484 487
221 447
7 405
337 390
14 497
109 285
358 490
95 193
29 368
7 420
63 300
44 210
159 328
277 327
371 471
454 483
209 252
276 294
2 76
93 216
20 38
264 280
83 322
84 193
171 325
30 197
438 474
280 418
10 467
200 425
51 368
448 473
107 110
2 31
146 449
59 144
52 65
261 341
168 336
47 55
385 436
274 487
11 484
51 106
104 176
80 156
297 316
70 316
68 483
350 456
42 91
40 195
90 296
263 335
98 314
22 141
33 340
94 313
7 298
379 489
400 481
174 190
9 56
326 421
69 228
364 397
147 415
11 370
164 417
139 324
113 476
123 307
120 461
202 419
142 436
221 474
50 291
316 434
198 264
128 194
22 215
105 425
91 450
223 309
90 141
14 95
53 342
101 184
206 436
4 104
235 498
128 429
9 466
274 405
224 433
270 463
78 284
101 118
164 419
63 495
323 406
344 393
87 396
58 110
113 227
404 411
174 263
307 315
289 327
149 490
37 438
293 377
128 206
354 380
114 249
160 226
314 325
48 492
379 491
18 340
108 351
263 320
179 339
43 381
5 206
235 426
166 497
182 334
99 140
4 208
145 479
41 430
32 496
172 206
289 336
306 362
34 81
33 278
155 280
257 465
24 141
68 132
10 488
307 356
164 257
159 441
182 355
224 312
30 128
436 494
38 284
278 312
215 434
276 451
51 181
302 394
185 278
325 413
27 197
208 240
162 452
108 272
26 389
104 302
184 385
102 359
75 379
238 304
114 120
302 424
11 239
194 379
282 343
304 447
31 302
72 428
362 451
341 353
3 300
163 410
1 300
121 273
395 474
176 290
443 455
221 363
123 265
333 367
396 439
148 369
98 320
190 377
238 243
236 292
134 391
150 183
82 470
348 435
59 310
3 157
172 430
8 465
54 205
201 300
476 489
195 203
107 355
59 421
299 451
20 323
41 177
206 223
129 384
27 334
166 208
137 478
108 196
389 496
440 492
77 190
14 188
33 187
309 399
127 147
351 357
143 222
90 252
123 492
378 408
116 288
195 281
10 158
223 461
77 150
318 488
352 360
58 257
20 276
52 445
266 361
46 83
351 456
245 489
137 288
158 337
167 428
421 451
14 448
1 96
9 376
103 471
386 389
141 335
75 230
239 394
320 366
84 246
119 311
246 357
43 314
129 179
160 414
267 325
245 264
252 377
51 492
299 459
182 347
414 474
97 345
280 290
82 167
276 499
65 454
15 129
258 266
121 209
373 489
6 43
445 485
70 366
17 391
83 158
345 490
365 454
268 475
9 419
172 403
88 328
154 411
320 444
66 146
77 476
298 455
78 134
283 439
115 301
37 102
95 236
41 232
398 430
203 273
288 422
225 429
184 350
117 217
207 285
267 347
201 489
223 227
4 293
100 300
193 252
257 274
216 350
259 447
171 287
36 212
410 491
315 377
13 310
39 237
122 404
6 94
178 336
419 455
52 453
145 316
202 255
170 185
2 9
37 161
336 432
100 236
122 193
60 435
331 487
97 298
218 300
17 85
124 472
243 383
190 368
96 169
338 357
281 434
315 453
22 416
59 380
253 294
51 313
199 426
122 210
96 367
467 500
297 367
196 319
119 202
356 466
57 286
338 476
208 400
28 316
92 108
314 374
149 385
59 242
6 391
176 213
35 374
60 82
391 412
42 48
108 343
74 295
55 415
207 445
270 353
70 298
125 362
193 406
5 349
87 492
338 388
78 262
281 478
17 145
30 312
326 393
109 401
125 155
76 455
213 392
146 250
40 276
59 473
381 451
105 150
464 478
114 118
8 72
173 394
110 421
239 467
56 167
454 479
241 445
428 482
204 317
109 328
168 346
250 416
141 441
342 435
314 397
303 325
145 319
350 378
104 114
315 354
261 403
139 223
29 254
130 439
324 496
90 251
68 176
315 395
112 427
118 151
98 207
248 456
132 468
40 312
242 339
193 331
8 229
382 406
172 197
257 442
210 391
211 391
29 98
121 327
81 277
34 143
10 182
67 344
45 328
19 120
104 366
171 422
289 418
1 484
133 149
389 418
235 297
270 331
237 485
57 454
104 359
201 270
96 225
176 415
67 238
251 444
239 267
80 491
413 494
87 471
370 453
179 300
137 357
278 292
21 486
245 271
208 403
1 409
318 403
42 139
98 184
146 487
434 437
415 441
116 409
297 459
242 481
78 117
235 243
272 309
227 409
302 478
257 494
117 320
3 399
392 430
225 277
334 383
48 462
173 448
127 482
313 468
89 362
395 408
150 381
87 382
262 332
54 409
53 126
19 261
148 232
160 423
379 482
71 203
60 456
47 392
77 434
42 107
2 241
180 482
159 346
47 183
162 306
179 382
172 318
38 301
77 336
9 446
213 475
57 76
22 293
175 287
203 251
114 264
11 471
73 452
97 455
356 487
122 302
64 180
160 254
1 90
53 88
174 364
121 122
335 439
73 168
400 466
205 434
56 296
141 293
66 418
13 358
185 338
106 342
7 432
189 474
128 361
174 468
12 137
67 118
238 264
408 430
193 223
22 412
220 343
48 322
280 335
43 371
9 329
180 493
227 441
11 325
130 469
84 158
206 280
473 498
145 488
432 436
18 474
290 462
272 282
376 379
251 368
294 417
38 164
6 357
148 261
346 460
245 368
132 282
345 430
69 386
20 467
236 494
306 335
107 159
139 335
22 383
215 247
38 400
143 238
281 387
50 442
42 330
341 452
4 493
238 397
184 367
211 365
327 404
204 458
91 222
170 344
91 349
123 300
34 331
44 222
5 193
6 31
54 314
380 381
31 82
313 381
353 487
11 64
46 498
18 121
7 27
61 280
93 438
151 449
111 215
241 257
235 351
53 78
118 384
42 268
134 306
182 438
4 364
43 208
243 248
166 349
232 279
347 418
442 500
359 433
190 219
46 387
207 426
3 121
8 142
132 234
272 303
92 438
184 396
345 422
146 495
41 75
29 370
248 291
106 441
172 350
193 438
212 318
272 418
333 345
62 299
276 398
179 198
21 71
2 64
411 460
166 312
442 452
80 473
38 383
259 483
196 253
45 447
25 174
115 180
63 337
30 493
84 484
81 238
324 455
30 214
10 171
113 366
217 324
3 15
216 311
50 395
160 406
214 421
177 292
76 316
30 115
20 386
34 367
70 171
103 353
60 377
35 361
446 448
319 459
159 375
114 448
354 369
145 148
216 385
17 111
182 335
230 373
326 376
234 289
337 484
426 469
182 376
115 265
264 360
486 491
180 383
118 201
137 194
294 355
65 340
237 453
157 355
81 431
69 406
58 461
333 400
135 439
10 298
22 340
243 496
104 270
372 446
217 448
64 360
305 453
390 445
126 176
225 323
14 243
131 233
53 374
136 331
223 429
4 474
318 464
4 436
188 416
279 312
21 380
327 391
297 423
125 490
278 425
119 194
44 286
25 463
324 433
219 378
158 497
34 484
45 433
14 169
179 389
38 290
444 447
87 234
195 466
120 423
31 229
333 468
312 314
125 326
438 466
17 309
107 240
359 475
223 376
121 360
110 466
239 486
77 163
280 480
240 468
95 130
160 340
157 256
316 379
209 394
85 103
31 92
331 489
323 452
5 389
395 485
136 314
139 416
62 116
126 363
463 492
164 331
319 393
33 269
493 496
63 109
308 442
13 32
80 464
147 362
37 263
101 409
95 418
42 445
39 229
159 318
484 490
53 431
291 348
64 184
91 165
26 258
178 261
94 394
94 286
229 316
21 164
126 159
38 480
9 320
247 458
248 367
37 496
149 461
259 456
10 45
140 371
154 265
355 373
177 181
95 289
118 367
198 445
68 323
194 444
102 264
16 453
44 299
180 433
24 131
103 192
9 494
99 475
42 424
15 34
224 452
266 275
150 431
413 480
136 219
160 288
212 410
210 469
331 434
174 483
439 484
373 382
245 415
124 490
19 212
241 275
77 237
62 240
97 160
324 341
230 309
170 263
13 386
215 431
36 119
244 281
243 279
87 342
50 139
16 482
339 393
272 399
171 243
19 124
324 396
125 267
297 305
18 313
103 313
359 437
259 321
38 77
220 420
156 405
152 193
26 224
88 408
412 452
232 312
17 75
76 388
138 474
183 396
443 485
43 94
169 197
259 288
13 257
127 172
449 487
117 299
144 484
53 441
364 483
25 29
46 467
329 484
217 495
161 429
44 123
224 318
105 287
236 313
107 260
301 408
148 154
134 204
153 467
275 291
54 441
330 333
102 153
213 465
299 332
95 302
85 285
302 312
12 187
411 500
266 448
419 440
228 384
8 464
8 227
34 313
4 266
36 347
179 309
231 239
249 268
42 154
4 238
380 494
167 382
212 399
12 285
185 252
299 341
161 331
384 492
27 108
84 284
116 199
222 317
45 360
70 159
313 396
31 159
270 477
71 160
132 302
189 370
76 236
34 124
22 27
178 410
311 484
112 451
427 495
227 405
42 448
47 188
126 240
24 83
308 436
181 248
328 383
67 456
147 332
249 287
190 474
277 438
21 484
276 307
355 411
36 53
356 452
166 468
104 206
88 393
7 120
197 330
114 295
334 447
3 446
24 331
192 493
59 165
26 357
154 274
17 423
174 214
283 317
64 172
137 405
263 332
10 333
75 282
116 203
255 462
239 327
255 485
73 404
143 145
256 432
133 300
78 303
122 212
42 370
59 269
100 493
196 282
94 278
50 86
307 389
133 442
104 266
343 437
74 192
26 274
260 430
325 422
338 437
107 395
189 271
238 465
73 439
87 251
44 321
325 441
87 195
28 82
249 301
8 386
341 343
289 306
57 89
116 232
151 170
182 282
86 201
327 451
41 100
22 123
375 390
296 351
350 416
237 429
22 34
229 388
326 464
18 285
262 388
378 454
225 465
69 274
85 122
157 448
90 312
275 407
170 295
18 420
358 447
43 327
217 294
415 417
345 401
292 462
134 144
380 387
114 151
20 284
49 450
349 357
33 204
35 65
160 267
170 275
74 364
62 303
368 423
20 205
334 474
324 482
35 250
145 209
396 490
20 219
101 271
252 464
139 425
22 348
94 99
205 267
31 438
165 228
75 242
48 201
127 217
38 269
116 191
162 423
298 329
77 119
306 485
229 279
41 351
94 97
198 378
122 480
108 212
296 470
175 241
278 474
180 188
141 383
127 473
132 251
195 241
14 153
355 403
15 325
89 311
325 407
28 170
296 468
52 482
243 251
373 433
35 179
336 345
98 407
240 267
220 230
209 309
70 357
146 340
1 323
8 286
245 353
5 304
17 242
123 277
123 219
344 358
291 427
280 481
114 268
109 245
268 344
167 345
275 421
316 476
132 372
123 351
103 473
129 422
1 162
252 280
311 319
245 428
38 200
97 304
223 289
220 412
11 415
207 265
245 416
63 267
221 301
100 319
14 391
111 393
119 387
274 402
213 416
72 310
200 414
392 486
23 49
172 447
181 429
274 376
53 61
150 163
153 216
17 315
32 157
202 329
3 263
1 27
151 325
25 104
104 220
149 498
63 163
13 346
61 489
334 409
46 226
51 247
127 254
89 397
25 204
117 413
200 484
274 341
41 449
207 366
143 228
396 473
280 288
99 231
83 244
247 310
78 313
55 268
176 450
360 493
219 484
249 367
62 298
61 463
151 392
296 414
139 434
137 435
25 188
147 346
255 280
37 487
150 484
238 247
100 425
112 260
193 337
77 317
242 401
172 186
321 348
178 202
119 191
54 126
86 284
259 379
13 182
31 433
245 442
315 442
110 199
308 402
109 324
58 86
29 415
168 236
225 249
28 89
182 499
298 488
31 313
125 296
252 454
80 167
88 361
369 386
346 383
216 347
16 476
358 414
250 364
45 160
101 113
70 326
22 186
189 400
81 119
86 464
26 75
120 392
138 469
22 234
161 347
29 403
16 290
65 477
109 112
100 438
480 499
388 393
107 208
187 439
335 487
100 470
129 302
62 105
29 56
173 239
152 446
133 410
38 343
451 458
4 144
322 476
167 237
259 469
180 195
124 138
61 439
233 469
344 373
202 370
133 225
228 240
43 282
414 483
86 218
231 497
32 188
87 131
359 399
2 408
333 463
327 421
43 454
466 493
40 263
358 464
124 253
1 63
61 407
196 497
339 383
135 380
372 389
84 101
130 208
149 293
57 486
49 281
150 413
420 439
15 329
236 286
308 490
265 276
24 205
255 498
61 240
163 430
77 436
96 312
186 327
313 379
30 489
69 248
112 124
93 358
110 239
90 137
272 413
56 330
125 275
153 235
247 290
237 388
29 311
343 385
235 406
231 411
114 479
169 365
53 490
30 315
29 76
70 303
403 425
217 282
54 446
135 492
283 310
21 109
201 226
208 382
183 193
68 207
291 442
138 343
370 440
308 404
222 301
59 71
123 352
155 256
313 450
221 249
72 74
50 483
82 113
8 473
99 196
208 356
132 435
323 447
346 404
21 52
67 181
99 373
247 289
333 409
45 226
91 317
41 320
190 286
27 247
8 253
243 447
98 385
154 243
24 421
9 178
226 406
71 398
410 478
367 430
309 461
47 424
137 323
281 346
144 347
175 478
45 206
423 497
263 340
146 287
55 248
45 174
189 289
127 250
107 118
99 349
12 272
41 354
282 331
133 405
97 449
71 489
51 60
475 479
27 142
256 385
162 240
116 490
227 241
330 380
296 305
43 67
138 244
131 476
34 265
233 337
167 302
149 425
107 206
81 468
152 181
85 121
243 254
115 211
200 465
41 111
115 278
244 489
189 336
132 441
344 478
36 395
292 455
309 418
116 338
80 189
376 482
344 437
24 93
23 424
160 495
132 173
137 292
163 467
101 332
338 370
100 452
22 46
161 483
24 465
182 408
122 417
315 462
277 377
267 391
183 428
122 477
72 272
157 316
155 200
265 396
303 439
70 146
274 396
163 449
344 354
9 37
149 344
185 374
206 463
201 452
195 310
179 493
370 378
374 421
139 339
151 190
177 402
22 249
178 319
262 347
295 346
369 431
43 262
182 306
222 389
340 383
47 211
129 358
30 443
333 335
109 134
29 312
269 338
53 176
24 127
319 348
381 492
283 472
304 350
112 212
216 353
25 418
56 166
107 307
237 279
355 493
416 452
227 258
52 258
41 254
72 368
20 253
24 48
191 455
12 400
234 449
238 454
124 451
324 467
161 200
344 420
111 439
279 495
106 211
132 443
340 482
381 404
424 489
170 252
78 337
30 278
7 30
309 395
5 54
133 188
5 335
81 85
317 356
124 393
439 442
276 322
232 316
253 390
91 283
71 226
228 365
223 255
156 240
382 498
122 470
25 268
233 275
95 470
2 373
211 481
336 496
316 337
283 309
175 491
484 494
149 451
1 359
151 238
50 344
372 440
120 319
31 494
28 305
192 302
280 289
144 314
59 490
284 334
40 186
130 392
27 88
125 468
272 420
330 382
155 328
183 228
280 410
182 361
204 293
178 246
48 352
21 186
349 397
158 315
132 331
411 438
46 451
358 383
60 364
20 121
318 434
40 409
382 443
4 60
86 500
299 368
60 392
141 462
33 42
102 281
63 456
244 295
56 430
147 294
260 488
354 411
253 368
276 312
264 389
380 483
77 384
140 218
151 255
321 459
258 345
264 308
180 391
136 398
14 480
303 440
118 127
333 455
17 50
71 187
140 469
165 467
110 330
61 70
216 440
75 96
23 378
229 294
145 367
262 299
290 400
272 458
199 245
68 140
181 329
62 93
113 250
325 352
85 236
263 470
401 418
19 331
464 496
161 361
49 267
173 242
95 385
114 484
51 117
379 471
27 449
75 238
475 481
196 461
140 195
187 485
196 223
382 430
129 381
195 200
169 236
214 355
304 466
63 291
178 243
161 396
344 443
10 161
97 403
18 79
17 307
347 473
52 365
449 486
102 376
223 328
289 492
349 443
89 237
203 263
87 348
110 211
426 443
85 296
357 404
90 228
215 459
11 154
180 291
157 223
34 460
214 257
232 402
155 246
67 284
15 339
282 430
206 255
147 375
86 357
49 233
168 219
126 428
10 422
208 409
166 268
207 379
445 477
82 364
137 363
92 149
14 335
172 191
69 447
232 386
239 495
112 323
187 328
220 472
169 307
94 333
11 466
11 203
179 285
32 125
332 458
95 481
62 161
153 409
59 343
36 257
30 340
189 491
77 348
102 249
39 292
319 337
328 428
372 441
259 289
102 223
324 476
17 90
106 222
232 456
9 145
35 175
96 149
57 442
118 149
105 329
297 366
25 143
131 463
152 469
45 101
492 499
275 409
61 335
36 335
1 328
156 229
200 240
331 372
379 440
199 416
44 191
31 238
43 182
391 497
282 483
161 414
198 324
48 235
65 500
112 131
80 277
30 281
25 161
397 475
46 170
24 351
391 458
64 364
198 300
5 460
100 322
361 395
48 317
39 336
420 462
65 209
71 278
112 455
97 322
288 323
17 360
332 450
28 222
13 167
66 443
147 148
403 494
44 398
340 390
247 369
217 319
210 458
468 471
75 108
84 377
236 417
79 165
66 495
181 280
49 466
334 476
147 469
406 441
232 496
421 424
5 410
187 250
85 479
145 335
119 433
17 132
130 370
69 325
75 95
120 215
329 339
186 192
175 261
319 430
207 237
41 212
92 283
244 476
20 128
134 414
89 335
244 303
430 479
143 443
214 423
107 465
437 500
383 401
244 285
190 442
384 439
3 268
349 483
304 354
12 138
3 320
161 218
178 213
177 483
24 34
214 287
10 275
120 351
113 484
395 475
74 320
346 410
114 342
204 245
425 493
268 480
324 365
152 280
90 213
193 342
35 158
29 427
163 313
9 45
288 388
67 108
150 247
32 240
86 318
174 286
358 392
188 215
40 116
6 347
222 479
231 400
51 65
80 160
433 500
367 489
323 482
296 460
337 379
102 116
165 239
37 132
187 353
129 216
11 67
317 457
14 408
3 239
371 404
264 342
358 458
20 254
87 151
339 398
359 363
164 319
16 392
140 421
144 163
220 428
1 150
322 351
77 376
308 315
159 400
269 290
104 365
80 327
387 438
72 224
361 423
101 121
329 469
151 435
70 448
50 334
168 251
448 474
67 354
214 458
265 461
248 478
25 474
242 457
285 457
339 368
210 371
53 283
305 421
243 381
41 241
91 106
269 451
96 322
308 388
159 303
14 140
334 488
156 167
164 208
10 172
7 446
36 407
322 346
38 69
151 394
32 483
242 265
294 328
4 294
109 374
19 454
37 186
74 325
60 337
131 341
50 213
309 474
222 294
274 437
436 472
36 48
293 342
96 139
12 383
24 449
172 340
44 367
152 499
364 365
51 436
182 332
135 209
91 356
186 223
357 382
270 332
169 290
149 159
6 386
202 437
192 263
427 463
80 422
113 368
364 408
302 472
200 232
370 485
296 421
295 483
159 324
107 347
118 337
50 353
312 411
59 160
264 492
15 433
12 245
320 345
206 316
125 464
298 468
23 155
219 500
70 379
27 257
304 320
65 385
266 370
34 386
71 209
30 416
3 365
7 400
71 448
145 177
120 270
279 421
279 308
36 265
91 447
12 394
52 286
448 469
117 432
11 294
443 478
74 93
281 495
23 215
78 494
21 240
322 419
225 439
132 254
212 448
29 309
94 449
39 317
212 460
278 355
125 350
288 420
171 480
178 345
111 436
349 455
134 470
283 493
429 463
154 494
283 393
199 424
39 194
40 232
38 210
110 149
354 418
156 223
401 415
255 371
129 151
112 198
177 362
218 272
263 446
292 452
80 152
35 461
195 488
23 147
303 341
42 103
255 407
255 453
219 335
28 389
431 446
153 406
40 443
385 406
67 146
329 453
134 148
134 399
166 227
62 409
123 267
307 387
155 360
467 483
132 422
177 300
46 397
374 449
238 279
205 366
79 330
85 209
45 256
36 141
65 91
103 371
197 419
322 381
194 250
120 221
277 479
24 227
36 492
112 461
73 255
362 394
489 496
237 353
276 277
76 181
389 482
42 167
432 443
28 240
127 442
93 492
157 207
68 347
40 197
324 415
19 162
435 472
342 404
130 257
303 454
166 410
222 412
247 279
106 364
23 292
195 389
153 294
235 362
265 359
203 257
12 87
152 186
298 451
140 203
150 274
96 180
278 370
59 223
27 111
6 441
114 424
4 461
35 444
303 459
422 436
283 485
290 346
80 299
378 485
77 365
155 250
37 70
293 460
219 480
99 300
121 291
147 436
221 374
177 386
115 287
93 274
187 471
27 95
150 327
51 478
30 198
201 442
278 317
104 151
176 468
326 496
377 401
12 44
35 217
59 288
231 304
166 267
248 437
34 216
92 293
21 266
116 485
261 357
13 313
170 363
198 361
21 445
204 431
191 401
226 254
319 424
160 196
25 175
310 385
76 296
237 307
226 379
392 463
288 489
202 379
65 400
10 200
370 376
146 489
294 392
2 144
220 467
161 408
141 454
187 302
296 338
2 464
5 336
222 454
32 121
105 215
17 281
92 253
294 295
49 75
259 308
446 473
411 481
153 483
72 298
1 173
221 327
394 495
24 346
53 223
71 81
37 212
248 318
381 494
180 467
143 184
72 222
160 308
125 259
262 372
16 240
22 389
197 245
164 175
39 483
16 430
260 264
230 478
101 298
23 40
18 470
4 350
28 122
58 371
96 190
20 306
248 391
39 247
4 291
128 392
17 34
304 359
98 286
197 399
9 18
7 52
263 342
105 243
49 301
76 89
165 422
128 371
4 93
2 68
131 244
62 405
322 370
282 402
119 232
52 60
284 296
113 324
75 182
100 273
218 223
77 409
217 243
325 455
58 164
191 275
198 269
11 291
81 239
236 437
340 414
162 207
255 375
18 430
408 429
133 268
188 478
85 319
267 377
28 147
42 365
270 349
71 429
241 343
281 341
153 166
184 370
333 402
183 234
1 197
227 429
18 154
31 114
3 356
359 402
94 455
104 132
190 206
223 310
106 210
355 430
250 398
250 297
98 347
62 321
274 280
21 147
52 123
96 283
34 266
2 495
471 474
69 401
314 346
46 252
224 238
162 313
237 342
338 498
311 413
3 150
295 392
371 428
57 400
287 313
72 350
286 488
144 354
313 341
229 257
459 500
13 319
37 411
125 172
79 193
193 426
116 495
363 479
106 204
80 426
285 444
210 433
42 290
176 199
83 88
318 406
66 214
442 465
369 446
32 368
30 133
19 140
219 474
7 384
26 124
117 147
360 413
187 313
175 319
331 335
227 253
252 289
23 491
218 333
102 342
181 362
256 345
117 285
23 202
402 482
51 64
13 223
139 260
159 434
265 323
124 445
153 360
196 238
127 189
412 489
307 467
318 330
145 464
393 410
25 388
402 443
211 308
195 480
133 385
17 216
294 482
4 366
156 279
164 306
168 217
288 474
302 483
107 458
300 367
251 372
53 473
12 147
300 477
53 175
7 413
232 375
344 381
26 403
21 113
328 446
13 144
84 408
162 208
98 150
52 270
162 420
94 305
256 302
275 311
175 484
129 486
191 268
303 490
90 305
33 500
105 290
181 314
381 480
136 410
167 486
56 285
102 136
25 314
5 485
191 203
103 485
47 110
50 448
99 289
16 47
56 177
160 391
16 179
166 246
394 444
52 237
31 263
147 236
5 196
226 259
44 459
182 491
148 250
309 458
86 191
185 380
78 468
9 292
123 339
10 259
68 423
351 445
294 468
154 361
265 407
66 236
33 318
232 373
406 477
184 185
219 336
66 182
212 264
175 214
15 194
11 77
100 325
323 336
69 421
256 277
242 328
5 127
96 288
157 394
325 481
431 472
38 51
97 184
81 176
219 362
200 417
152 252
414 476
49 305
52 427
42 303
281 449
28 330
114 244
20 335
186 264
44 415
51 260
154 216
83 234
51 428
96 433
145 161
55 225
179 449
53 279
253 359
424 432
144 221
153 330
36 340
325 439
112 378
8 95
420 445
275 377
263 336
284 485
192 285
191 486
34 298
6 232
18 211
160 207
37 269
293 421
146 447
228 500
370 402
237 277
251 275
388 408
144 371
22 454
105 357
60 216
146 281
155 486
209 345
85 341
20 31
176 271
69 302
141 162
99 177
226 420
262 331
41 62
76 271
382 431
140 426
167 367
320 438
255 452
15 419
92 228
265 366
415 471
47 284
114 410
103 203
71 251
87 138
343 375
116 178
152 177
86 370
80 255
295 418
107 265
96 299
73 307
297 310
60 452
193 345
210 213
2 121
325 438
206 407
118 497
33 254
239 423
171 391
303 458
148 381
230 241
429 474
162 224
173 304
74 190
18 111
59 462
69 267
223 342
302 309
72 96
16 160
199 248
342 445
289 367
238 242
54 450
47 232
139 442
310 433
35 478
130 155
79 307
135 162
342 362
215 319
147 258
488 491
57 314
129 372
294 344
64 438
426 472
336 459
215 404
305 485
299 465
288 301
4 204
95 465
237 313
19 279
120 214
174 327
333 336
56 86
375 387
269 388
304 470
340 450
4 75
37 287
2 161
2 29
410 495
264 390
152 380
40 429
124 183
376 387
97 493
335 362
276 345
58 480
269 430
116 391
44 271
389 406
14 368
325 464
140 186
201 366
298 378
303 332
73 497
186 326
4 483
370 460
304 353
32 370
51 344
112 342
108 268
213 474
355 474
256 280
57 241
79 434
266 482
369 473
121 336
208 402
243 387
53 273
271 496
23 276
25 246
193 385
326 477
189 214
274 385
24 473
20 256
158 425
136 152
428 461
34 185
80 247
29 120
326 462
239 436
222 282
127 347
328 332
201 495
203 393
171 207
158 350
44 279
223 329
229 290
334 497
43 372
286 432
10 345
52 154
208 412
149 329
13 466
130 145
177 348
343 352
38 208
242 494
127 382
42 100
132 440
260 265
383 488
186 271
230 322
89 238
8 112
23 375
245 364
4 55
140 266
50 500
107 233
106 198
55 383
237 452
142 359
440 484
67 109
257 425
293 455
8 369
181 295
215 221
139 152
154 169
98 110
432 457
120 244
290 492
288 329
409 418
4 172
53 381
69 229
14 141
20 129
3 29
90 300
109 409
20 238
470 491
51 280
225 232
235 444
350 366
109 208
51 425
325 487
181 325
434 466
29 35
245 476
207 407
386 462
112 469
23 171
401 406
319 366
362 476
86 422
22 166
162 469
104 426
79 84
61 493
13 321
414 471
29 169
64 383
131 145
97 126
164 191
147 444
321 433
82 101
245 420
377 440
385 448
276 440
153 215
55 336
275 295
30 497
270 412
236 372
86 279
213 421
309 478
155 217
177 475
436 437
41 360
38 349
145 405
139 453
129 466
286 315
81 227
149 353
336 452
3 130
178 499
137 455
36 337
193 250
336 349
171 237
24 118
95 213
8 311
171 470
391 473
139 257
351 396
55 68
281 438
63 305
194 375
177 497
313 407
39 192
101 417
450 469
470 487
119 246
142 474
55 153
255 342
138 143
352 362
7 210
12 482
335 398
143 480
182 427
2 275
107 413
274 438
118 417
437 454
120 310
145 333
70 484
435 466
63 488
30 114
225 425
220 432
164 408
171 206
51 127
105 424
285 406
123 393
196 198
4 283
215 371
375 386
163 236
284 290
51 78
232 455
71 340
290 367
107 364
341 410
65 437
83 308
98 195
98 324
40 451
294 467
331 422
166 485
249 346
90 136
116 254
30 397
37 67
219 375
135 171
192 296
31 203
209 444
126 486
63 418
249 477
268 405
310 372
9 27
75 488
133 241
184 383
140 217
365 495
294 379
271 459
77 349
13 40
25 121
77 91
53 393
353 464
285 410
126 317
336 490
358 362
257 498
84 111
69 412
409 454
161 284
235 400
119 382
59 156
436 471
76 285
177 394
39 374
80 399
413 464
48 260
75 120
85 123
97 233
35 398
389 448
163 281
102 374
236 478
206 483
308 469
348 408
482 496
299 445
124 438
165 417
255 394
81 171
26 461
152 264
254 339
362 409
196 409
249 445
59 495
29 136
221 277
122 358
63 487
17 207
196 243
384 412
352 441
336 437
188 356
111 171
1 25
143 229
205 286
356 433
107 461
31 441
15 83
137 445
129 233
43 277
419 443
187 389
405 486
268 385
222 486
228 421
90 157
103 289
39 438
174 474
371 395
198 407
324 370
43 186
177 255
76 166
112 402
76 404
327 371
93 197
265 295
81 259
18 464
139 409
33 486
298 424
143 257
187 195
229 447
332 357
29 456
120 295
6 22
238 471
148 285
24 274
389 470
278 419
39 415
4 278
73 262
29 59
256 461
290 454
84 124
110 355
365 379
450 456
160 355
163 190
224 426
35 246
88 420
15 292
367 384
23 42
36 401
88 358
458 465
203 204
83 323
326 395
151 499
5 426
452 493
159 289
99 438
176 439
174 448
181 302
8 466
12 301
120 133
139 295
141 489
288 387
113 190
391 426
114 172
164 493
118 278
56 398
117 420
59 80
327 460
39 364
16 85
53 225
48 206
203 245
274 387
87 295
37 231
88 439
16 195
32 63
98 308
226 328
232 468
68 473
130 139
170 408
363 412
424 426
162 357
364 474
5 177
229 473
224 474
51 301
109 472
38 108
81 118
84 318
13 213
108 213
209 490
199 473
306 468
213 241
114 198
195 439
227 290
147 244
176 187
122 275
135 363
68 205
127 328
35 221
298 341
227 477
258 433
392 437
32 311
70 128
300 374
77 95
429 462
70 134
22 273
127 436
197 456
176 379
90 199
220 336
144 193
58 466
306 408
37 182
243 462
121 350
66 435
319 496
6 86
45 51
236 368
293 331
391 397
316 445
423 464
49 91
31 311
72 447
116 175
381 416
41 495
206 445
307 419
121 178
167 475
251 335
296 308
220 401
158 485
279 401
174 380
177 319
186 312
176 291
24 61
162 376
61 486
16 23
253 484
22 61
43 49
150 317
411 471
57 487
200 260
352 453
81 236
194 223
47 482
111 296
86 119
221 426
43 452
94 489
52 178
51 238
123 433
99 171
261 265
247 410
58 284
20 214
162 475
152 173
361 441
254 368
314 350
157 400
75 461
224 316
332 353
104 248
236 390
63 377
113 146
162 225
17 273
242 474
5 129
76 219
284 366
219 456
282 350
66 204
60 370
158 364
243 492
293 317
216 406
241 479
197 385
157 331
75 152
115 255
373 458
86 260
50 52
275 283
309 324
283 479
241 256
332 382
104 161
34 271
42 493
126 132
215 435
41 309
271 423
182 313
224 306
182 185
172 229
170 445
3 372
421 430
177 343
37 470
199 484
75 225
353 497
270 396
61 100
114 148
318 453
14 343
205 398
77 320
99 394
13 311
69 186
108 449
335 446
91 492
232 261
167 444
204 295
4 301
145 398
208 315
262 494
11 459
66 436
144 443
54 263
28 379
242 330
222 405
242 301
146 455
15 270
50 181
412 450
181 454
28 37
20 337
148 441
147 496
367 456
123 279
116 456
196 271
392 456
33 260
169 433
150 319
47 236
114 318
168 179
32 236
141 457
122 169
141 488
353 426
228 369
47 451
78 293
269 377
31 410
11 237
193 349
129 487
112 419
132 414
7 154
196 249
18 210
16 118
36 176
181 461
221 313
40 305
259 393
164 244
265 305
396 486
414 424
96 471
29 100
59 498
190 241
109 307
46 345
39 220
196 291
84 162
40 380
171 336
218 379
248 491
158 376
17 409
29 373
249 318
94 298
259 441
165 452
97 256
182 300
383 483
149 271
12 238
222 249
116 211
63 82
282 339
93 451
18 138
177 296
320 360
191 422
39 199
29 440
458 463
6 188
129 476
247 386
231 300
360 447
334 483
225 327
306 341
207 300
123 190
176 426
95 223
43 500
19 410
128 212
317 490
256 379
10 79
366 455
16 369
37 387
162 418
31 493
15 296
92 411
196 310
339 385
63 226
193 234
25 438
135 383
53 213
145 267
35 278
57 411
287 395
17 243
388 470
212 391
344 456
31 90
268 435
131 355
390 446
222 346
22 248
125 375
69 351
66 372
167 179
31 137
34 378
84 380
57 231
86 372
343 473
188 441
179 409
124 353
55 98
110 184
293 468
485 496
6 463
207 302
198 216
94 427
202 400
234 301
7 354
203 442
101 396
38 242
192 270
9 412
242 304
100 465
144 329
120 263
69 175
186 451
92 107
131 309
87 489
64 92
68 373
57 113
235 460
392 395
161 266
385 394
72 138
37 235
77 458
38 187
3 207
94 190
341 480
404 496
332 405
79 173
111 198
175 498
48 335
27 470
208 424
81 414
437 446
109 382
191 345
60 418
52 433
293 422
93 239
193 397
388 426
181 282
143 286
139 349
10 440
59 303
262 399
29 246
84 226
30 491
26 98
361 457
97 275
175 198
196 435
177 283
105 174
328 478
408 464
343 461
259 310
406 493
158 384
6 332
327 336
190 293
188 271
51 110
37 63
54 465
198 497
8 463
160 193
185 336
217 255
293 301
281 336
28 261
325 454
104 204
428 459
22 156
39 245
171 211
8 228
170 360
199 234
296 317
229 283
100 432
40 160
230 495
70 158
68 458
206 461
397 406
63 197
278 346
354 452
70 476
56 339
20 59
103 134
65 175
10 329
35 464
219 271
272 400
300 340
91 149
77 143
158 420
305 376
205 224
102 459
113 217
119 353
47 341
44 198
115 476
436 492
218 430
310 380
201 220
273 456
179 271
96 467
122 150
33 209
140 305
265 481
415 416
337 486
281 413
7 37
199 305
384 429
172 434
319 495
147 181
9 337
59 438
177 260
166 487
14 407
109 434
41 334
287 430
49 99
73 448
243 484
94 273
111 470
240 319
27 368
15 392
156 235
41 206
287 326
81 267
334 478
7 435
83 428
141 269
61 98
108 363
70 439
85 311
49 300
1 131
74 140
159 490
109 426
9 90
103 251
106 476
79 482
1 152
14 396
189 385
67 404
153 185
239 311
171 493
246 422
327 427
414 488
127 215
217 339
171 316
28 465
163 319
38 173
30 375
135 288
176 359
274 290
212 373
338 398
201 374
185 249
345 368
21 265
172 181
275 404
22 425
9 469
21 454
83 272
252 258
338 363
21 463
17 380
333 422
146 413
72 203
128 221
342 436
148 192
241 367
198 307
389 394
57 114
167 431
94 282
213 336
233 457
46 497
391 444
78 229
35 380
21 462
199 213
202 420
288 317
425 442
150 318
1 193
434 468
111 112
355 357
147 441
256 411
353 469
19 62
26 62
316 390
255 399
5 430
24 49
70 415
382 483
17 323
60 427
338 500
344 451
56 394
188 249
41 326
42 294
25 433
221 281
112 166
77 466
178 477
252 467
272 406
19 121
23 248
133 266
200 239
57 132
130 311
61 67
363 460
167 399
228 296
236 289
32 184
51 156
8 440
204 270
206 294
51 448
33 234
37 353
300 449
105 212
59 97
103 428
350 486
186 229
203 301
270 327
15 314
15 42
116 344
166 276
385 459
127 463
357 436
128 240
233 299
49 436
162 493
197 246
73 349
202 238
147 400
236 377
135 394
278 360
48 237
74 191
335 414
18 128
423 481
281 288
293 316
152 452
305 371
346 428
265 298
67 473
27 302
110 338
98 348
271 493
248 305
32 375
243 483
163 474
340 483
220 335
68 98
376 421
45 242
67 162
165 362
90 424
143 219
98 303
201 360
220 381
56 80
136 346
258 271
20 476
321 344
51 72
277 418
14 359
208 374
58 84
102 204
68 333
324 438
419 477
268 427
204 304
188 327
90 126
230 456
67 402
232 382
234 423
265 380
60 149
253 487
112 355
203 287
8 145
16 431
96 443
270 340
239 354
71 255
66 169
89 474
186 276
213 488
6 95
371 466
16 295
171 410
275 316
60 306
137 369
94 460
221 383
398 487
427 430
254 348
148 352
47 334
288 417
61 207
123 424
81 442
56 315
31 39
28 141
324 499
123 232
277 296
353 500
373 374
4 21
195 313
365 488
23 190
463 496
335 374
99 178
83 360
171 330
174 378
47 490
357 446
411 474
156 430
149 465
192 481
77 475
81 371
17 107
105 299
292 445
47 383
115 216
220 423
4 432
149 292
234 271
244 475
111 162
22 306
224 459
314 434
246 293
197 292
127 500
234 384
39 208
59 90
17 356
33 458
70 355
12 490
215 264
234 462
9 239
120 453
263 266
1 269
134 212
306 445
383 403
443 484
244 384
187 372
445 491
155 265
143 497
190 348
143 168
195 298
207 467
75 188
18 29
34 125
296 379
18 329
63 290
216 286
275 278
57 446
399 423
290 358
180 301
316 411
220 222
366 381
223 353
113 456
164 274
268 329
17 193
131 288
193 436
3 293
77 272
238 394
49 265
80 250
281 460
192 199
227 476
218 230
64 174
272 345
284 414
64 157
429 430
351 437
407 451
173 260
151 454
11 498
137 343
39 233
7 258
276 405
160 380
26 164
246 371
269 423
422 466
58 114
51 348
40 433
346 406
382 481
80 488
38 83
63 316
334 438
103 272
146 316
86 212
95 282
331 375
446 466
200 373
92 328
374 393
235 458
181 344
384 460
61 393
181 413
81 164
17 91
40 167
429 469
147 433
208 483
2 210
222 418
215 321
319 465
129 351
83 381
271 350
372 373
300 311
87 267
296 368
9 226
99 114
258 465
12 294
36 150
149 308
93 403
309 462
261 393
297 327
97 331
48 218
115 412
107 450
94 491
28 323
82 292
60 203
77 83
230 385
336 480
278 351
123 195
322 473
74 241
367 400
144 450
84 441
219 254
39 197
72 265
438 470
72 359
302 479
245 471
96 496
210 279
137 207
135 465
38 414
99 307
111 306
180 401
19 209
48 131
125 137
215 220
383 408
8 12
207 359
175 270
169 288
169 479
80 142
14 431
299 486
54 283
17 82
10 32
92 221
136 195
21 269
423 475
75 160
59 372
145 410
143 191
382 439
226 443
83 259
70 79
83 252
92 357
63 391
199 405
38 168
133 458
305 335
177 392
263 345
147 296
198 487
245 309
133 218
55 410
221 439
50 311
107 414
191 395
30 233
244 414
49 349
83 405
284 482
202 306
105 195
299 304
309 460
58 362
145 370
11 40
393 416
70 141
85 152
111 294
404 409
63 478
374 491
12 191
229 244
5 113
430 443
266 325
211 283
175 442
181 364
319 482
292 372
72 442
135 160
163 243
220 440
77 114
44 244
452 472
353 475
179 210
348 396
64 231
299 326
90 331
200 313
117 158
355 404
354 432
238 384
74 273
27 471
244 467
111 355
245 500
110 210
332 424
294 492
299 331
261 458
60 304
291 368
408 470
210 360
286 360
248 477
51 216
145 299
100 209
10 119
280 317
44 65
114 177
99 316
7 96
113 379
218 274
167 285
293 464
287 450
53 154
89 453
12 27
359 463
13 141
375 496
205 468
189 232
101 281
62 434
306 482
95 187
187 193
39 254
424 493
180 327
28 473
162 263
75 457
27 380
24 280
19 154
73 247
1 167
113 152
112 272
257 496
215 242
129 356
185 414
56 335
328 386
140 424
100 266
60 298
94 323
83 297
257 347
66 84
56 488
45 234
437 439
270 356
129 388
224 471
79 267
478 482
87 221
46 323
181 353
153 390
252 379
66 426
182 360
49 285
376 497
204 399
368 430
309 481
361 490
22 78
7 86
7 441
167 442
139 239
165 237
46 155
256 258
206 438
7 448
62 343
279 301
153 380
270 489
109 377
152 232
130 303
68 454
68 201
127 308
108 238
201 386
239 490
68 226
112 316
137 145
293 475
83 149
217 469
299 317
477 479
324 329
212 398
349 472
96 438
29 73
79 326
290 325
131 492
358 483
124 418
168 493
303 475
213 272
92 364
62 187
281 328
45 437
213 325
180 278
151 192
345 386
77 478
395 414
42 358
70 408
22 346
232 429
253 348
20 353
79 444
321 333
119 283
180 311
472 487
258 268
182 398
66 135
5 237
128 422
167 461
123 382
143 177
100 283
19 465
72 474
316 468
56 349
239 481
241 455
235 414
5 236
237 351
99 339
86 238
150 456
309 385
227 440
207 317
418 499
33 197
165 238
309 449
146 324
374 467
64 258
193 282
280 373
187 230
102 140
123 451
63 77
291 381
84 458
338 360
11 290
83 262
4 458
128 278
191 375
173 409
119 254
29 297
203 456
128 292
5 112
33 363
143 352
214 359
119 244
50 363
117 419
98 193
59 410
204 457
82 93
54 271
84 278
161 198
62 171
225 362
45 344
249 340
188 262
54 340
418 465
209 291
41 85
225 436
54 456
52 396
58 148
268 396
371 449
124 303
206 446
12 412
314 390
109 295
260 476
182 198
338 405
217 492
180 444
165 327
10 355
137 219
289 328
144 312
165 169
209 351
345 396
4 335
270 473
176 296
55 281
385 449
1 216
190 386
153 399
240 309
177 261
154 291
278 466
374 397
203 362
43 370
288 295
188 434
350 441
130 345
158 226
198 350
19 58
79 88
72 372
183 467
131 213
195 318
366 406
200 494
209 440
80 334
145 385
41 133
169 352
59 70
372 469
257 326
215 337
379 462
106 139
18 319
400 462
124 185
164 301
25 84
41 407
99 419
87 133
264 474
91 155
472 486
122 357
276 325
18 61
157 164
65 388
375 497
141 450
349 415
2 414
409 466
37 378
89 312
54 395
20 98
18 25
57 134
156 317
68 474
339 376
232 342
80 481
137 454
48 165
172 307
22
1 2
1 3
1 4
1 5
1 6
1 7
1 8
1 9
1 10
1 11
1 12
1 13
1 14
1 15
1 16
1 17
1 18
1 19
1 20
1 21
1 22
22
1 2
1 3
1 4
1 5
1 6
1 7
1 8
1 9
1 10
1 11
1 12
1 13
1 14
1 15
1 16
1 17
1 18
1 19
1 20
1 21
1 22
22
1 2
1 3
1 4
1 5
1 6
1 7
1 8
1 9
1 10
1 11
1 12
1 13
1 14
1 15
1 16
1 17
1 18
1 19
1 20
1 21
1 22
22
1 2
1 3
1 4
1 5
1 6
1 7
1 8
1 9
1 10
1 11
1 12
1 13
1 14
1 15
1 16
1 17
1 18
1 19
1 20
1 21
1 22
22
1 2
1 3
1 4
1 5
1 6
1 7
1 8
1 9
1 10
1 11
1 12
1 13
1 14
1 15
1 16
1 17
1 18
1 19
1 20
1 21
1 22
22
1 2
1 3
1 4
1 5
1 6
1 7
1 8
1 9
1 10
1 11
1 12
1 13
1 14
1 15
1 16
1 17
1 18
1 19
1 20
1 21
1 22
22
1 2
1 3
1 4
1 5
1 6
1 7
1 8
1 9
1 10
1 11
1 12
1 13
1 14
1 15
1 16
1 17
1 18
1 19
1 20
1 21
1 22
22
1 2
1 3
1 4
1 5
1 6
1 7
1 8
1 9
1 10
1 11
1 12
1 13
1 14
1 15
1 16
1 17
1 18
1 19
1 20
1 21
1 22
22
1 2
1 3
1 4
1 5
1 6
1 7
1 8
1 9
1 10
1 11
1 12
1 13
1 14
1 15
1 16
1 17
1 18
1 19
1 20
1 21
1 22
22
1 2
1 3
1 4
1 5
1 6
1 7
1 8
1 9
1 10
1 11
1 12
1 13
1 14
1 15
1 16
1 17
1 18
1 19
1 20
1 21
1 22
22
1 2
1 3
1 4
1 5
1 6
1 7
1 8
1 9
1 10
1 11
1 12
1 13
1 14
1 15
1 16
1 17
1 18
1 19
1 20
1 21
1 22
22
1 2
1 3
1 4
1 5
1 6
1 7
1 8
1 9
1 10
1 11
1 12
1 13
1 14
1 15
1 16
1 17
1 18
1 19
1 20
1 21
1 22
22
1 2
1 3
1 4
1 5
1 6
1 7
1 8
1 9
1 10
1 11
1 12
1 13
1 14
1 15
1 16
1 17
1 18
1 19
1 20
1 21
1 22
22
1 2
1 3
1 4
1 5
1 6
1 7
1 8
1 9
1 10
1 11
1 12
1 13
1 14
1 15
1 16
1 17
1 18
1 19
1 20
1 21
1 22
22
1 2
1 3
1 4
1 5
1 6
1 7
1 8
1 9
1 10
1 11
1 12
1 13
1 14
1 15
1 16
1 17
1 18
1 19
1 20
1 21
1 22
22
1 2
1 3
1 4
1 5
1 6
1 7
1 8
1 9
1 10
1 11
1 12
1 13
1 14
1 15
1 16
1 17
1 18
1 19
1 20
1 21
1 22
22
1 2
1 3
1 4
1 5
1 6
1 7
1 8
1 9
1 10
1 11
1 12
1 13
1 14
1 15
1 16
1 17
1 18
1 19
1 20
1 21
1 22
22
1 2
1 3
1 4
1 5
1 6
1 7
1 8
1 9
1 10
1 11
1 12
1 13
1 14
1 15
1 16
1 17
1 18
1 19
1 20
1 21
1 22
22
1 2
1 3
1 4
1 5
1 6
1 7
1 8
1 9
1 10
1 11
1 12
1 13
1 14
1 15
1 16
1 17
1 18
1 19
1 20
1 21
1 22
22
1 2
1 3
1 4
1 5
1 6
1 7
1 8
1 9
1 10
1 11
1 12
1 13
1 14
1 15
1 16
1 17
1 18
1 19
1 20
1 21
1 22
22
1 2
1 3
1 4
1 5
1 6
1 7
1 8
1 9
1 10
1 11
1 12
1 13
1 14
1 15
1 16
1 17
1 18
1 19
1 20
1 21
1 22
22
1 2
1 3
1 4
1 5
1 6
1 7
1 8
1 9
1 10
1 11
1 12
1 13
1 14
1 15
1 16
1 17
1 18
1 19
1 20
1 21
1 22
22
1 2
1 3
1 4
1 5
1 6
1 7
1 8
1 9
1 10
1 11
1 12
1 13
1 14
1 15
1 16
1 17
1 18
1 19
1 20
1 21
1 22
22
1 2
1 3
1 4
1 5
1 6
1 7
1 8
1 9
1 10
1 11
1 12
1 13
1 14
1 15
1 16
1 17
1 18
1 19
1 20
1 21
1 22
22
1 2
1 3
1 4
1 5
1 6
1 7
1 8
1 9
1 10
1 11
1 12
1 13
1 14
1 15
1 16
1 17
1 18
1 19
1 20
1 21
1 22
22
1 2
1 3
1 4
1 5
1 6
1 7
1 8
1 9
1 10
1 11
1 12
1 13
1 14
1 15
1 16
1 17
1 18
1 19
1 20
1 21
1 22
22
1 2
1 3
1 4
1 5
1 6
1 7
1 8
1 9
1 10
1 11
1 12
1 13
1 14
1 15
1 16
1 17
1 18
1 19
1 20
1 21
1 22
22
1 2
1 3
1 4
1 5
1 6
1 7
1 8
1 9
1 10
1 11
1 12
1 13
1 14
1 15
1 16
1 17
1 18
1 19
1 20
1 21
1 22
22
1 2
1 3
1 4
1 5
1 6
1 7
1 8
1 9
1 10
1 11
1 12
1 13
1 14
1 15
1 16
1 17
1 18
1 19
1 20
1 21
1 22
22
1 2
1 3
1 4
1 5
1 6
1 7
1 8
1 9
1 10
1 11
1 12
1 13
1 14
1 15
1 16
1 17
1 18
1 19
1 20
1 21
1 22
22
1 2
1 3
1 4
1 5
1 6
1 7
1 8
1 9
1 10
1 11
1 12
1 13
1 14
1 15
1 16
1 17
1 18
1 19
1 20
1 21
1 22
22
1 2
1 3
1 4
1 5
1 6
1 7
1 8
1 9
1 10
1 11
1 12
1 13
1 14
1 15
1 16
1 17
1 18
1 19
1 20
1 21
1 22
22
1 2
1 3
1 4
1 5
1 6
1 7
1 8
1 9
1 10
1 11
1 12
1 13
1 14
1 15
1 16
1 17
1 18
1 19
1 20
1 21
1 22
22
1 2
1 3
1 4
1 5
1 6
1 7
1 8
1 9
1 10
1 11
1 12
1 13
1 14
1 15
1 16
1 17
1 18
1 19
1 20
1 21
1 22
22
1 2
1 3
1 4
1 5
1 6
1 7
1 8
1 9
1 10
1 11
1 12
1 13
1 14
1 15
1 16
1 17
1 18
1 19
1 20
1 21
1 22
22
1 2
1 3
1 4
1 5
1 6
1 7
1 8
1 9
1 10
1 11
1 12
1 13
1 14
1 15
1 16
1 17
1 18
1 19
1 20
1 21
1 22
22
1 2
1 3
1 4
1 5
1 6
1 7
1 8
1 9
1 10
1 11
1 12
1 13
1 14
1 15
1 16
1 17
1 18
1 19
1 20
1 21
1 22
22
1 2
1 3
1 4
1 5
1 6
1 7
1 8
1 9
1 10
1 11
1 12
1 13
1 14
1 15
1 16
1 17
1 18
1 19
1 20
1 21
1 22
22
1 2
1 3
1 4
1 5
1 6
1 7
1 8
1 9
1 10
1 11
1 12
1 13
1 14
1 15
1 16
1 17
1 18
1 19
1 20
1 21
1 22
22
1 2
1 3
1 4
1 5
1 6
1 7
1 8
1 9
1 10
1 11
1 12
1 13
1 14
1 15
1 16
1 17
1 18
1 19
1 20
1 21
1 22
22
1 2
1 3
1 4
1 5
1 6
1 7
1 8
1 9
1 10
1 11
1 12
1 13
1 14
1 15
1 16
1 17
1 18
1 19
1 20
1 21
1 22
22
1 2
1 3
1 4
1 5
1 6
1 7
1 8
1 9
1 10
1 11
1 12
1 13
1 14
1 15
1 16
1 17
1 18
1 19
1 20
1 21
1 22
22
1 2
1 3
1 4
1 5
1 6
1 7
1 8
1 9
1 10
1 11
1 12
1 13
1 14
1 15
1 16
1 17
1 18
1 19
1 20
1 21
1 22
22
1 2
1 3
1 4
1 5
1 6
1 7
1 8
1 9
1 10
1 11
1 12
1 13
1 14
1 15
1 16
1 17
1 18
1 19
1 20
1 21
1 22
22
1 2
1 3
1 4
1 5
1 6
1 7
1 8
1 9
1 10
1 11
1 12
1 13
1 14
1 15
1 16
1 17
1 18
1 19
1 20
1 21
1 22
22
1 2
1 3
1 4
1 5
1 6
1 7
1 8
1 9
1 10
1 11
1 12
1 13
1 14
1 15
1 16
1 17
1 18
1 19
1 20
1 21
1 22
22
1 2
1 3
1 4
1 5
1 6
1 7
1 8
1 9
1 10
1 11
1 12
1 13
1 14
1 15
1 16
1 17
1 18
1 19
1 20
1 21
1 22
22
1 2
1 3
1 4
1 5
1 6
1 7
1 8
1 9
1 10
1 11
1 12
1 13
1 14
1 15
1 16
1 17
1 18
1 19
1 20
1 21
1 22
22
1 2
1 3
1 4
1 5
1 6
1 7
1 8
1 9
1 10
1 11
1 12
1 13
1 14
1 15
1 16
1 17
1 18
1 19
1 20
1 21
1 22
22
1 2
1 3
1 4
1 5
1 6
1 7
1 8
1 9
1 10
1 11
1 12
1 13
1 14
1 15
1 16
1 17
1 18
1 19
1 20
1 21
1 22
22
1 2
1 3
1 4
1 5
1 6
1 7
1 8
1 9
1 10
1 11
1 12
1 13
1 14
1 15
1 16
1 17
1 18
1 19
1 20
1 21
1 22
22
1 2
1 3
1 4
1 5
1 6
1 7
1 8
1 9
1 10
1 11
1 12
1 13
1 14
1 15
1 16
1 17
1 18
1 19
1 20
1 21
1 22
22
1 2
1 3
1 4
1 5
1 6
1 7
1 8
1 9
1 10
1 11
1 12
1 13
1 14
1 15
1 16
1 17
1 18
1 19
1 20
1 21
1 22
22
1 2
1 3
1 4
1 5
1 6
1 7
1 8
1 9
1 10
1 11
1 12
1 13
1 14
1 15
1 16
1 17
1 18
1 19
1 20
1 21
1 22
22
1 2
1 3
1 4
1 5
1 6
1 7
1 8
1 9
1 10
1 11
1 12
1 13
1 14
1 15
1 16
1 17
1 18
1 19
1 20
1 21
1 22
22
1 2
1 3
1 4
1 5
1 6
1 7
1 8
1 9
1 10
1 11
1 12
1 13
1 14
1 15
1 16
1 17
1 18
1 19
1 20
1 21
1 22
22
1 2
1 3
1 4
1 5
1 6
1 7
1 8
1 9
1 10
1 11
1 12
1 13
1 14
1 15
1 16
1 17
1 18
1 19
1 20
1 21
1 22
22
1 2
1 3
1 4
1 5
1 6
1 7
1 8
1 9
1 10
1 11
1 12
1 13
1 14
1 15
1 16
1 17
1 18
1 19
1 20
1 21
1 22
22
1 2
1 3
1 4
1 5
1 6
1 7
1 8
1 9
1 10
1 11
1 12
1 13
1 14
1 15
1 16
1 17
1 18
1 19
1 20
1 21
1 22
22
1 2
1 3
1 4
1 5
1 6
1 7
1 8
1 9
1 10
1 11
1 12
1 13
1 14
1 15
1 16
1 17
1 18
1 19
1 20
1 21
1 22
22
1 2
1 3
1 4
1 5
1 6
1 7
1 8
1 9
1 10
1 11
1 12
1 13
1 14
1 15
1 16
1 17
1 18
1 19
1 20
1 21
1 22
22
1 2
1 3
1 4
1 5
1 6
1 7
1 8
1 9
1 10
1 11
1 12
1 13
1 14
1 15
1 16
1 17
1 18
1 19
1 20
1 21
1 22
22
1 2
1 3
1 4
1 5
1 6
1 7
1 8
1 9
1 10
1 11
1 12
1 13
1 14
1 15
1 16
1 17
1 18
1 19
1 20
1 21
1 22
22
1 2
1 3
1 4
1 5
1 6
1 7
1 8
1 9
1 10
1 11
1 12
1 13
1 14
1 15
1 16
1 17
1 18
1 19
1 20
1 21
1 22
22
1 2
1 3
1 4
1 5
1 6
1 7
1 8
1 9
1 10
1 11
1 12
1 13
1 14
1 15
1 16
1 17
1 18
1 19
1 20
1 21
1 22
22
1 2
1 3
1 4
1 5
1 6
1 7
1 8
1 9
1 10
1 11
1 12
1 13
1 14
1 15
1 16
1 17
1 18
1 19
1 20
1 21
1 22
22
1 2
1 3
1 4
1 5
1 6
1 7
1 8
1 9
1 10
1 11
1 12
1 13
1 14
1 15
1 16
1 17
1 18
1 19
1 20
1 21
1 22
22
1 2
1 3
1 4
1 5
1 6
1 7
1 8
1 9
1 10
1 11
1 12
1 13
1 14
1 15
1 16
1 17
1 18
1 19
1 20
1 21
1 22
22
1 2
1 3
1 4
1 5
1 6
1 7
1 8
1 9
1 10
1 11
1 12
1 13
1 14
1 15
1 16
1 17
1 18
1 19
1 20
1 21
1 22
22
1 2
1 3
1 4
1 5
1 6
1 7
1 8
1 9
1 10
1 11
1 12
1 13
1 14
1 15
1 16
1 17
1 18
1 19
1 20
1 21
1 22
22
1 2
1 3
1 4
1 5
1 6
1 7
1 8
1 9
1 10
1 11
1 12
1 13
1 14
1 15
1 16
1 17
1 18
1 19
1 20
1 21
1 22
22
1 2
1 3
1 4
1 5
1 6
1 7
1 8
1 9
1 10
1 11
1 12
1 13
1 14
1 15
1 16
1 17
1 18
1 19
1 20
1 21
1 22
22
1 2
1 3
1 4
1 5
1 6
1 7
1 8
1 9
1 10
1 11
1 12
1 13
1 14
1 15
1 16
1 17
1 18
1 19
1 20
1 21
1 22
22
1 2
1 3
1 4
1 5
1 6
1 7
1 8
1 9
1 10
1 11
1 12
1 13
1 14
1 15
1 16
1 17
1 18
1 19
1 20
1 21
1 22
22
1 2
1 3
1 4
1 5
1 6
1 7
1 8
1 9
1 10
1 11
1 12
1 13
1 14
1 15
1 16
1 17
1 18
1 19
1 20
1 21
1 22
22
1 2
1 3
1 4
1 5
1 6
1 7
1 8
1 9
1 10
1 11
1 12
1 13
1 14
1 15
1 16
1 17
1 18
1 19
1 20
1 21
1 22
22
1 2
1 3
1 4
1 5
1 6
1 7
1 8
1 9
1 10
1 11
1 12
1 13
1 14
1 15
1 16
1 17
1 18
1 19
1 20
1 21
1 22
22
1 2
1 3
1 4
1 5
1 6
1 7
1 8
1 9
1 10
1 11
1 12
1 13
1 14
1 15
1 16
1 17
1 18
1 19
1 20
1 21
1 22
22
1 2
1 3
1 4
1 5
1 6
1 7
1 8
1 9
1 10
1 11
1 12
1 13
1 14
1 15
1 16
1 17
1 18
1 19
1 20
1 21
1 22
22
1 2
1 3
1 4
1 5
1 6
1 7
1 8
1 9
1 10
1 11
1 12
1 13
1 14
1 15
1 16
1 17
1 18
1 19
1 20
1 21
1 22
22
1 2
1 3
1 4
1 5
1 6
1 7
1 8
1 9
1 10
1 11
1 12
1 13
1 14
1 15
1 16
1 17
1 18
1 19
1 20
1 21
1 22
22
1 2
1 3
1 4
1 5
1 6
1 7
1 8
1 9
1 10
1 11
1 12
1 13
1 14
1 15
1 16
1 17
1 18
1 19
1 20
1 21
1 22
22
1 2
1 3
1 4
1 5
1 6
1 7
1 8
1 9
1 10
1 11
1 12
1 13
1 14
1 15
1 16
1 17
1 18
1 19
1 20
1 21
1 22
22
1 2
1 3
1 4
1 5
1 6
1 7
1 8
1 9
1 10
1 11
1 12
1 13
1 14
1 15
1 16
1 17
1 18
1 19
1 20
1 21
1 22
22
1 2
1 3
1 4
1 5
1 6
1 7
1 8
1 9
1 10
1 11
1 12
1 13
1 14
1 15
1 16
1 17
1 18
1 19
1 20
1 21
1 22
22
1 2
1 3
1 4
1 5
1 6
1 7
1 8
1 9
1 10
1 11
1 12
1 13
1 14
1 15
1 16
1 17
1 18
1 19
1 20
1 21
1 22
22
1 2
1 3
1 4
1 5
1 6
1 7
1 8
1 9
1 10
1 11
1 12
1 13
1 14
1 15
1 16
1 17
1 18
1 19
1 20
1 21
1 22
22
1 2
1 3
1 4
1 5
1 6
1 7
1 8
1 9
1 10
1 11
1 12
1 13
1 14
1 15
1 16
1 17
1 18
1 19
1 20
1 21
1 22
22
1 2
1 3
1 4
1 5
1 6
1 7
1 8
1 9
1 10
1 11
1 12
1 13
1 14
1 15
1 16
1 17
1 18
1 19
1 20
1 21
1 22
22
1 2
1 3
1 4
1 5
1 6
1 7
1 8
1 9
1 10
1 11
1 12
1 13
1 14
1 15
1 16
1 17
1 18
1 19
1 20
1 21
1 22
22
1 2
1 3
1 4
1 5
1 6
1 7
1 8
1 9
1 10
1 11
1 12
1 13
1 14
1 15
1 16
1 17
1 18
1 19
1 20
1 21
1 22
22
1 2
1 3
1 4
1 5
1 6
1 7
1 8
1 9
1 10
1 11
1 12
1 13
1 14
1 15
1 16
1 17
1 18
1 19
1 20
1 21
1 22
22
1 2
1 3
1 4
1 5
1 6
1 7
1 8
1 9
1 10
1 11
1 12
1 13
1 14
1 15
1 16
1 17
1 18
1 19
1 20
1 21
1 22
22
1 2
1 3
1 4
1 5
1 6
1 7
1 8
1 9
1 10
1 11
1 12
1 13
1 14
1 15
1 16
1 17
1 18
1 19
1 20
1 21
1 22
22
1 2
1 3
1 4
1 5
1 6
1 7
1 8
1 9
1 10
1 11
1 12
1 13
1 14
1 15
1 16
1 17
1 18
1 19
1 20
1 21
1 22
22
1 2
1 3
1 4
1 5
1 6
1 7
1 8
1 9
1 10
1 11
1 12
1 13
1 14
1 15
1 16
1 17
1 18
1 19
1 20
1 21
1 22
22
1 2
1 3
1 4
1 5
1 6
1 7
1 8
1 9
1 10
1 11
1 12
1 13
1 14
1 15
1 16
1 17
1 18
1 19
1 20
1 21
1 22
22
1 2
1 3
1 4
1 5
1 6
1 7
1 8
1 9
1 10
1 11
1 12
1 13
1 14
1 15
1 16
1 17
1 18
1 19
1 20
1 21
1 22
22
1 2
1 3
1 4
1 5
1 6
1 7
1 8
1 9
1 10
1 11
1 12
1 13
1 14
1 15
1 16
1 17
1 18
1 19
1 20
1 21
1 22
22
1 2
1 3
1 4
1 5
1 6
1 7
1 8
1 9
1 10
1 11
1 12
1 13
1 14
1 15
1 16
1 17
1 18
1 19
1 20
1 21
1 22
22
1 2
1 3
1 4
1 5
1 6
1 7
1 8
1 9
1 10
1 11
1 12
1 13
1 14
1 15
1 16
1 17
1 18
1 19
1 20
1 21
1 22
22
1 2
1 3
1 4
1 5
1 6
1 7
1 8
1 9
1 10
1 11
1 12
1 13
1 14
1 15
1 16
1 17
1 18
1 19
1 20
1 21
1 22
22
1 2
1 3
1 4
1 5
1 6
1 7
1 8
1 9
1 10
1 11
1 12
1 13
1 14
1 15
1 16
1 17
1 18
1 19
1 20
1 21
1 22
22
1 2
1 3
1 4
1 5
1 6
1 7
1 8
1 9
1 10
1 11
1 12
1 13
1 14
1 15
1 16
1 17
1 18
1 19
1 20
1 21
1 22
22
1 2
1 3
1 4
1 5
1 6
1 7
1 8
1 9
1 10
1 11
1 12
1 13
1 14
1 15
1 16
1 17
1 18
1 19
1 20
1 21
1 22
22
1 2
1 3
1 4
1 5
1 6
1 7
1 8
1 9
1 10
1 11
1 12
1 13
1 14
1 15
1 16
1 17
1 18
1 19
1 20
1 21
1 22
22
1 2
1 3
1 4
1 5
1 6
1 7
1 8
1 9
1 10
1 11
1 12
1 13
1 14
1 15
1 16
1 17
1 18
1 19
1 20
1 21
1 22
22
1 2
1 3
1 4
1 5
1 6
1 7
1 8
1 9
1 10
1 11
1 12
1 13
1 14
1 15
1 16
1 17
1 18
1 19
1 20
1 21
1 22
22
1 2
1 3
1 4
1 5
1 6
1 7
1 8
1 9
1 10
1 11
1 12
1 13
1 14
1 15
1 16
1 17
1 18
1 19
1 20
1 21
1 22
22
1 2
1 3
1 4
1 5
1 6
1 7
1 8
1 9
1 10
1 11
1 12
1 13
1 14
1 15
1 16
1 17
1 18
1 19
1 20
1 21
1 22
22
1 2
1 3
1 4
1 5
1 6
1 7
1 8
1 9
1 10
1 11
1 12
1 13
1 14
1 15
1 16
1 17
1 18
1 19
1 20
1 21
1 22
22
1 2
1 3
1 4
1 5
1 6
1 7
1 8
1 9
1 10
1 11
1 12
1 13
1 14
1 15
1 16
1 17
1 18
1 19
1 20
1 21
1 22
22
1 2
1 3
1 4
1 5
1 6
1 7
1 8
1 9
1 10
1 11
1 12
1 13
1 14
1 15
1 16
1 17
1 18
1 19
1 20
1 21
1 22
22
1 2
1 3
1 4
1 5
1 6
1 7
1 8
1 9
1 10
1 11
1 12
1 13
1 14
1 15
1 16
1 17
1 18
1 19
1 20
1 21
1 22
22
1 2
1 3
1 4
1 5
1 6
1 7
1 8
1 9
1 10
1 11
1 12
1 13
1 14
1 15
1 16
1 17
1 18
1 19
1 20
1 21
1 22
22
1 2
1 3
1 4
1 5
1 6
1 7
1 8
1 9
1 10
1 11
1 12
1 13
1 14
1 15
1 16
1 17
1 18
1 19
1 20
1 21
1 22
22
1 2
1 3
1 4
1 5
1 6
1 7
1 8
1 9
1 10
1 11
1 12
1 13
1 14
1 15
1 16
1 17
1 18
1 19
1 20
1 21
1 22
22
1 2
1 3
1 4
1 5
1 6
1 7
1 8
1 9
1 10
1 11
1 12
1 13
1 14
1 15
1 16
1 17
1 18
1 19
1 20
1 21
1 22
22
1 2
1 3
1 4
1 5
1 6
1 7
1 8
1 9
1 10
1 11
1 12
1 13
1 14
1 15
1 16
1 17
1 18
1 19
1 20
1 21
1 22
22
1 2
1 3
1 4
1 5
1 6
1 7
1 8
1 9
1 10
1 11
1 12
1 13
1 14
1 15
1 16
1 17
1 18
1 19
1 20
1 21
1 22
22
1 2
1 3
1 4
1 5
1 6
1 7
1 8
1 9
1 10
1 11
1 12
1 13
1 14
1 15
1 16
1 17
1 18
1 19
1 20
1 21
1 22
22
1 2
1 3
1 4
1 5
1 6
1 7
1 8
1 9
1 10
1 11
1 12
1 13
1 14
1 15
1 16
1 17
1 18
1 19
1 20
1 21
1 22
22
1 2
1 3
1 4
1 5
1 6
1 7
1 8
1 9
1 10
1 11
1 12
1 13
1 14
1 15
1 16
1 17
1 18
1 19
1 20
1 21
1 22
22
1 2
1 3
1 4
1 5
1 6
1 7
1 8
1 9
1 10
1 11
1 12
1 13
1 14
1 15
1 16
1 17
1 18
1 19
1 20
1 21
1 22
22
1 2
1 3
1 4
1 5
1 6
1 7
1 8
1 9
1 10
1 11
1 12
1 13
1 14
1 15
1 16
1 17
1 18
1 19
1 20
1 21
1 22
22
1 2
1 3
1 4
1 5
1 6
1 7
1 8
1 9
1 10
1 11
1 12
1 13
1 14
1 15
1 16
1 17
1 18
1 19
1 20
1 21
1 22
22
1 2
1 3
1 4
1 5
1 6
1 7
1 8
1 9
1 10
1 11
1 12
1 13
1 14
1 15
1 16
1 17
1 18
1 19
1 20
1 21
1 22
22
1 2
1 3
1 4
1 5
1 6
1 7
1 8
1 9
1 10
1 11
1 12
1 13
1 14
1 15
1 16
1 17
1 18
1 19
1 20
1 21
1 22
22
1 2
1 3
1 4
1 5
1 6
1 7
1 8
1 9
1 10
1 11
1 12
1 13
1 14
1 15
1 16
1 17
1 18
1 19
1 20
1 21
1 22
22
1 2
1 3
1 4
1 5
1 6
1 7
1 8
1 9
1 10
1 11
1 12
1 13
1 14
1 15
1 16
1 17
1 18
1 19
1 20
1 21
1 22
22
1 2
1 3
1 4
1 5
1 6
1 7
1 8
1 9
1 10
1 11
1 12
1 13
1 14
1 15
1 16
1 17
1 18
1 19
1 20
1 21
1 22
22
1 2
1 3
1 4
1 5
1 6
1 7
1 8
1 9
1 10
1 11
1 12
1 13
1 14
1 15
1 16
1 17
1 18
1 19
1 20
1 21
1 22
22
1 2
1 3
1 4
1 5
1 6
1 7
1 8
1 9
1 10
1 11
1 12
1 13
1 14
1 15
1 16
1 17
1 18
1 19
1 20
1 21
1 22
22
1 2
1 3
1 4
1 5
1 6
1 7
1 8
1 9
1 10
1 11
1 12
1 13
1 14
1 15
1 16
1 17
1 18
1 19
1 20
1 21
1 22
22
1 2
1 3
1 4
1 5
1 6
1 7
1 8
1 9
1 10
1 11
1 12
1 13
1 14
1 15
1 16
1 17
1 18
1 19
1 20
1 21
1 22
22
1 2
1 3
1 4
1 5
1 6
1 7
1 8
1 9
1 10
1 11
1 12
1 13
1 14
1 15
1 16
1 17
1 18
1 19
1 20
1 21
1 22
22
1 2
1 3
1 4
1 5
1 6
1 7
1 8
1 9
1 10
1 11
1 12
1 13
1 14
1 15
1 16
1 17
1 18
1 19
1 20
1 21
1 22
22
1 2
1 3
1 4
1 5
1 6
1 7
1 8
1 9
1 10
1 11
1 12
1 13
1 14
1 15
1 16
1 17
1 18
1 19
1 20
1 21
1 22
22
1 2
1 3
1 4
1 5
1 6
1 7
1 8
1 9
1 10
1 11
1 12
1 13
1 14
1 15
1 16
1 17
1 18
1 19
1 20
1 21
1 22
22
1 2
1 3
1 4
1 5
1 6
1 7
1 8
1 9
1 10
1 11
1 12
1 13
1 14
1 15
1 16
1 17
1 18
1 19
1 20
1 21
1 22
22
1 2
1 3
1 4
1 5
1 6
1 7
1 8
1 9
1 10
1 11
1 12
1 13
1 14
1 15
1 16
1 17
1 18
1 19
1 20
1 21
1 22
22
1 2
1 3
1 4
1 5
1 6
1 7
1 8
1 9
1 10
1 11
1 12
1 13
1 14
1 15
1 16
1 17
1 18
1 19
1 20
1 21
1 22
22
1 2
1 3
1 4
1 5
1 6
1 7
1 8
1 9
1 10
1 11
1 12
1 13
1 14
1 15
1 16
1 17
1 18
1 19
1 20
1 21
1 22
22
1 2
1 3
1 4
1 5
1 6
1 7
1 8
1 9
1 10
1 11
1 12
1 13
1 14
1 15
1 16
1 17
1 18
1 19
1 20
1 21
1 22
22
1 2
1 3
1 4
1 5
1 6
1 7
1 8
1 9
1 10
1 11
1 12
1 13
1 14
1 15
1 16
1 17
1 18
1 19
1 20
1 21
1 22
22
1 2
1 3
1 4
1 5
1 6
1 7
1 8
1 9
1 10
1 11
1 12
1 13
1 14
1 15
1 16
1 17
1 18
1 19
1 20
1 21
1 22
22
1 2
1 3
1 4
1 5
1 6
1 7
1 8
1 9
1 10
1 11
1 12
1 13
1 14
1 15
1 16
1 17
1 18
1 19
1 20
1 21
1 22
22
1 2
1 3
1 4
1 5
1 6
1 7
1 8
1 9
1 10
1 11
1 12
1 13
1 14
1 15
1 16
1 17
1 18
1 19
1 20
1 21
1 22
22
1 2
1 3
1 4
1 5
1 6
1 7
1 8
1 9
1 10
1 11
1 12
1 13
1 14
1 15
1 16
1 17
1 18
1 19
1 20
1 21
1 22
22
1 2
1 3
1 4
1 5
1 6
1 7
1 8
1 9
1 10
1 11
1 12
1 13
1 14
1 15
1 16
1 17
1 18
1 19
1 20
1 21
1 22
22
1 2
1 3
1 4
1 5
1 6
1 7
1 8
1 9
1 10
1 11
1 12
1 13
1 14
1 15
1 16
1 17
1 18
1 19
1 20
1 21
1 22
22
1 2
1 3
1 4
1 5
1 6
1 7
1 8
1 9
1 10
1 11
1 12
1 13
1 14
1 15
1 16
1 17
1 18
1 19
1 20
1 21
1 22
22
1 2
1 3
1 4
1 5
1 6
1 7
1 8
1 9
1 10
1 11
1 12
1 13
1 14
1 15
1 16
1 17
1 18
1 19
1 20
1 21
1 22
22
1 2
1 3
1 4
1 5
1 6
1 7
1 8
1 9
1 10
1 11
1 12
1 13
1 14
1 15
1 16
1 17
1 18
1 19
1 20
1 21
1 22
22
1 2
1 3
1 4
1 5
1 6
1 7
1 8
1 9
1 10
1 11
1 12
1 13
1 14
1 15
1 16
1 17
1 18
1 19
1 20
1 21
1 22
22
1 2
1 3
1 4
1 5
1 6
1 7
1 8
1 9
1 10
1 11
1 12
1 13
1 14
1 15
1 16
1 17
1 18
1 19
1 20
1 21
1 22
22
1 2
1 3
1 4
1 5
1 6
1 7
1 8
1 9
1 10
1 11
1 12
1 13
1 14
1 15
1 16
1 17
1 18
1 19
1 20
1 21
1 22
22
1 2
1 3
1 4
1 5
1 6
1 7
1 8
1 9
1 10
1 11
1 12
1 13
1 14
1 15
1 16
1 17
1 18
1 19
1 20
1 21
1 22
22
1 2
1 3
1 4
1 5
1 6
1 7
1 8
1 9
1 10
1 11
1 12
1 13
1 14
1 15
1 16
1 17
1 18
1 19
1 20
1 21
1 22
22
1 2
1 3
1 4
1 5
1 6
1 7
1 8
1 9
1 10
1 11
1 12
1 13
1 14
1 15
1 16
1 17
1 18
1 19
1 20
1 21
1 22
22
1 2
1 3
1 4
1 5
1 6
1 7
1 8
1 9
1 10
1 11
1 12
1 13
1 14
1 15
1 16
1 17
1 18
1 19
1 20
1 21
1 22
22
1 2
1 3
1 4
1 5
1 6
1 7
1 8
1 9
1 10
1 11
1 12
1 13
1 14
1 15
1 16
1 17
1 18
1 19
1 20
1 21
1 22
22
1 2
1 3
1 4
1 5
1 6
1 7
1 8
1 9
1 10
1 11
1 12
1 13
1 14
1 15
1 16
1 17
1 18
1 19
1 20
1 21
1 22
22
1 2
1 3
1 4
1 5
1 6
1 7
1 8
1 9
1 10
1 11
1 12
1 13
1 14
1 15
1 16
1 17
1 18
1 19
1 20
1 21
1 22
22
1 2
1 3
1 4
1 5
1 6
1 7
1 8
1 9
1 10
1 11
1 12
1 13
1 14
1 15
1 16
1 17
1 18
1 19
1 20
1 21
1 22
22
1 2
1 3
1 4
1 5
1 6
1 7
1 8
1 9
1 10
1 11
1 12
1 13
1 14
1 15
1 16
1 17
1 18
1 19
1 20
1 21
1 22
22
1 2
1 3
1 4
1 5
1 6
1 7
1 8
1 9
1 10
1 11
1 12
1 13
1 14
1 15
1 16
1 17
1 18
1 19
1 20
1 21
1 22
22
1 2
1 3
1 4
1 5
1 6
1 7
1 8
1 9
1 10
1 11
1 12
1 13
1 14
1 15
1 16
1 17
1 18
1 19
1 20
1 21
1 22
22
1 2
1 3
1 4
1 5
1 6
1 7
1 8
1 9
1 10
1 11
1 12
1 13
1 14
1 15
1 16
1 17
1 18
1 19
1 20
1 21
1 22
22
1 2
1 3
1 4
1 5
1 6
1 7
1 8
1 9
1 10
1 11
1 12
1 13
1 14
1 15
1 16
1 17
1 18
1 19
1 20
1 21
1 22
22
1 2
1 3
1 4
1 5
1 6
1 7
1 8
1 9
1 10
1 11
1 12
1 13
1 14
1 15
1 16
1 17
1 18
1 19
1 20
1 21
1 22
22
1 2
1 3
1 4
1 5
1 6
1 7
1 8
1 9
1 10
1 11
1 12
1 13
1 14
1 15
1 16
1 17
1 18
1 19
1 20
1 21
1 22
22
1 2
1 3
1 4
1 5
1 6
1 7
1 8
1 9
1 10
1 11
1 12
1 13
1 14
1 15
1 16
1 17
1 18
1 19
1 20
1 21
1 22
22
1 2
1 3
1 4
1 5
1 6
1 7
1 8
1 9
1 10
1 11
1 12
1 13
1 14
1 15
1 16
1 17
1 18
1 19
1 20
1 21
1 22
22
1 2
1 3
1 4
1 5
1 6
1 7
1 8
1 9
1 10
1 11
1 12
1 13
1 14
1 15
1 16
1 17
1 18
1 19
1 20
1 21
1 22
22
1 2
1 3
1 4
1 5
1 6
1 7
1 8
1 9
1 10
1 11
1 12
1 13
1 14
1 15
1 16
1 17
1 18
1 19
1 20
1 21
1 22
22
1 2
1 3
1 4
1 5
1 6
1 7
1 8
1 9
1 10
1 11
1 12
1 13
1 14
1 15
1 16
1 17
1 18
1 19
1 20
1 21
1 22
22
1 2
1 3
1 4
1 5
1 6
1 7
1 8
1 9
1 10
1 11
1 12
1 13
1 14
1 15
1 16
1 17
1 18
1 19
1 20
1 21
1 22
22
1 2
1 3
1 4
1 5
1 6
1 7
1 8
1 9
1 10
1 11
1 12
1 13
1 14
1 15
1 16
1 17
1 18
1 19
1 20
1 21
1 22
22
1 2
1 3
1 4
1 5
1 6
1 7
1 8
1 9
1 10
1 11
1 12
1 13
1 14
1 15
1 16
1 17
1 18
1 19
1 20
1 21
1 22
22
1 2
1 3
1 4
1 5
1 6
1 7
1 8
1 9
1 10
1 11
1 12
1 13
1 14
1 15
1 16
1 17
1 18
1 19
1 20
1 21
1 22
22
1 2
1 3
1 4
1 5
1 6
1 7
1 8
1 9
1 10
1 11
1 12
1 13
1 14
1 15
1 16
1 17
1 18
1 19
1 20
1 21
1 22
22
1 2
1 3
1 4
1 5
1 6
1 7
1 8
1 9
1 10
1 11
1 12
1 13
1 14
1 15
1 16
1 17
1 18
1 19
1 20
1 21
1 22
22
1 2
1 3
1 4
1 5
1 6
1 7
1 8
1 9
1 10
1 11
1 12
1 13
1 14
1 15
1 16
1 17
1 18
1 19
1 20
1 21
1 22
22
1 2
1 3
1 4
1 5
1 6
1 7
1 8
1 9
1 10
1 11
1 12
1 13
1 14
1 15
1 16
1 17
1 18
1 19
1 20
1 21
1 22
22
1 2
1 3
1 4
1 5
1 6
1 7
1 8
1 9
1 10
1 11
1 12
1 13
1 14
1 15
1 16
1 17
1 18
1 19
1 20
1 21
1 22
22
1 2
1 3
1 4
1 5
1 6
1 7
1 8
1 9
1 10
1 11
1 12
1 13
1 14
1 15
1 16
1 17
1 18
1 19
1 20
1 21
1 22
22
1 2
1 3
1 4
1 5
1 6
1 7
1 8
1 9
1 10
1 11
1 12
1 13
1 14
1 15
1 16
1 17
1 18
1 19
1 20
1 21
1 22
22
1 2
1 3
1 4
1 5
1 6
1 7
1 8
1 9
1 10
1 11
1 12
1 13
1 14
1 15
1 16
1 17
1 18
1 19
1 20
1 21
1 22
22
1 2
1 3
1 4
1 5
1 6
1 7
1 8
1 9
1 10
1 11
1 12
1 13
1 14
1 15
1 16
1 17
1 18
1 19
1 20
1 21
1 22
22
1 2
1 3
1 4
1 5
1 6
1 7
1 8
1 9
1 10
1 11
1 12
1 13
1 14
1 15
1 16
1 17
1 18
1 19
1 20
1 21
1 22
22
1 2
1 3
1 4
1 5
1 6
1 7
1 8
1 9
1 10
1 11
1 12
1 13
1 14
1 15
1 16
1 17
1 18
1 19
1 20
1 21
1 22
22
1 2
1 3
1 4
1 5
1 6
1 7
1 8
1 9
1 10
1 11
1 12
1 13
1 14
1 15
1 16
1 17
1 18
1 19
1 20
1 21
1 22
22
1 2
1 3
1 4
1 5
1 6
1 7
1 8
1 9
1 10
1 11
1 12
1 13
1 14
1 15
1 16
1 17
1 18
1 19
1 20
1 21
1 22
22
1 2
1 3
1 4
1 5
1 6
1 7
1 8
1 9
1 10
1 11
1 12
1 13
1 14
1 15
1 16
1 17
1 18
1 19
1 20
1 21
1 22
22
1 2
1 3
1 4
1 5
1 6
1 7
1 8
1 9
1 10
1 11
1 12
1 13
1 14
1 15
1 16
1 17
1 18
1 19
1 20
1 21
1 22
22
1 2
1 3
1 4
1 5
1 6
1 7
1 8
1 9
1 10
1 11
1 12
1 13
1 14
1 15
1 16
1 17
1 18
1 19
1 20
1 21
1 22
22
1 2
1 3
1 4
1 5
1 6
1 7
1 8
1 9
1 10
1 11
1 12
1 13
1 14
1 15
1 16
1 17
1 18
1 19
1 20
1 21
1 22
22
1 2
1 3
1 4
1 5
1 6
1 7
1 8
1 9
1 10
1 11
1 12
1 13
1 14
1 15
1 16
1 17
1 18
1 19
1 20
1 21
1 22
22
1 2
1 3
1 4
1 5
1 6
1 7
1 8
1 9
1 10
1 11
1 12
1 13
1 14
1 15
1 16
1 17
1 18
1 19
1 20
1 21
1 22
22
1 2
1 3
1 4
1 5
1 6
1 7
1 8
1 9
1 10
1 11
1 12
1 13
1 14
1 15
1 16
1 17
1 18
1 19
1 20
1 21
1 22
22
1 2
1 3
1 4
1 5
1 6
1 7
1 8
1 9
1 10
1 11
1 12
1 13
1 14
1 15
1 16
1 17
1 18
1 19
1 20
1 21
1 22
22
1 2
1 3
1 4
1 5
1 6
1 7
1 8
1 9
1 10
1 11
1 12
1 13
1 14
1 15
1 16
1 17
1 18
1 19
1 20
1 21
1 22
22
1 2
1 3
1 4
1 5
1 6
1 7
1 8
1 9
1 10
1 11
1 12
1 13
1 14
1 15
1 16
1 17
1 18
1 19
1 20
1 21
1 22
22
1 2
1 3
1 4
1 5
1 6
1 7
1 8
1 9
1 10
1 11
1 12
1 13
1 14
1 15
1 16
1 17
1 18
1 19
1 20
1 21
1 22
22
1 2
1 3
1 4
1 5
1 6
1 7
1 8
1 9
1 10
1 11
1 12
1 13
1 14
1 15
1 16
1 17
1 18
1 19
1 20
1 21
1 22
22
1 2
1 3
1 4
1 5
1 6
1 7
1 8
1 9
1 10
1 11
1 12
1 13
1 14
1 15
1 16
1 17
1 18
1 19
1 20
1 21
1 22
22
1 2
1 3
1 4
1 5
1 6
1 7
1 8
1 9
1 10
1 11
1 12
1 13
1 14
1 15
1 16
1 17
1 18
1 19
1 20
1 21
1 22
22
1 2
1 3
1 4
1 5
1 6
1 7
1 8
1 9
1 10
1 11
1 12
1 13
1 14
1 15
1 16
1 17
1 18
1 19
1 20
1 21
1 22
22
1 2
1 3
1 4
1 5
1 6
1 7
1 8
1 9
1 10
1 11
1 12
1 13
1 14
1 15
1 16
1 17
1 18
1 19
1 20
1 21
1 22
22
1 2
1 3
1 4
1 5
1 6
1 7
1 8
1 9
1 10
1 11
1 12
1 13
1 14
1 15
1 16
1 17
1 18
1 19
1 20
1 21
1 22
22
1 2
1 3
1 4
1 5
1 6
1 7
1 8
1 9
1 10
1 11
1 12
1 13
1 14
1 15
1 16
1 17
1 18
1 19
1 20
1 21
1 22
22
1 2
1 3
1 4
1 5
1 6
1 7
1 8
1 9
1 10
1 11
1 12
1 13
1 14
1 15
1 16
1 17
1 18
1 19
1 20
1 21
1 22
22
1 2
1 3
1 4
1 5
1 6
1 7
1 8
1 9
1 10
1 11
1 12
1 13
1 14
1 15
1 16
1 17
1 18
1 19
1 20
1 21
1 22
22
1 2
1 3
1 4
1 5
1 6
1 7
1 8
1 9
1 10
1 11
1 12
1 13
1 14
1 15
1 16
1 17
1 18
1 19
1 20
1 21
1 22
22
1 2
1 3
1 4
1 5
1 6
1 7
1 8
1 9
1 10
1 11
1 12
1 13
1 14
1 15
1 16
1 17
1 18
1 19
1 20
1 21
1 22
22
1 2
1 3
1 4
1 5
1 6
1 7
1 8
1 9
1 10
1 11
1 12
1 13
1 14
1 15
1 16
1 17
1 18
1 19
1 20
1 21
1 22
22
1 2
1 3
1 4
1 5
1 6
1 7
1 8
1 9
1 10
1 11
1 12
1 13
1 14
1 15
1 16
1 17
1 18
1 19
1 20
1 21
1 22
22
1 2
1 3
1 4
1 5
1 6
1 7
1 8
1 9
1 10
1 11
1 12
1 13
1 14
1 15
1 16
1 17
1 18
1 19
1 20
1 21
1 22
22
1 2
1 3
1 4
1 5
1 6
1 7
1 8
1 9
1 10
1 11
1 12
1 13
1 14
1 15
1 16
1 17
1 18
1 19
1 20
1 21
1 22
22
1 2
1 3
1 4
1 5
1 6
1 7
1 8
1 9
1 10
1 11
1 12
1 13
1 14
1 15
1 16
1 17
1 18
1 19
1 20
1 21
1 22
22
1 2
1 3
1 4
1 5
1 6
1 7
1 8
1 9
1 10
1 11
1 12
1 13
1 14
1 15
1 16
1 17
1 18
1 19
1 20
1 21
1 22
22
1 2
1 3
1 4
1 5
1 6
1 7
1 8
1 9
1 10
1 11
1 12
1 13
1 14
1 15
1 16
1 17
1 18
1 19
1 20
1 21
1 22
22
1 2
1 3
1 4
1 5
1 6
1 7
1 8
1 9
1 10
1 11
1 12
1 13
1 14
1 15
1 16
1 17
1 18
1 19
1 20
1 21
1 22
22
1 2
1 3
1 4
1 5
1 6
1 7
1 8
1 9
1 10
1 11
1 12
1 13
1 14
1 15
1 16
1 17
1 18
1 19
1 20
1 21
1 22
22
1 2
1 3
1 4
1 5
1 6
1 7
1 8
1 9
1 10
1 11
1 12
1 13
1 14
1 15
1 16
1 17
1 18
1 19
1 20
1 21
1 22
22
1 2
1 3
1 4
1 5
1 6
1 7
1 8
1 9
1 10
1 11
1 12
1 13
1 14
1 15
1 16
1 17
1 18
1 19
1 20
1 21
1 22
22
1 2
1 3
1 4
1 5
1 6
1 7
1 8
1 9
1 10
1 11
1 12
1 13
1 14
1 15
1 16
1 17
1 18
1 19
1 20
1 21
1 22
22
1 2
1 3
1 4
1 5
1 6
1 7
1 8
1 9
1 10
1 11
1 12
1 13
1 14
1 15
1 16
1 17
1 18
1 19
1 20
1 21
1 22
22
1 2
1 3
1 4
1 5
1 6
1 7
1 8
1 9
1 10
1 11
1 12
1 13
1 14
1 15
1 16
1 17
1 18
1 19
1 20
1 21
1 22
22
1 2
1 3
1 4
1 5
1 6
1 7
1 8
1 9
1 10
1 11
1 12
1 13
1 14
1 15
1 16
1 17
1 18
1 19
1 20
1 21
1 22
22
1 2
1 3
1 4
1 5
1 6
1 7
1 8
1 9
1 10
1 11
1 12
1 13
1 14
1 15
1 16
1 17
1 18
1 19
1 20
1 21
1 22
22
1 2
1 3
1 4
1 5
1 6
1 7
1 8
1 9
1 10
1 11
1 12
1 13
1 14
1 15
1 16
1 17
1 18
1 19
1 20
1 21
1 22
22
1 2
1 3
1 4
1 5
1 6
1 7
1 8
1 9
1 10
1 11
1 12
1 13
1 14
1 15
1 16
1 17
1 18
1 19
1 20
1 21
1 22
22
1 2
1 3
1 4
1 5
1 6
1 7
1 8
1 9
1 10
1 11
1 12
1 13
1 14
1 15
1 16
1 17
1 18
1 19
1 20
1 21
1 22
22
1 2
1 3
1 4
1 5
1 6
1 7
1 8
1 9
1 10
1 11
1 12
1 13
1 14
1 15
1 16
1 17
1 18
1 19
1 20
1 21
1 22
22
1 2
1 3
1 4
1 5
1 6
1 7
1 8
1 9
1 10
1 11
1 12
1 13
1 14
1 15
1 16
1 17
1 18
1 19
1 20
1 21
1 22
22
1 2
1 3
1 4
1 5
1 6
1 7
1 8
1 9
1 10
1 11
1 12
1 13
1 14
1 15
1 16
1 17
1 18
1 19
1 20
1 21
1 22
22
1 2
1 3
1 4
1 5
1 6
1 7
1 8
1 9
1 10
1 11
1 12
1 13
1 14
1 15
1 16
1 17
1 18
1 19
1 20
1 21
1 22
22
1 2
1 3
1 4
1 5
1 6
1 7
1 8
1 9
1 10
1 11
1 12
1 13
1 14
1 15
1 16
1 17
1 18
1 19
1 20
1 21
1 22
22
1 2
1 3
1 4
1 5
1 6
1 7
1 8
1 9
1 10
1 11
1 12
1 13
1 14
1 15
1 16
1 17
1 18
1 19
1 20
1 21
1 22
22
1 2
1 3
1 4
1 5
1 6
1 7
1 8
1 9
1 10
1 11
1 12
1 13
1 14
1 15
1 16
1 17
1 18
1 19
1 20
1 21
1 22
22
1 2
1 3
1 4
1 5
1 6
1 7
1 8
1 9
1 10
1 11
1 12
1 13
1 14
1 15
1 16
1 17
1 18
1 19
1 20
1 21
1 22
22
1 2
1 3
1 4
1 5
1 6
1 7
1 8
1 9
1 10
1 11
1 12
1 13
1 14
1 15
1 16
1 17
1 18
1 19
1 20
1 21
1 22
22
1 2
1 3
1 4
1 5
1 6
1 7
1 8
1 9
1 10
1 11
1 12
1 13
1 14
1 15
1 16
1 17
1 18
1 19
1 20
1 21
1 22
22
1 2
1 3
1 4
1 5
1 6
1 7
1 8
1 9
1 10
1 11
1 12
1 13
1 14
1 15
1 16
1 17
1 18
1 19
1 20
1 21
1 22
22
1 2
1 3
1 4
1 5
1 6
1 7
1 8
1 9
1 10
1 11
1 12
1 13
1 14
1 15
1 16
1 17
1 18
1 19
1 20
1 21
1 22
22
1 2
1 3
1 4
1 5
1 6
1 7
1 8
1 9
1 10
1 11
1 12
1 13
1 14
1 15
1 16
1 17
1 18
1 19
1 20
1 21
1 22
22
1 2
1 3
1 4
1 5
1 6
1 7
1 8
1 9
1 10
1 11
1 12
1 13
1 14
1 15
1 16
1 17
1 18
1 19
1 20
1 21
1 22
22
1 2
1 3
1 4
1 5
1 6
1 7
1 8
1 9
1 10
1 11
1 12
1 13
1 14
1 15
1 16
1 17
1 18
1 19
1 20
1 21
1 22
22
1 2
1 3
1 4
1 5
1 6
1 7
1 8
1 9
1 10
1 11
1 12
1 13
1 14
1 15
1 16
1 17
1 18
1 19
1 20
1 21
1 22
22
1 2
1 3
1 4
1 5
1 6
1 7
1 8
1 9
1 10
1 11
1 12
1 13
1 14
1 15
1 16
1 17
1 18
1 19
1 20
1 21
1 22
22
1 2
1 3
1 4
1 5
1 6
1 7
1 8
1 9
1 10
1 11
1 12
1 13
1 14
1 15
1 16
1 17
1 18
1 19
1 20
1 21
1 22
22
1 2
1 3
1 4
1 5
1 6
1 7
1 8
1 9
1 10
1 11
1 12
1 13
1 14
1 15
1 16
1 17
1 18
1 19
1 20
1 21
1 22
22
1 2
1 3
1 4
1 5
1 6
1 7
1 8
1 9
1 10
1 11
1 12
1 13
1 14
1 15
1 16
1 17
1 18
1 19
1 20
1 21
1 22
22
1 2
1 3
1 4
1 5
1 6
1 7
1 8
1 9
1 10
1 11
1 12
1 13
1 14
1 15
1 16
1 17
1 18
1 19
1 20
1 21
1 22
22
1 2
1 3
1 4
1 5
1 6
1 7
1 8
1 9
1 10
1 11
1 12
1 13
1 14
1 15
1 16
1 17
1 18
1 19
1 20
1 21
1 22
22
1 2
1 3
1 4
1 5
1 6
1 7
1 8
1 9
1 10
1 11
1 12
1 13
1 14
1 15
1 16
1 17
1 18
1 19
1 20
1 21
1 22
22
1 2
1 3
1 4
1 5
1 6
1 7
1 8
1 9
1 10
1 11
1 12
1 13
1 14
1 15
1 16
1 17
1 18
1 19
1 20
1 21
1 22
22
1 2
1 3
1 4
1 5
1 6
1 7
1 8
1 9
1 10
1 11
1 12
1 13
1 14
1 15
1 16
1 17
1 18
1 19
1 20
1 21
1 22
22
1 2
1 3
1 4
1 5
1 6
1 7
1 8
1 9
1 10
1 11
1 12
1 13
1 14
1 15
1 16
1 17
1 18
1 19
1 20
1 21
1 22
22
1 2
1 3
1 4
1 5
1 6
1 7
1 8
1 9
1 10
1 11
1 12
1 13
1 14
1 15
1 16
1 17
1 18
1 19
1 20
1 21
1 22
22
1 2
1 3
1 4
1 5
1 6
1 7
1 8
1 9
1 10
1 11
1 12
1 13
1 14
1 15
1 16
1 17
1 18
1 19
1 20
1 21
1 22
22
1 2
1 3
1 4
1 5
1 6
1 7
1 8
1 9
1 10
1 11
1 12
1 13
1 14
1 15
1 16
1 17
1 18
1 19
1 20
1 21
1 22
22
1 2
1 3
1 4
1 5
1 6
1 7
1 8
1 9
1 10
1 11
1 12
1 13
1 14
1 15
1 16
1 17
1 18
1 19
1 20
1 21
1 22
22
1 2
1 3
1 4
1 5
1 6
1 7
1 8
1 9
1 10
1 11
1 12
1 13
1 14
1 15
1 16
1 17
1 18
1 19
1 20
1 21
1 22
22
1 2
1 3
1 4
1 5
1 6
1 7
1 8
1 9
1 10
1 11
1 12
1 13
1 14
1 15
1 16
1 17
1 18
1 19
1 20
1 21
1 22
22
1 2
1 3
1 4
1 5
1 6
1 7
1 8
1 9
1 10
1 11
1 12
1 13
1 14
1 15
1 16
1 17
1 18
1 19
1 20
1 21
1 22
22
1 2
1 3
1 4
1 5
1 6
1 7
1 8
1 9
1 10
1 11
1 12
1 13
1 14
1 15
1 16
1 17
1 18
1 19
1 20
1 21
1 22
22
1 2
1 3
1 4
1 5
1 6
1 7
1 8
1 9
1 10
1 11
1 12
1 13
1 14
1 15
1 16
1 17
1 18
1 19
1 20
1 21
1 22
22
1 2
1 3
1 4
1 5
1 6
1 7
1 8
1 9
1 10
1 11
1 12
1 13
1 14
1 15
1 16
1 17
1 18
1 19
1 20
1 21
1 22
22
1 2
1 3
1 4
1 5
1 6
1 7
1 8
1 9
1 10
1 11
1 12
1 13
1 14
1 15
1 16
1 17
1 18
1 19
1 20
1 21
1 22
22
1 2
1 3
1 4
1 5
1 6
1 7
1 8
1 9
1 10
1 11
1 12
1 13
1 14
1 15
1 16
1 17
1 18
1 19
1 20
1 21
1 22
22
1 2
1 3
1 4
1 5
1 6
1 7
1 8
1 9
1 10
1 11
1 12
1 13
1 14
1 15
1 16
1 17
1 18
1 19
1 20
1 21
1 22
22
1 2
1 3
1 4
1 5
1 6
1 7
1 8
1 9
1 10
1 11
1 12
1 13
1 14
1 15
1 16
1 17
1 18
1 19
1 20
1 21
1 22
22
1 2
1 3
1 4
1 5
1 6
1 7
1 8
1 9
1 10
1 11
1 12
1 13
1 14
1 15
1 16
1 17
1 18
1 19
1 20
1 21
1 22
22
1 2
1 3
1 4
1 5
1 6
1 7
1 8
1 9
1 10
1 11
1 12
1 13
1 14
1 15
1 16
1 17
1 18
1 19
1 20
1 21
1 22
22
1 2
1 3
1 4
1 5
1 6
1 7
1 8
1 9
1 10
1 11
1 12
1 13
1 14
1 15
1 16
1 17
1 18
1 19
1 20
1 21
1 22
22
1 2
1 3
1 4
1 5
1 6
1 7
1 8
1 9
1 10
1 11
1 12
1 13
1 14
1 15
1 16
1 17
1 18
1 19
1 20
1 21
1 22
22
1 2
1 3
1 4
1 5
1 6
1 7
1 8
1 9
1 10
1 11
1 12
1 13
1 14
1 15
1 16
1 17
1 18
1 19
1 20
1 21
1 22
22
1 2
1 3
1 4
1 5
1 6
1 7
1 8
1 9
1 10
1 11
1 12
1 13
1 14
1 15
1 16
1 17
1 18
1 19
1 20
1 21
1 22
22
1 2
1 3
1 4
1 5
1 6
1 7
1 8
1 9
1 10
1 11
1 12
1 13
1 14
1 15
1 16
1 17
1 18
1 19
1 20
1 21
1 22
22
1 2
1 3
1 4
1 5
1 6
1 7
1 8
1 9
1 10
1 11
1 12
1 13
1 14
1 15
1 16
1 17
1 18
1 19
1 20
1 21
1 22
22
1 2
1 3
1 4
1 5
1 6
1 7
1 8
1 9
1 10
1 11
1 12
1 13
1 14
1 15
1 16
1 17
1 18
1 19
1 20
1 21
1 22
22
1 2
1 3
1 4
1 5
1 6
1 7
1 8
1 9
1 10
1 11
1 12
1 13
1 14
1 15
1 16
1 17
1 18
1 19
1 20
1 21
1 22
22
1 2
1 3
1 4
1 5
1 6
1 7
1 8
1 9
1 10
1 11
1 12
1 13
1 14
1 15
1 16
1 17
1 18
1 19
1 20
1 21
1 22
22
1 2
1 3
1 4
1 5
1 6
1 7
1 8
1 9
1 10
1 11
1 12
1 13
1 14
1 15
1 16
1 17
1 18
1 19
1 20
1 21
1 22
22
1 2
1 3
1 4
1 5
1 6
1 7
1 8
1 9
1 10
1 11
1 12
1 13
1 14
1 15
1 16
1 17
1 18
1 19
1 20
1 21
1 22
22
1 2
1 3
1 4
1 5
1 6
1 7
1 8
1 9
1 10
1 11
1 12
1 13
1 14
1 15
1 16
1 17
1 18
1 19
1 20
1 21
1 22
22
1 2
1 3
1 4
1 5
1 6
1 7
1 8
1 9
1 10
1 11
1 12
1 13
1 14
1 15
1 16
1 17
1 18
1 19
1 20
1 21
1 22
22
1 2
1 3
1 4
1 5
1 6
1 7
1 8
1 9
1 10
1 11
1 12
1 13
1 14
1 15
1 16
1 17
1 18
1 19
1 20
1 21
1 22
22
1 2
1 3
1 4
1 5
1 6
1 7
1 8
1 9
1 10
1 11
1 12
1 13
1 14
1 15
1 16
1 17
1 18
1 19
1 20
1 21
1 22
22
1 2
1 3
1 4
1 5
1 6
1 7
1 8
1 9
1 10
1 11
1 12
1 13
1 14
1 15
1 16
1 17
1 18
1 19
1 20
1 21
1 22
22
1 2
1 3
1 4
1 5
1 6
1 7
1 8
1 9
1 10
1 11
1 12
1 13
1 14
1 15
1 16
1 17
1 18
1 19
1 20
1 21
1 22
22
1 2
1 3
1 4
1 5
1 6
1 7
1 8
1 9
1 10
1 11
1 12
1 13
1 14
1 15
1 16
1 17
1 18
1 19
1 20
1 21
1 22
22
1 2
1 3
1 4
1 5
1 6
1 7
1 8
1 9
1 10
1 11
1 12
1 13
1 14
1 15
1 16
1 17
1 18
1 19
1 20
1 21
1 22
22
1 2
1 3
1 4
1 5
1 6
1 7
1 8
1 9
1 10
1 11
1 12
1 13
1 14
1 15
1 16
1 17
1 18
1 19
1 20
1 21
1 22
22
1 2
1 3
1 4
1 5
1 6
1 7
1 8
1 9
1 10
1 11
1 12
1 13
1 14
1 15
1 16
1 17
1 18
1 19
1 20
1 21
1 22
22
1 2
1 3
1 4
1 5
1 6
1 7
1 8
1 9
1 10
1 11
1 12
1 13
1 14
1 15
1 16
1 17
1 18
1 19
1 20
1 21
1 22
22
1 2
1 3
1 4
1 5
1 6
1 7
1 8
1 9
1 10
1 11
1 12
1 13
1 14
1 15
1 16
1 17
1 18
1 19
1 20
1 21
1 22
22
1 2
1 3
1 4
1 5
1 6
1 7
1 8
1 9
1 10
1 11
1 12
1 13
1 14
1 15
1 16
1 17
1 18
1 19
1 20
1 21
1 22
22
1 2
1 3
1 4
1 5
1 6
1 7
1 8
1 9
1 10
1 11
1 12
1 13
1 14
1 15
1 16
1 17
1 18
1 19
1 20
1 21
1 22
22
1 2
1 3
1 4
1 5
1 6
1 7
1 8
1 9
1 10
1 11
1 12
1 13
1 14
1 15
1 16
1 17
1 18
1 19
1 20
1 21
1 22
22
1 2
1 3
1 4
1 5
1 6
1 7
1 8
1 9
1 10
1 11
1 12
1 13
1 14
1 15
1 16
1 17
1 18
1 19
1 20
1 21
1 22
22
1 2
1 3
1 4
1 5
1 6
1 7
1 8
1 9
1 10
1 11
1 12
1 13
1 14
1 15
1 16
1 17
1 18
1 19
1 20
1 21
1 22
22
1 2
1 3
1 4
1 5
1 6
1 7
1 8
1 9
1 10
1 11
1 12
1 13
1 14
1 15
1 16
1 17
1 18
1 19
1 20
1 21
1 22
22
1 2
1 3
1 4
1 5
1 6
1 7
1 8
1 9
1 10
1 11
1 12
1 13
1 14
1 15
1 16
1 17
1 18
1 19
1 20
1 21
1 22
22
1 2
1 3
1 4
1 5
1 6
1 7
1 8
1 9
1 10
1 11
1 12
1 13
1 14
1 15
1 16
1 17
1 18
1 19
1 20
1 21
1 22
22
1 2
1 3
1 4
1 5
1 6
1 7
1 8
1 9
1 10
1 11
1 12
1 13
1 14
1 15
1 16
1 17
1 18
1 19
1 20
1 21
1 22
22
1 2
1 3
1 4
1 5
1 6
1 7
1 8
1 9
1 10
1 11
1 12
1 13
1 14
1 15
1 16
1 17
1 18
1 19
1 20
1 21
1 22
22
1 2
1 3
1 4
1 5
1 6
1 7
1 8
1 9
1 10
1 11
1 12
1 13
1 14
1 15
1 16
1 17
1 18
1 19
1 20
1 21
1 22
22
1 2
1 3
1 4
1 5
1 6
1 7
1 8
1 9
1 10
1 11
1 12
1 13
1 14
1 15
1 16
1 17
1 18
1 19
1 20
1 21
1 22
22
1 2
1 3
1 4
1 5
1 6
1 7
1 8
1 9
1 10
1 11
1 12
1 13
1 14
1 15
1 16
1 17
1 18
1 19
1 20
1 21
1 22
22
1 2
1 3
1 4
1 5
1 6
1 7
1 8
1 9
1 10
1 11
1 12
1 13
1 14
1 15
1 16
1 17
1 18
1 19
1 20
1 21
1 22
22
1 2
1 3
1 4
1 5
1 6
1 7
1 8
1 9
1 10
1 11
1 12
1 13
1 14
1 15
1 16
1 17
1 18
1 19
1 20
1 21
1 22
22
1 2
1 3
1 4
1 5
1 6
1 7
1 8
1 9
1 10
1 11
1 12
1 13
1 14
1 15
1 16
1 17
1 18
1 19
1 20
1 21
1 22
22
1 2
1 3
1 4
1 5
1 6
1 7
1 8
1 9
1 10
1 11
1 12
1 13
1 14
1 15
1 16
1 17
1 18
1 19
1 20
1 21
1 22
22
1 2
1 3
1 4
1 5
1 6
1 7
1 8
1 9
1 10
1 11
1 12
1 13
1 14
1 15
1 16
1 17
1 18
1 19
1 20
1 21
1 22
22
1 2
1 3
1 4
1 5
1 6
1 7
1 8
1 9
1 10
1 11
1 12
1 13
1 14
1 15
1 16
1 17
1 18
1 19
1 20
1 21
1 22
22
1 2
1 3
1 4
1 5
1 6
1 7
1 8
1 9
1 10
1 11
1 12
1 13
1 14
1 15
1 16
1 17
1 18
1 19
1 20
1 21
1 22
22
1 2
1 3
1 4
1 5
1 6
1 7
1 8
1 9
1 10
1 11
1 12
1 13
1 14
1 15
1 16
1 17
1 18
1 19
1 20
1 21
1 22
22
1 2
1 3
1 4
1 5
1 6
1 7
1 8
1 9
1 10
1 11
1 12
1 13
1 14
1 15
1 16
1 17
1 18
1 19
1 20
1 21
1 22
22
1 2
1 3
1 4
1 5
1 6
1 7
1 8
1 9
1 10
1 11
1 12
1 13
1 14
1 15
1 16
1 17
1 18
1 19
1 20
1 21
1 22
22
1 2
1 3
1 4
1 5
1 6
1 7
1 8
1 9
1 10
1 11
1 12
1 13
1 14
1 15
1 16
1 17
1 18
1 19
1 20
1 21
1 22
22
1 2
1 3
1 4
1 5
1 6
1 7
1 8
1 9
1 10
1 11
1 12
1 13
1 14
1 15
1 16
1 17
1 18
1 19
1 20
1 21
1 22
22
1 2
1 3
1 4
1 5
1 6
1 7
1 8
1 9
1 10
1 11
1 12
1 13
1 14
1 15
1 16
1 17
1 18
1 19
1 20
1 21
1 22
22
1 2
1 3
1 4
1 5
1 6
1 7
1 8
1 9
1 10
1 11
1 12
1 13
1 14
1 15
1 16
1 17
1 18
1 19
1 20
1 21
1 22
22
1 2
1 3
1 4
1 5
1 6
1 7
1 8
1 9
1 10
1 11
1 12
1 13
1 14
1 15
1 16
1 17
1 18
1 19
1 20
1 21
1 22
22
1 2
1 3
1 4
1 5
1 6
1 7
1 8
1 9
1 10
1 11
1 12
1 13
1 14
1 15
1 16
1 17
1 18
1 19
1 20
1 21
1 22
22
1 2
1 3
1 4
1 5
1 6
1 7
1 8
1 9
1 10
1 11
1 12
1 13
1 14
1 15
1 16
1 17
1 18
1 19
1 20
1 21
1 22
22
1 2
1 3
1 4
1 5
1 6
1 7
1 8
1 9
1 10
1 11
1 12
1 13
1 14
1 15
1 16
1 17
1 18
1 19
1 20
1 21
1 22
22
1 2
1 3
1 4
1 5
1 6
1 7
1 8
1 9
1 10
1 11
1 12
1 13
1 14
1 15
1 16
1 17
1 18
1 19
1 20
1 21
1 22
22
1 2
1 3
1 4
1 5
1 6
1 7
1 8
1 9
1 10
1 11
1 12
1 13
1 14
1 15
1 16
1 17
1 18
1 19
1 20
1 21
1 22
22
1 2
1 3
1 4
1 5
1 6
1 7
1 8
1 9
1 10
1 11
1 12
1 13
1 14
1 15
1 16
1 17
1 18
1 19
1 20
1 21
1 22
22
1 2
1 3
1 4
1 5
1 6
1 7
1 8
1 9
1 10
1 11
1 12
1 13
1 14
1 15
1 16
1 17
1 18
1 19
1 20
1 21
1 22
22
1 2
1 3
1 4
1 5
1 6
1 7
1 8
1 9
1 10
1 11
1 12
1 13
1 14
1 15
1 16
1 17
1 18
1 19
1 20
1 21
1 22
22
1 2
1 3
1 4
1 5
1 6
1 7
1 8
1 9
1 10
1 11
1 12
1 13
1 14
1 15
1 16
1 17
1 18
1 19
1 20
1 21
1 22
22
1 2
1 3
1 4
1 5
1 6
1 7
1 8
1 9
1 10
1 11
1 12
1 13
1 14
1 15
1 16
1 17
1 18
1 19
1 20
1 21
1 22
22
1 2
1 3
1 4
1 5
1 6
1 7
1 8
1 9
1 10
1 11
1 12
1 13
1 14
1 15
1 16
1 17
1 18
1 19
1 20
1 21
1 22
22
1 2
1 3
1 4
1 5
1 6
1 7
1 8
1 9
1 10
1 11
1 12
1 13
1 14
1 15
1 16
1 17
1 18
1 19
1 20
1 21
1 22
22
1 2
1 3
1 4
1 5
1 6
1 7
1 8
1 9
1 10
1 11
1 12
1 13
1 14
1 15
1 16
1 17
1 18
1 19
1 20
1 21
1 22
22
1 2
1 3
1 4
1 5
1 6
1 7
1 8
1 9
1 10
1 11
1 12
1 13
1 14
1 15
1 16
1 17
1 18
1 19
1 20
1 21
1 22
22
1 2
1 3
1 4
1 5
1 6
1 7
1 8
1 9
1 10
1 11
1 12
1 13
1 14
1 15
1 16
1 17
1 18
1 19
1 20
1 21
1 22
22
1 2
1 3
1 4
1 5
1 6
1 7
1 8
1 9
1 10
1 11
1 12
1 13
1 14
1 15
1 16
1 17
1 18
1 19
1 20
1 21
1 22
22
1 2
1 3
1 4
1 5
1 6
1 7
1 8
1 9
1 10
1 11
1 12
1 13
1 14
1 15
1 16
1 17
1 18
1 19
1 20
1 21
1 22
22
1 2
1 3
1 4
1 5
1 6
1 7
1 8
1 9
1 10
1 11
1 12
1 13
1 14
1 15
1 16
1 17
1 18
1 19
1 20
1 21
1 22
22
1 2
1 3
1 4
1 5
1 6
1 7
1 8
1 9
1 10
1 11
1 12
1 13
1 14
1 15
1 16
1 17
1 18
1 19
1 20
1 21
1 22
22
1 2
1 3
1 4
1 5
1 6
1 7
1 8
1 9
1 10
1 11
1 12
1 13
1 14
1 15
1 16
1 17
1 18
1 19
1 20
1 21
1 22
22
1 2
1 3
1 4
1 5
1 6
1 7
1 8
1 9
1 10
1 11
1 12
1 13
1 14
1 15
1 16
1 17
1 18
1 19
1 20
1 21
1 22
22
1 2
1 3
1 4
1 5
1 6
1 7
1 8
1 9
1 10
1 11
1 12
1 13
1 14
1 15
1 16
1 17
1 18
1 19
1 20
1 21
1 22
22
1 2
1 3
1 4
1 5
1 6
1 7
1 8
1 9
1 10
1 11
1 12
1 13
1 14
1 15
1 16
1 17
1 18
1 19
1 20
1 21
1 22
22
1 2
1 3
1 4
1 5
1 6
1 7
1 8
1 9
1 10
1 11
1 12
1 13
1 14
1 15
1 16
1 17
1 18
1 19
1 20
1 21
1 22
22
1 2
1 3
1 4
1 5
1 6
1 7
1 8
1 9
1 10
1 11
1 12
1 13
1 14
1 15
1 16
1 17
1 18
1 19
1 20
1 21
1 22
22
1 2
1 3
1 4
1 5
1 6
1 7
1 8
1 9
1 10
1 11
1 12
1 13
1 14
1 15
1 16
1 17
1 18
1 19
1 20
1 21
1 22
22
1 2
1 3
1 4
1 5
1 6
1 7
1 8
1 9
1 10
1 11
1 12
1 13
1 14
1 15
1 16
1 17
1 18
1 19
1 20
1 21
1 22
22
1 2
1 3
1 4
1 5
1 6
1 7
1 8
1 9
1 10
1 11
1 12
1 13
1 14
1 15
1 16
1 17
1 18
1 19
1 20
1 21
1 22
22
1 2
1 3
1 4
1 5
1 6
1 7
1 8
1 9
1 10
1 11
1 12
1 13
1 14
1 15
1 16
1 17
1 18
1 19
1 20
1 21
1 22
22
1 2
1 3
1 4
1 5
1 6
1 7
1 8
1 9
1 10
1 11
1 12
1 13
1 14
1 15
1 16
1 17
1 18
1 19
1 20
1 21
1 22
22
1 2
1 3
1 4
1 5
1 6
1 7
1 8
1 9
1 10
1 11
1 12
1 13
1 14
1 15
1 16
1 17
1 18
1 19
1 20
1 21
1 22
22
1 2
1 3
1 4
1 5
1 6
1 7
1 8
1 9
1 10
1 11
1 12
1 13
1 14
1 15
1 16
1 17
1 18
1 19
1 20
1 21
1 22
22
1 2
1 3
1 4
1 5
1 6
1 7
1 8
1 9
1 10
1 11
1 12
1 13
1 14
1 15
1 16
1 17
1 18
1 19
1 20
1 21
1 22
22
1 2
1 3
1 4
1 5
1 6
1 7
1 8
1 9
1 10
1 11
1 12
1 13
1 14
1 15
1 16
1 17
1 18
1 19
1 20
1 21
1 22
22
1 2
1 3
1 4
1 5
1 6
1 7
1 8
1 9
1 10
1 11
1 12
1 13
1 14
1 15
1 16
1 17
1 18
1 19
1 20
1 21
1 22
22
1 2
1 3
1 4
1 5
1 6
1 7
1 8
1 9
1 10
1 11
1 12
1 13
1 14
1 15
1 16
1 17
1 18
1 19
1 20
1 21
1 22
22
1 2
1 3
1 4
1 5
1 6
1 7
1 8
1 9
1 10
1 11
1 12
1 13
1 14
1 15
1 16
1 17
1 18
1 19
1 20
1 21
1 22
22
1 2
1 3
1 4
1 5
1 6
1 7
1 8
1 9
1 10
1 11
1 12
1 13
1 14
1 15
1 16
1 17
1 18
1 19
1 20
1 21
1 22
22
1 2
1 3
1 4
1 5
1 6
1 7
1 8
1 9
1 10
1 11
1 12
1 13
1 14
1 15
1 16
1 17
1 18
1 19
1 20
1 21
1 22
22
1 2
1 3
1 4
1 5
1 6
1 7
1 8
1 9
1 10
1 11
1 12
1 13
1 14
1 15
1 16
1 17
1 18
1 19
1 20
1 21
1 22
22
1 2
1 3
1 4
1 5
1 6
1 7
1 8
1 9
1 10
1 11
1 12
1 13
1 14
1 15
1 16
1 17
1 18
1 19
1 20
1 21
1 22
22
1 2
1 3
1 4
1 5
1 6
1 7
1 8
1 9
1 10
1 11
1 12
1 13
1 14
1 15
1 16
1 17
1 18
1 19
1 20
1 21
1 22
22
1 2
1 3
1 4
1 5
1 6
1 7
1 8
1 9
1 10
1 11
1 12
1 13
1 14
1 15
1 16
1 17
1 18
1 19
1 20
1 21
1 22
22
1 2
1 3
1 4
1 5
1 6
1 7
1 8
1 9
1 10
1 11
1 12
1 13
1 14
1 15
1 16
1 17
1 18
1 19
1 20
1 21
1 22
22
1 2
1 3
1 4
1 5
1 6
1 7
1 8
1 9
1 10
1 11
1 12
1 13
1 14
1 15
1 16
1 17
1 18
1 19
1 20
1 21
1 22
22
1 2
1 3
1 4
1 5
1 6
1 7
1 8
1 9
1 10
1 11
1 12
1 13
1 14
1 15
1 16
1 17
1 18
1 19
1 20
1 21
1 22
22
1 2
1 3
1 4
1 5
1 6
1 7
1 8
1 9
1 10
1 11
1 12
1 13
1 14
1 15
1 16
1 17
1 18
1 19
1 20
1 21
1 22
22
1 2
1 3
1 4
1 5
1 6
1 7
1 8
1 9
1 10
1 11
1 12
1 13
1 14
1 15
1 16
1 17
1 18
1 19
1 20
1 21
1 22
22
1 2
1 3
1 4
1 5
1 6
1 7
1 8
1 9
1 10
1 11
1 12
1 13
1 14
1 15
1 16
1 17
1 18
1 19
1 20
1 21
1 22
22
1 2
1 3
1 4
1 5
1 6
1 7
1 8
1 9
1 10
1 11
1 12
1 13
1 14
1 15
1 16
1 17
1 18
1 19
1 20
1 21
1 22
22
1 2
1 3
1 4
1 5
1 6
1 7
1 8
1 9
1 10
1 11
1 12
1 13
1 14
1 15
1 16
1 17
1 18
1 19
1 20
1 21
1 22
22
1 2
1 3
1 4
1 5
1 6
1 7
1 8
1 9
1 10
1 11
1 12
1 13
1 14
1 15
1 16
1 17
1 18
1 19
1 20
1 21
1 22
22
1 2
1 3
1 4
1 5
1 6
1 7
1 8
1 9
1 10
1 11
1 12
1 13
1 14
1 15
1 16
1 17
1 18
1 19
1 20
1 21
1 22
22
1 2
1 3
1 4
1 5
1 6
1 7
1 8
1 9
1 10
1 11
1 12
1 13
1 14
1 15
1 16
1 17
1 18
1 19
1 20
1 21
1 22
22
1 2
1 3
1 4
1 5
1 6
1 7
1 8
1 9
1 10
1 11
1 12
1 13
1 14
1 15
1 16
1 17
1 18
1 19
1 20
1 21
1 22
22
1 2
1 3
1 4
1 5
1 6
1 7
1 8
1 9
1 10
1 11
1 12
1 13
1 14
1 15
1 16
1 17
1 18
1 19
1 20
1 21
1 22
22
1 2
1 3
1 4
1 5
1 6
1 7
1 8
1 9
1 10
1 11
1 12
1 13
1 14
1 15
1 16
1 17
1 18
1 19
1 20
1 21
1 22
22
1 2
1 3
1 4
1 5
1 6
1 7
1 8
1 9
1 10
1 11
1 12
1 13
1 14
1 15
1 16
1 17
1 18
1 19
1 20
1 21
1 22
22
1 2
1 3
1 4
1 5
1 6
1 7
1 8
1 9
1 10
1 11
1 12
1 13
1 14
1 15
1 16
1 17
1 18
1 19
1 20
1 21
1 22
22
1 2
1 3
1 4
1 5
1 6
1 7
1 8
1 9
1 10
1 11
1 12
1 13
1 14
1 15
1 16
1 17
1 18
1 19
1 20
1 21
1 22
22
1 2
1 3
1 4
1 5
1 6
1 7
1 8
1 9
1 10
1 11
1 12
1 13
1 14
1 15
1 16
1 17
1 18
1 19
1 20
1 21
1 22
22
1 2
1 3
1 4
1 5
1 6
1 7
1 8
1 9
1 10
1 11
1 12
1 13
1 14
1 15
1 16
1 17
1 18
1 19
1 20
1 21
1 22
22
1 2
1 3
1 4
1 5
1 6
1 7
1 8
1 9
1 10
1 11
1 12
1 13
1 14
1 15
1 16
1 17
1 18
1 19
1 20
1 21
1 22
22
1 2
1 3
1 4
1 5
1 6
1 7
1 8
1 9
1 10
1 11
1 12
1 13
1 14
1 15
1 16
1 17
1 18
1 19
1 20
1 21
1 22
22
1 2
1 3
1 4
1 5
1 6
1 7
1 8
1 9
1 10
1 11
1 12
1 13
1 14
1 15
1 16
1 17
1 18
1 19
1 20
1 21
1 22
22
1 2
1 3
1 4
1 5
1 6
1 7
1 8
1 9
1 10
1 11
1 12
1 13
1 14
1 15
1 16
1 17
1 18
1 19
1 20
1 21
1 22
22
1 2
1 3
1 4
1 5
1 6
1 7
1 8
1 9
1 10
1 11
1 12
1 13
1 14
1 15
1 16
1 17
1 18
1 19
1 20
1 21
1 22
22
1 2
1 3
1 4
1 5
1 6
1 7
1 8
1 9
1 10
1 11
1 12
1 13
1 14
1 15
1 16
1 17
1 18
1 19
1 20
1 21
1 22
22
1 2
1 3
1 4
1 5
1 6
1 7
1 8
1 9
1 10
1 11
1 12
1 13
1 14
1 15
1 16
1 17
1 18
1 19
1 20
1 21
1 22
22
1 2
1 3
1 4
1 5
1 6
1 7
1 8
1 9
1 10
1 11
1 12
1 13
1 14
1 15
1 16
1 17
1 18
1 19
1 20
1 21
1 22
22
1 2
1 3
1 4
1 5
1 6
1 7
1 8
1 9
1 10
1 11
1 12
1 13
1 14
1 15
1 16
1 17
1 18
1 19
1 20
1 21
1 22
22
1 2
1 3
1 4
1 5
1 6
1 7
1 8
1 9
1 10
1 11
1 12
1 13
1 14
1 15
1 16
1 17
1 18
1 19
1 20
1 21
1 22
22
1 2
1 3
1 4
1 5
1 6
1 7
1 8
1 9
1 10
1 11
1 12
1 13
1 14
1 15
1 16
1 17
1 18
1 19
1 20
1 21
1 22
22
1 2
1 3
1 4
1 5
1 6
1 7
1 8
1 9
1 10
1 11
1 12
1 13
1 14
1 15
1 16
1 17
1 18
1 19
1 20
1 21
1 22
22
1 2
1 3
1 4
1 5
1 6
1 7
1 8
1 9
1 10
1 11
1 12
1 13
1 14
1 15
1 16
1 17
1 18
1 19
1 20
1 21
1 22
22
1 2
1 3
1 4
1 5
1 6
1 7
1 8
1 9
1 10
1 11
1 12
1 13
1 14
1 15
1 16
1 17
1 18
1 19
1 20
1 21
1 22
22
1 2
1 3
1 4
1 5
1 6
1 7
1 8
1 9
1 10
1 11
1 12
1 13
1 14
1 15
1 16
1 17
1 18
1 19
1 20
1 21
1 22
22
1 2
1 3
1 4
1 5
1 6
1 7
1 8
1 9
1 10
1 11
1 12
1 13
1 14
1 15
1 16
1 17
1 18
1 19
1 20
1 21
1 22
22
1 2
1 3
1 4
1 5
1 6
1 7
1 8
1 9
1 10
1 11
1 12
1 13
1 14
1 15
1 16
1 17
1 18
1 19
1 20
1 21
1 22
22
1 2
1 3
1 4
1 5
1 6
1 7
1 8
1 9
1 10
1 11
1 12
1 13
1 14
1 15
1 16
1 17
1 18
1 19
1 20
1 21
1 22
22
1 2
1 3
1 4
1 5
1 6
1 7
1 8
1 9
1 10
1 11
1 12
1 13
1 14
1 15
1 16
1 17
1 18
1 19
1 20
1 21
1 22
22
1 2
1 3
1 4
1 5
1 6
1 7
1 8
1 9
1 10
1 11
1 12
1 13
1 14
1 15
1 16
1 17
1 18
1 19
1 20
1 21
1 22
22
1 2
1 3
1 4
1 5
1 6
1 7
1 8
1 9
1 10
1 11
1 12
1 13
1 14
1 15
1 16
1 17
1 18
1 19
1 20
1 21
1 22
22
1 2
1 3
1 4
1 5
1 6
1 7
1 8
1 9
1 10
1 11
1 12
1 13
1 14
1 15
1 16
1 17
1 18
1 19
1 20
1 21
1 22
22
1 2
1 3
1 4
1 5
1 6
1 7
1 8
1 9
1 10
1 11
1 12
1 13
1 14
1 15
1 16
1 17
1 18
1 19
1 20
1 21
1 22
22
1 2
1 3
1 4
1 5
1 6
1 7
1 8
1 9
1 10
1 11
1 12
1 13
1 14
1 15
1 16
1 17
1 18
1 19
1 20
1 21
1 22
22
1 2
1 3
1 4
1 5
1 6
1 7
1 8
1 9
1 10
1 11
1 12
1 13
1 14
1 15
1 16
1 17
1 18
1 19
1 20
1 21
1 22
22
1 2
1 3
1 4
1 5
1 6
1 7
1 8
1 9
1 10
1 11
1 12
1 13
1 14
1 15
1 16
1 17
1 18
1 19
1 20
1 21
1 22
22
1 2
1 3
1 4
1 5
1 6
1 7
1 8
1 9
1 10
1 11
1 12
1 13
1 14
1 15
1 16
1 17
1 18
1 19
1 20
1 21
1 22
22
1 2
1 3
1 4
1 5
1 6
1 7
1 8
1 9
1 10
1 11
1 12
1 13
1 14
1 15
1 16
1 17
1 18
1 19
1 20
1 21
1 22
22
1 2
1 3
1 4
1 5
1 6
1 7
1 8
1 9
1 10
1 11
1 12
1 13
1 14
1 15
1 16
1 17
1 18
1 19
1 20
1 21
1 22
22
1 2
1 3
1 4
1 5
1 6
1 7
1 8
1 9
1 10
1 11
1 12
1 13
1 14
1 15
1 16
1 17
1 18
1 19
1 20
1 21
1 22
22
1 2
1 3
1 4
1 5
1 6
1 7
1 8
1 9
1 10
1 11
1 12
1 13
1 14
1 15
1 16
1 17
1 18
1 19
1 20
1 21
1 22
22
1 2
1 3
1 4
1 5
1 6
1 7
1 8
1 9
1 10
1 11
1 12
1 13
1 14
1 15
1 16
1 17
1 18
1 19
1 20
1 21
1 22
22
1 2
1 3
1 4
1 5
1 6
1 7
1 8
1 9
1 10
1 11
1 12
1 13
1 14
1 15
1 16
1 17
1 18
1 19
1 20
1 21
1 22
22
1 2
1 3
1 4
1 5
1 6
1 7
1 8
1 9
1 10
1 11
1 12
1 13
1 14
1 15
1 16
1 17
1 18
1 19
1 20
1 21
1 22
22
1 2
1 3
1 4
1 5
1 6
1 7
1 8
1 9
1 10
1 11
1 12
1 13
1 14
1 15
1 16
1 17
1 18
1 19
1 20
1 21
1 22
22
1 2
1 3
1 4
1 5
1 6
1 7
1 8
1 9
1 10
1 11
1 12
1 13
1 14
1 15
1 16
1 17
1 18
1 19
1 20
1 21
1 22
22
1 2
1 3
1 4
1 5
1 6
1 7
1 8
1 9
1 10
1 11
1 12
1 13
1 14
1 15
1 16
1 17
1 18
1 19
1 20
1 21
1 22
22
1 2
1 3
1 4
1 5
1 6
1 7
1 8
1 9
1 10
1 11
1 12
1 13
1 14
1 15
1 16
1 17
1 18
1 19
1 20
1 21
1 22
22
1 2
1 3
1 4
1 5
1 6
1 7
1 8
1 9
1 10
1 11
1 12
1 13
1 14
1 15
1 16
1 17
1 18
1 19
1 20
1 21
1 22
22
1 2
1 3
1 4
1 5
1 6
1 7
1 8
1 9
1 10
1 11
1 12
1 13
1 14
1 15
1 16
1 17
1 18
1 19
1 20
1 21
1 22
22
1 2
1 3
1 4
1 5
1 6
1 7
1 8
1 9
1 10
1 11
1 12
1 13
1 14
1 15
1 16
1 17
1 18
1 19
1 20
1 21
1 22
22
1 2
1 3
1 4
1 5
1 6
1 7
1 8
1 9
1 10
1 11
1 12
1 13
1 14
1 15
1 16
1 17
1 18
1 19
1 20
1 21
1 22
22
1 2
1 3
1 4
1 5
1 6
1 7
1 8
1 9
1 10
1 11
1 12
1 13
1 14
1 15
1 16
1 17
1 18
1 19
1 20
1 21
1 22
22
1 2
1 3
1 4
1 5
1 6
1 7
1 8
1 9
1 10
1 11
1 12
1 13
1 14
1 15
1 16
1 17
1 18
1 19
1 20
1 21
1 22
22
1 2
1 3
1 4
1 5
1 6
1 7
1 8
1 9
1 10
1 11
1 12
1 13
1 14
1 15
1 16
1 17
1 18
1 19
1 20
1 21
1 22
22
1 2
1 3
1 4
1 5
1 6
1 7
1 8
1 9
1 10
1 11
1 12
1 13
1 14
1 15
1 16
1 17
1 18
1 19
1 20
1 21
1 22
22
1 2
1 3
1 4
1 5
1 6
1 7
1 8
1 9
1 10
1 11
1 12
1 13
1 14
1 15
1 16
1 17
1 18
1 19
1 20
1 21
1 22
22
1 2
1 3
1 4
1 5
1 6
1 7
1 8
1 9
1 10
1 11
1 12
1 13
1 14
1 15
1 16
1 17
1 18
1 19
1 20
1 21
1 22
22
1 2
1 3
1 4
1 5
1 6
1 7
1 8
1 9
1 10
1 11
1 12
1 13
1 14
1 15
1 16
1 17
1 18
1 19
1 20
1 21
1 22
22
1 2
1 3
1 4
1 5
1 6
1 7
1 8
1 9
1 10
1 11
1 12
1 13
1 14
1 15
1 16
1 17
1 18
1 19
1 20
1 21
1 22
22
1 2
1 3
1 4
1 5
1 6
1 7
1 8
1 9
1 10
1 11
1 12
1 13
1 14
1 15
1 16
1 17
1 18
1 19
1 20
1 21
1 22
22
1 2
1 3
1 4
1 5
1 6
1 7
1 8
1 9
1 10
1 11
1 12
1 13
1 14
1 15
1 16
1 17
1 18
1 19
1 20
1 21
1 22
22
1 2
1 3
1 4
1 5
1 6
1 7
1 8
1 9
1 10
1 11
1 12
1 13
1 14
1 15
1 16
1 17
1 18
1 19
1 20
1 21
1 22
22
1 2
1 3
1 4
1 5
1 6
1 7
1 8
1 9
1 10
1 11
1 12
1 13
1 14
1 15
1 16
1 17
1 18
1 19
1 20
1 21
1 22
22
1 2
1 3
1 4
1 5
1 6
1 7
1 8
1 9
1 10
1 11
1 12
1 13
1 14
1 15
1 16
1 17
1 18
1 19
1 20
1 21
1 22
22
1 2
1 3
1 4
1 5
1 6
1 7
1 8
1 9
1 10
1 11
1 12
1 13
1 14
1 15
1 16
1 17
1 18
1 19
1 20
1 21
1 22
22
1 2
1 3
1 4
1 5
1 6
1 7
1 8
1 9
1 10
1 11
1 12
1 13
1 14
1 15
1 16
1 17
1 18
1 19
1 20
1 21
1 22
22
1 2
1 3
1 4
1 5
1 6
1 7
1 8
1 9
1 10
1 11
1 12
1 13
1 14
1 15
1 16
1 17
1 18
1 19
1 20
1 21
1 22
22
1 2
1 3
1 4
1 5
1 6
1 7
1 8
1 9
1 10
1 11
1 12
1 13
1 14
1 15
1 16
1 17
1 18
1 19
1 20
1 21
1 22
22
1 2
1 3
1 4
1 5
1 6
1 7
1 8
1 9
1 10
1 11
1 12
1 13
1 14
1 15
1 16
1 17
1 18
1 19
1 20
1 21
1 22
22
1 2
1 3
1 4
1 5
1 6
1 7
1 8
1 9
1 10
1 11
1 12
1 13
1 14
1 15
1 16
1 17
1 18
1 19
1 20
1 21
1 22
22
1 2
1 3
1 4
1 5
1 6
1 7
1 8
1 9
1 10
1 11
1 12
1 13
1 14
1 15
1 16
1 17
1 18
1 19
1 20
1 21
1 22
22
1 2
1 3
1 4
1 5
1 6
1 7
1 8
1 9
1 10
1 11
1 12
1 13
1 14
1 15
1 16
1 17
1 18
1 19
1 20
1 21
1 22
22
1 2
1 3
1 4
1 5
1 6
1 7
1 8
1 9
1 10
1 11
1 12
1 13
1 14
1 15
1 16
1 17
1 18
1 19
1 20
1 21
1 22
22
1 2
1 3
1 4
1 5
1 6
1 7
1 8
1 9
1 10
1 11
1 12
1 13
1 14
1 15
1 16
1 17
1 18
1 19
1 20
1 21
1 22
22
1 2
1 3
1 4
1 5
1 6
1 7
1 8
1 9
1 10
1 11
1 12
1 13
1 14
1 15
1 16
1 17
1 18
1 19
1 20
1 21
1 22
22
1 2
1 3
1 4
1 5
1 6
1 7
1 8
1 9
1 10
1 11
1 12
1 13
1 14
1 15
1 16
1 17
1 18
1 19
1 20
1 21
1 22
22
1 2
1 3
1 4
1 5
1 6
1 7
1 8
1 9
1 10
1 11
1 12
1 13
1 14
1 15
1 16
1 17
1 18
1 19
1 20
1 21
1 22
22
1 2
1 3
1 4
1 5
1 6
1 7
1 8
1 9
1 10
1 11
1 12
1 13
1 14
1 15
1 16
1 17
1 18
1 19
1 20
1 21
1 22
22
1 2
1 3
1 4
1 5
1 6
1 7
1 8
1 9
1 10
1 11
1 12
1 13
1 14
1 15
1 16
1 17
1 18
1 19
1 20
1 21
1 22
22
1 2
1 3
1 4
1 5
1 6
1 7
1 8
1 9
1 10
1 11
1 12
1 13
1 14
1 15
1 16
1 17
1 18
1 19
1 20
1 21
1 22
22
1 2
1 3
1 4
1 5
1 6
1 7
1 8
1 9
1 10
1 11
1 12
1 13
1 14
1 15
1 16
1 17
1 18
1 19
1 20
1 21
1 22
22
1 2
1 3
1 4
1 5
1 6
1 7
1 8
1 9
1 10
1 11
1 12
1 13
1 14
1 15
1 16
1 17
1 18
1 19
1 20
1 21
1 22
22
1 2
1 3
1 4
1 5
1 6
1 7
1 8
1 9
1 10
1 11
1 12
1 13
1 14
1 15
1 16
1 17
1 18
1 19
1 20
1 21
1 22
22
1 2
1 3
1 4
1 5
1 6
1 7
1 8
1 9
1 10
1 11
1 12
1 13
1 14
1 15
1 16
1 17
1 18
1 19
1 20
1 21
1 22
22
1 2
1 3
1 4
1 5
1 6
1 7
1 8
1 9
1 10
1 11
1 12
1 13
1 14
1 15
1 16
1 17
1 18
1 19
1 20
1 21
1 22
22
1 2
1 3
1 4
1 5
1 6
1 7
1 8
1 9
1 10
1 11
1 12
1 13
1 14
1 15
1 16
1 17
1 18
1 19
1 20
1 21
1 22
22
1 2
1 3
1 4
1 5
1 6
1 7
1 8
1 9
1 10
1 11
1 12
1 13
1 14
1 15
1 16
1 17
1 18
1 19
1 20
1 21
1 22
22
1 2
1 3
1 4
1 5
1 6
1 7
1 8
1 9
1 10
1 11
1 12
1 13
1 14
1 15
1 16
1 17
1 18
1 19
1 20
1 21
1 22
22
1 2
1 3
1 4
1 5
1 6
1 7
1 8
1 9
1 10
1 11
1 12
1 13
1 14
1 15
1 16
1 17
1 18
1 19
1 20
1 21
1 22
22
1 2
1 3
1 4
1 5
1 6
1 7
1 8
1 9
1 10
1 11
1 12
1 13
1 14
1 15
1 16
1 17
1 18
1 19
1 20
1 21
1 22
22
1 2
1 3
1 4
1 5
1 6
1 7
1 8
1 9
1 10
1 11
1 12
1 13
1 14
1 15
1 16
1 17
1 18
1 19
1 20
1 21
1 22
22
1 2
1 3
1 4
1 5
1 6
1 7
1 8
1 9
1 10
1 11
1 12
1 13
1 14
1 15
1 16
1 17
1 18
1 19
1 20
1 21
1 22
22
1 2
1 3
1 4
1 5
1 6
1 7
1 8
1 9
1 10
1 11
1 12
1 13
1 14
1 15
1 16
1 17
1 18
1 19
1 20
1 21
1 22
22
1 2
1 3
1 4
1 5
1 6
1 7
1 8
1 9
1 10
1 11
1 12
1 13
1 14
1 15
1 16
1 17
1 18
1 19
1 20
1 21
1 22
22
1 2
1 3
1 4
1 5
1 6
1 7
1 8
1 9
1 10
1 11
1 12
1 13
1 14
1 15
1 16
1 17
1 18
1 19
1 20
1 21
1 22
22
1 2
1 3
1 4
1 5
1 6
1 7
1 8
1 9
1 10
1 11
1 12
1 13
1 14
1 15
1 16
1 17
1 18
1 19
1 20
1 21
1 22
22
1 2
1 3
1 4
1 5
1 6
1 7
1 8
1 9
1 10
1 11
1 12
1 13
1 14
1 15
1 16
1 17
1 18
1 19
1 20
1 21
1 22
22
1 2
1 3
1 4
1 5
1 6
1 7
1 8
1 9
1 10
1 11
1 12
1 13
1 14
1 15
1 16
1 17
1 18
1 19
1 20
1 21
1 22
22
1 2
1 3
1 4
1 5
1 6
1 7
1 8
1 9
1 10
1 11
1 12
1 13
1 14
1 15
1 16
1 17
1 18
1 19
1 20
1 21
1 22
22
1 2
1 3
1 4
1 5
1 6
1 7
1 8
1 9
1 10
1 11
1 12
1 13
1 14
1 15
1 16
1 17
1 18
1 19
1 20
1 21
1 22
22
1 2
1 3
1 4
1 5
1 6
1 7
1 8
1 9
1 10
1 11
1 12
1 13
1 14
1 15
1 16
1 17
1 18
1 19
1 20
1 21
1 22
22
1 2
1 3
1 4
1 5
1 6
1 7
1 8
1 9
1 10
1 11
1 12
1 13
1 14
1 15
1 16
1 17
1 18
1 19
1 20
1 21
1 22
22
1 2
1 3
1 4
1 5
1 6
1 7
1 8
1 9
1 10
1 11
1 12
1 13
1 14
1 15
1 16
1 17
1 18
1 19
1 20
1 21
1 22
22
1 2
1 3
1 4
1 5
1 6
1 7
1 8
1 9
1 10
1 11
1 12
1 13
1 14
1 15
1 16
1 17
1 18
1 19
1 20
1 21
1 22
22
1 2
1 3
1 4
1 5
1 6
1 7
1 8
1 9
1 10
1 11
1 12
1 13
1 14
1 15
1 16
1 17
1 18
1 19
1 20
1 21
1 22
22
1 2
1 3
1 4
1 5
1 6
1 7
1 8
1 9
1 10
1 11
1 12
1 13
1 14
1 15
1 16
1 17
1 18
1 19
1 20
1 21
1 22
22
1 2
1 3
1 4
1 5
1 6
1 7
1 8
1 9
1 10
1 11
1 12
1 13
1 14
1 15
1 16
1 17
1 18
1 19
1 20
1 21
1 22
22
1 2
1 3
1 4
1 5
1 6
1 7
1 8
1 9
1 10
1 11
1 12
1 13
1 14
1 15
1 16
1 17
1 18
1 19
1 20
1 21
1 22
22
1 2
1 3
1 4
1 5
1 6
1 7
1 8
1 9
1 10
1 11
1 12
1 13
1 14
1 15
1 16
1 17
1 18
1 19
1 20
1 21
1 22
22
1 2
1 3
1 4
1 5
1 6
1 7
1 8
1 9
1 10
1 11
1 12
1 13
1 14
1 15
1 16
1 17
1 18
1 19
1 20
1 21
1 22
22
1 2
1 3
1 4
1 5
1 6
1 7
1 8
1 9
1 10
1 11
1 12
1 13
1 14
1 15
1 16
1 17
1 18
1 19
1 20
1 21
1 22
22
1 2
1 3
1 4
1 5
1 6
1 7
1 8
1 9
1 10
1 11
1 12
1 13
1 14
1 15
1 16
1 17
1 18
1 19
1 20
1 21
1 22
22
1 2
1 3
1 4
1 5
1 6
1 7
1 8
1 9
1 10
1 11
1 12
1 13
1 14
1 15
1 16
1 17
1 18
1 19
1 20
1 21
1 22
22
1 2
1 3
1 4
1 5
1 6
1 7
1 8
1 9
1 10
1 11
1 12
1 13
1 14
1 15
1 16
1 17
1 18
1 19
1 20
1 21
1 22
22
1 2
1 3
1 4
1 5
1 6
1 7
1 8
1 9
1 10
1 11
1 12
1 13
1 14
1 15
1 16
1 17
1 18
1 19
1 20
1 21
1 22
22
1 2
1 3
1 4
1 5
1 6
1 7
1 8
1 9
1 10
1 11
1 12
1 13
1 14
1 15
1 16
1 17
1 18
1 19
1 20
1 21
1 22
22
1 2
1 3
1 4
1 5
1 6
1 7
1 8
1 9
1 10
1 11
1 12
1 13
1 14
1 15
1 16
1 17
1 18
1 19
1 20
1 21
1 22
22
1 2
1 3
1 4
1 5
1 6
1 7
1 8
1 9
1 10
1 11
1 12
1 13
1 14
1 15
1 16
1 17
1 18
1 19
1 20
1 21
1 22
22
1 2
1 3
1 4
1 5
1 6
1 7
1 8
1 9
1 10
1 11
1 12
1 13
1 14
1 15
1 16
1 17
1 18
1 19
1 20
1 21
1 22
